{"timestamp": "2026-03-07T00:00:01+0800", "level": "INFO", "logger": "etl_logger", "message": "Start download reports...", "service": "cc_reconcile", "stage": "download", "status": "ok"}
{"timestamp": "2026-03-07T00:00:05+0800", "level": "INFO", "logger": "etl_logger", "message": "Payabl Login Success and Get Token Success", "service": "cc_reconcile", "stage": "download_payabl", "status": "ok"}
{"timestamp": "2026-03-07T00:00:05+0800", "level": "INFO", "logger": "etl_logger", "message": "Start downloading Payabl CC Report for date: 2026-03-06...", "service": "cc_reconcile", "stage": "download_payabl", "status": "ok"}
{"timestamp": "2026-03-07T00:00:31+0800", "level": "INFO", "logger": "etl_logger", "message": "Start downloading Payabl CC Report for date: 2026-03-07...", "service": "cc_reconcile", "stage": "download_payabl", "status": "ok"}
{"timestamp": "2026-03-07T00:00:38+0800", "level": "INFO", "logger": "etl_logger", "message": "Finish downloading Payabl CC Report", "service": "cc_reconcile", "stage": "download_payabl", "status": "ok"}
{"timestamp": "2026-03-07T00:00:38+0800", "level": "INFO", "logger": "etl_logger", "message": "Download Payabl CC Report Finish ，Total: 41690", "service": "cc_reconcile", "stage": "download", "status": "ok"}
{"timestamp": "2026-03-07T00:00:38+0800", "level": "INFO", "logger": "etl_logger", "message": "Login attempt 1/5", "service": "cc_reconcile", "stage": "download_davinci", "status": "ok"}
{"timestamp": "2026-03-07T00:00:40+0800", "level": "INFO", "logger": "etl_logger", "message": "Login response status=200, url=https://admin.vantagemarkets.com/admin/main, cookies=4", "service": "cc_reconcile", "stage": "download_davinci", "status": "ok"}
{"timestamp": "2026-03-07T00:00:40+0800", "level": "INFO", "logger": "etl_logger", "message": "Login successful", "service": "cc_reconcile", "stage": "download_davinci", "status": "ok"}
{"timestamp": "2026-03-07T00:00:47+0800", "level": "INFO", "logger": "etl_logger", "message": "Token obtained successfully", "service": "cc_reconcile", "stage": "download_davinci", "status": "ok"}
{"timestamp": "2026-03-07T00:00:47+0800", "level": "INFO", "logger": "etl_logger", "message": "Start downloading Davinci CC Report for brand: VFSC...", "service": "cc_reconcile", "stage": "download_davinci", "status": "ok"}
{"timestamp": "2026-03-07T00:01:06+0800", "level": "INFO", "logger": "etl_logger", "message": "POST success (VFSC 2026-03-03): cc_withdraw_detail_report_20260306160106.csv, took 19.2s", "service": "cc_reconcile", "stage": "download_davinci", "status": "ok"}
{"timestamp": "2026-03-07T00:01:08+0800", "level": "INFO", "logger": "etl_logger", "message": "Download success (VFSC 2026-03-03): cc_withdraw_detail_report_20260306160106.csv, took 1.9s", "service": "cc_reconcile", "stage": "download_davinci", "status": "ok"}
{"timestamp": "2026-03-07T00:01:26+0800", "level": "INFO", "logger": "etl_logger", "message": "POST success (VFSC 2026-03-04): cc_withdraw_detail_report_20260306160126.csv, took 17.9s", "service": "cc_reconcile", "stage": "download_davinci", "status": "ok"}
{"timestamp": "2026-03-07T00:01:38+0800", "level": "INFO", "logger": "etl_logger", "message": "Download success (VFSC 2026-03-04): cc_withdraw_detail_report_20260306160126.csv, took 12.3s", "service": "cc_reconcile", "stage": "download_davinci", "status": "ok"}
{"timestamp": "2026-03-07T00:01:56+0800", "level": "INFO", "logger": "etl_logger", "message": "POST success (VFSC 2026-03-05): cc_withdraw_detail_report_20260306160156.csv, took 17.9s", "service": "cc_reconcile", "stage": "download_davinci", "status": "ok"}
{"timestamp": "2026-03-07T00:02:01+0800", "level": "INFO", "logger": "etl_logger", "message": "Download success (VFSC 2026-03-05): cc_withdraw_detail_report_20260306160156.csv, took 5.3s", "service": "cc_reconcile", "stage": "download_davinci", "status": "ok"}
{"timestamp": "2026-03-07T00:02:19+0800", "level": "INFO", "logger": "etl_logger", "message": "POST success (VFSC 2026-03-06): cc_withdraw_detail_report_20260306160219.csv, took 17.5s", "service": "cc_reconcile", "stage": "download_davinci", "status": "ok"}
{"timestamp": "2026-03-07T00:02:25+0800", "level": "INFO", "logger": "etl_logger", "message": "Download success (VFSC 2026-03-06): cc_withdraw_detail_report_20260306160219.csv, took 6.0s", "service": "cc_reconcile", "stage": "download_davinci", "status": "ok"}
{"timestamp": "2026-03-07T00:02:25+0800", "level": "INFO", "logger": "etl_logger", "message": "Finish downloading Davinci CC - VFSC Report", "service": "cc_reconcile", "stage": "download_davinci", "status": "ok"}
{"timestamp": "2026-03-07T00:02:25+0800", "level": "INFO", "logger": "etl_logger", "message": "Start downloading Davinci CC Report for brand: VFSC2...", "service": "cc_reconcile", "stage": "download_davinci", "status": "ok"}
{"timestamp": "2026-03-07T00:03:17+0800", "level": "INFO", "logger": "etl_logger", "message": "POST success (VFSC2 2026-03-03): cc_withdraw_detail_report_20260306160317.csv, took 52.4s", "service": "cc_reconcile", "stage": "download_davinci", "status": "ok"}
{"timestamp": "2026-03-07T00:03:32+0800", "level": "INFO", "logger": "etl_logger", "message": "Download success (VFSC2 2026-03-03): cc_withdraw_detail_report_20260306160317.csv, took 14.9s", "service": "cc_reconcile", "stage": "download_davinci", "status": "ok"}
{"timestamp": "2026-03-07T00:04:24+0800", "level": "INFO", "logger": "etl_logger", "message": "POST success (VFSC2 2026-03-04): cc_withdraw_detail_report_20260306160423.csv, took 51.3s", "service": "cc_reconcile", "stage": "download_davinci", "status": "ok"}
{"timestamp": "2026-03-07T00:05:16+0800", "level": "INFO", "logger": "etl_logger", "message": "Download success (VFSC2 2026-03-04): cc_withdraw_detail_report_20260306160423.csv, took 52.4s", "service": "cc_reconcile", "stage": "download_davinci", "status": "ok"}
{"timestamp": "2026-03-07T00:06:09+0800", "level": "INFO", "logger": "etl_logger", "message": "POST success (VFSC2 2026-03-05): cc_withdraw_detail_report_20260306160609.csv, took 52.9s", "service": "cc_reconcile", "stage": "download_davinci", "status": "ok"}
{"timestamp": "2026-03-07T00:06:57+0800", "level": "INFO", "logger": "etl_logger", "message": "Download success (VFSC2 2026-03-05): cc_withdraw_detail_report_20260306160609.csv, took 48.3s", "service": "cc_reconcile", "stage": "download_davinci", "status": "ok"}
{"timestamp": "2026-03-07T00:07:51+0800", "level": "INFO", "logger": "etl_logger", "message": "POST success (VFSC2 2026-03-06): cc_withdraw_detail_report_20260306160751.csv, took 54.0s", "service": "cc_reconcile", "stage": "download_davinci", "status": "ok"}
{"timestamp": "2026-03-07T00:08:38+0800", "level": "INFO", "logger": "etl_logger", "message": "Download success (VFSC2 2026-03-06): cc_withdraw_detail_report_20260306160751.csv, took 46.8s", "service": "cc_reconcile", "stage": "download_davinci", "status": "ok"}
{"timestamp": "2026-03-07T00:08:39+0800", "level": "INFO", "logger": "etl_logger", "message": "Finish downloading Davinci CC - VFSC2 Report", "service": "cc_reconcile", "stage": "download_davinci", "status": "ok"}
{"timestamp": "2026-03-07T00:08:39+0800", "level": "INFO", "logger": "etl_logger", "message": "Finish downloading Davinci CC Report for all brands, total rows: 60169", "service": "cc_reconcile", "stage": "download_davinci", "status": "ok"}
{"timestamp": "2026-03-07T00:08:39+0800", "level": "INFO", "logger": "etl_logger", "message": "Download CRM CC Report Finish ，Total: 60169", "service": "cc_reconcile", "stage": "download", "status": "ok"}
{"timestamp": "2026-03-07T00:08:39+0800", "level": "INFO", "logger": "etl_logger", "message": "Start reconcile...", "service": "cc_reconcile", "stage": "reconcile", "status": "ok"}
{"timestamp": "2026-03-07T00:08:39+0800", "level": "INFO", "logger": "etl_logger", "message": "Reconcile Finish ，Total Mismatch Case: 2", "service": "cc_reconcile", "stage": "reconcile", "status": "ok"}
{"timestamp": "2026-03-07T00:08:39+0800", "level": "INFO", "logger": "etl_logger", "message": "Connect Lark Finish", "service": "cc_reconcile", "stage": "lark", "status": "ok"}
{"timestamp": "2026-03-07T00:08:39+0800", "level": "INFO", "logger": "etl_logger", "message": "Start query existing data in LarkSheet...", "service": "cc_reconcile", "stage": "lark", "status": "ok"}
{"timestamp": "2026-03-07T00:08:40+0800", "level": "INFO", "logger": "etl_logger", "message": "Query existing data in LarkSheet Finish", "service": "cc_reconcile", "stage": "lark", "status": "ok"}
{"timestamp": "2026-03-07T00:08:40+0800", "level": "INFO", "logger": "etl_logger", "message": "Total unique keys in LarkSheet: 162, Total new mismatch cases to upload: 0", "service": "cc_reconcile", "stage": "lark", "status": "ok"}
{"timestamp": "2026-03-07T00:08:40+0800", "level": "INFO", "logger": "etl_logger", "message": "Append data to LarkSheet with range: Kalw4Y!A2:L3, rows: 1, columns: 12", "service": "cc_reconcile", "stage": "lark", "status": "ok"}
{"timestamp": "2026-03-07T00:08:41+0800", "level": "INFO", "logger": "etl_logger", "message": "✅ Successfully appended data to LarkSheet", "service": "cc_reconcile", "stage": "lark", "status": "ok"}
{"timestamp": "2026-03-07T00:08:42+0800", "level": "INFO", "logger": "etl_logger", "message": "Upload data to LarkSheet Finish", "service": "cc_reconcile", "stage": "lark", "status": "ok"}
{"timestamp": "2026-03-07T01:00:01+0800", "level": "INFO", "logger": "etl_logger", "message": "Start download reports...", "service": "cc_reconcile", "stage": "download", "status": "ok"}
{"timestamp": "2026-03-07T01:00:04+0800", "level": "INFO", "logger": "etl_logger", "message": "Payabl Login Success and Get Token Success", "service": "cc_reconcile", "stage": "download_payabl", "status": "ok"}
{"timestamp": "2026-03-07T01:00:04+0800", "level": "INFO", "logger": "etl_logger", "message": "Start downloading Payabl CC Report for date: 2026-03-06...", "service": "cc_reconcile", "stage": "download_payabl", "status": "ok"}
{"timestamp": "2026-03-07T01:00:36+0800", "level": "INFO", "logger": "etl_logger", "message": "Start downloading Payabl CC Report for date: 2026-03-07...", "service": "cc_reconcile", "stage": "download_payabl", "status": "ok"}
{"timestamp": "2026-03-07T01:00:42+0800", "level": "INFO", "logger": "etl_logger", "message": "Finish downloading Payabl CC Report", "service": "cc_reconcile", "stage": "download_payabl", "status": "ok"}
{"timestamp": "2026-03-07T01:00:42+0800", "level": "INFO", "logger": "etl_logger", "message": "Download Payabl CC Report Finish ，Total: 44686", "service": "cc_reconcile", "stage": "download", "status": "ok"}
{"timestamp": "2026-03-07T01:00:42+0800", "level": "INFO", "logger": "etl_logger", "message": "Login attempt 1/5", "service": "cc_reconcile", "stage": "download_davinci", "status": "ok"}
{"timestamp": "2026-03-07T01:00:43+0800", "level": "INFO", "logger": "etl_logger", "message": "Login response status=200, url=https://admin.vantagemarkets.com/admin/main, cookies=4", "service": "cc_reconcile", "stage": "download_davinci", "status": "ok"}
{"timestamp": "2026-03-07T01:00:43+0800", "level": "INFO", "logger": "etl_logger", "message": "Login successful", "service": "cc_reconcile", "stage": "download_davinci", "status": "ok"}
{"timestamp": "2026-03-07T01:00:43+0800", "level": "INFO", "logger": "etl_logger", "message": "Token obtained successfully", "service": "cc_reconcile", "stage": "download_davinci", "status": "ok"}
{"timestamp": "2026-03-07T01:00:43+0800", "level": "INFO", "logger": "etl_logger", "message": "Start downloading Davinci CC Report for brand: VFSC...", "service": "cc_reconcile", "stage": "download_davinci", "status": "ok"}
{"timestamp": "2026-03-07T01:01:02+0800", "level": "INFO", "logger": "etl_logger", "message": "POST success (VFSC 2026-03-03): cc_withdraw_detail_report_20260306170102.csv, took 18.3s", "service": "cc_reconcile", "stage": "download_davinci", "status": "ok"}
{"timestamp": "2026-03-07T01:01:08+0800", "level": "INFO", "logger": "etl_logger", "message": "Download success (VFSC 2026-03-03): cc_withdraw_detail_report_20260306170102.csv, took 6.7s", "service": "cc_reconcile", "stage": "download_davinci", "status": "ok"}
{"timestamp": "2026-03-07T01:01:27+0800", "level": "INFO", "logger": "etl_logger", "message": "POST success (VFSC 2026-03-04): cc_withdraw_detail_report_20260306170127.csv, took 18.6s", "service": "cc_reconcile", "stage": "download_davinci", "status": "ok"}
{"timestamp": "2026-03-07T01:01:47+0800", "level": "INFO", "logger": "etl_logger", "message": "Download success (VFSC 2026-03-04): cc_withdraw_detail_report_20260306170127.csv, took 20.2s", "service": "cc_reconcile", "stage": "download_davinci", "status": "ok"}
{"timestamp": "2026-03-07T01:02:05+0800", "level": "INFO", "logger": "etl_logger", "message": "POST success (VFSC 2026-03-05): cc_withdraw_detail_report_20260306170205.csv, took 18.2s", "service": "cc_reconcile", "stage": "download_davinci", "status": "ok"}
{"timestamp": "2026-03-07T01:02:14+0800", "level": "INFO", "logger": "etl_logger", "message": "Download success (VFSC 2026-03-05): cc_withdraw_detail_report_20260306170205.csv, took 8.1s", "service": "cc_reconcile", "stage": "download_davinci", "status": "ok"}
{"timestamp": "2026-03-07T01:02:31+0800", "level": "INFO", "logger": "etl_logger", "message": "POST success (VFSC 2026-03-06): cc_withdraw_detail_report_20260306170231.csv, took 17.6s", "service": "cc_reconcile", "stage": "download_davinci", "status": "ok"}
{"timestamp": "2026-03-07T01:02:34+0800", "level": "INFO", "logger": "etl_logger", "message": "Download success (VFSC 2026-03-06): cc_withdraw_detail_report_20260306170231.csv, took 2.4s", "service": "cc_reconcile", "stage": "download_davinci", "status": "ok"}
{"timestamp": "2026-03-07T01:02:34+0800", "level": "INFO", "logger": "etl_logger", "message": "Finish downloading Davinci CC - VFSC Report", "service": "cc_reconcile", "stage": "download_davinci", "status": "ok"}
{"timestamp": "2026-03-07T01:02:34+0800", "level": "INFO", "logger": "etl_logger", "message": "Start downloading Davinci CC Report for brand: VFSC2...", "service": "cc_reconcile", "stage": "download_davinci", "status": "ok"}
{"timestamp": "2026-03-07T01:03:29+0800", "level": "INFO", "logger": "etl_logger", "message": "POST success (VFSC2 2026-03-03): cc_withdraw_detail_report_20260306170328.csv, took 55.0s", "service": "cc_reconcile", "stage": "download_davinci", "status": "ok"}
{"timestamp": "2026-03-07T01:04:26+0800", "level": "INFO", "logger": "etl_logger", "message": "Download success (VFSC2 2026-03-03): cc_withdraw_detail_report_20260306170328.csv, took 57.2s", "service": "cc_reconcile", "stage": "download_davinci", "status": "ok"}
{"timestamp": "2026-03-07T01:05:20+0800", "level": "INFO", "logger": "etl_logger", "message": "POST success (VFSC2 2026-03-04): cc_withdraw_detail_report_20260306170520.csv, took 53.9s", "service": "cc_reconcile", "stage": "download_davinci", "status": "ok"}
{"timestamp": "2026-03-07T01:06:14+0800", "level": "INFO", "logger": "etl_logger", "message": "Download success (VFSC2 2026-03-04): cc_withdraw_detail_report_20260306170520.csv, took 53.9s", "service": "cc_reconcile", "stage": "download_davinci", "status": "ok"}
{"timestamp": "2026-03-07T01:07:06+0800", "level": "INFO", "logger": "etl_logger", "message": "POST success (VFSC2 2026-03-05): cc_withdraw_detail_report_20260306170706.csv, took 52.3s", "service": "cc_reconcile", "stage": "download_davinci", "status": "ok"}
{"timestamp": "2026-03-07T01:07:33+0800", "level": "INFO", "logger": "etl_logger", "message": "Download success (VFSC2 2026-03-05): cc_withdraw_detail_report_20260306170706.csv, took 26.8s", "service": "cc_reconcile", "stage": "download_davinci", "status": "ok"}
{"timestamp": "2026-03-07T01:08:27+0800", "level": "INFO", "logger": "etl_logger", "message": "POST success (VFSC2 2026-03-06): cc_withdraw_detail_report_20260306170827.csv, took 53.9s", "service": "cc_reconcile", "stage": "download_davinci", "status": "ok"}
{"timestamp": "2026-03-07T01:08:48+0800", "level": "INFO", "logger": "etl_logger", "message": "Download success (VFSC2 2026-03-06): cc_withdraw_detail_report_20260306170827.csv, took 21.1s", "service": "cc_reconcile", "stage": "download_davinci", "status": "ok"}
{"timestamp": "2026-03-07T01:08:49+0800", "level": "INFO", "logger": "etl_logger", "message": "Finish downloading Davinci CC - VFSC2 Report", "service": "cc_reconcile", "stage": "download_davinci", "status": "ok"}
{"timestamp": "2026-03-07T01:08:49+0800", "level": "INFO", "logger": "etl_logger", "message": "Finish downloading Davinci CC Report for all brands, total rows: 61416", "service": "cc_reconcile", "stage": "download_davinci", "status": "ok"}
{"timestamp": "2026-03-07T01:08:49+0800", "level": "INFO", "logger": "etl_logger", "message": "Download CRM CC Report Finish ，Total: 61416", "service": "cc_reconcile", "stage": "download", "status": "ok"}
{"timestamp": "2026-03-07T01:08:49+0800", "level": "INFO", "logger": "etl_logger", "message": "Start reconcile...", "service": "cc_reconcile", "stage": "reconcile", "status": "ok"}
{"timestamp": "2026-03-07T01:08:49+0800", "level": "INFO", "logger": "etl_logger", "message": "Reconcile Finish ，Total Mismatch Case: 2", "service": "cc_reconcile", "stage": "reconcile", "status": "ok"}
{"timestamp": "2026-03-07T01:08:49+0800", "level": "INFO", "logger": "etl_logger", "message": "Connect Lark Finish", "service": "cc_reconcile", "stage": "lark", "status": "ok"}
{"timestamp": "2026-03-07T01:08:49+0800", "level": "INFO", "logger": "etl_logger", "message": "Start query existing data in LarkSheet...", "service": "cc_reconcile", "stage": "lark", "status": "ok"}
{"timestamp": "2026-03-07T01:08:51+0800", "level": "INFO", "logger": "etl_logger", "message": "Query existing data in LarkSheet Finish", "service": "cc_reconcile", "stage": "lark", "status": "ok"}
{"timestamp": "2026-03-07T01:08:51+0800", "level": "INFO", "logger": "etl_logger", "message": "Total unique keys in LarkSheet: 162, Total new mismatch cases to upload: 0", "service": "cc_reconcile", "stage": "lark", "status": "ok"}
{"timestamp": "2026-03-07T01:08:51+0800", "level": "INFO", "logger": "etl_logger", "message": "Append data to LarkSheet with range: Kalw4Y!A2:L3, rows: 1, columns: 12", "service": "cc_reconcile", "stage": "lark", "status": "ok"}
{"timestamp": "2026-03-07T01:08:51+0800", "level": "INFO", "logger": "etl_logger", "message": "✅ Successfully appended data to LarkSheet", "service": "cc_reconcile", "stage": "lark", "status": "ok"}
{"timestamp": "2026-03-07T01:08:52+0800", "level": "INFO", "logger": "etl_logger", "message": "Upload data to LarkSheet Finish", "service": "cc_reconcile", "stage": "lark", "status": "ok"}
{"timestamp": "2026-03-07T02:00:02+0800", "level": "INFO", "logger": "etl_logger", "message": "Start download reports...", "service": "cc_reconcile", "stage": "download", "status": "ok"}
{"timestamp": "2026-03-07T02:00:05+0800", "level": "INFO", "logger": "etl_logger", "message": "Payabl Login Success and Get Token Success", "service": "cc_reconcile", "stage": "download_payabl", "status": "ok"}
{"timestamp": "2026-03-07T02:00:05+0800", "level": "INFO", "logger": "etl_logger", "message": "Start downloading Payabl CC Report for date: 2026-03-06...", "service": "cc_reconcile", "stage": "download_payabl", "status": "ok"}
{"timestamp": "2026-03-07T02:00:34+0800", "level": "INFO", "logger": "etl_logger", "message": "Start downloading Payabl CC Report for date: 2026-03-07...", "service": "cc_reconcile", "stage": "download_payabl", "status": "ok"}
{"timestamp": "2026-03-07T02:00:40+0800", "level": "INFO", "logger": "etl_logger", "message": "Finish downloading Payabl CC Report", "service": "cc_reconcile", "stage": "download_payabl", "status": "ok"}
{"timestamp": "2026-03-07T02:00:40+0800", "level": "INFO", "logger": "etl_logger", "message": "Download Payabl CC Report Finish ，Total: 47568", "service": "cc_reconcile", "stage": "download", "status": "ok"}
{"timestamp": "2026-03-07T02:00:40+0800", "level": "INFO", "logger": "etl_logger", "message": "Login attempt 1/5", "service": "cc_reconcile", "stage": "download_davinci", "status": "ok"}
{"timestamp": "2026-03-07T02:00:42+0800", "level": "INFO", "logger": "etl_logger", "message": "Login response status=200, url=https://admin.vantagemarkets.com/admin/main, cookies=4", "service": "cc_reconcile", "stage": "download_davinci", "status": "ok"}
{"timestamp": "2026-03-07T02:00:42+0800", "level": "INFO", "logger": "etl_logger", "message": "Login successful", "service": "cc_reconcile", "stage": "download_davinci", "status": "ok"}
{"timestamp": "2026-03-07T02:00:42+0800", "level": "INFO", "logger": "etl_logger", "message": "Token obtained successfully", "service": "cc_reconcile", "stage": "download_davinci", "status": "ok"}
{"timestamp": "2026-03-07T02:00:42+0800", "level": "INFO", "logger": "etl_logger", "message": "Start downloading Davinci CC Report for brand: VFSC...", "service": "cc_reconcile", "stage": "download_davinci", "status": "ok"}
{"timestamp": "2026-03-07T02:01:01+0800", "level": "INFO", "logger": "etl_logger", "message": "POST success (VFSC 2026-03-03): cc_withdraw_detail_report_20260306180101.csv, took 18.8s", "service": "cc_reconcile", "stage": "download_davinci", "status": "ok"}
{"timestamp": "2026-03-07T02:01:06+0800", "level": "INFO", "logger": "etl_logger", "message": "Download success (VFSC 2026-03-03): cc_withdraw_detail_report_20260306180101.csv, took 5.5s", "service": "cc_reconcile", "stage": "download_davinci", "status": "ok"}
{"timestamp": "2026-03-07T02:01:24+0800", "level": "INFO", "logger": "etl_logger", "message": "POST success (VFSC 2026-03-04): cc_withdraw_detail_report_20260306180124.csv, took 18.1s", "service": "cc_reconcile", "stage": "download_davinci", "status": "ok"}
{"timestamp": "2026-03-07T02:01:29+0800", "level": "INFO", "logger": "etl_logger", "message": "Download success (VFSC 2026-03-04): cc_withdraw_detail_report_20260306180124.csv, took 4.3s", "service": "cc_reconcile", "stage": "download_davinci", "status": "ok"}
{"timestamp": "2026-03-07T02:01:47+0800", "level": "INFO", "logger": "etl_logger", "message": "POST success (VFSC 2026-03-05): cc_withdraw_detail_report_20260306180147.csv, took 18.0s", "service": "cc_reconcile", "stage": "download_davinci", "status": "ok"}
{"timestamp": "2026-03-07T02:01:49+0800", "level": "INFO", "logger": "etl_logger", "message": "Download success (VFSC 2026-03-05): cc_withdraw_detail_report_20260306180147.csv, took 2.4s", "service": "cc_reconcile", "stage": "download_davinci", "status": "ok"}
{"timestamp": "2026-03-07T02:02:07+0800", "level": "INFO", "logger": "etl_logger", "message": "POST success (VFSC 2026-03-06): cc_withdraw_detail_report_20260306180207.csv, took 17.7s", "service": "cc_reconcile", "stage": "download_davinci", "status": "ok"}
{"timestamp": "2026-03-07T02:02:13+0800", "level": "INFO", "logger": "etl_logger", "message": "Download success (VFSC 2026-03-06): cc_withdraw_detail_report_20260306180207.csv, took 6.4s", "service": "cc_reconcile", "stage": "download_davinci", "status": "ok"}
{"timestamp": "2026-03-07T02:02:13+0800", "level": "INFO", "logger": "etl_logger", "message": "Finish downloading Davinci CC - VFSC Report", "service": "cc_reconcile", "stage": "download_davinci", "status": "ok"}
{"timestamp": "2026-03-07T02:02:13+0800", "level": "INFO", "logger": "etl_logger", "message": "Start downloading Davinci CC Report for brand: VFSC2...", "service": "cc_reconcile", "stage": "download_davinci", "status": "ok"}
{"timestamp": "2026-03-07T02:03:06+0800", "level": "INFO", "logger": "etl_logger", "message": "POST success (VFSC2 2026-03-03): cc_withdraw_detail_report_20260306180305.csv, took 52.4s", "service": "cc_reconcile", "stage": "download_davinci", "status": "ok"}
{"timestamp": "2026-03-07T02:03:22+0800", "level": "INFO", "logger": "etl_logger", "message": "Download success (VFSC2 2026-03-03): cc_withdraw_detail_report_20260306180305.csv, took 16.5s", "service": "cc_reconcile", "stage": "download_davinci", "status": "ok"}
{"timestamp": "2026-03-07T02:04:15+0800", "level": "INFO", "logger": "etl_logger", "message": "POST success (VFSC2 2026-03-04): cc_withdraw_detail_report_20260306180414.csv, took 52.4s", "service": "cc_reconcile", "stage": "download_davinci", "status": "ok"}
{"timestamp": "2026-03-07T02:04:51+0800", "level": "INFO", "logger": "etl_logger", "message": "Download success (VFSC2 2026-03-04): cc_withdraw_detail_report_20260306180414.csv, took 36.0s", "service": "cc_reconcile", "stage": "download_davinci", "status": "ok"}
{"timestamp": "2026-03-07T02:05:42+0800", "level": "INFO", "logger": "etl_logger", "message": "POST success (VFSC2 2026-03-05): cc_withdraw_detail_report_20260306180542.csv, took 51.6s", "service": "cc_reconcile", "stage": "download_davinci", "status": "ok"}
{"timestamp": "2026-03-07T02:06:09+0800", "level": "INFO", "logger": "etl_logger", "message": "Download success (VFSC2 2026-03-05): cc_withdraw_detail_report_20260306180542.csv, took 26.4s", "service": "cc_reconcile", "stage": "download_davinci", "status": "ok"}
{"timestamp": "2026-03-07T02:07:01+0800", "level": "INFO", "logger": "etl_logger", "message": "POST success (VFSC2 2026-03-06): cc_withdraw_detail_report_20260306180700.csv, took 52.0s", "service": "cc_reconcile", "stage": "download_davinci", "status": "ok"}
{"timestamp": "2026-03-07T02:07:12+0800", "level": "INFO", "logger": "etl_logger", "message": "Download success (VFSC2 2026-03-06): cc_withdraw_detail_report_20260306180700.csv, took 11.8s", "service": "cc_reconcile", "stage": "download_davinci", "status": "ok"}
{"timestamp": "2026-03-07T02:07:13+0800", "level": "INFO", "logger": "etl_logger", "message": "Finish downloading Davinci CC - VFSC2 Report", "service": "cc_reconcile", "stage": "download_davinci", "status": "ok"}
{"timestamp": "2026-03-07T02:07:13+0800", "level": "INFO", "logger": "etl_logger", "message": "Finish downloading Davinci CC Report for all brands, total rows: 62351", "service": "cc_reconcile", "stage": "download_davinci", "status": "ok"}
{"timestamp": "2026-03-07T02:07:13+0800", "level": "INFO", "logger": "etl_logger", "message": "Download CRM CC Report Finish ，Total: 62351", "service": "cc_reconcile", "stage": "download", "status": "ok"}
{"timestamp": "2026-03-07T02:07:13+0800", "level": "INFO", "logger": "etl_logger", "message": "Start reconcile...", "service": "cc_reconcile", "stage": "reconcile", "status": "ok"}
{"timestamp": "2026-03-07T02:07:14+0800", "level": "INFO", "logger": "etl_logger", "message": "Reconcile Finish ，Total Mismatch Case: 2", "service": "cc_reconcile", "stage": "reconcile", "status": "ok"}
{"timestamp": "2026-03-07T02:07:14+0800", "level": "INFO", "logger": "etl_logger", "message": "Connect Lark Finish", "service": "cc_reconcile", "stage": "lark", "status": "ok"}
{"timestamp": "2026-03-07T02:07:14+0800", "level": "INFO", "logger": "etl_logger", "message": "Start query existing data in LarkSheet...", "service": "cc_reconcile", "stage": "lark", "status": "ok"}
{"timestamp": "2026-03-07T02:07:15+0800", "level": "INFO", "logger": "etl_logger", "message": "Query existing data in LarkSheet Finish", "service": "cc_reconcile", "stage": "lark", "status": "ok"}
{"timestamp": "2026-03-07T02:07:15+0800", "level": "INFO", "logger": "etl_logger", "message": "Total unique keys in LarkSheet: 162, Total new mismatch cases to upload: 0", "service": "cc_reconcile", "stage": "lark", "status": "ok"}
{"timestamp": "2026-03-07T02:07:15+0800", "level": "INFO", "logger": "etl_logger", "message": "Append data to LarkSheet with range: Kalw4Y!A2:L3, rows: 1, columns: 12", "service": "cc_reconcile", "stage": "lark", "status": "ok"}
{"timestamp": "2026-03-07T02:07:15+0800", "level": "INFO", "logger": "etl_logger", "message": "✅ Successfully appended data to LarkSheet", "service": "cc_reconcile", "stage": "lark", "status": "ok"}
{"timestamp": "2026-03-07T02:07:16+0800", "level": "INFO", "logger": "etl_logger", "message": "Upload data to LarkSheet Finish", "service": "cc_reconcile", "stage": "lark", "status": "ok"}
{"timestamp": "2026-03-07T03:00:01+0800", "level": "INFO", "logger": "etl_logger", "message": "Start download reports...", "service": "cc_reconcile", "stage": "download", "status": "ok"}
{"timestamp": "2026-03-07T03:00:04+0800", "level": "INFO", "logger": "etl_logger", "message": "Payabl Login Success and Get Token Success", "service": "cc_reconcile", "stage": "download_payabl", "status": "ok"}
{"timestamp": "2026-03-07T03:00:04+0800", "level": "INFO", "logger": "etl_logger", "message": "Start downloading Payabl CC Report for date: 2026-03-06...", "service": "cc_reconcile", "stage": "download_payabl", "status": "ok"}
{"timestamp": "2026-03-07T03:00:38+0800", "level": "INFO", "logger": "etl_logger", "message": "Start downloading Payabl CC Report for date: 2026-03-07...", "service": "cc_reconcile", "stage": "download_payabl", "status": "ok"}
{"timestamp": "2026-03-07T03:00:45+0800", "level": "INFO", "logger": "etl_logger", "message": "Finish downloading Payabl CC Report", "service": "cc_reconcile", "stage": "download_payabl", "status": "ok"}
{"timestamp": "2026-03-07T03:00:45+0800", "level": "INFO", "logger": "etl_logger", "message": "Download Payabl CC Report Finish ，Total: 49943", "service": "cc_reconcile", "stage": "download", "status": "ok"}
{"timestamp": "2026-03-07T03:00:45+0800", "level": "INFO", "logger": "etl_logger", "message": "Login attempt 1/5", "service": "cc_reconcile", "stage": "download_davinci", "status": "ok"}
{"timestamp": "2026-03-07T03:00:46+0800", "level": "INFO", "logger": "etl_logger", "message": "Login response status=200, url=https://admin.vantagemarkets.com/admin/main, cookies=4", "service": "cc_reconcile", "stage": "download_davinci", "status": "ok"}
{"timestamp": "2026-03-07T03:00:46+0800", "level": "INFO", "logger": "etl_logger", "message": "Login successful", "service": "cc_reconcile", "stage": "download_davinci", "status": "ok"}
{"timestamp": "2026-03-07T03:00:47+0800", "level": "INFO", "logger": "etl_logger", "message": "Token obtained successfully", "service": "cc_reconcile", "stage": "download_davinci", "status": "ok"}
{"timestamp": "2026-03-07T03:00:47+0800", "level": "INFO", "logger": "etl_logger", "message": "Start downloading Davinci CC Report for brand: VFSC...", "service": "cc_reconcile", "stage": "download_davinci", "status": "ok"}
{"timestamp": "2026-03-07T03:01:07+0800", "level": "INFO", "logger": "etl_logger", "message": "POST success (VFSC 2026-03-03): cc_withdraw_detail_report_20260306190107.csv, took 20.2s", "service": "cc_reconcile", "stage": "download_davinci", "status": "ok"}
{"timestamp": "2026-03-07T03:01:09+0800", "level": "INFO", "logger": "etl_logger", "message": "Download success (VFSC 2026-03-03): cc_withdraw_detail_report_20260306190107.csv, took 2.4s", "service": "cc_reconcile", "stage": "download_davinci", "status": "ok"}
{"timestamp": "2026-03-07T03:01:28+0800", "level": "INFO", "logger": "etl_logger", "message": "POST success (VFSC 2026-03-04): cc_withdraw_detail_report_20260306190128.csv, took 19.2s", "service": "cc_reconcile", "stage": "download_davinci", "status": "ok"}
{"timestamp": "2026-03-07T03:01:34+0800", "level": "INFO", "logger": "etl_logger", "message": "Download success (VFSC 2026-03-04): cc_withdraw_detail_report_20260306190128.csv, took 5.6s", "service": "cc_reconcile", "stage": "download_davinci", "status": "ok"}
{"timestamp": "2026-03-07T03:01:52+0800", "level": "INFO", "logger": "etl_logger", "message": "POST success (VFSC 2026-03-05): cc_withdraw_detail_report_20260306190152.csv, took 18.1s", "service": "cc_reconcile", "stage": "download_davinci", "status": "ok"}
{"timestamp": "2026-03-07T03:01:54+0800", "level": "INFO", "logger": "etl_logger", "message": "Download success (VFSC 2026-03-05): cc_withdraw_detail_report_20260306190152.csv, took 2.5s", "service": "cc_reconcile", "stage": "download_davinci", "status": "ok"}
{"timestamp": "2026-03-07T03:02:12+0800", "level": "INFO", "logger": "etl_logger", "message": "POST success (VFSC 2026-03-06): cc_withdraw_detail_report_20260306190212.csv, took 17.8s", "service": "cc_reconcile", "stage": "download_davinci", "status": "ok"}
{"timestamp": "2026-03-07T03:02:15+0800", "level": "INFO", "logger": "etl_logger", "message": "Download success (VFSC 2026-03-06): cc_withdraw_detail_report_20260306190212.csv, took 2.3s", "service": "cc_reconcile", "stage": "download_davinci", "status": "ok"}
{"timestamp": "2026-03-07T03:02:15+0800", "level": "INFO", "logger": "etl_logger", "message": "Finish downloading Davinci CC - VFSC Report", "service": "cc_reconcile", "stage": "download_davinci", "status": "ok"}
{"timestamp": "2026-03-07T03:02:15+0800", "level": "INFO", "logger": "etl_logger", "message": "Start downloading Davinci CC Report for brand: VFSC2...", "service": "cc_reconcile", "stage": "download_davinci", "status": "ok"}
{"timestamp": "2026-03-07T03:03:13+0800", "level": "INFO", "logger": "etl_logger", "message": "POST success (VFSC2 2026-03-03): cc_withdraw_detail_report_20260306190313.csv, took 58.3s", "service": "cc_reconcile", "stage": "download_davinci", "status": "ok"}
{"timestamp": "2026-03-07T03:03:16+0800", "level": "INFO", "logger": "etl_logger", "message": "Download success (VFSC2 2026-03-03): cc_withdraw_detail_report_20260306190313.csv, took 3.2s", "service": "cc_reconcile", "stage": "download_davinci", "status": "ok"}
{"timestamp": "2026-03-07T03:04:10+0800", "level": "INFO", "logger": "etl_logger", "message": "POST success (VFSC2 2026-03-04): cc_withdraw_detail_report_20260306190410.csv, took 53.6s", "service": "cc_reconcile", "stage": "download_davinci", "status": "ok"}
{"timestamp": "2026-03-07T03:04:14+0800", "level": "INFO", "logger": "etl_logger", "message": "Download success (VFSC2 2026-03-04): cc_withdraw_detail_report_20260306190410.csv, took 3.7s", "service": "cc_reconcile", "stage": "download_davinci", "status": "ok"}
{"timestamp": "2026-03-07T03:05:05+0800", "level": "INFO", "logger": "etl_logger", "message": "POST success (VFSC2 2026-03-05): cc_withdraw_detail_report_20260306190505.csv, took 51.9s", "service": "cc_reconcile", "stage": "download_davinci", "status": "ok"}
{"timestamp": "2026-03-07T03:05:08+0800", "level": "INFO", "logger": "etl_logger", "message": "Download success (VFSC2 2026-03-05): cc_withdraw_detail_report_20260306190505.csv, took 2.8s", "service": "cc_reconcile", "stage": "download_davinci", "status": "ok"}
{"timestamp": "2026-03-07T03:06:02+0800", "level": "INFO", "logger": "etl_logger", "message": "POST success (VFSC2 2026-03-06): cc_withdraw_detail_report_20260306190601.csv, took 53.4s", "service": "cc_reconcile", "stage": "download_davinci", "status": "ok"}
{"timestamp": "2026-03-07T03:06:05+0800", "level": "INFO", "logger": "etl_logger", "message": "Download success (VFSC2 2026-03-06): cc_withdraw_detail_report_20260306190601.csv, took 3.1s", "service": "cc_reconcile", "stage": "download_davinci", "status": "ok"}
{"timestamp": "2026-03-07T03:06:06+0800", "level": "INFO", "logger": "etl_logger", "message": "Finish downloading Davinci CC - VFSC2 Report", "service": "cc_reconcile", "stage": "download_davinci", "status": "ok"}
{"timestamp": "2026-03-07T03:06:06+0800", "level": "INFO", "logger": "etl_logger", "message": "Finish downloading Davinci CC Report for all brands, total rows: 63263", "service": "cc_reconcile", "stage": "download_davinci", "status": "ok"}
{"timestamp": "2026-03-07T03:06:06+0800", "level": "INFO", "logger": "etl_logger", "message": "Download CRM CC Report Finish ，Total: 63263", "service": "cc_reconcile", "stage": "download", "status": "ok"}
{"timestamp": "2026-03-07T03:06:06+0800", "level": "INFO", "logger": "etl_logger", "message": "Start reconcile...", "service": "cc_reconcile", "stage": "reconcile", "status": "ok"}
{"timestamp": "2026-03-07T03:06:06+0800", "level": "INFO", "logger": "etl_logger", "message": "Reconcile Finish ，Total Mismatch Case: 2", "service": "cc_reconcile", "stage": "reconcile", "status": "ok"}
{"timestamp": "2026-03-07T03:06:06+0800", "level": "INFO", "logger": "etl_logger", "message": "Connect Lark Finish", "service": "cc_reconcile", "stage": "lark", "status": "ok"}
{"timestamp": "2026-03-07T03:06:06+0800", "level": "INFO", "logger": "etl_logger", "message": "Start query existing data in LarkSheet...", "service": "cc_reconcile", "stage": "lark", "status": "ok"}
{"timestamp": "2026-03-07T03:06:08+0800", "level": "INFO", "logger": "etl_logger", "message": "Query existing data in LarkSheet Finish", "service": "cc_reconcile", "stage": "lark", "status": "ok"}
{"timestamp": "2026-03-07T03:06:08+0800", "level": "INFO", "logger": "etl_logger", "message": "Total unique keys in LarkSheet: 162, Total new mismatch cases to upload: 0", "service": "cc_reconcile", "stage": "lark", "status": "ok"}
{"timestamp": "2026-03-07T03:06:08+0800", "level": "INFO", "logger": "etl_logger", "message": "Append data to LarkSheet with range: Kalw4Y!A2:L3, rows: 1, columns: 12", "service": "cc_reconcile", "stage": "lark", "status": "ok"}
{"timestamp": "2026-03-07T03:06:08+0800", "level": "INFO", "logger": "etl_logger", "message": "✅ Successfully appended data to LarkSheet", "service": "cc_reconcile", "stage": "lark", "status": "ok"}
{"timestamp": "2026-03-07T03:06:09+0800", "level": "INFO", "logger": "etl_logger", "message": "Upload data to LarkSheet Finish", "service": "cc_reconcile", "stage": "lark", "status": "ok"}
{"timestamp": "2026-03-07T04:00:02+0800", "level": "INFO", "logger": "etl_logger", "message": "Start download reports...", "service": "cc_reconcile", "stage": "download", "status": "ok"}
{"timestamp": "2026-03-07T04:00:05+0800", "level": "INFO", "logger": "etl_logger", "message": "Payabl Login Success and Get Token Success", "service": "cc_reconcile", "stage": "download_payabl", "status": "ok"}
{"timestamp": "2026-03-07T04:00:05+0800", "level": "INFO", "logger": "etl_logger", "message": "Start downloading Payabl CC Report for date: 2026-03-06...", "service": "cc_reconcile", "stage": "download_payabl", "status": "ok"}
{"timestamp": "2026-03-07T04:00:37+0800", "level": "INFO", "logger": "etl_logger", "message": "Start downloading Payabl CC Report for date: 2026-03-07...", "service": "cc_reconcile", "stage": "download_payabl", "status": "ok"}
{"timestamp": "2026-03-07T04:00:44+0800", "level": "INFO", "logger": "etl_logger", "message": "Finish downloading Payabl CC Report", "service": "cc_reconcile", "stage": "download_payabl", "status": "ok"}
{"timestamp": "2026-03-07T04:00:44+0800", "level": "INFO", "logger": "etl_logger", "message": "Download Payabl CC Report Finish ，Total: 51969", "service": "cc_reconcile", "stage": "download", "status": "ok"}
{"timestamp": "2026-03-07T04:00:44+0800", "level": "INFO", "logger": "etl_logger", "message": "Login attempt 1/5", "service": "cc_reconcile", "stage": "download_davinci", "status": "ok"}
{"timestamp": "2026-03-07T04:00:45+0800", "level": "INFO", "logger": "etl_logger", "message": "Login response status=200, url=https://admin.vantagemarkets.com/admin/main, cookies=4", "service": "cc_reconcile", "stage": "download_davinci", "status": "ok"}
{"timestamp": "2026-03-07T04:00:45+0800", "level": "INFO", "logger": "etl_logger", "message": "Login successful", "service": "cc_reconcile", "stage": "download_davinci", "status": "ok"}
{"timestamp": "2026-03-07T04:00:45+0800", "level": "INFO", "logger": "etl_logger", "message": "Token obtained successfully", "service": "cc_reconcile", "stage": "download_davinci", "status": "ok"}
{"timestamp": "2026-03-07T04:00:45+0800", "level": "INFO", "logger": "etl_logger", "message": "Start downloading Davinci CC Report for brand: VFSC...", "service": "cc_reconcile", "stage": "download_davinci", "status": "ok"}
{"timestamp": "2026-03-07T04:01:04+0800", "level": "INFO", "logger": "etl_logger", "message": "POST success (VFSC 2026-03-03): cc_withdraw_detail_report_20260306200104.csv, took 18.8s", "service": "cc_reconcile", "stage": "download_davinci", "status": "ok"}
{"timestamp": "2026-03-07T04:01:06+0800", "level": "INFO", "logger": "etl_logger", "message": "Download success (VFSC 2026-03-03): cc_withdraw_detail_report_20260306200104.csv, took 2.4s", "service": "cc_reconcile", "stage": "download_davinci", "status": "ok"}
{"timestamp": "2026-03-07T04:01:24+0800", "level": "INFO", "logger": "etl_logger", "message": "POST success (VFSC 2026-03-04): cc_withdraw_detail_report_20260306200124.csv, took 17.8s", "service": "cc_reconcile", "stage": "download_davinci", "status": "ok"}
{"timestamp": "2026-03-07T04:01:26+0800", "level": "INFO", "logger": "etl_logger", "message": "Download success (VFSC 2026-03-04): cc_withdraw_detail_report_20260306200124.csv, took 2.2s", "service": "cc_reconcile", "stage": "download_davinci", "status": "ok"}
{"timestamp": "2026-03-07T04:01:47+0800", "level": "INFO", "logger": "etl_logger", "message": "POST success (VFSC 2026-03-05): cc_withdraw_detail_report_20260306200147.csv, took 20.3s", "service": "cc_reconcile", "stage": "download_davinci", "status": "ok"}
{"timestamp": "2026-03-07T04:01:49+0800", "level": "INFO", "logger": "etl_logger", "message": "Download success (VFSC 2026-03-05): cc_withdraw_detail_report_20260306200147.csv, took 2.2s", "service": "cc_reconcile", "stage": "download_davinci", "status": "ok"}
{"timestamp": "2026-03-07T04:02:08+0800", "level": "INFO", "logger": "etl_logger", "message": "POST success (VFSC 2026-03-06): cc_withdraw_detail_report_20260306200208.csv, took 18.8s", "service": "cc_reconcile", "stage": "download_davinci", "status": "ok"}
{"timestamp": "2026-03-07T04:02:10+0800", "level": "INFO", "logger": "etl_logger", "message": "Download success (VFSC 2026-03-06): cc_withdraw_detail_report_20260306200208.csv, took 2.2s", "service": "cc_reconcile", "stage": "download_davinci", "status": "ok"}
{"timestamp": "2026-03-07T04:02:10+0800", "level": "INFO", "logger": "etl_logger", "message": "Finish downloading Davinci CC - VFSC Report", "service": "cc_reconcile", "stage": "download_davinci", "status": "ok"}
{"timestamp": "2026-03-07T04:02:10+0800", "level": "INFO", "logger": "etl_logger", "message": "Start downloading Davinci CC Report for brand: VFSC2...", "service": "cc_reconcile", "stage": "download_davinci", "status": "ok"}
{"timestamp": "2026-03-07T04:03:02+0800", "level": "INFO", "logger": "etl_logger", "message": "POST success (VFSC2 2026-03-03): cc_withdraw_detail_report_20260306200302.csv, took 52.3s", "service": "cc_reconcile", "stage": "download_davinci", "status": "ok"}
{"timestamp": "2026-03-07T04:03:06+0800", "level": "INFO", "logger": "etl_logger", "message": "Download success (VFSC2 2026-03-03): cc_withdraw_detail_report_20260306200302.csv, took 3.3s", "service": "cc_reconcile", "stage": "download_davinci", "status": "ok"}
{"timestamp": "2026-03-07T04:03:58+0800", "level": "INFO", "logger": "etl_logger", "message": "POST success (VFSC2 2026-03-04): cc_withdraw_detail_report_20260306200358.csv, took 52.5s", "service": "cc_reconcile", "stage": "download_davinci", "status": "ok"}
{"timestamp": "2026-03-07T04:04:01+0800", "level": "INFO", "logger": "etl_logger", "message": "Download success (VFSC2 2026-03-04): cc_withdraw_detail_report_20260306200358.csv, took 2.8s", "service": "cc_reconcile", "stage": "download_davinci", "status": "ok"}
{"timestamp": "2026-03-07T04:04:52+0800", "level": "INFO", "logger": "etl_logger", "message": "POST success (VFSC2 2026-03-05): cc_withdraw_detail_report_20260306200452.csv, took 51.4s", "service": "cc_reconcile", "stage": "download_davinci", "status": "ok"}
{"timestamp": "2026-03-07T04:04:55+0800", "level": "INFO", "logger": "etl_logger", "message": "Download success (VFSC2 2026-03-05): cc_withdraw_detail_report_20260306200452.csv, took 2.9s", "service": "cc_reconcile", "stage": "download_davinci", "status": "ok"}
{"timestamp": "2026-03-07T04:05:48+0800", "level": "INFO", "logger": "etl_logger", "message": "POST success (VFSC2 2026-03-06): cc_withdraw_detail_report_20260306200548.csv, took 52.5s", "service": "cc_reconcile", "stage": "download_davinci", "status": "ok"}
{"timestamp": "2026-03-07T04:05:51+0800", "level": "INFO", "logger": "etl_logger", "message": "Download success (VFSC2 2026-03-06): cc_withdraw_detail_report_20260306200548.csv, took 3.2s", "service": "cc_reconcile", "stage": "download_davinci", "status": "ok"}
{"timestamp": "2026-03-07T04:05:52+0800", "level": "INFO", "logger": "etl_logger", "message": "Finish downloading Davinci CC - VFSC2 Report", "service": "cc_reconcile", "stage": "download_davinci", "status": "ok"}
{"timestamp": "2026-03-07T04:05:52+0800", "level": "INFO", "logger": "etl_logger", "message": "Finish downloading Davinci CC Report for all brands, total rows: 64058", "service": "cc_reconcile", "stage": "download_davinci", "status": "ok"}
{"timestamp": "2026-03-07T04:05:52+0800", "level": "INFO", "logger": "etl_logger", "message": "Download CRM CC Report Finish ，Total: 64058", "service": "cc_reconcile", "stage": "download", "status": "ok"}
{"timestamp": "2026-03-07T04:05:52+0800", "level": "INFO", "logger": "etl_logger", "message": "Start reconcile...", "service": "cc_reconcile", "stage": "reconcile", "status": "ok"}
{"timestamp": "2026-03-07T04:05:53+0800", "level": "INFO", "logger": "etl_logger", "message": "Reconcile Finish ，Total Mismatch Case: 2", "service": "cc_reconcile", "stage": "reconcile", "status": "ok"}
{"timestamp": "2026-03-07T04:05:53+0800", "level": "INFO", "logger": "etl_logger", "message": "Connect Lark Finish", "service": "cc_reconcile", "stage": "lark", "status": "ok"}
{"timestamp": "2026-03-07T04:05:53+0800", "level": "INFO", "logger": "etl_logger", "message": "Start query existing data in LarkSheet...", "service": "cc_reconcile", "stage": "lark", "status": "ok"}
{"timestamp": "2026-03-07T04:05:54+0800", "level": "INFO", "logger": "etl_logger", "message": "Query existing data in LarkSheet Finish", "service": "cc_reconcile", "stage": "lark", "status": "ok"}
{"timestamp": "2026-03-07T04:05:54+0800", "level": "INFO", "logger": "etl_logger", "message": "Total unique keys in LarkSheet: 162, Total new mismatch cases to upload: 0", "service": "cc_reconcile", "stage": "lark", "status": "ok"}
{"timestamp": "2026-03-07T04:05:54+0800", "level": "INFO", "logger": "etl_logger", "message": "Append data to LarkSheet with range: Kalw4Y!A2:L3, rows: 1, columns: 12", "service": "cc_reconcile", "stage": "lark", "status": "ok"}
{"timestamp": "2026-03-07T04:05:54+0800", "level": "INFO", "logger": "etl_logger", "message": "✅ Successfully appended data to LarkSheet", "service": "cc_reconcile", "stage": "lark", "status": "ok"}
{"timestamp": "2026-03-07T04:05:55+0800", "level": "INFO", "logger": "etl_logger", "message": "Upload data to LarkSheet Finish", "service": "cc_reconcile", "stage": "lark", "status": "ok"}
{"timestamp": "2026-03-07T05:00:02+0800", "level": "INFO", "logger": "etl_logger", "message": "Start download reports...", "service": "cc_reconcile", "stage": "download", "status": "ok"}
{"timestamp": "2026-03-07T05:00:05+0800", "level": "INFO", "logger": "etl_logger", "message": "Payabl Login Success and Get Token Success", "service": "cc_reconcile", "stage": "download_payabl", "status": "ok"}
{"timestamp": "2026-03-07T05:00:05+0800", "level": "INFO", "logger": "etl_logger", "message": "Start downloading Payabl CC Report for date: 2026-03-06...", "service": "cc_reconcile", "stage": "download_payabl", "status": "ok"}
{"timestamp": "2026-03-07T05:00:38+0800", "level": "INFO", "logger": "etl_logger", "message": "Start downloading Payabl CC Report for date: 2026-03-07...", "service": "cc_reconcile", "stage": "download_payabl", "status": "ok"}
{"timestamp": "2026-03-07T05:00:44+0800", "level": "INFO", "logger": "etl_logger", "message": "Finish downloading Payabl CC Report", "service": "cc_reconcile", "stage": "download_payabl", "status": "ok"}
{"timestamp": "2026-03-07T05:00:44+0800", "level": "INFO", "logger": "etl_logger", "message": "Download Payabl CC Report Finish ，Total: 53824", "service": "cc_reconcile", "stage": "download", "status": "ok"}
{"timestamp": "2026-03-07T05:00:44+0800", "level": "INFO", "logger": "etl_logger", "message": "Login attempt 1/5", "service": "cc_reconcile", "stage": "download_davinci", "status": "ok"}
{"timestamp": "2026-03-07T05:00:46+0800", "level": "INFO", "logger": "etl_logger", "message": "Login response status=200, url=https://admin.vantagemarkets.com/admin/main, cookies=4", "service": "cc_reconcile", "stage": "download_davinci", "status": "ok"}
{"timestamp": "2026-03-07T05:00:46+0800", "level": "INFO", "logger": "etl_logger", "message": "Login successful", "service": "cc_reconcile", "stage": "download_davinci", "status": "ok"}
{"timestamp": "2026-03-07T05:00:46+0800", "level": "INFO", "logger": "etl_logger", "message": "Token obtained successfully", "service": "cc_reconcile", "stage": "download_davinci", "status": "ok"}
{"timestamp": "2026-03-07T05:00:46+0800", "level": "INFO", "logger": "etl_logger", "message": "Start downloading Davinci CC Report for brand: VFSC...", "service": "cc_reconcile", "stage": "download_davinci", "status": "ok"}
{"timestamp": "2026-03-07T05:01:06+0800", "level": "INFO", "logger": "etl_logger", "message": "POST success (VFSC 2026-03-03): cc_withdraw_detail_report_20260306210106.csv, took 19.5s", "service": "cc_reconcile", "stage": "download_davinci", "status": "ok"}
{"timestamp": "2026-03-07T05:01:08+0800", "level": "INFO", "logger": "etl_logger", "message": "Download success (VFSC 2026-03-03): cc_withdraw_detail_report_20260306210106.csv, took 2.0s", "service": "cc_reconcile", "stage": "download_davinci", "status": "ok"}
{"timestamp": "2026-03-07T05:01:26+0800", "level": "INFO", "logger": "etl_logger", "message": "POST success (VFSC 2026-03-04): cc_withdraw_detail_report_20260306210126.csv, took 18.3s", "service": "cc_reconcile", "stage": "download_davinci", "status": "ok"}
{"timestamp": "2026-03-07T05:01:28+0800", "level": "INFO", "logger": "etl_logger", "message": "Download success (VFSC 2026-03-04): cc_withdraw_detail_report_20260306210126.csv, took 2.2s", "service": "cc_reconcile", "stage": "download_davinci", "status": "ok"}
{"timestamp": "2026-03-07T05:01:47+0800", "level": "INFO", "logger": "etl_logger", "message": "POST success (VFSC 2026-03-05): cc_withdraw_detail_report_20260306210147.csv, took 18.6s", "service": "cc_reconcile", "stage": "download_davinci", "status": "ok"}
{"timestamp": "2026-03-07T05:01:49+0800", "level": "INFO", "logger": "etl_logger", "message": "Download success (VFSC 2026-03-05): cc_withdraw_detail_report_20260306210147.csv, took 2.2s", "service": "cc_reconcile", "stage": "download_davinci", "status": "ok"}
{"timestamp": "2026-03-07T05:02:07+0800", "level": "INFO", "logger": "etl_logger", "message": "POST success (VFSC 2026-03-06): cc_withdraw_detail_report_20260306210207.csv, took 18.2s", "service": "cc_reconcile", "stage": "download_davinci", "status": "ok"}
{"timestamp": "2026-03-07T05:02:09+0800", "level": "INFO", "logger": "etl_logger", "message": "Download success (VFSC 2026-03-06): cc_withdraw_detail_report_20260306210207.csv, took 2.3s", "service": "cc_reconcile", "stage": "download_davinci", "status": "ok"}
{"timestamp": "2026-03-07T05:02:10+0800", "level": "INFO", "logger": "etl_logger", "message": "Finish downloading Davinci CC - VFSC Report", "service": "cc_reconcile", "stage": "download_davinci", "status": "ok"}
{"timestamp": "2026-03-07T05:02:10+0800", "level": "INFO", "logger": "etl_logger", "message": "Start downloading Davinci CC Report for brand: VFSC2...", "service": "cc_reconcile", "stage": "download_davinci", "status": "ok"}
{"timestamp": "2026-03-07T05:03:04+0800", "level": "INFO", "logger": "etl_logger", "message": "POST success (VFSC2 2026-03-03): cc_withdraw_detail_report_20260306210304.csv, took 54.5s", "service": "cc_reconcile", "stage": "download_davinci", "status": "ok"}
{"timestamp": "2026-03-07T05:03:07+0800", "level": "INFO", "logger": "etl_logger", "message": "Download success (VFSC2 2026-03-03): cc_withdraw_detail_report_20260306210304.csv, took 3.3s", "service": "cc_reconcile", "stage": "download_davinci", "status": "ok"}
{"timestamp": "2026-03-07T05:04:01+0800", "level": "INFO", "logger": "etl_logger", "message": "POST success (VFSC2 2026-03-04): cc_withdraw_detail_report_20260306210401.csv, took 53.5s", "service": "cc_reconcile", "stage": "download_davinci", "status": "ok"}
{"timestamp": "2026-03-07T05:04:04+0800", "level": "INFO", "logger": "etl_logger", "message": "Download success (VFSC2 2026-03-04): cc_withdraw_detail_report_20260306210401.csv, took 3.0s", "service": "cc_reconcile", "stage": "download_davinci", "status": "ok"}
{"timestamp": "2026-03-07T05:04:56+0800", "level": "INFO", "logger": "etl_logger", "message": "POST success (VFSC2 2026-03-05): cc_withdraw_detail_report_20260306210456.csv, took 52.0s", "service": "cc_reconcile", "stage": "download_davinci", "status": "ok"}
{"timestamp": "2026-03-07T05:04:59+0800", "level": "INFO", "logger": "etl_logger", "message": "Download success (VFSC2 2026-03-05): cc_withdraw_detail_report_20260306210456.csv, took 3.0s", "service": "cc_reconcile", "stage": "download_davinci", "status": "ok"}
{"timestamp": "2026-03-07T05:05:52+0800", "level": "INFO", "logger": "etl_logger", "message": "POST success (VFSC2 2026-03-06): cc_withdraw_detail_report_20260306210551.csv, took 52.6s", "service": "cc_reconcile", "stage": "download_davinci", "status": "ok"}
{"timestamp": "2026-03-07T05:05:55+0800", "level": "INFO", "logger": "etl_logger", "message": "Download success (VFSC2 2026-03-06): cc_withdraw_detail_report_20260306210551.csv, took 3.4s", "service": "cc_reconcile", "stage": "download_davinci", "status": "ok"}
{"timestamp": "2026-03-07T05:05:56+0800", "level": "INFO", "logger": "etl_logger", "message": "Finish downloading Davinci CC - VFSC2 Report", "service": "cc_reconcile", "stage": "download_davinci", "status": "ok"}
{"timestamp": "2026-03-07T05:05:56+0800", "level": "INFO", "logger": "etl_logger", "message": "Finish downloading Davinci CC Report for all brands, total rows: 64758", "service": "cc_reconcile", "stage": "download_davinci", "status": "ok"}
{"timestamp": "2026-03-07T05:05:56+0800", "level": "INFO", "logger": "etl_logger", "message": "Download CRM CC Report Finish ，Total: 64758", "service": "cc_reconcile", "stage": "download", "status": "ok"}
{"timestamp": "2026-03-07T05:05:56+0800", "level": "INFO", "logger": "etl_logger", "message": "Start reconcile...", "service": "cc_reconcile", "stage": "reconcile", "status": "ok"}
{"timestamp": "2026-03-07T05:05:57+0800", "level": "INFO", "logger": "etl_logger", "message": "Reconcile Finish ，Total Mismatch Case: 2", "service": "cc_reconcile", "stage": "reconcile", "status": "ok"}
{"timestamp": "2026-03-07T05:05:57+0800", "level": "INFO", "logger": "etl_logger", "message": "Connect Lark Finish", "service": "cc_reconcile", "stage": "lark", "status": "ok"}
{"timestamp": "2026-03-07T05:05:57+0800", "level": "INFO", "logger": "etl_logger", "message": "Start query existing data in LarkSheet...", "service": "cc_reconcile", "stage": "lark", "status": "ok"}
{"timestamp": "2026-03-07T05:05:58+0800", "level": "INFO", "logger": "etl_logger", "message": "Query existing data in LarkSheet Finish", "service": "cc_reconcile", "stage": "lark", "status": "ok"}
{"timestamp": "2026-03-07T05:05:58+0800", "level": "INFO", "logger": "etl_logger", "message": "Total unique keys in LarkSheet: 162, Total new mismatch cases to upload: 0", "service": "cc_reconcile", "stage": "lark", "status": "ok"}
{"timestamp": "2026-03-07T05:05:58+0800", "level": "INFO", "logger": "etl_logger", "message": "Append data to LarkSheet with range: Kalw4Y!A2:L3, rows: 1, columns: 12", "service": "cc_reconcile", "stage": "lark", "status": "ok"}
{"timestamp": "2026-03-07T05:05:58+0800", "level": "INFO", "logger": "etl_logger", "message": "✅ Successfully appended data to LarkSheet", "service": "cc_reconcile", "stage": "lark", "status": "ok"}
{"timestamp": "2026-03-07T05:05:59+0800", "level": "INFO", "logger": "etl_logger", "message": "Upload data to LarkSheet Finish", "service": "cc_reconcile", "stage": "lark", "status": "ok"}
{"timestamp": "2026-03-07T06:00:01+0800", "level": "INFO", "logger": "etl_logger", "message": "Start download reports...", "service": "cc_reconcile", "stage": "download", "status": "ok"}
{"timestamp": "2026-03-07T06:00:04+0800", "level": "INFO", "logger": "etl_logger", "message": "Payabl Login Success and Get Token Success", "service": "cc_reconcile", "stage": "download_payabl", "status": "ok"}
{"timestamp": "2026-03-07T06:00:04+0800", "level": "INFO", "logger": "etl_logger", "message": "Start downloading Payabl CC Report for date: 2026-03-06...", "service": "cc_reconcile", "stage": "download_payabl", "status": "ok"}
{"timestamp": "2026-03-07T06:00:40+0800", "level": "INFO", "logger": "etl_logger", "message": "Start downloading Payabl CC Report for date: 2026-03-07...", "service": "cc_reconcile", "stage": "download_payabl", "status": "ok"}
{"timestamp": "2026-03-07T06:00:47+0800", "level": "INFO", "logger": "etl_logger", "message": "Finish downloading Payabl CC Report", "service": "cc_reconcile", "stage": "download_payabl", "status": "ok"}
{"timestamp": "2026-03-07T06:00:47+0800", "level": "INFO", "logger": "etl_logger", "message": "Download Payabl CC Report Finish ，Total: 55585", "service": "cc_reconcile", "stage": "download", "status": "ok"}
{"timestamp": "2026-03-07T06:00:47+0800", "level": "INFO", "logger": "etl_logger", "message": "Login attempt 1/5", "service": "cc_reconcile", "stage": "download_davinci", "status": "ok"}
{"timestamp": "2026-03-07T06:00:48+0800", "level": "INFO", "logger": "etl_logger", "message": "Login response status=200, url=https://admin.vantagemarkets.com/admin/main, cookies=4", "service": "cc_reconcile", "stage": "download_davinci", "status": "ok"}
{"timestamp": "2026-03-07T06:00:48+0800", "level": "INFO", "logger": "etl_logger", "message": "Login successful", "service": "cc_reconcile", "stage": "download_davinci", "status": "ok"}
{"timestamp": "2026-03-07T06:00:48+0800", "level": "INFO", "logger": "etl_logger", "message": "Token obtained successfully", "service": "cc_reconcile", "stage": "download_davinci", "status": "ok"}
{"timestamp": "2026-03-07T06:00:48+0800", "level": "INFO", "logger": "etl_logger", "message": "Start downloading Davinci CC Report for brand: VFSC...", "service": "cc_reconcile", "stage": "download_davinci", "status": "ok"}
{"timestamp": "2026-03-07T06:01:07+0800", "level": "INFO", "logger": "etl_logger", "message": "POST success (VFSC 2026-03-04): cc_withdraw_detail_report_20260306220107.csv, took 18.9s", "service": "cc_reconcile", "stage": "download_davinci", "status": "ok"}
{"timestamp": "2026-03-07T06:01:09+0800", "level": "INFO", "logger": "etl_logger", "message": "Download success (VFSC 2026-03-04): cc_withdraw_detail_report_20260306220107.csv, took 2.2s", "service": "cc_reconcile", "stage": "download_davinci", "status": "ok"}
{"timestamp": "2026-03-07T06:01:27+0800", "level": "INFO", "logger": "etl_logger", "message": "POST success (VFSC 2026-03-05): cc_withdraw_detail_report_20260306220127.csv, took 18.0s", "service": "cc_reconcile", "stage": "download_davinci", "status": "ok"}
{"timestamp": "2026-03-07T06:01:30+0800", "level": "INFO", "logger": "etl_logger", "message": "Download success (VFSC 2026-03-05): cc_withdraw_detail_report_20260306220127.csv, took 2.2s", "service": "cc_reconcile", "stage": "download_davinci", "status": "ok"}
{"timestamp": "2026-03-07T06:01:48+0800", "level": "INFO", "logger": "etl_logger", "message": "POST success (VFSC 2026-03-06): cc_withdraw_detail_report_20260306220148.csv, took 18.5s", "service": "cc_reconcile", "stage": "download_davinci", "status": "ok"}
{"timestamp": "2026-03-07T06:01:50+0800", "level": "INFO", "logger": "etl_logger", "message": "Download success (VFSC 2026-03-06): cc_withdraw_detail_report_20260306220148.csv, took 2.2s", "service": "cc_reconcile", "stage": "download_davinci", "status": "ok"}
{"timestamp": "2026-03-07T06:02:08+0800", "level": "INFO", "logger": "etl_logger", "message": "POST success (VFSC 2026-03-07): cc_withdraw_detail_report_20260306220208.csv, took 17.4s", "service": "cc_reconcile", "stage": "download_davinci", "status": "ok"}
{"timestamp": "2026-03-07T06:02:08+0800", "level": "INFO", "logger": "etl_logger", "message": "Download success (VFSC 2026-03-07): cc_withdraw_detail_report_20260306220208.csv, took 0.8s", "service": "cc_reconcile", "stage": "download_davinci", "status": "ok"}
{"timestamp": "2026-03-07T06:02:09+0800", "level": "INFO", "logger": "etl_logger", "message": "Finish downloading Davinci CC - VFSC Report", "service": "cc_reconcile", "stage": "download_davinci", "status": "ok"}
{"timestamp": "2026-03-07T06:02:09+0800", "level": "INFO", "logger": "etl_logger", "message": "Start downloading Davinci CC Report for brand: VFSC2...", "service": "cc_reconcile", "stage": "download_davinci", "status": "ok"}
{"timestamp": "2026-03-07T06:03:00+0800", "level": "INFO", "logger": "etl_logger", "message": "POST success (VFSC2 2026-03-04): cc_withdraw_detail_report_20260306220300.csv, took 51.6s", "service": "cc_reconcile", "stage": "download_davinci", "status": "ok"}
{"timestamp": "2026-03-07T06:03:03+0800", "level": "INFO", "logger": "etl_logger", "message": "Download success (VFSC2 2026-03-04): cc_withdraw_detail_report_20260306220300.csv, took 3.0s", "service": "cc_reconcile", "stage": "download_davinci", "status": "ok"}
{"timestamp": "2026-03-07T06:03:54+0800", "level": "INFO", "logger": "etl_logger", "message": "POST success (VFSC2 2026-03-05): cc_withdraw_detail_report_20260306220354.csv, took 51.2s", "service": "cc_reconcile", "stage": "download_davinci", "status": "ok"}
{"timestamp": "2026-03-07T06:03:57+0800", "level": "INFO", "logger": "etl_logger", "message": "Download success (VFSC2 2026-03-05): cc_withdraw_detail_report_20260306220354.csv, took 2.9s", "service": "cc_reconcile", "stage": "download_davinci", "status": "ok"}
{"timestamp": "2026-03-07T06:04:49+0800", "level": "INFO", "logger": "etl_logger", "message": "POST success (VFSC2 2026-03-06): cc_withdraw_detail_report_20260306220449.csv, took 51.7s", "service": "cc_reconcile", "stage": "download_davinci", "status": "ok"}
{"timestamp": "2026-03-07T06:04:52+0800", "level": "INFO", "logger": "etl_logger", "message": "Download success (VFSC2 2026-03-06): cc_withdraw_detail_report_20260306220449.csv, took 3.1s", "service": "cc_reconcile", "stage": "download_davinci", "status": "ok"}
{"timestamp": "2026-03-07T06:05:42+0800", "level": "INFO", "logger": "etl_logger", "message": "POST success (VFSC2 2026-03-07): cc_withdraw_detail_report_20260306220542.csv, took 49.4s", "service": "cc_reconcile", "stage": "download_davinci", "status": "ok"}
{"timestamp": "2026-03-07T06:05:43+0800", "level": "INFO", "logger": "etl_logger", "message": "Download success (VFSC2 2026-03-07): cc_withdraw_detail_report_20260306220542.csv, took 1.5s", "service": "cc_reconcile", "stage": "download_davinci", "status": "ok"}
{"timestamp": "2026-03-07T06:05:44+0800", "level": "INFO", "logger": "etl_logger", "message": "Finish downloading Davinci CC - VFSC2 Report", "service": "cc_reconcile", "stage": "download_davinci", "status": "ok"}
{"timestamp": "2026-03-07T06:05:44+0800", "level": "INFO", "logger": "etl_logger", "message": "Finish downloading Davinci CC Report for all brands, total rows: 46400", "service": "cc_reconcile", "stage": "download_davinci", "status": "ok"}
{"timestamp": "2026-03-07T06:05:44+0800", "level": "INFO", "logger": "etl_logger", "message": "Download CRM CC Report Finish ，Total: 46400", "service": "cc_reconcile", "stage": "download", "status": "ok"}
{"timestamp": "2026-03-07T06:05:44+0800", "level": "INFO", "logger": "etl_logger", "message": "Start reconcile...", "service": "cc_reconcile", "stage": "reconcile", "status": "ok"}
{"timestamp": "2026-03-07T06:05:44+0800", "level": "INFO", "logger": "etl_logger", "message": "Reconcile Finish ，Total Mismatch Case: 2", "service": "cc_reconcile", "stage": "reconcile", "status": "ok"}
{"timestamp": "2026-03-07T06:05:44+0800", "level": "INFO", "logger": "etl_logger", "message": "Connect Lark Finish", "service": "cc_reconcile", "stage": "lark", "status": "ok"}
{"timestamp": "2026-03-07T06:05:44+0800", "level": "INFO", "logger": "etl_logger", "message": "Start query existing data in LarkSheet...", "service": "cc_reconcile", "stage": "lark", "status": "ok"}
{"timestamp": "2026-03-07T06:05:45+0800", "level": "INFO", "logger": "etl_logger", "message": "Query existing data in LarkSheet Finish", "service": "cc_reconcile", "stage": "lark", "status": "ok"}
{"timestamp": "2026-03-07T06:05:45+0800", "level": "INFO", "logger": "etl_logger", "message": "Total unique keys in LarkSheet: 162, Total new mismatch cases to upload: 0", "service": "cc_reconcile", "stage": "lark", "status": "ok"}
{"timestamp": "2026-03-07T06:05:45+0800", "level": "INFO", "logger": "etl_logger", "message": "Append data to LarkSheet with range: Kalw4Y!A2:L3, rows: 1, columns: 12", "service": "cc_reconcile", "stage": "lark", "status": "ok"}
{"timestamp": "2026-03-07T06:05:46+0800", "level": "INFO", "logger": "etl_logger", "message": "✅ Successfully appended data to LarkSheet", "service": "cc_reconcile", "stage": "lark", "status": "ok"}
{"timestamp": "2026-03-07T06:05:47+0800", "level": "INFO", "logger": "etl_logger", "message": "Upload data to LarkSheet Finish", "service": "cc_reconcile", "stage": "lark", "status": "ok"}
{"timestamp": "2026-03-07T07:00:01+0800", "level": "INFO", "logger": "etl_logger", "message": "Start download reports...", "service": "cc_reconcile", "stage": "download", "status": "ok"}
{"timestamp": "2026-03-07T07:00:04+0800", "level": "INFO", "logger": "etl_logger", "message": "Payabl Login Success and Get Token Success", "service": "cc_reconcile", "stage": "download_payabl", "status": "ok"}
{"timestamp": "2026-03-07T07:00:04+0800", "level": "INFO", "logger": "etl_logger", "message": "Start downloading Payabl CC Report for date: 2026-03-06...", "service": "cc_reconcile", "stage": "download_payabl", "status": "ok"}
{"timestamp": "2026-03-07T07:00:40+0800", "level": "INFO", "logger": "etl_logger", "message": "Start downloading Payabl CC Report for date: 2026-03-07...", "service": "cc_reconcile", "stage": "download_payabl", "status": "ok"}
{"timestamp": "2026-03-07T07:00:48+0800", "level": "INFO", "logger": "etl_logger", "message": "Finish downloading Payabl CC Report", "service": "cc_reconcile", "stage": "download_payabl", "status": "ok"}
{"timestamp": "2026-03-07T07:00:48+0800", "level": "INFO", "logger": "etl_logger", "message": "Download Payabl CC Report Finish ，Total: 56187", "service": "cc_reconcile", "stage": "download", "status": "ok"}
{"timestamp": "2026-03-07T07:00:48+0800", "level": "INFO", "logger": "etl_logger", "message": "Login attempt 1/5", "service": "cc_reconcile", "stage": "download_davinci", "status": "ok"}
{"timestamp": "2026-03-07T07:00:49+0800", "level": "INFO", "logger": "etl_logger", "message": "Login response status=200, url=https://admin.vantagemarkets.com/admin/main, cookies=4", "service": "cc_reconcile", "stage": "download_davinci", "status": "ok"}
{"timestamp": "2026-03-07T07:00:49+0800", "level": "INFO", "logger": "etl_logger", "message": "Login successful", "service": "cc_reconcile", "stage": "download_davinci", "status": "ok"}
{"timestamp": "2026-03-07T07:00:49+0800", "level": "INFO", "logger": "etl_logger", "message": "Token obtained successfully", "service": "cc_reconcile", "stage": "download_davinci", "status": "ok"}
{"timestamp": "2026-03-07T07:00:49+0800", "level": "INFO", "logger": "etl_logger", "message": "Start downloading Davinci CC Report for brand: VFSC...", "service": "cc_reconcile", "stage": "download_davinci", "status": "ok"}
{"timestamp": "2026-03-07T07:01:17+0800", "level": "INFO", "logger": "etl_logger", "message": "POST success (VFSC 2026-03-04): cc_withdraw_detail_report_20260306230117.csv, took 27.5s", "service": "cc_reconcile", "stage": "download_davinci", "status": "ok"}
{"timestamp": "2026-03-07T07:01:19+0800", "level": "INFO", "logger": "etl_logger", "message": "Download success (VFSC 2026-03-04): cc_withdraw_detail_report_20260306230117.csv, took 2.1s", "service": "cc_reconcile", "stage": "download_davinci", "status": "ok"}
{"timestamp": "2026-03-07T07:01:33+0800", "level": "WARNING", "logger": "etl_logger", "message": "POST failed (VFSC 2026-03-05) attempt 1: 502 Server Error: Bad Gateway for url: https://report.vantagemarkets.com/api/cc-detail/download, took 14.0s", "service": "cc_reconcile", "stage": "download_davinci", "status": "ok"}
{"timestamp": "2026-03-07T07:01:55+0800", "level": "INFO", "logger": "etl_logger", "message": "POST success (VFSC 2026-03-05): cc_withdraw_detail_report_20260306230155.csv, took 17.5s", "service": "cc_reconcile", "stage": "download_davinci", "status": "ok"}
{"timestamp": "2026-03-07T07:01:57+0800", "level": "INFO", "logger": "etl_logger", "message": "Download success (VFSC 2026-03-05): cc_withdraw_detail_report_20260306230155.csv, took 2.1s", "service": "cc_reconcile", "stage": "download_davinci", "status": "ok"}
{"timestamp": "2026-03-07T07:02:15+0800", "level": "INFO", "logger": "etl_logger", "message": "POST success (VFSC 2026-03-06): cc_withdraw_detail_report_20260306230215.csv, took 17.9s", "service": "cc_reconcile", "stage": "download_davinci", "status": "ok"}
{"timestamp": "2026-03-07T07:02:17+0800", "level": "INFO", "logger": "etl_logger", "message": "Download success (VFSC 2026-03-06): cc_withdraw_detail_report_20260306230215.csv, took 1.8s", "service": "cc_reconcile", "stage": "download_davinci", "status": "ok"}
{"timestamp": "2026-03-07T07:02:35+0800", "level": "INFO", "logger": "etl_logger", "message": "POST success (VFSC 2026-03-07): cc_withdraw_detail_report_20260306230235.csv, took 17.7s", "service": "cc_reconcile", "stage": "download_davinci", "status": "ok"}
{"timestamp": "2026-03-07T07:02:36+0800", "level": "INFO", "logger": "etl_logger", "message": "Download success (VFSC 2026-03-07): cc_withdraw_detail_report_20260306230235.csv, took 1.0s", "service": "cc_reconcile", "stage": "download_davinci", "status": "ok"}
{"timestamp": "2026-03-07T07:02:36+0800", "level": "INFO", "logger": "etl_logger", "message": "Finish downloading Davinci CC - VFSC Report", "service": "cc_reconcile", "stage": "download_davinci", "status": "ok"}
{"timestamp": "2026-03-07T07:02:36+0800", "level": "INFO", "logger": "etl_logger", "message": "Start downloading Davinci CC Report for brand: VFSC2...", "service": "cc_reconcile", "stage": "download_davinci", "status": "ok"}
{"timestamp": "2026-03-07T07:03:29+0800", "level": "INFO", "logger": "etl_logger", "message": "POST success (VFSC2 2026-03-04): cc_withdraw_detail_report_20260306230329.csv, took 52.9s", "service": "cc_reconcile", "stage": "download_davinci", "status": "ok"}
{"timestamp": "2026-03-07T07:03:32+0800", "level": "INFO", "logger": "etl_logger", "message": "Download success (VFSC2 2026-03-04): cc_withdraw_detail_report_20260306230329.csv, took 3.0s", "service": "cc_reconcile", "stage": "download_davinci", "status": "ok"}
{"timestamp": "2026-03-07T07:04:24+0800", "level": "INFO", "logger": "etl_logger", "message": "POST success (VFSC2 2026-03-05): cc_withdraw_detail_report_20260306230424.csv, took 52.0s", "service": "cc_reconcile", "stage": "download_davinci", "status": "ok"}
{"timestamp": "2026-03-07T07:04:27+0800", "level": "INFO", "logger": "etl_logger", "message": "Download success (VFSC2 2026-03-05): cc_withdraw_detail_report_20260306230424.csv, took 3.0s", "service": "cc_reconcile", "stage": "download_davinci", "status": "ok"}
{"timestamp": "2026-03-07T07:05:20+0800", "level": "INFO", "logger": "etl_logger", "message": "POST success (VFSC2 2026-03-06): cc_withdraw_detail_report_20260306230519.csv, took 52.7s", "service": "cc_reconcile", "stage": "download_davinci", "status": "ok"}
{"timestamp": "2026-03-07T07:05:23+0800", "level": "INFO", "logger": "etl_logger", "message": "Download success (VFSC2 2026-03-06): cc_withdraw_detail_report_20260306230519.csv, took 3.1s", "service": "cc_reconcile", "stage": "download_davinci", "status": "ok"}
{"timestamp": "2026-03-07T07:06:11+0800", "level": "INFO", "logger": "etl_logger", "message": "POST success (VFSC2 2026-03-07): cc_withdraw_detail_report_20260306230611.csv, took 48.5s", "service": "cc_reconcile", "stage": "download_davinci", "status": "ok"}
{"timestamp": "2026-03-07T07:06:13+0800", "level": "INFO", "logger": "etl_logger", "message": "Download success (VFSC2 2026-03-07): cc_withdraw_detail_report_20260306230611.csv, took 1.7s", "service": "cc_reconcile", "stage": "download_davinci", "status": "ok"}
{"timestamp": "2026-03-07T07:06:14+0800", "level": "INFO", "logger": "etl_logger", "message": "Finish downloading Davinci CC - VFSC2 Report", "service": "cc_reconcile", "stage": "download_davinci", "status": "ok"}
{"timestamp": "2026-03-07T07:06:14+0800", "level": "INFO", "logger": "etl_logger", "message": "Finish downloading Davinci CC Report for all brands, total rows: 46701", "service": "cc_reconcile", "stage": "download_davinci", "status": "ok"}
{"timestamp": "2026-03-07T07:06:14+0800", "level": "INFO", "logger": "etl_logger", "message": "Download CRM CC Report Finish ，Total: 46701", "service": "cc_reconcile", "stage": "download", "status": "ok"}
{"timestamp": "2026-03-07T07:06:14+0800", "level": "INFO", "logger": "etl_logger", "message": "Start reconcile...", "service": "cc_reconcile", "stage": "reconcile", "status": "ok"}
{"timestamp": "2026-03-07T07:06:14+0800", "level": "INFO", "logger": "etl_logger", "message": "Reconcile Finish ，Total Mismatch Case: 2", "service": "cc_reconcile", "stage": "reconcile", "status": "ok"}
{"timestamp": "2026-03-07T07:06:14+0800", "level": "INFO", "logger": "etl_logger", "message": "Connect Lark Finish", "service": "cc_reconcile", "stage": "lark", "status": "ok"}
{"timestamp": "2026-03-07T07:06:14+0800", "level": "INFO", "logger": "etl_logger", "message": "Start query existing data in LarkSheet...", "service": "cc_reconcile", "stage": "lark", "status": "ok"}
{"timestamp": "2026-03-07T07:06:15+0800", "level": "INFO", "logger": "etl_logger", "message": "Query existing data in LarkSheet Finish", "service": "cc_reconcile", "stage": "lark", "status": "ok"}
{"timestamp": "2026-03-07T07:06:15+0800", "level": "INFO", "logger": "etl_logger", "message": "Total unique keys in LarkSheet: 162, Total new mismatch cases to upload: 0", "service": "cc_reconcile", "stage": "lark", "status": "ok"}
{"timestamp": "2026-03-07T07:06:15+0800", "level": "INFO", "logger": "etl_logger", "message": "Append data to LarkSheet with range: Kalw4Y!A2:L3, rows: 1, columns: 12", "service": "cc_reconcile", "stage": "lark", "status": "ok"}
{"timestamp": "2026-03-07T07:06:16+0800", "level": "INFO", "logger": "etl_logger", "message": "✅ Successfully appended data to LarkSheet", "service": "cc_reconcile", "stage": "lark", "status": "ok"}
{"timestamp": "2026-03-07T07:06:17+0800", "level": "INFO", "logger": "etl_logger", "message": "Upload data to LarkSheet Finish", "service": "cc_reconcile", "stage": "lark", "status": "ok"}
{"timestamp": "2026-03-07T08:00:01+0800", "level": "INFO", "logger": "etl_logger", "message": "Start download reports...", "service": "cc_reconcile", "stage": "download", "status": "ok"}
{"timestamp": "2026-03-07T08:00:05+0800", "level": "INFO", "logger": "etl_logger", "message": "Payabl Login Success and Get Token Success", "service": "cc_reconcile", "stage": "download_payabl", "status": "ok"}
{"timestamp": "2026-03-07T08:00:05+0800", "level": "INFO", "logger": "etl_logger", "message": "Start downloading Payabl CC Report for date: 2026-03-06...", "service": "cc_reconcile", "stage": "download_payabl", "status": "ok"}
{"timestamp": "2026-03-07T08:00:40+0800", "level": "INFO", "logger": "etl_logger", "message": "Start downloading Payabl CC Report for date: 2026-03-07...", "service": "cc_reconcile", "stage": "download_payabl", "status": "ok"}
{"timestamp": "2026-03-07T08:00:49+0800", "level": "INFO", "logger": "etl_logger", "message": "Finish downloading Payabl CC Report", "service": "cc_reconcile", "stage": "download_payabl", "status": "ok"}
{"timestamp": "2026-03-07T08:00:49+0800", "level": "INFO", "logger": "etl_logger", "message": "Download Payabl CC Report Finish ，Total: 56561", "service": "cc_reconcile", "stage": "download", "status": "ok"}
{"timestamp": "2026-03-07T08:00:49+0800", "level": "INFO", "logger": "etl_logger", "message": "Login attempt 1/5", "service": "cc_reconcile", "stage": "download_davinci", "status": "ok"}
{"timestamp": "2026-03-07T08:00:50+0800", "level": "INFO", "logger": "etl_logger", "message": "Login response status=200, url=https://admin.vantagemarkets.com/admin/main, cookies=4", "service": "cc_reconcile", "stage": "download_davinci", "status": "ok"}
{"timestamp": "2026-03-07T08:00:50+0800", "level": "INFO", "logger": "etl_logger", "message": "Login successful", "service": "cc_reconcile", "stage": "download_davinci", "status": "ok"}
{"timestamp": "2026-03-07T08:00:51+0800", "level": "INFO", "logger": "etl_logger", "message": "Token obtained successfully", "service": "cc_reconcile", "stage": "download_davinci", "status": "ok"}
{"timestamp": "2026-03-07T08:00:51+0800", "level": "INFO", "logger": "etl_logger", "message": "Start downloading Davinci CC Report for brand: VFSC...", "service": "cc_reconcile", "stage": "download_davinci", "status": "ok"}
{"timestamp": "2026-03-07T08:01:09+0800", "level": "INFO", "logger": "etl_logger", "message": "POST success (VFSC 2026-03-04): cc_withdraw_detail_report_20260307000109.csv, took 18.3s", "service": "cc_reconcile", "stage": "download_davinci", "status": "ok"}
{"timestamp": "2026-03-07T08:01:11+0800", "level": "INFO", "logger": "etl_logger", "message": "Download success (VFSC 2026-03-04): cc_withdraw_detail_report_20260307000109.csv, took 2.2s", "service": "cc_reconcile", "stage": "download_davinci", "status": "ok"}
{"timestamp": "2026-03-07T08:01:29+0800", "level": "INFO", "logger": "etl_logger", "message": "POST success (VFSC 2026-03-05): cc_withdraw_detail_report_20260307000129.csv, took 17.5s", "service": "cc_reconcile", "stage": "download_davinci", "status": "ok"}
{"timestamp": "2026-03-07T08:01:31+0800", "level": "INFO", "logger": "etl_logger", "message": "Download success (VFSC 2026-03-05): cc_withdraw_detail_report_20260307000129.csv, took 2.1s", "service": "cc_reconcile", "stage": "download_davinci", "status": "ok"}
{"timestamp": "2026-03-07T08:01:49+0800", "level": "INFO", "logger": "etl_logger", "message": "POST success (VFSC 2026-03-06): cc_withdraw_detail_report_20260307000149.csv, took 18.4s", "service": "cc_reconcile", "stage": "download_davinci", "status": "ok"}
{"timestamp": "2026-03-07T08:01:51+0800", "level": "INFO", "logger": "etl_logger", "message": "Download success (VFSC 2026-03-06): cc_withdraw_detail_report_20260307000149.csv, took 2.2s", "service": "cc_reconcile", "stage": "download_davinci", "status": "ok"}
{"timestamp": "2026-03-07T08:02:09+0800", "level": "INFO", "logger": "etl_logger", "message": "POST success (VFSC 2026-03-07): cc_withdraw_detail_report_20260307000209.csv, took 17.9s", "service": "cc_reconcile", "stage": "download_davinci", "status": "ok"}
{"timestamp": "2026-03-07T08:02:10+0800", "level": "INFO", "logger": "etl_logger", "message": "Download success (VFSC 2026-03-07): cc_withdraw_detail_report_20260307000209.csv, took 1.0s", "service": "cc_reconcile", "stage": "download_davinci", "status": "ok"}
{"timestamp": "2026-03-07T08:02:10+0800", "level": "INFO", "logger": "etl_logger", "message": "Finish downloading Davinci CC - VFSC Report", "service": "cc_reconcile", "stage": "download_davinci", "status": "ok"}
{"timestamp": "2026-03-07T08:02:10+0800", "level": "INFO", "logger": "etl_logger", "message": "Start downloading Davinci CC Report for brand: VFSC2...", "service": "cc_reconcile", "stage": "download_davinci", "status": "ok"}
{"timestamp": "2026-03-07T08:03:04+0800", "level": "INFO", "logger": "etl_logger", "message": "POST success (VFSC2 2026-03-04): cc_withdraw_detail_report_20260307000304.csv, took 53.9s", "service": "cc_reconcile", "stage": "download_davinci", "status": "ok"}
{"timestamp": "2026-03-07T08:03:07+0800", "level": "INFO", "logger": "etl_logger", "message": "Download success (VFSC2 2026-03-04): cc_withdraw_detail_report_20260307000304.csv, took 3.1s", "service": "cc_reconcile", "stage": "download_davinci", "status": "ok"}
{"timestamp": "2026-03-07T08:03:59+0800", "level": "INFO", "logger": "etl_logger", "message": "POST success (VFSC2 2026-03-05): cc_withdraw_detail_report_20260307000359.csv, took 51.7s", "service": "cc_reconcile", "stage": "download_davinci", "status": "ok"}
{"timestamp": "2026-03-07T08:04:02+0800", "level": "INFO", "logger": "etl_logger", "message": "Download success (VFSC2 2026-03-05): cc_withdraw_detail_report_20260307000359.csv, took 3.2s", "service": "cc_reconcile", "stage": "download_davinci", "status": "ok"}
{"timestamp": "2026-03-07T08:04:56+0800", "level": "INFO", "logger": "etl_logger", "message": "POST success (VFSC2 2026-03-06): cc_withdraw_detail_report_20260307000456.csv, took 53.6s", "service": "cc_reconcile", "stage": "download_davinci", "status": "ok"}
{"timestamp": "2026-03-07T08:04:59+0800", "level": "INFO", "logger": "etl_logger", "message": "Download success (VFSC2 2026-03-06): cc_withdraw_detail_report_20260307000456.csv, took 3.1s", "service": "cc_reconcile", "stage": "download_davinci", "status": "ok"}
{"timestamp": "2026-03-07T08:05:48+0800", "level": "INFO", "logger": "etl_logger", "message": "POST success (VFSC2 2026-03-07): cc_withdraw_detail_report_20260307000548.csv, took 48.9s", "service": "cc_reconcile", "stage": "download_davinci", "status": "ok"}
{"timestamp": "2026-03-07T08:05:50+0800", "level": "INFO", "logger": "etl_logger", "message": "Download success (VFSC2 2026-03-07): cc_withdraw_detail_report_20260307000548.csv, took 1.9s", "service": "cc_reconcile", "stage": "download_davinci", "status": "ok"}
{"timestamp": "2026-03-07T08:05:51+0800", "level": "INFO", "logger": "etl_logger", "message": "Finish downloading Davinci CC - VFSC2 Report", "service": "cc_reconcile", "stage": "download_davinci", "status": "ok"}
{"timestamp": "2026-03-07T08:05:51+0800", "level": "INFO", "logger": "etl_logger", "message": "Finish downloading Davinci CC Report for all brands, total rows: 46873", "service": "cc_reconcile", "stage": "download_davinci", "status": "ok"}
{"timestamp": "2026-03-07T08:05:51+0800", "level": "INFO", "logger": "etl_logger", "message": "Download CRM CC Report Finish ，Total: 46873", "service": "cc_reconcile", "stage": "download", "status": "ok"}
{"timestamp": "2026-03-07T08:05:51+0800", "level": "INFO", "logger": "etl_logger", "message": "Start reconcile...", "service": "cc_reconcile", "stage": "reconcile", "status": "ok"}
{"timestamp": "2026-03-07T08:05:51+0800", "level": "INFO", "logger": "etl_logger", "message": "Reconcile Finish ，Total Mismatch Case: 2", "service": "cc_reconcile", "stage": "reconcile", "status": "ok"}
{"timestamp": "2026-03-07T08:05:51+0800", "level": "INFO", "logger": "etl_logger", "message": "Connect Lark Finish", "service": "cc_reconcile", "stage": "lark", "status": "ok"}
{"timestamp": "2026-03-07T08:05:51+0800", "level": "INFO", "logger": "etl_logger", "message": "Start query existing data in LarkSheet...", "service": "cc_reconcile", "stage": "lark", "status": "ok"}
{"timestamp": "2026-03-07T08:05:52+0800", "level": "INFO", "logger": "etl_logger", "message": "Query existing data in LarkSheet Finish", "service": "cc_reconcile", "stage": "lark", "status": "ok"}
{"timestamp": "2026-03-07T08:05:52+0800", "level": "INFO", "logger": "etl_logger", "message": "Total unique keys in LarkSheet: 162, Total new mismatch cases to upload: 0", "service": "cc_reconcile", "stage": "lark", "status": "ok"}
{"timestamp": "2026-03-07T08:05:52+0800", "level": "INFO", "logger": "etl_logger", "message": "Append data to LarkSheet with range: Kalw4Y!A2:L3, rows: 1, columns: 12", "service": "cc_reconcile", "stage": "lark", "status": "ok"}
{"timestamp": "2026-03-07T08:05:53+0800", "level": "INFO", "logger": "etl_logger", "message": "✅ Successfully appended data to LarkSheet", "service": "cc_reconcile", "stage": "lark", "status": "ok"}
{"timestamp": "2026-03-07T08:05:54+0800", "level": "INFO", "logger": "etl_logger", "message": "Upload data to LarkSheet Finish", "service": "cc_reconcile", "stage": "lark", "status": "ok"}
{"timestamp": "2026-03-07T09:00:01+0800", "level": "INFO", "logger": "etl_logger", "message": "Start download reports...", "service": "cc_reconcile", "stage": "download", "status": "ok"}
{"timestamp": "2026-03-07T09:00:05+0800", "level": "INFO", "logger": "etl_logger", "message": "Payabl Login Success and Get Token Success", "service": "cc_reconcile", "stage": "download_payabl", "status": "ok"}
{"timestamp": "2026-03-07T09:00:05+0800", "level": "INFO", "logger": "etl_logger", "message": "Start downloading Payabl CC Report for date: 2026-03-06...", "service": "cc_reconcile", "stage": "download_payabl", "status": "ok"}
{"timestamp": "2026-03-07T09:00:42+0800", "level": "INFO", "logger": "etl_logger", "message": "Start downloading Payabl CC Report for date: 2026-03-07...", "service": "cc_reconcile", "stage": "download_payabl", "status": "ok"}
{"timestamp": "2026-03-07T09:00:51+0800", "level": "INFO", "logger": "etl_logger", "message": "Finish downloading Payabl CC Report", "service": "cc_reconcile", "stage": "download_payabl", "status": "ok"}
{"timestamp": "2026-03-07T09:00:51+0800", "level": "INFO", "logger": "etl_logger", "message": "Download Payabl CC Report Finish ，Total: 57019", "service": "cc_reconcile", "stage": "download", "status": "ok"}
{"timestamp": "2026-03-07T09:00:51+0800", "level": "INFO", "logger": "etl_logger", "message": "Login attempt 1/5", "service": "cc_reconcile", "stage": "download_davinci", "status": "ok"}
{"timestamp": "2026-03-07T09:00:52+0800", "level": "INFO", "logger": "etl_logger", "message": "Login response status=200, url=https://admin.vantagemarkets.com/admin/main, cookies=4", "service": "cc_reconcile", "stage": "download_davinci", "status": "ok"}
{"timestamp": "2026-03-07T09:00:52+0800", "level": "INFO", "logger": "etl_logger", "message": "Login successful", "service": "cc_reconcile", "stage": "download_davinci", "status": "ok"}
{"timestamp": "2026-03-07T09:00:52+0800", "level": "INFO", "logger": "etl_logger", "message": "Token obtained successfully", "service": "cc_reconcile", "stage": "download_davinci", "status": "ok"}
{"timestamp": "2026-03-07T09:00:53+0800", "level": "INFO", "logger": "etl_logger", "message": "Start downloading Davinci CC Report for brand: VFSC...", "service": "cc_reconcile", "stage": "download_davinci", "status": "ok"}
{"timestamp": "2026-03-07T09:01:11+0800", "level": "INFO", "logger": "etl_logger", "message": "POST success (VFSC 2026-03-04): cc_withdraw_detail_report_20260307010111.csv, took 18.7s", "service": "cc_reconcile", "stage": "download_davinci", "status": "ok"}
{"timestamp": "2026-03-07T09:01:13+0800", "level": "INFO", "logger": "etl_logger", "message": "Download success (VFSC 2026-03-04): cc_withdraw_detail_report_20260307010111.csv, took 1.8s", "service": "cc_reconcile", "stage": "download_davinci", "status": "ok"}
{"timestamp": "2026-03-07T09:01:31+0800", "level": "INFO", "logger": "etl_logger", "message": "POST success (VFSC 2026-03-05): cc_withdraw_detail_report_20260307010131.csv, took 17.6s", "service": "cc_reconcile", "stage": "download_davinci", "status": "ok"}
{"timestamp": "2026-03-07T09:01:33+0800", "level": "INFO", "logger": "etl_logger", "message": "Download success (VFSC 2026-03-05): cc_withdraw_detail_report_20260307010131.csv, took 2.2s", "service": "cc_reconcile", "stage": "download_davinci", "status": "ok"}
{"timestamp": "2026-03-07T09:01:51+0800", "level": "INFO", "logger": "etl_logger", "message": "POST success (VFSC 2026-03-06): cc_withdraw_detail_report_20260307010151.csv, took 18.3s", "service": "cc_reconcile", "stage": "download_davinci", "status": "ok"}
{"timestamp": "2026-03-07T09:01:53+0800", "level": "INFO", "logger": "etl_logger", "message": "Download success (VFSC 2026-03-06): cc_withdraw_detail_report_20260307010151.csv, took 2.2s", "service": "cc_reconcile", "stage": "download_davinci", "status": "ok"}
{"timestamp": "2026-03-07T09:02:11+0800", "level": "INFO", "logger": "etl_logger", "message": "POST success (VFSC 2026-03-07): cc_withdraw_detail_report_20260307010211.csv, took 18.2s", "service": "cc_reconcile", "stage": "download_davinci", "status": "ok"}
{"timestamp": "2026-03-07T09:02:13+0800", "level": "INFO", "logger": "etl_logger", "message": "Download success (VFSC 2026-03-07): cc_withdraw_detail_report_20260307010211.csv, took 1.2s", "service": "cc_reconcile", "stage": "download_davinci", "status": "ok"}
{"timestamp": "2026-03-07T09:02:13+0800", "level": "INFO", "logger": "etl_logger", "message": "Finish downloading Davinci CC - VFSC Report", "service": "cc_reconcile", "stage": "download_davinci", "status": "ok"}
{"timestamp": "2026-03-07T09:02:13+0800", "level": "INFO", "logger": "etl_logger", "message": "Start downloading Davinci CC Report for brand: VFSC2...", "service": "cc_reconcile", "stage": "download_davinci", "status": "ok"}
{"timestamp": "2026-03-07T09:03:04+0800", "level": "INFO", "logger": "etl_logger", "message": "POST success (VFSC2 2026-03-04): cc_withdraw_detail_report_20260307010304.csv, took 51.5s", "service": "cc_reconcile", "stage": "download_davinci", "status": "ok"}
{"timestamp": "2026-03-07T09:03:07+0800", "level": "INFO", "logger": "etl_logger", "message": "Download success (VFSC2 2026-03-04): cc_withdraw_detail_report_20260307010304.csv, took 3.0s", "service": "cc_reconcile", "stage": "download_davinci", "status": "ok"}
{"timestamp": "2026-03-07T09:04:00+0800", "level": "INFO", "logger": "etl_logger", "message": "POST success (VFSC2 2026-03-05): cc_withdraw_detail_report_20260307010400.csv, took 52.8s", "service": "cc_reconcile", "stage": "download_davinci", "status": "ok"}
{"timestamp": "2026-03-07T09:04:03+0800", "level": "INFO", "logger": "etl_logger", "message": "Download success (VFSC2 2026-03-05): cc_withdraw_detail_report_20260307010400.csv, took 3.0s", "service": "cc_reconcile", "stage": "download_davinci", "status": "ok"}
{"timestamp": "2026-03-07T09:04:55+0800", "level": "INFO", "logger": "etl_logger", "message": "POST success (VFSC2 2026-03-06): cc_withdraw_detail_report_20260307010455.csv, took 52.2s", "service": "cc_reconcile", "stage": "download_davinci", "status": "ok"}
{"timestamp": "2026-03-07T09:04:58+0800", "level": "INFO", "logger": "etl_logger", "message": "Download success (VFSC2 2026-03-06): cc_withdraw_detail_report_20260307010455.csv, took 3.1s", "service": "cc_reconcile", "stage": "download_davinci", "status": "ok"}
{"timestamp": "2026-03-07T09:05:48+0800", "level": "INFO", "logger": "etl_logger", "message": "POST success (VFSC2 2026-03-07): cc_withdraw_detail_report_20260307010548.csv, took 49.9s", "service": "cc_reconcile", "stage": "download_davinci", "status": "ok"}
{"timestamp": "2026-03-07T09:05:49+0800", "level": "INFO", "logger": "etl_logger", "message": "Download success (VFSC2 2026-03-07): cc_withdraw_detail_report_20260307010548.csv, took 1.3s", "service": "cc_reconcile", "stage": "download_davinci", "status": "ok"}
{"timestamp": "2026-03-07T09:05:50+0800", "level": "INFO", "logger": "etl_logger", "message": "Finish downloading Davinci CC - VFSC2 Report", "service": "cc_reconcile", "stage": "download_davinci", "status": "ok"}
{"timestamp": "2026-03-07T09:05:50+0800", "level": "INFO", "logger": "etl_logger", "message": "Finish downloading Davinci CC Report for all brands, total rows: 47015", "service": "cc_reconcile", "stage": "download_davinci", "status": "ok"}
{"timestamp": "2026-03-07T09:05:50+0800", "level": "INFO", "logger": "etl_logger", "message": "Download CRM CC Report Finish ，Total: 47015", "service": "cc_reconcile", "stage": "download", "status": "ok"}
{"timestamp": "2026-03-07T09:05:50+0800", "level": "INFO", "logger": "etl_logger", "message": "Start reconcile...", "service": "cc_reconcile", "stage": "reconcile", "status": "ok"}
{"timestamp": "2026-03-07T09:05:51+0800", "level": "INFO", "logger": "etl_logger", "message": "Reconcile Finish ，Total Mismatch Case: 2", "service": "cc_reconcile", "stage": "reconcile", "status": "ok"}
{"timestamp": "2026-03-07T09:05:51+0800", "level": "INFO", "logger": "etl_logger", "message": "Connect Lark Finish", "service": "cc_reconcile", "stage": "lark", "status": "ok"}
{"timestamp": "2026-03-07T09:05:51+0800", "level": "INFO", "logger": "etl_logger", "message": "Start query existing data in LarkSheet...", "service": "cc_reconcile", "stage": "lark", "status": "ok"}
{"timestamp": "2026-03-07T09:05:52+0800", "level": "INFO", "logger": "etl_logger", "message": "Query existing data in LarkSheet Finish", "service": "cc_reconcile", "stage": "lark", "status": "ok"}
{"timestamp": "2026-03-07T09:05:52+0800", "level": "INFO", "logger": "etl_logger", "message": "Total unique keys in LarkSheet: 162, Total new mismatch cases to upload: 0", "service": "cc_reconcile", "stage": "lark", "status": "ok"}
{"timestamp": "2026-03-07T09:05:52+0800", "level": "INFO", "logger": "etl_logger", "message": "Append data to LarkSheet with range: Kalw4Y!A2:L3, rows: 1, columns: 12", "service": "cc_reconcile", "stage": "lark", "status": "ok"}
{"timestamp": "2026-03-07T09:05:52+0800", "level": "INFO", "logger": "etl_logger", "message": "✅ Successfully appended data to LarkSheet", "service": "cc_reconcile", "stage": "lark", "status": "ok"}
{"timestamp": "2026-03-07T09:05:53+0800", "level": "INFO", "logger": "etl_logger", "message": "Upload data to LarkSheet Finish", "service": "cc_reconcile", "stage": "lark", "status": "ok"}
{"timestamp": "2026-03-07T10:00:01+0800", "level": "INFO", "logger": "etl_logger", "message": "Start download reports...", "service": "cc_reconcile", "stage": "download", "status": "ok"}
{"timestamp": "2026-03-07T10:00:04+0800", "level": "INFO", "logger": "etl_logger", "message": "Payabl Login Success and Get Token Success", "service": "cc_reconcile", "stage": "download_payabl", "status": "ok"}
{"timestamp": "2026-03-07T10:00:04+0800", "level": "INFO", "logger": "etl_logger", "message": "Start downloading Payabl CC Report for date: 2026-03-06...", "service": "cc_reconcile", "stage": "download_payabl", "status": "ok"}
{"timestamp": "2026-03-07T10:00:38+0800", "level": "INFO", "logger": "etl_logger", "message": "Start downloading Payabl CC Report for date: 2026-03-07...", "service": "cc_reconcile", "stage": "download_payabl", "status": "ok"}
{"timestamp": "2026-03-07T10:00:47+0800", "level": "INFO", "logger": "etl_logger", "message": "Finish downloading Payabl CC Report", "service": "cc_reconcile", "stage": "download_payabl", "status": "ok"}
{"timestamp": "2026-03-07T10:00:47+0800", "level": "INFO", "logger": "etl_logger", "message": "Download Payabl CC Report Finish ，Total: 57350", "service": "cc_reconcile", "stage": "download", "status": "ok"}
{"timestamp": "2026-03-07T10:00:47+0800", "level": "INFO", "logger": "etl_logger", "message": "Login attempt 1/5", "service": "cc_reconcile", "stage": "download_davinci", "status": "ok"}
{"timestamp": "2026-03-07T10:00:48+0800", "level": "INFO", "logger": "etl_logger", "message": "Login response status=200, url=https://admin.vantagemarkets.com/admin/main, cookies=4", "service": "cc_reconcile", "stage": "download_davinci", "status": "ok"}
{"timestamp": "2026-03-07T10:00:48+0800", "level": "INFO", "logger": "etl_logger", "message": "Login successful", "service": "cc_reconcile", "stage": "download_davinci", "status": "ok"}
{"timestamp": "2026-03-07T10:00:49+0800", "level": "INFO", "logger": "etl_logger", "message": "Token obtained successfully", "service": "cc_reconcile", "stage": "download_davinci", "status": "ok"}
{"timestamp": "2026-03-07T10:00:49+0800", "level": "INFO", "logger": "etl_logger", "message": "Start downloading Davinci CC Report for brand: VFSC...", "service": "cc_reconcile", "stage": "download_davinci", "status": "ok"}
{"timestamp": "2026-03-07T10:01:08+0800", "level": "INFO", "logger": "etl_logger", "message": "POST success (VFSC 2026-03-04): cc_withdraw_detail_report_20260307020108.csv, took 19.0s", "service": "cc_reconcile", "stage": "download_davinci", "status": "ok"}
{"timestamp": "2026-03-07T10:01:10+0800", "level": "INFO", "logger": "etl_logger", "message": "Download success (VFSC 2026-03-04): cc_withdraw_detail_report_20260307020108.csv, took 2.1s", "service": "cc_reconcile", "stage": "download_davinci", "status": "ok"}
{"timestamp": "2026-03-07T10:01:28+0800", "level": "INFO", "logger": "etl_logger", "message": "POST success (VFSC 2026-03-05): cc_withdraw_detail_report_20260307020128.csv, took 18.1s", "service": "cc_reconcile", "stage": "download_davinci", "status": "ok"}
{"timestamp": "2026-03-07T10:01:30+0800", "level": "INFO", "logger": "etl_logger", "message": "Download success (VFSC 2026-03-05): cc_withdraw_detail_report_20260307020128.csv, took 2.2s", "service": "cc_reconcile", "stage": "download_davinci", "status": "ok"}
{"timestamp": "2026-03-07T10:01:48+0800", "level": "INFO", "logger": "etl_logger", "message": "POST success (VFSC 2026-03-06): cc_withdraw_detail_report_20260307020148.csv, took 17.9s", "service": "cc_reconcile", "stage": "download_davinci", "status": "ok"}
{"timestamp": "2026-03-07T10:01:50+0800", "level": "INFO", "logger": "etl_logger", "message": "Download success (VFSC 2026-03-06): cc_withdraw_detail_report_20260307020148.csv, took 2.2s", "service": "cc_reconcile", "stage": "download_davinci", "status": "ok"}
{"timestamp": "2026-03-07T10:02:09+0800", "level": "INFO", "logger": "etl_logger", "message": "POST success (VFSC 2026-03-07): cc_withdraw_detail_report_20260307020209.csv, took 18.4s", "service": "cc_reconcile", "stage": "download_davinci", "status": "ok"}
{"timestamp": "2026-03-07T10:02:10+0800", "level": "INFO", "logger": "etl_logger", "message": "Download success (VFSC 2026-03-07): cc_withdraw_detail_report_20260307020209.csv, took 1.3s", "service": "cc_reconcile", "stage": "download_davinci", "status": "ok"}
{"timestamp": "2026-03-07T10:02:10+0800", "level": "INFO", "logger": "etl_logger", "message": "Finish downloading Davinci CC - VFSC Report", "service": "cc_reconcile", "stage": "download_davinci", "status": "ok"}
{"timestamp": "2026-03-07T10:02:10+0800", "level": "INFO", "logger": "etl_logger", "message": "Start downloading Davinci CC Report for brand: VFSC2...", "service": "cc_reconcile", "stage": "download_davinci", "status": "ok"}
{"timestamp": "2026-03-07T10:03:02+0800", "level": "INFO", "logger": "etl_logger", "message": "POST success (VFSC2 2026-03-04): cc_withdraw_detail_report_20260307020301.csv, took 51.5s", "service": "cc_reconcile", "stage": "download_davinci", "status": "ok"}
{"timestamp": "2026-03-07T10:03:05+0800", "level": "INFO", "logger": "etl_logger", "message": "Download success (VFSC2 2026-03-04): cc_withdraw_detail_report_20260307020301.csv, took 3.1s", "service": "cc_reconcile", "stage": "download_davinci", "status": "ok"}
{"timestamp": "2026-03-07T10:03:56+0800", "level": "INFO", "logger": "etl_logger", "message": "POST success (VFSC2 2026-03-05): cc_withdraw_detail_report_20260307020356.csv, took 51.4s", "service": "cc_reconcile", "stage": "download_davinci", "status": "ok"}
{"timestamp": "2026-03-07T10:03:59+0800", "level": "INFO", "logger": "etl_logger", "message": "Download success (VFSC2 2026-03-05): cc_withdraw_detail_report_20260307020356.csv, took 3.1s", "service": "cc_reconcile", "stage": "download_davinci", "status": "ok"}
{"timestamp": "2026-03-07T10:04:51+0800", "level": "INFO", "logger": "etl_logger", "message": "POST success (VFSC2 2026-03-06): cc_withdraw_detail_report_20260307020450.csv, took 51.5s", "service": "cc_reconcile", "stage": "download_davinci", "status": "ok"}
{"timestamp": "2026-03-07T10:04:54+0800", "level": "INFO", "logger": "etl_logger", "message": "Download success (VFSC2 2026-03-06): cc_withdraw_detail_report_20260307020450.csv, took 3.2s", "service": "cc_reconcile", "stage": "download_davinci", "status": "ok"}
{"timestamp": "2026-03-07T10:05:44+0800", "level": "INFO", "logger": "etl_logger", "message": "POST success (VFSC2 2026-03-07): cc_withdraw_detail_report_20260307020544.csv, took 49.8s", "service": "cc_reconcile", "stage": "download_davinci", "status": "ok"}
{"timestamp": "2026-03-07T10:05:46+0800", "level": "INFO", "logger": "etl_logger", "message": "Download success (VFSC2 2026-03-07): cc_withdraw_detail_report_20260307020544.csv, took 1.9s", "service": "cc_reconcile", "stage": "download_davinci", "status": "ok"}
{"timestamp": "2026-03-07T10:05:46+0800", "level": "INFO", "logger": "etl_logger", "message": "Finish downloading Davinci CC - VFSC2 Report", "service": "cc_reconcile", "stage": "download_davinci", "status": "ok"}
{"timestamp": "2026-03-07T10:05:46+0800", "level": "INFO", "logger": "etl_logger", "message": "Finish downloading Davinci CC Report for all brands, total rows: 47071", "service": "cc_reconcile", "stage": "download_davinci", "status": "ok"}
{"timestamp": "2026-03-07T10:05:46+0800", "level": "INFO", "logger": "etl_logger", "message": "Download CRM CC Report Finish ，Total: 47071", "service": "cc_reconcile", "stage": "download", "status": "ok"}
{"timestamp": "2026-03-07T10:05:46+0800", "level": "INFO", "logger": "etl_logger", "message": "Start reconcile...", "service": "cc_reconcile", "stage": "reconcile", "status": "ok"}
{"timestamp": "2026-03-07T10:05:47+0800", "level": "INFO", "logger": "etl_logger", "message": "Reconcile Finish ，Total Mismatch Case: 3", "service": "cc_reconcile", "stage": "reconcile", "status": "ok"}
{"timestamp": "2026-03-07T10:05:47+0800", "level": "INFO", "logger": "etl_logger", "message": "Connect Lark Finish", "service": "cc_reconcile", "stage": "lark", "status": "ok"}
{"timestamp": "2026-03-07T10:05:47+0800", "level": "INFO", "logger": "etl_logger", "message": "Start query existing data in LarkSheet...", "service": "cc_reconcile", "stage": "lark", "status": "ok"}
{"timestamp": "2026-03-07T10:05:48+0800", "level": "INFO", "logger": "etl_logger", "message": "Query existing data in LarkSheet Finish", "service": "cc_reconcile", "stage": "lark", "status": "ok"}
{"timestamp": "2026-03-07T10:05:48+0800", "level": "INFO", "logger": "etl_logger", "message": "Total unique keys in LarkSheet: 162, Total new mismatch cases to upload: 1", "service": "cc_reconcile", "stage": "lark", "status": "ok"}
{"timestamp": "2026-03-07T10:05:48+0800", "level": "INFO", "logger": "etl_logger", "message": "Append data to LarkSheet with range: Kalw4Y!A2:L3, rows: 1, columns: 12", "service": "cc_reconcile", "stage": "lark", "status": "ok"}
{"timestamp": "2026-03-07T10:05:48+0800", "level": "INFO", "logger": "etl_logger", "message": "✅ Successfully appended data to LarkSheet", "service": "cc_reconcile", "stage": "lark", "status": "ok"}
{"timestamp": "2026-03-07T10:05:50+0800", "level": "INFO", "logger": "etl_logger", "message": "Upload data to LarkSheet Finish", "service": "cc_reconcile", "stage": "lark", "status": "ok"}
{"timestamp": "2026-03-07T11:00:01+0800", "level": "INFO", "logger": "etl_logger", "message": "Start download reports...", "service": "cc_reconcile", "stage": "download", "status": "ok"}
{"timestamp": "2026-03-07T11:00:05+0800", "level": "INFO", "logger": "etl_logger", "message": "Payabl Login Success and Get Token Success", "service": "cc_reconcile", "stage": "download_payabl", "status": "ok"}
{"timestamp": "2026-03-07T11:00:05+0800", "level": "INFO", "logger": "etl_logger", "message": "Start downloading Payabl CC Report for date: 2026-03-06...", "service": "cc_reconcile", "stage": "download_payabl", "status": "ok"}
{"timestamp": "2026-03-07T11:00:40+0800", "level": "INFO", "logger": "etl_logger", "message": "Start downloading Payabl CC Report for date: 2026-03-07...", "service": "cc_reconcile", "stage": "download_payabl", "status": "ok"}
{"timestamp": "2026-03-07T11:00:49+0800", "level": "INFO", "logger": "etl_logger", "message": "Finish downloading Payabl CC Report", "service": "cc_reconcile", "stage": "download_payabl", "status": "ok"}
{"timestamp": "2026-03-07T11:00:49+0800", "level": "INFO", "logger": "etl_logger", "message": "Download Payabl CC Report Finish ，Total: 57664", "service": "cc_reconcile", "stage": "download", "status": "ok"}
{"timestamp": "2026-03-07T11:00:49+0800", "level": "INFO", "logger": "etl_logger", "message": "Login attempt 1/5", "service": "cc_reconcile", "stage": "download_davinci", "status": "ok"}
{"timestamp": "2026-03-07T11:00:50+0800", "level": "INFO", "logger": "etl_logger", "message": "Login response status=200, url=https://admin.vantagemarkets.com/admin/main, cookies=4", "service": "cc_reconcile", "stage": "download_davinci", "status": "ok"}
{"timestamp": "2026-03-07T11:00:50+0800", "level": "INFO", "logger": "etl_logger", "message": "Login successful", "service": "cc_reconcile", "stage": "download_davinci", "status": "ok"}
{"timestamp": "2026-03-07T11:00:51+0800", "level": "INFO", "logger": "etl_logger", "message": "Token obtained successfully", "service": "cc_reconcile", "stage": "download_davinci", "status": "ok"}
{"timestamp": "2026-03-07T11:00:51+0800", "level": "INFO", "logger": "etl_logger", "message": "Start downloading Davinci CC Report for brand: VFSC...", "service": "cc_reconcile", "stage": "download_davinci", "status": "ok"}
{"timestamp": "2026-03-07T11:01:10+0800", "level": "INFO", "logger": "etl_logger", "message": "POST success (VFSC 2026-03-04): cc_withdraw_detail_report_20260307030110.csv, took 19.2s", "service": "cc_reconcile", "stage": "download_davinci", "status": "ok"}
{"timestamp": "2026-03-07T11:01:12+0800", "level": "INFO", "logger": "etl_logger", "message": "Download success (VFSC 2026-03-04): cc_withdraw_detail_report_20260307030110.csv, took 2.1s", "service": "cc_reconcile", "stage": "download_davinci", "status": "ok"}
{"timestamp": "2026-03-07T11:01:30+0800", "level": "INFO", "logger": "etl_logger", "message": "POST success (VFSC 2026-03-05): cc_withdraw_detail_report_20260307030130.csv, took 17.7s", "service": "cc_reconcile", "stage": "download_davinci", "status": "ok"}
{"timestamp": "2026-03-07T11:01:32+0800", "level": "INFO", "logger": "etl_logger", "message": "Download success (VFSC 2026-03-05): cc_withdraw_detail_report_20260307030130.csv, took 2.1s", "service": "cc_reconcile", "stage": "download_davinci", "status": "ok"}
{"timestamp": "2026-03-07T11:02:05+0800", "level": "INFO", "logger": "etl_logger", "message": "POST success (VFSC 2026-03-06): cc_withdraw_detail_report_20260307030205.csv, took 33.3s", "service": "cc_reconcile", "stage": "download_davinci", "status": "ok"}
{"timestamp": "2026-03-07T11:02:07+0800", "level": "INFO", "logger": "etl_logger", "message": "Download success (VFSC 2026-03-06): cc_withdraw_detail_report_20260307030205.csv, took 2.3s", "service": "cc_reconcile", "stage": "download_davinci", "status": "ok"}
{"timestamp": "2026-03-07T11:02:25+0800", "level": "INFO", "logger": "etl_logger", "message": "POST success (VFSC 2026-03-07): cc_withdraw_detail_report_20260307030225.csv, took 17.7s", "service": "cc_reconcile", "stage": "download_davinci", "status": "ok"}
{"timestamp": "2026-03-07T11:02:26+0800", "level": "INFO", "logger": "etl_logger", "message": "Download success (VFSC 2026-03-07): cc_withdraw_detail_report_20260307030225.csv, took 1.3s", "service": "cc_reconcile", "stage": "download_davinci", "status": "ok"}
{"timestamp": "2026-03-07T11:02:26+0800", "level": "INFO", "logger": "etl_logger", "message": "Finish downloading Davinci CC - VFSC Report", "service": "cc_reconcile", "stage": "download_davinci", "status": "ok"}
{"timestamp": "2026-03-07T11:02:26+0800", "level": "INFO", "logger": "etl_logger", "message": "Start downloading Davinci CC Report for brand: VFSC2...", "service": "cc_reconcile", "stage": "download_davinci", "status": "ok"}
{"timestamp": "2026-03-07T11:03:22+0800", "level": "INFO", "logger": "etl_logger", "message": "POST success (VFSC2 2026-03-04): cc_withdraw_detail_report_20260307030321.csv, took 55.2s", "service": "cc_reconcile", "stage": "download_davinci", "status": "ok"}
{"timestamp": "2026-03-07T11:03:25+0800", "level": "INFO", "logger": "etl_logger", "message": "Download success (VFSC2 2026-03-04): cc_withdraw_detail_report_20260307030321.csv, took 3.0s", "service": "cc_reconcile", "stage": "download_davinci", "status": "ok"}
{"timestamp": "2026-03-07T11:04:16+0800", "level": "INFO", "logger": "etl_logger", "message": "POST success (VFSC2 2026-03-05): cc_withdraw_detail_report_20260307030416.csv, took 51.1s", "service": "cc_reconcile", "stage": "download_davinci", "status": "ok"}
{"timestamp": "2026-03-07T11:04:19+0800", "level": "INFO", "logger": "etl_logger", "message": "Download success (VFSC2 2026-03-05): cc_withdraw_detail_report_20260307030416.csv, took 3.0s", "service": "cc_reconcile", "stage": "download_davinci", "status": "ok"}
{"timestamp": "2026-03-07T11:05:10+0800", "level": "INFO", "logger": "etl_logger", "message": "POST success (VFSC2 2026-03-06): cc_withdraw_detail_report_20260307030510.csv, took 51.1s", "service": "cc_reconcile", "stage": "download_davinci", "status": "ok"}
{"timestamp": "2026-03-07T11:05:13+0800", "level": "INFO", "logger": "etl_logger", "message": "Download success (VFSC2 2026-03-06): cc_withdraw_detail_report_20260307030510.csv, took 3.2s", "service": "cc_reconcile", "stage": "download_davinci", "status": "ok"}
{"timestamp": "2026-03-07T11:06:02+0800", "level": "INFO", "logger": "etl_logger", "message": "POST success (VFSC2 2026-03-07): cc_withdraw_detail_report_20260307030602.csv, took 49.4s", "service": "cc_reconcile", "stage": "download_davinci", "status": "ok"}
{"timestamp": "2026-03-07T11:06:04+0800", "level": "INFO", "logger": "etl_logger", "message": "Download success (VFSC2 2026-03-07): cc_withdraw_detail_report_20260307030602.csv, took 2.0s", "service": "cc_reconcile", "stage": "download_davinci", "status": "ok"}
{"timestamp": "2026-03-07T11:06:05+0800", "level": "INFO", "logger": "etl_logger", "message": "Finish downloading Davinci CC - VFSC2 Report", "service": "cc_reconcile", "stage": "download_davinci", "status": "ok"}
{"timestamp": "2026-03-07T11:06:05+0800", "level": "INFO", "logger": "etl_logger", "message": "Finish downloading Davinci CC Report for all brands, total rows: 47165", "service": "cc_reconcile", "stage": "download_davinci", "status": "ok"}
{"timestamp": "2026-03-07T11:06:05+0800", "level": "INFO", "logger": "etl_logger", "message": "Download CRM CC Report Finish ，Total: 47165", "service": "cc_reconcile", "stage": "download", "status": "ok"}
{"timestamp": "2026-03-07T11:06:05+0800", "level": "INFO", "logger": "etl_logger", "message": "Start reconcile...", "service": "cc_reconcile", "stage": "reconcile", "status": "ok"}
{"timestamp": "2026-03-07T11:06:05+0800", "level": "INFO", "logger": "etl_logger", "message": "Reconcile Finish ，Total Mismatch Case: 3", "service": "cc_reconcile", "stage": "reconcile", "status": "ok"}
{"timestamp": "2026-03-07T11:06:06+0800", "level": "INFO", "logger": "etl_logger", "message": "Connect Lark Finish", "service": "cc_reconcile", "stage": "lark", "status": "ok"}
{"timestamp": "2026-03-07T11:06:06+0800", "level": "INFO", "logger": "etl_logger", "message": "Start query existing data in LarkSheet...", "service": "cc_reconcile", "stage": "lark", "status": "ok"}
{"timestamp": "2026-03-07T11:06:07+0800", "level": "INFO", "logger": "etl_logger", "message": "Query existing data in LarkSheet Finish", "service": "cc_reconcile", "stage": "lark", "status": "ok"}
{"timestamp": "2026-03-07T11:06:07+0800", "level": "INFO", "logger": "etl_logger", "message": "Total unique keys in LarkSheet: 163, Total new mismatch cases to upload: 1", "service": "cc_reconcile", "stage": "lark", "status": "ok"}
{"timestamp": "2026-03-07T11:06:07+0800", "level": "INFO", "logger": "etl_logger", "message": "Append data to LarkSheet with range: Kalw4Y!A2:L3, rows: 1, columns: 12", "service": "cc_reconcile", "stage": "lark", "status": "ok"}
{"timestamp": "2026-03-07T11:06:07+0800", "level": "INFO", "logger": "etl_logger", "message": "✅ Successfully appended data to LarkSheet", "service": "cc_reconcile", "stage": "lark", "status": "ok"}
{"timestamp": "2026-03-07T11:06:08+0800", "level": "INFO", "logger": "etl_logger", "message": "Upload data to LarkSheet Finish", "service": "cc_reconcile", "stage": "lark", "status": "ok"}
{"timestamp": "2026-03-07T12:00:02+0800", "level": "INFO", "logger": "etl_logger", "message": "Start download reports...", "service": "cc_reconcile", "stage": "download", "status": "ok"}
{"timestamp": "2026-03-07T12:00:05+0800", "level": "INFO", "logger": "etl_logger", "message": "Payabl Login Success and Get Token Success", "service": "cc_reconcile", "stage": "download_payabl", "status": "ok"}
{"timestamp": "2026-03-07T12:00:05+0800", "level": "INFO", "logger": "etl_logger", "message": "Start downloading Payabl CC Report for date: 2026-03-06...", "service": "cc_reconcile", "stage": "download_payabl", "status": "ok"}
{"timestamp": "2026-03-07T12:00:45+0800", "level": "INFO", "logger": "etl_logger", "message": "Start downloading Payabl CC Report for date: 2026-03-07...", "service": "cc_reconcile", "stage": "download_payabl", "status": "ok"}
{"timestamp": "2026-03-07T12:00:55+0800", "level": "INFO", "logger": "etl_logger", "message": "Finish downloading Payabl CC Report", "service": "cc_reconcile", "stage": "download_payabl", "status": "ok"}
{"timestamp": "2026-03-07T12:00:55+0800", "level": "INFO", "logger": "etl_logger", "message": "Download Payabl CC Report Finish ，Total: 58077", "service": "cc_reconcile", "stage": "download", "status": "ok"}
{"timestamp": "2026-03-07T12:00:55+0800", "level": "INFO", "logger": "etl_logger", "message": "Login attempt 1/5", "service": "cc_reconcile", "stage": "download_davinci", "status": "ok"}
{"timestamp": "2026-03-07T12:00:57+0800", "level": "INFO", "logger": "etl_logger", "message": "Login response status=200, url=https://admin.vantagemarkets.com/admin/main, cookies=4", "service": "cc_reconcile", "stage": "download_davinci", "status": "ok"}
{"timestamp": "2026-03-07T12:00:57+0800", "level": "INFO", "logger": "etl_logger", "message": "Login successful", "service": "cc_reconcile", "stage": "download_davinci", "status": "ok"}
{"timestamp": "2026-03-07T12:00:57+0800", "level": "INFO", "logger": "etl_logger", "message": "Token obtained successfully", "service": "cc_reconcile", "stage": "download_davinci", "status": "ok"}
{"timestamp": "2026-03-07T12:00:57+0800", "level": "INFO", "logger": "etl_logger", "message": "Start downloading Davinci CC Report for brand: VFSC...", "service": "cc_reconcile", "stage": "download_davinci", "status": "ok"}
{"timestamp": "2026-03-07T12:01:16+0800", "level": "INFO", "logger": "etl_logger", "message": "POST success (VFSC 2026-03-04): cc_withdraw_detail_report_20260307040116.csv, took 19.1s", "service": "cc_reconcile", "stage": "download_davinci", "status": "ok"}
{"timestamp": "2026-03-07T12:01:18+0800", "level": "INFO", "logger": "etl_logger", "message": "Download success (VFSC 2026-03-04): cc_withdraw_detail_report_20260307040116.csv, took 2.1s", "service": "cc_reconcile", "stage": "download_davinci", "status": "ok"}
{"timestamp": "2026-03-07T12:01:36+0800", "level": "INFO", "logger": "etl_logger", "message": "POST success (VFSC 2026-03-05): cc_withdraw_detail_report_20260307040136.csv, took 17.8s", "service": "cc_reconcile", "stage": "download_davinci", "status": "ok"}
{"timestamp": "2026-03-07T12:01:38+0800", "level": "INFO", "logger": "etl_logger", "message": "Download success (VFSC 2026-03-05): cc_withdraw_detail_report_20260307040136.csv, took 2.2s", "service": "cc_reconcile", "stage": "download_davinci", "status": "ok"}
{"timestamp": "2026-03-07T12:01:57+0800", "level": "INFO", "logger": "etl_logger", "message": "POST success (VFSC 2026-03-06): cc_withdraw_detail_report_20260307040157.csv, took 18.6s", "service": "cc_reconcile", "stage": "download_davinci", "status": "ok"}
{"timestamp": "2026-03-07T12:01:59+0800", "level": "INFO", "logger": "etl_logger", "message": "Download success (VFSC 2026-03-06): cc_withdraw_detail_report_20260307040157.csv, took 2.2s", "service": "cc_reconcile", "stage": "download_davinci", "status": "ok"}
{"timestamp": "2026-03-07T12:02:17+0800", "level": "INFO", "logger": "etl_logger", "message": "POST success (VFSC 2026-03-07): cc_withdraw_detail_report_20260307040217.csv, took 17.9s", "service": "cc_reconcile", "stage": "download_davinci", "status": "ok"}
{"timestamp": "2026-03-07T12:02:19+0800", "level": "INFO", "logger": "etl_logger", "message": "Download success (VFSC 2026-03-07): cc_withdraw_detail_report_20260307040217.csv, took 1.5s", "service": "cc_reconcile", "stage": "download_davinci", "status": "ok"}
{"timestamp": "2026-03-07T12:02:19+0800", "level": "INFO", "logger": "etl_logger", "message": "Finish downloading Davinci CC - VFSC Report", "service": "cc_reconcile", "stage": "download_davinci", "status": "ok"}
{"timestamp": "2026-03-07T12:02:19+0800", "level": "INFO", "logger": "etl_logger", "message": "Start downloading Davinci CC Report for brand: VFSC2...", "service": "cc_reconcile", "stage": "download_davinci", "status": "ok"}
{"timestamp": "2026-03-07T12:03:10+0800", "level": "INFO", "logger": "etl_logger", "message": "POST success (VFSC2 2026-03-04): cc_withdraw_detail_report_20260307040310.csv, took 51.4s", "service": "cc_reconcile", "stage": "download_davinci", "status": "ok"}
{"timestamp": "2026-03-07T12:03:13+0800", "level": "INFO", "logger": "etl_logger", "message": "Download success (VFSC2 2026-03-04): cc_withdraw_detail_report_20260307040310.csv, took 3.1s", "service": "cc_reconcile", "stage": "download_davinci", "status": "ok"}
{"timestamp": "2026-03-07T12:04:04+0800", "level": "INFO", "logger": "etl_logger", "message": "POST success (VFSC2 2026-03-05): cc_withdraw_detail_report_20260307040403.csv, took 50.4s", "service": "cc_reconcile", "stage": "download_davinci", "status": "ok"}
{"timestamp": "2026-03-07T12:04:07+0800", "level": "INFO", "logger": "etl_logger", "message": "Download success (VFSC2 2026-03-05): cc_withdraw_detail_report_20260307040403.csv, took 3.1s", "service": "cc_reconcile", "stage": "download_davinci", "status": "ok"}
{"timestamp": "2026-03-07T12:04:59+0800", "level": "INFO", "logger": "etl_logger", "message": "POST success (VFSC2 2026-03-06): cc_withdraw_detail_report_20260307040459.csv, took 52.1s", "service": "cc_reconcile", "stage": "download_davinci", "status": "ok"}
{"timestamp": "2026-03-07T12:05:02+0800", "level": "INFO", "logger": "etl_logger", "message": "Download success (VFSC2 2026-03-06): cc_withdraw_detail_report_20260307040459.csv, took 3.2s", "service": "cc_reconcile", "stage": "download_davinci", "status": "ok"}
{"timestamp": "2026-03-07T12:05:51+0800", "level": "INFO", "logger": "etl_logger", "message": "POST success (VFSC2 2026-03-07): cc_withdraw_detail_report_20260307040551.csv, took 49.3s", "service": "cc_reconcile", "stage": "download_davinci", "status": "ok"}
{"timestamp": "2026-03-07T12:05:53+0800", "level": "INFO", "logger": "etl_logger", "message": "Download success (VFSC2 2026-03-07): cc_withdraw_detail_report_20260307040551.csv, took 1.6s", "service": "cc_reconcile", "stage": "download_davinci", "status": "ok"}
{"timestamp": "2026-03-07T12:05:54+0800", "level": "INFO", "logger": "etl_logger", "message": "Finish downloading Davinci CC - VFSC2 Report", "service": "cc_reconcile", "stage": "download_davinci", "status": "ok"}
{"timestamp": "2026-03-07T12:05:54+0800", "level": "INFO", "logger": "etl_logger", "message": "Finish downloading Davinci CC Report for all brands, total rows: 47252", "service": "cc_reconcile", "stage": "download_davinci", "status": "ok"}
{"timestamp": "2026-03-07T12:05:54+0800", "level": "INFO", "logger": "etl_logger", "message": "Download CRM CC Report Finish ，Total: 47252", "service": "cc_reconcile", "stage": "download", "status": "ok"}
{"timestamp": "2026-03-07T12:05:54+0800", "level": "INFO", "logger": "etl_logger", "message": "Start reconcile...", "service": "cc_reconcile", "stage": "reconcile", "status": "ok"}
{"timestamp": "2026-03-07T12:05:54+0800", "level": "INFO", "logger": "etl_logger", "message": "Reconcile Finish ，Total Mismatch Case: 3", "service": "cc_reconcile", "stage": "reconcile", "status": "ok"}
{"timestamp": "2026-03-07T12:05:54+0800", "level": "INFO", "logger": "etl_logger", "message": "Connect Lark Finish", "service": "cc_reconcile", "stage": "lark", "status": "ok"}
{"timestamp": "2026-03-07T12:05:54+0800", "level": "INFO", "logger": "etl_logger", "message": "Start query existing data in LarkSheet...", "service": "cc_reconcile", "stage": "lark", "status": "ok"}
{"timestamp": "2026-03-07T12:05:55+0800", "level": "INFO", "logger": "etl_logger", "message": "Query existing data in LarkSheet Finish", "service": "cc_reconcile", "stage": "lark", "status": "ok"}
{"timestamp": "2026-03-07T12:05:55+0800", "level": "INFO", "logger": "etl_logger", "message": "Total unique keys in LarkSheet: 164, Total new mismatch cases to upload: 0", "service": "cc_reconcile", "stage": "lark", "status": "ok"}
{"timestamp": "2026-03-07T12:05:55+0800", "level": "INFO", "logger": "etl_logger", "message": "Append data to LarkSheet with range: Kalw4Y!A2:L3, rows: 1, columns: 12", "service": "cc_reconcile", "stage": "lark", "status": "ok"}
{"timestamp": "2026-03-07T12:05:56+0800", "level": "INFO", "logger": "etl_logger", "message": "✅ Successfully appended data to LarkSheet", "service": "cc_reconcile", "stage": "lark", "status": "ok"}
{"timestamp": "2026-03-07T12:05:57+0800", "level": "INFO", "logger": "etl_logger", "message": "Upload data to LarkSheet Finish", "service": "cc_reconcile", "stage": "lark", "status": "ok"}
{"timestamp": "2026-03-07T13:00:01+0800", "level": "INFO", "logger": "etl_logger", "message": "Start download reports...", "service": "cc_reconcile", "stage": "download", "status": "ok"}
{"timestamp": "2026-03-07T13:00:06+0800", "level": "INFO", "logger": "etl_logger", "message": "Payabl Login Success and Get Token Success", "service": "cc_reconcile", "stage": "download_payabl", "status": "ok"}
{"timestamp": "2026-03-07T13:00:06+0800", "level": "INFO", "logger": "etl_logger", "message": "Start downloading Payabl CC Report for date: 2026-03-06...", "service": "cc_reconcile", "stage": "download_payabl", "status": "ok"}
{"timestamp": "2026-03-07T13:00:48+0800", "level": "INFO", "logger": "etl_logger", "message": "Start downloading Payabl CC Report for date: 2026-03-07...", "service": "cc_reconcile", "stage": "download_payabl", "status": "ok"}
{"timestamp": "2026-03-07T13:00:58+0800", "level": "INFO", "logger": "etl_logger", "message": "Finish downloading Payabl CC Report", "service": "cc_reconcile", "stage": "download_payabl", "status": "ok"}
{"timestamp": "2026-03-07T13:00:58+0800", "level": "INFO", "logger": "etl_logger", "message": "Download Payabl CC Report Finish ，Total: 58426", "service": "cc_reconcile", "stage": "download", "status": "ok"}
{"timestamp": "2026-03-07T13:00:58+0800", "level": "INFO", "logger": "etl_logger", "message": "Login attempt 1/5", "service": "cc_reconcile", "stage": "download_davinci", "status": "ok"}
{"timestamp": "2026-03-07T13:00:59+0800", "level": "INFO", "logger": "etl_logger", "message": "Login response status=200, url=https://admin.vantagemarkets.com/admin/main, cookies=4", "service": "cc_reconcile", "stage": "download_davinci", "status": "ok"}
{"timestamp": "2026-03-07T13:00:59+0800", "level": "INFO", "logger": "etl_logger", "message": "Login successful", "service": "cc_reconcile", "stage": "download_davinci", "status": "ok"}
{"timestamp": "2026-03-07T13:01:00+0800", "level": "INFO", "logger": "etl_logger", "message": "Token obtained successfully", "service": "cc_reconcile", "stage": "download_davinci", "status": "ok"}
{"timestamp": "2026-03-07T13:01:00+0800", "level": "INFO", "logger": "etl_logger", "message": "Start downloading Davinci CC Report for brand: VFSC...", "service": "cc_reconcile", "stage": "download_davinci", "status": "ok"}
{"timestamp": "2026-03-07T13:01:18+0800", "level": "INFO", "logger": "etl_logger", "message": "POST success (VFSC 2026-03-04): cc_withdraw_detail_report_20260307050118.csv, took 18.6s", "service": "cc_reconcile", "stage": "download_davinci", "status": "ok"}
{"timestamp": "2026-03-07T13:01:20+0800", "level": "INFO", "logger": "etl_logger", "message": "Download success (VFSC 2026-03-04): cc_withdraw_detail_report_20260307050118.csv, took 2.3s", "service": "cc_reconcile", "stage": "download_davinci", "status": "ok"}
{"timestamp": "2026-03-07T13:01:38+0800", "level": "INFO", "logger": "etl_logger", "message": "POST success (VFSC 2026-03-05): cc_withdraw_detail_report_20260307050138.csv, took 18.0s", "service": "cc_reconcile", "stage": "download_davinci", "status": "ok"}
{"timestamp": "2026-03-07T13:01:40+0800", "level": "INFO", "logger": "etl_logger", "message": "Download success (VFSC 2026-03-05): cc_withdraw_detail_report_20260307050138.csv, took 2.1s", "service": "cc_reconcile", "stage": "download_davinci", "status": "ok"}
{"timestamp": "2026-03-07T13:01:59+0800", "level": "INFO", "logger": "etl_logger", "message": "POST success (VFSC 2026-03-06): cc_withdraw_detail_report_20260307050159.csv, took 18.2s", "service": "cc_reconcile", "stage": "download_davinci", "status": "ok"}
{"timestamp": "2026-03-07T13:02:00+0800", "level": "INFO", "logger": "etl_logger", "message": "Download success (VFSC 2026-03-06): cc_withdraw_detail_report_20260307050159.csv, took 1.5s", "service": "cc_reconcile", "stage": "download_davinci", "status": "ok"}
{"timestamp": "2026-03-07T13:02:17+0800", "level": "INFO", "logger": "etl_logger", "message": "POST success (VFSC 2026-03-07): cc_withdraw_detail_report_20260307050217.csv, took 17.0s", "service": "cc_reconcile", "stage": "download_davinci", "status": "ok"}
{"timestamp": "2026-03-07T13:02:19+0800", "level": "INFO", "logger": "etl_logger", "message": "Download success (VFSC 2026-03-07): cc_withdraw_detail_report_20260307050217.csv, took 1.5s", "service": "cc_reconcile", "stage": "download_davinci", "status": "ok"}
{"timestamp": "2026-03-07T13:02:19+0800", "level": "INFO", "logger": "etl_logger", "message": "Finish downloading Davinci CC - VFSC Report", "service": "cc_reconcile", "stage": "download_davinci", "status": "ok"}
{"timestamp": "2026-03-07T13:02:19+0800", "level": "INFO", "logger": "etl_logger", "message": "Start downloading Davinci CC Report for brand: VFSC2...", "service": "cc_reconcile", "stage": "download_davinci", "status": "ok"}
{"timestamp": "2026-03-07T13:03:10+0800", "level": "INFO", "logger": "etl_logger", "message": "POST success (VFSC2 2026-03-04): cc_withdraw_detail_report_20260307050310.csv, took 51.2s", "service": "cc_reconcile", "stage": "download_davinci", "status": "ok"}
{"timestamp": "2026-03-07T13:03:12+0800", "level": "INFO", "logger": "etl_logger", "message": "Download success (VFSC2 2026-03-04): cc_withdraw_detail_report_20260307050310.csv, took 2.4s", "service": "cc_reconcile", "stage": "download_davinci", "status": "ok"}
{"timestamp": "2026-03-07T13:04:04+0800", "level": "INFO", "logger": "etl_logger", "message": "POST success (VFSC2 2026-03-05): cc_withdraw_detail_report_20260307050403.csv, took 51.3s", "service": "cc_reconcile", "stage": "download_davinci", "status": "ok"}
{"timestamp": "2026-03-07T13:04:07+0800", "level": "INFO", "logger": "etl_logger", "message": "Download success (VFSC2 2026-03-05): cc_withdraw_detail_report_20260307050403.csv, took 3.0s", "service": "cc_reconcile", "stage": "download_davinci", "status": "ok"}
{"timestamp": "2026-03-07T13:04:58+0800", "level": "INFO", "logger": "etl_logger", "message": "POST success (VFSC2 2026-03-06): cc_withdraw_detail_report_20260307050458.csv, took 51.5s", "service": "cc_reconcile", "stage": "download_davinci", "status": "ok"}
{"timestamp": "2026-03-07T13:05:01+0800", "level": "INFO", "logger": "etl_logger", "message": "Download success (VFSC2 2026-03-06): cc_withdraw_detail_report_20260307050458.csv, took 3.2s", "service": "cc_reconcile", "stage": "download_davinci", "status": "ok"}
{"timestamp": "2026-03-07T13:05:50+0800", "level": "INFO", "logger": "etl_logger", "message": "POST success (VFSC2 2026-03-07): cc_withdraw_detail_report_20260307050550.csv, took 48.4s", "service": "cc_reconcile", "stage": "download_davinci", "status": "ok"}
{"timestamp": "2026-03-07T13:05:52+0800", "level": "INFO", "logger": "etl_logger", "message": "Download success (VFSC2 2026-03-07): cc_withdraw_detail_report_20260307050550.csv, took 2.0s", "service": "cc_reconcile", "stage": "download_davinci", "status": "ok"}
{"timestamp": "2026-03-07T13:05:52+0800", "level": "INFO", "logger": "etl_logger", "message": "Finish downloading Davinci CC - VFSC2 Report", "service": "cc_reconcile", "stage": "download_davinci", "status": "ok"}
{"timestamp": "2026-03-07T13:05:52+0800", "level": "INFO", "logger": "etl_logger", "message": "Finish downloading Davinci CC Report for all brands, total rows: 47327", "service": "cc_reconcile", "stage": "download_davinci", "status": "ok"}
{"timestamp": "2026-03-07T13:05:52+0800", "level": "INFO", "logger": "etl_logger", "message": "Download CRM CC Report Finish ，Total: 47327", "service": "cc_reconcile", "stage": "download", "status": "ok"}
{"timestamp": "2026-03-07T13:05:52+0800", "level": "INFO", "logger": "etl_logger", "message": "Start reconcile...", "service": "cc_reconcile", "stage": "reconcile", "status": "ok"}
{"timestamp": "2026-03-07T13:05:53+0800", "level": "INFO", "logger": "etl_logger", "message": "Reconcile Finish ，Total Mismatch Case: 3", "service": "cc_reconcile", "stage": "reconcile", "status": "ok"}
{"timestamp": "2026-03-07T13:05:53+0800", "level": "INFO", "logger": "etl_logger", "message": "Connect Lark Finish", "service": "cc_reconcile", "stage": "lark", "status": "ok"}
{"timestamp": "2026-03-07T13:05:53+0800", "level": "INFO", "logger": "etl_logger", "message": "Start query existing data in LarkSheet...", "service": "cc_reconcile", "stage": "lark", "status": "ok"}
{"timestamp": "2026-03-07T13:05:54+0800", "level": "INFO", "logger": "etl_logger", "message": "Query existing data in LarkSheet Finish", "service": "cc_reconcile", "stage": "lark", "status": "ok"}
{"timestamp": "2026-03-07T13:05:54+0800", "level": "INFO", "logger": "etl_logger", "message": "Total unique keys in LarkSheet: 164, Total new mismatch cases to upload: 0", "service": "cc_reconcile", "stage": "lark", "status": "ok"}
{"timestamp": "2026-03-07T13:05:54+0800", "level": "INFO", "logger": "etl_logger", "message": "Append data to LarkSheet with range: Kalw4Y!A2:L3, rows: 1, columns: 12", "service": "cc_reconcile", "stage": "lark", "status": "ok"}
{"timestamp": "2026-03-07T13:05:55+0800", "level": "INFO", "logger": "etl_logger", "message": "✅ Successfully appended data to LarkSheet", "service": "cc_reconcile", "stage": "lark", "status": "ok"}
{"timestamp": "2026-03-07T13:05:56+0800", "level": "INFO", "logger": "etl_logger", "message": "Upload data to LarkSheet Finish", "service": "cc_reconcile", "stage": "lark", "status": "ok"}
{"timestamp": "2026-03-07T14:00:02+0800", "level": "INFO", "logger": "etl_logger", "message": "Start download reports...", "service": "cc_reconcile", "stage": "download", "status": "ok"}
{"timestamp": "2026-03-07T14:00:05+0800", "level": "INFO", "logger": "etl_logger", "message": "Payabl Login Success and Get Token Success", "service": "cc_reconcile", "stage": "download_payabl", "status": "ok"}
{"timestamp": "2026-03-07T14:00:05+0800", "level": "INFO", "logger": "etl_logger", "message": "Start downloading Payabl CC Report for date: 2026-03-06...", "service": "cc_reconcile", "stage": "download_payabl", "status": "ok"}
{"timestamp": "2026-03-07T14:00:38+0800", "level": "INFO", "logger": "etl_logger", "message": "Start downloading Payabl CC Report for date: 2026-03-07...", "service": "cc_reconcile", "stage": "download_payabl", "status": "ok"}
{"timestamp": "2026-03-07T14:00:47+0800", "level": "INFO", "logger": "etl_logger", "message": "Finish downloading Payabl CC Report", "service": "cc_reconcile", "stage": "download_payabl", "status": "ok"}
{"timestamp": "2026-03-07T14:00:47+0800", "level": "INFO", "logger": "etl_logger", "message": "Download Payabl CC Report Finish ，Total: 58693", "service": "cc_reconcile", "stage": "download", "status": "ok"}
{"timestamp": "2026-03-07T14:00:47+0800", "level": "INFO", "logger": "etl_logger", "message": "Login attempt 1/5", "service": "cc_reconcile", "stage": "download_davinci", "status": "ok"}
{"timestamp": "2026-03-07T14:00:48+0800", "level": "INFO", "logger": "etl_logger", "message": "Login response status=200, url=https://admin.vantagemarkets.com/admin/main, cookies=4", "service": "cc_reconcile", "stage": "download_davinci", "status": "ok"}
{"timestamp": "2026-03-07T14:00:48+0800", "level": "INFO", "logger": "etl_logger", "message": "Login successful", "service": "cc_reconcile", "stage": "download_davinci", "status": "ok"}
{"timestamp": "2026-03-07T14:00:49+0800", "level": "INFO", "logger": "etl_logger", "message": "Token obtained successfully", "service": "cc_reconcile", "stage": "download_davinci", "status": "ok"}
{"timestamp": "2026-03-07T14:00:49+0800", "level": "INFO", "logger": "etl_logger", "message": "Start downloading Davinci CC Report for brand: VFSC...", "service": "cc_reconcile", "stage": "download_davinci", "status": "ok"}
{"timestamp": "2026-03-07T14:01:07+0800", "level": "INFO", "logger": "etl_logger", "message": "POST success (VFSC 2026-03-04): cc_withdraw_detail_report_20260307060107.csv, took 17.8s", "service": "cc_reconcile", "stage": "download_davinci", "status": "ok"}
{"timestamp": "2026-03-07T14:01:09+0800", "level": "INFO", "logger": "etl_logger", "message": "Download success (VFSC 2026-03-04): cc_withdraw_detail_report_20260307060107.csv, took 2.2s", "service": "cc_reconcile", "stage": "download_davinci", "status": "ok"}
{"timestamp": "2026-03-07T14:01:26+0800", "level": "INFO", "logger": "etl_logger", "message": "POST success (VFSC 2026-03-05): cc_withdraw_detail_report_20260307060126.csv, took 17.6s", "service": "cc_reconcile", "stage": "download_davinci", "status": "ok"}
{"timestamp": "2026-03-07T14:01:29+0800", "level": "INFO", "logger": "etl_logger", "message": "Download success (VFSC 2026-03-05): cc_withdraw_detail_report_20260307060126.csv, took 2.2s", "service": "cc_reconcile", "stage": "download_davinci", "status": "ok"}
{"timestamp": "2026-03-07T14:01:47+0800", "level": "INFO", "logger": "etl_logger", "message": "POST success (VFSC 2026-03-06): cc_withdraw_detail_report_20260307060147.csv, took 18.0s", "service": "cc_reconcile", "stage": "download_davinci", "status": "ok"}
{"timestamp": "2026-03-07T14:01:49+0800", "level": "INFO", "logger": "etl_logger", "message": "Download success (VFSC 2026-03-06): cc_withdraw_detail_report_20260307060147.csv, took 2.2s", "service": "cc_reconcile", "stage": "download_davinci", "status": "ok"}
{"timestamp": "2026-03-07T14:02:06+0800", "level": "INFO", "logger": "etl_logger", "message": "POST success (VFSC 2026-03-07): cc_withdraw_detail_report_20260307060206.csv, took 17.7s", "service": "cc_reconcile", "stage": "download_davinci", "status": "ok"}
{"timestamp": "2026-03-07T14:02:08+0800", "level": "INFO", "logger": "etl_logger", "message": "Download success (VFSC 2026-03-07): cc_withdraw_detail_report_20260307060206.csv, took 1.5s", "service": "cc_reconcile", "stage": "download_davinci", "status": "ok"}
{"timestamp": "2026-03-07T14:02:08+0800", "level": "INFO", "logger": "etl_logger", "message": "Finish downloading Davinci CC - VFSC Report", "service": "cc_reconcile", "stage": "download_davinci", "status": "ok"}
{"timestamp": "2026-03-07T14:02:08+0800", "level": "INFO", "logger": "etl_logger", "message": "Start downloading Davinci CC Report for brand: VFSC2...", "service": "cc_reconcile", "stage": "download_davinci", "status": "ok"}
{"timestamp": "2026-03-07T14:04:13+0800", "level": "WARNING", "logger": "etl_logger", "message": "POST failed (VFSC2 2026-03-04) attempt 1: 524 Server Error:  for url: https://report.vantagemarkets.com/api/cc-detail/download, took 125.0s", "service": "cc_reconcile", "stage": "download_davinci", "status": "ok"}
{"timestamp": "2026-03-07T14:06:02+0800", "level": "INFO", "logger": "etl_logger", "message": "POST success (VFSC2 2026-03-04): cc_withdraw_detail_report_20260307060602.csv, took 104.4s", "service": "cc_reconcile", "stage": "download_davinci", "status": "ok"}
{"timestamp": "2026-03-07T14:06:06+0800", "level": "INFO", "logger": "etl_logger", "message": "Download success (VFSC2 2026-03-04): cc_withdraw_detail_report_20260307060602.csv, took 3.0s", "service": "cc_reconcile", "stage": "download_davinci", "status": "ok"}
{"timestamp": "2026-03-07T14:07:02+0800", "level": "INFO", "logger": "etl_logger", "message": "POST success (VFSC2 2026-03-05): cc_withdraw_detail_report_20260307060701.csv, took 56.1s", "service": "cc_reconcile", "stage": "download_davinci", "status": "ok"}
{"timestamp": "2026-03-07T14:07:05+0800", "level": "INFO", "logger": "etl_logger", "message": "Download success (VFSC2 2026-03-05): cc_withdraw_detail_report_20260307060701.csv, took 3.2s", "service": "cc_reconcile", "stage": "download_davinci", "status": "ok"}
{"timestamp": "2026-03-07T14:08:00+0800", "level": "INFO", "logger": "etl_logger", "message": "POST success (VFSC2 2026-03-06): cc_withdraw_detail_report_20260307060800.csv, took 55.2s", "service": "cc_reconcile", "stage": "download_davinci", "status": "ok"}
{"timestamp": "2026-03-07T14:08:03+0800", "level": "INFO", "logger": "etl_logger", "message": "Download success (VFSC2 2026-03-06): cc_withdraw_detail_report_20260307060800.csv, took 3.3s", "service": "cc_reconcile", "stage": "download_davinci", "status": "ok"}
{"timestamp": "2026-03-07T14:08:52+0800", "level": "INFO", "logger": "etl_logger", "message": "POST success (VFSC2 2026-03-07): cc_withdraw_detail_report_20260307060852.csv, took 48.5s", "service": "cc_reconcile", "stage": "download_davinci", "status": "ok"}
{"timestamp": "2026-03-07T14:08:54+0800", "level": "INFO", "logger": "etl_logger", "message": "Download success (VFSC2 2026-03-07): cc_withdraw_detail_report_20260307060852.csv, took 1.8s", "service": "cc_reconcile", "stage": "download_davinci", "status": "ok"}
{"timestamp": "2026-03-07T14:08:54+0800", "level": "INFO", "logger": "etl_logger", "message": "Finish downloading Davinci CC - VFSC2 Report", "service": "cc_reconcile", "stage": "download_davinci", "status": "ok"}
{"timestamp": "2026-03-07T14:08:54+0800", "level": "INFO", "logger": "etl_logger", "message": "Finish downloading Davinci CC Report for all brands, total rows: 47393", "service": "cc_reconcile", "stage": "download_davinci", "status": "ok"}
{"timestamp": "2026-03-07T14:08:54+0800", "level": "INFO", "logger": "etl_logger", "message": "Download CRM CC Report Finish ，Total: 47393", "service": "cc_reconcile", "stage": "download", "status": "ok"}
{"timestamp": "2026-03-07T14:08:54+0800", "level": "INFO", "logger": "etl_logger", "message": "Start reconcile...", "service": "cc_reconcile", "stage": "reconcile", "status": "ok"}
{"timestamp": "2026-03-07T14:08:55+0800", "level": "INFO", "logger": "etl_logger", "message": "Reconcile Finish ，Total Mismatch Case: 3", "service": "cc_reconcile", "stage": "reconcile", "status": "ok"}
{"timestamp": "2026-03-07T14:08:55+0800", "level": "INFO", "logger": "etl_logger", "message": "Connect Lark Finish", "service": "cc_reconcile", "stage": "lark", "status": "ok"}
{"timestamp": "2026-03-07T14:08:55+0800", "level": "INFO", "logger": "etl_logger", "message": "Start query existing data in LarkSheet...", "service": "cc_reconcile", "stage": "lark", "status": "ok"}
{"timestamp": "2026-03-07T14:08:56+0800", "level": "INFO", "logger": "etl_logger", "message": "Query existing data in LarkSheet Finish", "service": "cc_reconcile", "stage": "lark", "status": "ok"}
{"timestamp": "2026-03-07T14:08:56+0800", "level": "INFO", "logger": "etl_logger", "message": "Total unique keys in LarkSheet: 164, Total new mismatch cases to upload: 0", "service": "cc_reconcile", "stage": "lark", "status": "ok"}
{"timestamp": "2026-03-07T14:08:56+0800", "level": "INFO", "logger": "etl_logger", "message": "Append data to LarkSheet with range: Kalw4Y!A2:L3, rows: 1, columns: 12", "service": "cc_reconcile", "stage": "lark", "status": "ok"}
{"timestamp": "2026-03-07T14:08:56+0800", "level": "INFO", "logger": "etl_logger", "message": "✅ Successfully appended data to LarkSheet", "service": "cc_reconcile", "stage": "lark", "status": "ok"}
{"timestamp": "2026-03-07T14:08:58+0800", "level": "INFO", "logger": "etl_logger", "message": "Upload data to LarkSheet Finish", "service": "cc_reconcile", "stage": "lark", "status": "ok"}
{"timestamp": "2026-03-07T15:00:01+0800", "level": "INFO", "logger": "etl_logger", "message": "Start download reports...", "service": "cc_reconcile", "stage": "download", "status": "ok"}
{"timestamp": "2026-03-07T15:00:05+0800", "level": "INFO", "logger": "etl_logger", "message": "Payabl Login Success and Get Token Success", "service": "cc_reconcile", "stage": "download_payabl", "status": "ok"}
{"timestamp": "2026-03-07T15:00:05+0800", "level": "INFO", "logger": "etl_logger", "message": "Start downloading Payabl CC Report for date: 2026-03-06...", "service": "cc_reconcile", "stage": "download_payabl", "status": "ok"}
{"timestamp": "2026-03-07T15:00:42+0800", "level": "INFO", "logger": "etl_logger", "message": "Start downloading Payabl CC Report for date: 2026-03-07...", "service": "cc_reconcile", "stage": "download_payabl", "status": "ok"}
{"timestamp": "2026-03-07T15:00:51+0800", "level": "INFO", "logger": "etl_logger", "message": "Finish downloading Payabl CC Report", "service": "cc_reconcile", "stage": "download_payabl", "status": "ok"}
{"timestamp": "2026-03-07T15:00:51+0800", "level": "INFO", "logger": "etl_logger", "message": "Download Payabl CC Report Finish ，Total: 59083", "service": "cc_reconcile", "stage": "download", "status": "ok"}
{"timestamp": "2026-03-07T15:00:51+0800", "level": "INFO", "logger": "etl_logger", "message": "Login attempt 1/5", "service": "cc_reconcile", "stage": "download_davinci", "status": "ok"}
{"timestamp": "2026-03-07T15:00:53+0800", "level": "INFO", "logger": "etl_logger", "message": "Login response status=200, url=https://admin.vantagemarkets.com/admin/main, cookies=4", "service": "cc_reconcile", "stage": "download_davinci", "status": "ok"}
{"timestamp": "2026-03-07T15:00:53+0800", "level": "INFO", "logger": "etl_logger", "message": "Login successful", "service": "cc_reconcile", "stage": "download_davinci", "status": "ok"}
{"timestamp": "2026-03-07T15:00:53+0800", "level": "INFO", "logger": "etl_logger", "message": "Token obtained successfully", "service": "cc_reconcile", "stage": "download_davinci", "status": "ok"}
{"timestamp": "2026-03-07T15:00:53+0800", "level": "INFO", "logger": "etl_logger", "message": "Start downloading Davinci CC Report for brand: VFSC...", "service": "cc_reconcile", "stage": "download_davinci", "status": "ok"}
{"timestamp": "2026-03-07T15:01:24+0800", "level": "INFO", "logger": "etl_logger", "message": "POST success (VFSC 2026-03-04): cc_withdraw_detail_report_20260307070124.csv, took 31.0s", "service": "cc_reconcile", "stage": "download_davinci", "status": "ok"}
{"timestamp": "2026-03-07T15:01:26+0800", "level": "INFO", "logger": "etl_logger", "message": "Download success (VFSC 2026-03-04): cc_withdraw_detail_report_20260307070124.csv, took 2.2s", "service": "cc_reconcile", "stage": "download_davinci", "status": "ok"}
{"timestamp": "2026-03-07T15:01:46+0800", "level": "INFO", "logger": "etl_logger", "message": "POST success (VFSC 2026-03-05): cc_withdraw_detail_report_20260307070146.csv, took 19.6s", "service": "cc_reconcile", "stage": "download_davinci", "status": "ok"}
{"timestamp": "2026-03-07T15:01:48+0800", "level": "INFO", "logger": "etl_logger", "message": "Download success (VFSC 2026-03-05): cc_withdraw_detail_report_20260307070146.csv, took 2.2s", "service": "cc_reconcile", "stage": "download_davinci", "status": "ok"}
{"timestamp": "2026-03-07T15:02:07+0800", "level": "INFO", "logger": "etl_logger", "message": "POST success (VFSC 2026-03-06): cc_withdraw_detail_report_20260307070207.csv, took 18.7s", "service": "cc_reconcile", "stage": "download_davinci", "status": "ok"}
{"timestamp": "2026-03-07T15:02:09+0800", "level": "INFO", "logger": "etl_logger", "message": "Download success (VFSC 2026-03-06): cc_withdraw_detail_report_20260307070207.csv, took 2.3s", "service": "cc_reconcile", "stage": "download_davinci", "status": "ok"}
{"timestamp": "2026-03-07T15:02:27+0800", "level": "INFO", "logger": "etl_logger", "message": "POST success (VFSC 2026-03-07): cc_withdraw_detail_report_20260307070227.csv, took 18.6s", "service": "cc_reconcile", "stage": "download_davinci", "status": "ok"}
{"timestamp": "2026-03-07T15:02:29+0800", "level": "INFO", "logger": "etl_logger", "message": "Download success (VFSC 2026-03-07): cc_withdraw_detail_report_20260307070227.csv, took 1.6s", "service": "cc_reconcile", "stage": "download_davinci", "status": "ok"}
{"timestamp": "2026-03-07T15:02:29+0800", "level": "INFO", "logger": "etl_logger", "message": "Finish downloading Davinci CC - VFSC Report", "service": "cc_reconcile", "stage": "download_davinci", "status": "ok"}
{"timestamp": "2026-03-07T15:02:29+0800", "level": "INFO", "logger": "etl_logger", "message": "Start downloading Davinci CC Report for brand: VFSC2...", "service": "cc_reconcile", "stage": "download_davinci", "status": "ok"}
{"timestamp": "2026-03-07T15:03:24+0800", "level": "INFO", "logger": "etl_logger", "message": "POST success (VFSC2 2026-03-04): cc_withdraw_detail_report_20260307070323.csv, took 54.5s", "service": "cc_reconcile", "stage": "download_davinci", "status": "ok"}
{"timestamp": "2026-03-07T15:03:27+0800", "level": "INFO", "logger": "etl_logger", "message": "Download success (VFSC2 2026-03-04): cc_withdraw_detail_report_20260307070323.csv, took 3.2s", "service": "cc_reconcile", "stage": "download_davinci", "status": "ok"}
{"timestamp": "2026-03-07T15:04:19+0800", "level": "INFO", "logger": "etl_logger", "message": "POST success (VFSC2 2026-03-05): cc_withdraw_detail_report_20260307070419.csv, took 52.6s", "service": "cc_reconcile", "stage": "download_davinci", "status": "ok"}
{"timestamp": "2026-03-07T15:04:23+0800", "level": "INFO", "logger": "etl_logger", "message": "Download success (VFSC2 2026-03-05): cc_withdraw_detail_report_20260307070419.csv, took 3.1s", "service": "cc_reconcile", "stage": "download_davinci", "status": "ok"}
{"timestamp": "2026-03-07T15:05:15+0800", "level": "INFO", "logger": "etl_logger", "message": "POST success (VFSC2 2026-03-06): cc_withdraw_detail_report_20260307070515.csv, took 52.2s", "service": "cc_reconcile", "stage": "download_davinci", "status": "ok"}
{"timestamp": "2026-03-07T15:05:18+0800", "level": "INFO", "logger": "etl_logger", "message": "Download success (VFSC2 2026-03-06): cc_withdraw_detail_report_20260307070515.csv, took 3.3s", "service": "cc_reconcile", "stage": "download_davinci", "status": "ok"}
{"timestamp": "2026-03-07T15:06:10+0800", "level": "INFO", "logger": "etl_logger", "message": "POST success (VFSC2 2026-03-07): cc_withdraw_detail_report_20260307070610.csv, took 51.7s", "service": "cc_reconcile", "stage": "download_davinci", "status": "ok"}
{"timestamp": "2026-03-07T15:06:12+0800", "level": "INFO", "logger": "etl_logger", "message": "Download success (VFSC2 2026-03-07): cc_withdraw_detail_report_20260307070610.csv, took 2.1s", "service": "cc_reconcile", "stage": "download_davinci", "status": "ok"}
{"timestamp": "2026-03-07T15:06:13+0800", "level": "INFO", "logger": "etl_logger", "message": "Finish downloading Davinci CC - VFSC2 Report", "service": "cc_reconcile", "stage": "download_davinci", "status": "ok"}
{"timestamp": "2026-03-07T15:06:13+0800", "level": "INFO", "logger": "etl_logger", "message": "Finish downloading Davinci CC Report for all brands, total rows: 47526", "service": "cc_reconcile", "stage": "download_davinci", "status": "ok"}
{"timestamp": "2026-03-07T15:06:13+0800", "level": "INFO", "logger": "etl_logger", "message": "Download CRM CC Report Finish ，Total: 47526", "service": "cc_reconcile", "stage": "download", "status": "ok"}
{"timestamp": "2026-03-07T15:06:13+0800", "level": "INFO", "logger": "etl_logger", "message": "Start reconcile...", "service": "cc_reconcile", "stage": "reconcile", "status": "ok"}
{"timestamp": "2026-03-07T15:06:13+0800", "level": "INFO", "logger": "etl_logger", "message": "Reconcile Finish ，Total Mismatch Case: 3", "service": "cc_reconcile", "stage": "reconcile", "status": "ok"}
{"timestamp": "2026-03-07T15:06:13+0800", "level": "INFO", "logger": "etl_logger", "message": "Connect Lark Finish", "service": "cc_reconcile", "stage": "lark", "status": "ok"}
{"timestamp": "2026-03-07T15:06:13+0800", "level": "INFO", "logger": "etl_logger", "message": "Start query existing data in LarkSheet...", "service": "cc_reconcile", "stage": "lark", "status": "ok"}
{"timestamp": "2026-03-07T15:06:15+0800", "level": "INFO", "logger": "etl_logger", "message": "Query existing data in LarkSheet Finish", "service": "cc_reconcile", "stage": "lark", "status": "ok"}
{"timestamp": "2026-03-07T15:06:15+0800", "level": "INFO", "logger": "etl_logger", "message": "Total unique keys in LarkSheet: 164, Total new mismatch cases to upload: 0", "service": "cc_reconcile", "stage": "lark", "status": "ok"}
{"timestamp": "2026-03-07T15:06:15+0800", "level": "INFO", "logger": "etl_logger", "message": "Append data to LarkSheet with range: Kalw4Y!A2:L3, rows: 1, columns: 12", "service": "cc_reconcile", "stage": "lark", "status": "ok"}
{"timestamp": "2026-03-07T15:06:15+0800", "level": "INFO", "logger": "etl_logger", "message": "✅ Successfully appended data to LarkSheet", "service": "cc_reconcile", "stage": "lark", "status": "ok"}
{"timestamp": "2026-03-07T15:06:16+0800", "level": "INFO", "logger": "etl_logger", "message": "Upload data to LarkSheet Finish", "service": "cc_reconcile", "stage": "lark", "status": "ok"}
{"timestamp": "2026-03-07T16:00:02+0800", "level": "INFO", "logger": "etl_logger", "message": "Start download reports...", "service": "cc_reconcile", "stage": "download", "status": "ok"}
{"timestamp": "2026-03-07T16:00:05+0800", "level": "INFO", "logger": "etl_logger", "message": "Payabl Login Success and Get Token Success", "service": "cc_reconcile", "stage": "download_payabl", "status": "ok"}
{"timestamp": "2026-03-07T16:00:05+0800", "level": "INFO", "logger": "etl_logger", "message": "Start downloading Payabl CC Report for date: 2026-03-06...", "service": "cc_reconcile", "stage": "download_payabl", "status": "ok"}
{"timestamp": "2026-03-07T16:00:38+0800", "level": "INFO", "logger": "etl_logger", "message": "Start downloading Payabl CC Report for date: 2026-03-07...", "service": "cc_reconcile", "stage": "download_payabl", "status": "ok"}
{"timestamp": "2026-03-07T16:00:48+0800", "level": "INFO", "logger": "etl_logger", "message": "Finish downloading Payabl CC Report", "service": "cc_reconcile", "stage": "download_payabl", "status": "ok"}
{"timestamp": "2026-03-07T16:00:48+0800", "level": "INFO", "logger": "etl_logger", "message": "Download Payabl CC Report Finish ，Total: 59671", "service": "cc_reconcile", "stage": "download", "status": "ok"}
{"timestamp": "2026-03-07T16:00:48+0800", "level": "INFO", "logger": "etl_logger", "message": "Login attempt 1/5", "service": "cc_reconcile", "stage": "download_davinci", "status": "ok"}
{"timestamp": "2026-03-07T16:00:49+0800", "level": "INFO", "logger": "etl_logger", "message": "Login response status=200, url=https://admin.vantagemarkets.com/admin/main, cookies=4", "service": "cc_reconcile", "stage": "download_davinci", "status": "ok"}
{"timestamp": "2026-03-07T16:00:49+0800", "level": "INFO", "logger": "etl_logger", "message": "Login successful", "service": "cc_reconcile", "stage": "download_davinci", "status": "ok"}
{"timestamp": "2026-03-07T16:00:49+0800", "level": "INFO", "logger": "etl_logger", "message": "Token obtained successfully", "service": "cc_reconcile", "stage": "download_davinci", "status": "ok"}
{"timestamp": "2026-03-07T16:00:49+0800", "level": "INFO", "logger": "etl_logger", "message": "Start downloading Davinci CC Report for brand: VFSC...", "service": "cc_reconcile", "stage": "download_davinci", "status": "ok"}
{"timestamp": "2026-03-07T16:01:09+0800", "level": "INFO", "logger": "etl_logger", "message": "POST success (VFSC 2026-03-04): cc_withdraw_detail_report_20260307080109.csv, took 19.8s", "service": "cc_reconcile", "stage": "download_davinci", "status": "ok"}
{"timestamp": "2026-03-07T16:01:11+0800", "level": "INFO", "logger": "etl_logger", "message": "Download success (VFSC 2026-03-04): cc_withdraw_detail_report_20260307080109.csv, took 2.2s", "service": "cc_reconcile", "stage": "download_davinci", "status": "ok"}
{"timestamp": "2026-03-07T16:01:30+0800", "level": "INFO", "logger": "etl_logger", "message": "POST success (VFSC 2026-03-05): cc_withdraw_detail_report_20260307080130.csv, took 19.0s", "service": "cc_reconcile", "stage": "download_davinci", "status": "ok"}
{"timestamp": "2026-03-07T16:01:32+0800", "level": "INFO", "logger": "etl_logger", "message": "Download success (VFSC 2026-03-05): cc_withdraw_detail_report_20260307080130.csv, took 2.2s", "service": "cc_reconcile", "stage": "download_davinci", "status": "ok"}
{"timestamp": "2026-03-07T16:01:51+0800", "level": "INFO", "logger": "etl_logger", "message": "POST success (VFSC 2026-03-06): cc_withdraw_detail_report_20260307080151.csv, took 18.9s", "service": "cc_reconcile", "stage": "download_davinci", "status": "ok"}
{"timestamp": "2026-03-07T16:01:54+0800", "level": "INFO", "logger": "etl_logger", "message": "Download success (VFSC 2026-03-06): cc_withdraw_detail_report_20260307080151.csv, took 2.2s", "service": "cc_reconcile", "stage": "download_davinci", "status": "ok"}
{"timestamp": "2026-03-07T16:02:11+0800", "level": "INFO", "logger": "etl_logger", "message": "POST success (VFSC 2026-03-07): cc_withdraw_detail_report_20260307080211.csv, took 17.7s", "service": "cc_reconcile", "stage": "download_davinci", "status": "ok"}
{"timestamp": "2026-03-07T16:02:13+0800", "level": "INFO", "logger": "etl_logger", "message": "Download success (VFSC 2026-03-07): cc_withdraw_detail_report_20260307080211.csv, took 1.2s", "service": "cc_reconcile", "stage": "download_davinci", "status": "ok"}
{"timestamp": "2026-03-07T16:02:13+0800", "level": "INFO", "logger": "etl_logger", "message": "Finish downloading Davinci CC - VFSC Report", "service": "cc_reconcile", "stage": "download_davinci", "status": "ok"}
{"timestamp": "2026-03-07T16:02:13+0800", "level": "INFO", "logger": "etl_logger", "message": "Start downloading Davinci CC Report for brand: VFSC2...", "service": "cc_reconcile", "stage": "download_davinci", "status": "ok"}
{"timestamp": "2026-03-07T16:03:05+0800", "level": "INFO", "logger": "etl_logger", "message": "POST success (VFSC2 2026-03-04): cc_withdraw_detail_report_20260307080305.csv, took 52.2s", "service": "cc_reconcile", "stage": "download_davinci", "status": "ok"}
{"timestamp": "2026-03-07T16:03:08+0800", "level": "INFO", "logger": "etl_logger", "message": "Download success (VFSC2 2026-03-04): cc_withdraw_detail_report_20260307080305.csv, took 3.2s", "service": "cc_reconcile", "stage": "download_davinci", "status": "ok"}
{"timestamp": "2026-03-07T16:04:00+0800", "level": "INFO", "logger": "etl_logger", "message": "POST success (VFSC2 2026-03-05): cc_withdraw_detail_report_20260307080400.csv, took 52.1s", "service": "cc_reconcile", "stage": "download_davinci", "status": "ok"}
{"timestamp": "2026-03-07T16:04:03+0800", "level": "INFO", "logger": "etl_logger", "message": "Download success (VFSC2 2026-03-05): cc_withdraw_detail_report_20260307080400.csv, took 3.0s", "service": "cc_reconcile", "stage": "download_davinci", "status": "ok"}
{"timestamp": "2026-03-07T16:04:55+0800", "level": "INFO", "logger": "etl_logger", "message": "POST success (VFSC2 2026-03-06): cc_withdraw_detail_report_20260307080454.csv, took 51.7s", "service": "cc_reconcile", "stage": "download_davinci", "status": "ok"}
{"timestamp": "2026-03-07T16:04:58+0800", "level": "INFO", "logger": "etl_logger", "message": "Download success (VFSC2 2026-03-06): cc_withdraw_detail_report_20260307080454.csv, took 3.8s", "service": "cc_reconcile", "stage": "download_davinci", "status": "ok"}
{"timestamp": "2026-03-07T16:05:48+0800", "level": "INFO", "logger": "etl_logger", "message": "POST success (VFSC2 2026-03-07): cc_withdraw_detail_report_20260307080548.csv, took 49.6s", "service": "cc_reconcile", "stage": "download_davinci", "status": "ok"}
{"timestamp": "2026-03-07T16:05:50+0800", "level": "INFO", "logger": "etl_logger", "message": "Download success (VFSC2 2026-03-07): cc_withdraw_detail_report_20260307080548.csv, took 2.2s", "service": "cc_reconcile", "stage": "download_davinci", "status": "ok"}
{"timestamp": "2026-03-07T16:05:51+0800", "level": "INFO", "logger": "etl_logger", "message": "Finish downloading Davinci CC - VFSC2 Report", "service": "cc_reconcile", "stage": "download_davinci", "status": "ok"}
{"timestamp": "2026-03-07T16:05:51+0800", "level": "INFO", "logger": "etl_logger", "message": "Finish downloading Davinci CC Report for all brands, total rows: 47655", "service": "cc_reconcile", "stage": "download_davinci", "status": "ok"}
{"timestamp": "2026-03-07T16:05:51+0800", "level": "INFO", "logger": "etl_logger", "message": "Download CRM CC Report Finish ，Total: 47655", "service": "cc_reconcile", "stage": "download", "status": "ok"}
{"timestamp": "2026-03-07T16:05:51+0800", "level": "INFO", "logger": "etl_logger", "message": "Start reconcile...", "service": "cc_reconcile", "stage": "reconcile", "status": "ok"}
{"timestamp": "2026-03-07T16:05:51+0800", "level": "INFO", "logger": "etl_logger", "message": "Reconcile Finish ，Total Mismatch Case: 3", "service": "cc_reconcile", "stage": "reconcile", "status": "ok"}
{"timestamp": "2026-03-07T16:05:52+0800", "level": "INFO", "logger": "etl_logger", "message": "Connect Lark Finish", "service": "cc_reconcile", "stage": "lark", "status": "ok"}
{"timestamp": "2026-03-07T16:05:52+0800", "level": "INFO", "logger": "etl_logger", "message": "Start query existing data in LarkSheet...", "service": "cc_reconcile", "stage": "lark", "status": "ok"}
{"timestamp": "2026-03-07T16:05:53+0800", "level": "INFO", "logger": "etl_logger", "message": "Query existing data in LarkSheet Finish", "service": "cc_reconcile", "stage": "lark", "status": "ok"}
{"timestamp": "2026-03-07T16:05:53+0800", "level": "INFO", "logger": "etl_logger", "message": "Total unique keys in LarkSheet: 164, Total new mismatch cases to upload: 0", "service": "cc_reconcile", "stage": "lark", "status": "ok"}
{"timestamp": "2026-03-07T16:05:53+0800", "level": "INFO", "logger": "etl_logger", "message": "Append data to LarkSheet with range: Kalw4Y!A2:L3, rows: 1, columns: 12", "service": "cc_reconcile", "stage": "lark", "status": "ok"}
{"timestamp": "2026-03-07T16:05:53+0800", "level": "INFO", "logger": "etl_logger", "message": "✅ Successfully appended data to LarkSheet", "service": "cc_reconcile", "stage": "lark", "status": "ok"}
{"timestamp": "2026-03-07T16:05:54+0800", "level": "INFO", "logger": "etl_logger", "message": "Upload data to LarkSheet Finish", "service": "cc_reconcile", "stage": "lark", "status": "ok"}
{"timestamp": "2026-03-07T17:00:01+0800", "level": "INFO", "logger": "etl_logger", "message": "Start download reports...", "service": "cc_reconcile", "stage": "download", "status": "ok"}
{"timestamp": "2026-03-07T17:00:04+0800", "level": "INFO", "logger": "etl_logger", "message": "Payabl Login Success and Get Token Success", "service": "cc_reconcile", "stage": "download_payabl", "status": "ok"}
{"timestamp": "2026-03-07T17:00:04+0800", "level": "INFO", "logger": "etl_logger", "message": "Start downloading Payabl CC Report for date: 2026-03-06...", "service": "cc_reconcile", "stage": "download_payabl", "status": "ok"}
{"timestamp": "2026-03-07T17:00:40+0800", "level": "INFO", "logger": "etl_logger", "message": "Start downloading Payabl CC Report for date: 2026-03-07...", "service": "cc_reconcile", "stage": "download_payabl", "status": "ok"}
{"timestamp": "2026-03-07T17:00:51+0800", "level": "INFO", "logger": "etl_logger", "message": "Finish downloading Payabl CC Report", "service": "cc_reconcile", "stage": "download_payabl", "status": "ok"}
{"timestamp": "2026-03-07T17:00:51+0800", "level": "INFO", "logger": "etl_logger", "message": "Download Payabl CC Report Finish ，Total: 60184", "service": "cc_reconcile", "stage": "download", "status": "ok"}
{"timestamp": "2026-03-07T17:00:51+0800", "level": "INFO", "logger": "etl_logger", "message": "Login attempt 1/5", "service": "cc_reconcile", "stage": "download_davinci", "status": "ok"}
{"timestamp": "2026-03-07T17:00:52+0800", "level": "INFO", "logger": "etl_logger", "message": "Login response status=200, url=https://admin.vantagemarkets.com/admin/main, cookies=4", "service": "cc_reconcile", "stage": "download_davinci", "status": "ok"}
{"timestamp": "2026-03-07T17:00:52+0800", "level": "INFO", "logger": "etl_logger", "message": "Login successful", "service": "cc_reconcile", "stage": "download_davinci", "status": "ok"}
{"timestamp": "2026-03-07T17:00:52+0800", "level": "INFO", "logger": "etl_logger", "message": "Token obtained successfully", "service": "cc_reconcile", "stage": "download_davinci", "status": "ok"}
{"timestamp": "2026-03-07T17:00:52+0800", "level": "INFO", "logger": "etl_logger", "message": "Start downloading Davinci CC Report for brand: VFSC...", "service": "cc_reconcile", "stage": "download_davinci", "status": "ok"}
{"timestamp": "2026-03-07T17:01:11+0800", "level": "INFO", "logger": "etl_logger", "message": "POST success (VFSC 2026-03-04): cc_withdraw_detail_report_20260307090111.csv, took 19.1s", "service": "cc_reconcile", "stage": "download_davinci", "status": "ok"}
{"timestamp": "2026-03-07T17:01:15+0800", "level": "INFO", "logger": "etl_logger", "message": "Download success (VFSC 2026-03-04): cc_withdraw_detail_report_20260307090111.csv, took 3.4s", "service": "cc_reconcile", "stage": "download_davinci", "status": "ok"}
{"timestamp": "2026-03-07T17:01:33+0800", "level": "INFO", "logger": "etl_logger", "message": "POST success (VFSC 2026-03-05): cc_withdraw_detail_report_20260307090133.csv, took 18.2s", "service": "cc_reconcile", "stage": "download_davinci", "status": "ok"}
{"timestamp": "2026-03-07T17:01:35+0800", "level": "INFO", "logger": "etl_logger", "message": "Download success (VFSC 2026-03-05): cc_withdraw_detail_report_20260307090133.csv, took 2.3s", "service": "cc_reconcile", "stage": "download_davinci", "status": "ok"}
{"timestamp": "2026-03-07T17:01:53+0800", "level": "INFO", "logger": "etl_logger", "message": "POST success (VFSC 2026-03-06): cc_withdraw_detail_report_20260307090153.csv, took 18.0s", "service": "cc_reconcile", "stage": "download_davinci", "status": "ok"}
{"timestamp": "2026-03-07T17:01:55+0800", "level": "INFO", "logger": "etl_logger", "message": "Download success (VFSC 2026-03-06): cc_withdraw_detail_report_20260307090153.csv, took 2.3s", "service": "cc_reconcile", "stage": "download_davinci", "status": "ok"}
{"timestamp": "2026-03-07T17:02:13+0800", "level": "INFO", "logger": "etl_logger", "message": "POST success (VFSC 2026-03-07): cc_withdraw_detail_report_20260307090213.csv, took 17.8s", "service": "cc_reconcile", "stage": "download_davinci", "status": "ok"}
{"timestamp": "2026-03-07T17:02:15+0800", "level": "INFO", "logger": "etl_logger", "message": "Download success (VFSC 2026-03-07): cc_withdraw_detail_report_20260307090213.csv, took 1.8s", "service": "cc_reconcile", "stage": "download_davinci", "status": "ok"}
{"timestamp": "2026-03-07T17:02:15+0800", "level": "INFO", "logger": "etl_logger", "message": "Finish downloading Davinci CC - VFSC Report", "service": "cc_reconcile", "stage": "download_davinci", "status": "ok"}
{"timestamp": "2026-03-07T17:02:15+0800", "level": "INFO", "logger": "etl_logger", "message": "Start downloading Davinci CC Report for brand: VFSC2...", "service": "cc_reconcile", "stage": "download_davinci", "status": "ok"}
{"timestamp": "2026-03-07T17:03:08+0800", "level": "INFO", "logger": "etl_logger", "message": "POST success (VFSC2 2026-03-04): cc_withdraw_detail_report_20260307090308.csv, took 53.0s", "service": "cc_reconcile", "stage": "download_davinci", "status": "ok"}
{"timestamp": "2026-03-07T17:03:12+0800", "level": "INFO", "logger": "etl_logger", "message": "Download success (VFSC2 2026-03-04): cc_withdraw_detail_report_20260307090308.csv, took 3.6s", "service": "cc_reconcile", "stage": "download_davinci", "status": "ok"}
{"timestamp": "2026-03-07T17:04:03+0800", "level": "INFO", "logger": "etl_logger", "message": "POST success (VFSC2 2026-03-05): cc_withdraw_detail_report_20260307090403.csv, took 51.8s", "service": "cc_reconcile", "stage": "download_davinci", "status": "ok"}
{"timestamp": "2026-03-07T17:04:07+0800", "level": "INFO", "logger": "etl_logger", "message": "Download success (VFSC2 2026-03-05): cc_withdraw_detail_report_20260307090403.csv, took 3.1s", "service": "cc_reconcile", "stage": "download_davinci", "status": "ok"}
{"timestamp": "2026-03-07T17:04:59+0800", "level": "INFO", "logger": "etl_logger", "message": "POST success (VFSC2 2026-03-06): cc_withdraw_detail_report_20260307090459.csv, took 52.5s", "service": "cc_reconcile", "stage": "download_davinci", "status": "ok"}
{"timestamp": "2026-03-07T17:05:02+0800", "level": "INFO", "logger": "etl_logger", "message": "Download success (VFSC2 2026-03-06): cc_withdraw_detail_report_20260307090459.csv, took 3.4s", "service": "cc_reconcile", "stage": "download_davinci", "status": "ok"}
{"timestamp": "2026-03-07T17:05:52+0800", "level": "INFO", "logger": "etl_logger", "message": "POST success (VFSC2 2026-03-07): cc_withdraw_detail_report_20260307090552.csv, took 49.4s", "service": "cc_reconcile", "stage": "download_davinci", "status": "ok"}
{"timestamp": "2026-03-07T17:05:54+0800", "level": "INFO", "logger": "etl_logger", "message": "Download success (VFSC2 2026-03-07): cc_withdraw_detail_report_20260307090552.csv, took 2.1s", "service": "cc_reconcile", "stage": "download_davinci", "status": "ok"}
{"timestamp": "2026-03-07T17:05:55+0800", "level": "INFO", "logger": "etl_logger", "message": "Finish downloading Davinci CC - VFSC2 Report", "service": "cc_reconcile", "stage": "download_davinci", "status": "ok"}
{"timestamp": "2026-03-07T17:05:55+0800", "level": "INFO", "logger": "etl_logger", "message": "Finish downloading Davinci CC Report for all brands, total rows: 47780", "service": "cc_reconcile", "stage": "download_davinci", "status": "ok"}
{"timestamp": "2026-03-07T17:05:55+0800", "level": "INFO", "logger": "etl_logger", "message": "Download CRM CC Report Finish ，Total: 47780", "service": "cc_reconcile", "stage": "download", "status": "ok"}
{"timestamp": "2026-03-07T17:05:55+0800", "level": "INFO", "logger": "etl_logger", "message": "Start reconcile...", "service": "cc_reconcile", "stage": "reconcile", "status": "ok"}
{"timestamp": "2026-03-07T17:05:55+0800", "level": "INFO", "logger": "etl_logger", "message": "Reconcile Finish ，Total Mismatch Case: 3", "service": "cc_reconcile", "stage": "reconcile", "status": "ok"}
{"timestamp": "2026-03-07T17:05:55+0800", "level": "INFO", "logger": "etl_logger", "message": "Connect Lark Finish", "service": "cc_reconcile", "stage": "lark", "status": "ok"}
{"timestamp": "2026-03-07T17:05:55+0800", "level": "INFO", "logger": "etl_logger", "message": "Start query existing data in LarkSheet...", "service": "cc_reconcile", "stage": "lark", "status": "ok"}
{"timestamp": "2026-03-07T17:05:56+0800", "level": "INFO", "logger": "etl_logger", "message": "Query existing data in LarkSheet Finish", "service": "cc_reconcile", "stage": "lark", "status": "ok"}
{"timestamp": "2026-03-07T17:05:56+0800", "level": "INFO", "logger": "etl_logger", "message": "Total unique keys in LarkSheet: 164, Total new mismatch cases to upload: 0", "service": "cc_reconcile", "stage": "lark", "status": "ok"}
{"timestamp": "2026-03-07T17:05:56+0800", "level": "INFO", "logger": "etl_logger", "message": "Append data to LarkSheet with range: Kalw4Y!A2:L3, rows: 1, columns: 12", "service": "cc_reconcile", "stage": "lark", "status": "ok"}
{"timestamp": "2026-03-07T17:05:57+0800", "level": "INFO", "logger": "etl_logger", "message": "✅ Successfully appended data to LarkSheet", "service": "cc_reconcile", "stage": "lark", "status": "ok"}
{"timestamp": "2026-03-07T17:05:58+0800", "level": "INFO", "logger": "etl_logger", "message": "Upload data to LarkSheet Finish", "service": "cc_reconcile", "stage": "lark", "status": "ok"}
{"timestamp": "2026-03-07T18:00:02+0800", "level": "INFO", "logger": "etl_logger", "message": "Start download reports...", "service": "cc_reconcile", "stage": "download", "status": "ok"}
{"timestamp": "2026-03-07T18:00:05+0800", "level": "INFO", "logger": "etl_logger", "message": "Payabl Login Success and Get Token Success", "service": "cc_reconcile", "stage": "download_payabl", "status": "ok"}
{"timestamp": "2026-03-07T18:00:05+0800", "level": "INFO", "logger": "etl_logger", "message": "Start downloading Payabl CC Report for date: 2026-03-06...", "service": "cc_reconcile", "stage": "download_payabl", "status": "ok"}
{"timestamp": "2026-03-07T18:00:38+0800", "level": "INFO", "logger": "etl_logger", "message": "Start downloading Payabl CC Report for date: 2026-03-07...", "service": "cc_reconcile", "stage": "download_payabl", "status": "ok"}
{"timestamp": "2026-03-07T18:00:48+0800", "level": "INFO", "logger": "etl_logger", "message": "Finish downloading Payabl CC Report", "service": "cc_reconcile", "stage": "download_payabl", "status": "ok"}
{"timestamp": "2026-03-07T18:00:48+0800", "level": "INFO", "logger": "etl_logger", "message": "Download Payabl CC Report Finish ，Total: 60747", "service": "cc_reconcile", "stage": "download", "status": "ok"}
{"timestamp": "2026-03-07T18:00:48+0800", "level": "INFO", "logger": "etl_logger", "message": "Login attempt 1/5", "service": "cc_reconcile", "stage": "download_davinci", "status": "ok"}
{"timestamp": "2026-03-07T18:00:49+0800", "level": "INFO", "logger": "etl_logger", "message": "Login response status=200, url=https://admin.vantagemarkets.com/admin/main, cookies=4", "service": "cc_reconcile", "stage": "download_davinci", "status": "ok"}
{"timestamp": "2026-03-07T18:00:49+0800", "level": "INFO", "logger": "etl_logger", "message": "Login successful", "service": "cc_reconcile", "stage": "download_davinci", "status": "ok"}
{"timestamp": "2026-03-07T18:00:50+0800", "level": "INFO", "logger": "etl_logger", "message": "Token obtained successfully", "service": "cc_reconcile", "stage": "download_davinci", "status": "ok"}
{"timestamp": "2026-03-07T18:00:50+0800", "level": "INFO", "logger": "etl_logger", "message": "Start downloading Davinci CC Report for brand: VFSC...", "service": "cc_reconcile", "stage": "download_davinci", "status": "ok"}
{"timestamp": "2026-03-07T18:01:08+0800", "level": "INFO", "logger": "etl_logger", "message": "POST success (VFSC 2026-03-04): cc_withdraw_detail_report_20260307100108.csv, took 18.7s", "service": "cc_reconcile", "stage": "download_davinci", "status": "ok"}
{"timestamp": "2026-03-07T18:01:11+0800", "level": "INFO", "logger": "etl_logger", "message": "Download success (VFSC 2026-03-04): cc_withdraw_detail_report_20260307100108.csv, took 2.3s", "service": "cc_reconcile", "stage": "download_davinci", "status": "ok"}
{"timestamp": "2026-03-07T18:01:29+0800", "level": "INFO", "logger": "etl_logger", "message": "POST success (VFSC 2026-03-05): cc_withdraw_detail_report_20260307100129.csv, took 18.3s", "service": "cc_reconcile", "stage": "download_davinci", "status": "ok"}
{"timestamp": "2026-03-07T18:01:33+0800", "level": "INFO", "logger": "etl_logger", "message": "Download success (VFSC 2026-03-05): cc_withdraw_detail_report_20260307100129.csv, took 4.3s", "service": "cc_reconcile", "stage": "download_davinci", "status": "ok"}
{"timestamp": "2026-03-07T18:01:50+0800", "level": "INFO", "logger": "etl_logger", "message": "POST success (VFSC 2026-03-06): cc_withdraw_detail_report_20260307100150.csv, took 17.2s", "service": "cc_reconcile", "stage": "download_davinci", "status": "ok"}
{"timestamp": "2026-03-07T18:01:54+0800", "level": "INFO", "logger": "etl_logger", "message": "Download success (VFSC 2026-03-06): cc_withdraw_detail_report_20260307100150.csv, took 3.8s", "service": "cc_reconcile", "stage": "download_davinci", "status": "ok"}
{"timestamp": "2026-03-07T18:02:12+0800", "level": "INFO", "logger": "etl_logger", "message": "POST success (VFSC 2026-03-07): cc_withdraw_detail_report_20260307100212.csv, took 18.2s", "service": "cc_reconcile", "stage": "download_davinci", "status": "ok"}
{"timestamp": "2026-03-07T18:02:14+0800", "level": "INFO", "logger": "etl_logger", "message": "Download success (VFSC 2026-03-07): cc_withdraw_detail_report_20260307100212.csv, took 1.8s", "service": "cc_reconcile", "stage": "download_davinci", "status": "ok"}
{"timestamp": "2026-03-07T18:02:14+0800", "level": "INFO", "logger": "etl_logger", "message": "Finish downloading Davinci CC - VFSC Report", "service": "cc_reconcile", "stage": "download_davinci", "status": "ok"}
{"timestamp": "2026-03-07T18:02:14+0800", "level": "INFO", "logger": "etl_logger", "message": "Start downloading Davinci CC Report for brand: VFSC2...", "service": "cc_reconcile", "stage": "download_davinci", "status": "ok"}
{"timestamp": "2026-03-07T18:03:06+0800", "level": "INFO", "logger": "etl_logger", "message": "POST success (VFSC2 2026-03-04): cc_withdraw_detail_report_20260307100306.csv, took 51.6s", "service": "cc_reconcile", "stage": "download_davinci", "status": "ok"}
{"timestamp": "2026-03-07T18:03:20+0800", "level": "INFO", "logger": "etl_logger", "message": "Download success (VFSC2 2026-03-04): cc_withdraw_detail_report_20260307100306.csv, took 14.4s", "service": "cc_reconcile", "stage": "download_davinci", "status": "ok"}
{"timestamp": "2026-03-07T18:04:12+0800", "level": "INFO", "logger": "etl_logger", "message": "POST success (VFSC2 2026-03-05): cc_withdraw_detail_report_20260307100411.csv, took 51.3s", "service": "cc_reconcile", "stage": "download_davinci", "status": "ok"}
{"timestamp": "2026-03-07T18:04:15+0800", "level": "INFO", "logger": "etl_logger", "message": "Download success (VFSC2 2026-03-05): cc_withdraw_detail_report_20260307100411.csv, took 3.8s", "service": "cc_reconcile", "stage": "download_davinci", "status": "ok"}
{"timestamp": "2026-03-07T18:05:08+0800", "level": "INFO", "logger": "etl_logger", "message": "POST success (VFSC2 2026-03-06): cc_withdraw_detail_report_20260307100508.csv, took 52.3s", "service": "cc_reconcile", "stage": "download_davinci", "status": "ok"}
{"timestamp": "2026-03-07T18:05:10+0800", "level": "INFO", "logger": "etl_logger", "message": "Download success (VFSC2 2026-03-06): cc_withdraw_detail_report_20260307100508.csv, took 2.6s", "service": "cc_reconcile", "stage": "download_davinci", "status": "ok"}
{"timestamp": "2026-03-07T18:06:01+0800", "level": "INFO", "logger": "etl_logger", "message": "POST success (VFSC2 2026-03-07): cc_withdraw_detail_report_20260307100601.csv, took 50.2s", "service": "cc_reconcile", "stage": "download_davinci", "status": "ok"}
{"timestamp": "2026-03-07T18:06:03+0800", "level": "INFO", "logger": "etl_logger", "message": "Download success (VFSC2 2026-03-07): cc_withdraw_detail_report_20260307100601.csv, took 2.2s", "service": "cc_reconcile", "stage": "download_davinci", "status": "ok"}
{"timestamp": "2026-03-07T18:06:04+0800", "level": "INFO", "logger": "etl_logger", "message": "Finish downloading Davinci CC - VFSC2 Report", "service": "cc_reconcile", "stage": "download_davinci", "status": "ok"}
{"timestamp": "2026-03-07T18:06:04+0800", "level": "INFO", "logger": "etl_logger", "message": "Finish downloading Davinci CC Report for all brands, total rows: 47886", "service": "cc_reconcile", "stage": "download_davinci", "status": "ok"}
{"timestamp": "2026-03-07T18:06:04+0800", "level": "INFO", "logger": "etl_logger", "message": "Download CRM CC Report Finish ，Total: 47886", "service": "cc_reconcile", "stage": "download", "status": "ok"}
{"timestamp": "2026-03-07T18:06:04+0800", "level": "INFO", "logger": "etl_logger", "message": "Start reconcile...", "service": "cc_reconcile", "stage": "reconcile", "status": "ok"}
{"timestamp": "2026-03-07T18:06:04+0800", "level": "INFO", "logger": "etl_logger", "message": "Reconcile Finish ，Total Mismatch Case: 3", "service": "cc_reconcile", "stage": "reconcile", "status": "ok"}
{"timestamp": "2026-03-07T18:06:04+0800", "level": "INFO", "logger": "etl_logger", "message": "Connect Lark Finish", "service": "cc_reconcile", "stage": "lark", "status": "ok"}
{"timestamp": "2026-03-07T18:06:04+0800", "level": "INFO", "logger": "etl_logger", "message": "Start query existing data in LarkSheet...", "service": "cc_reconcile", "stage": "lark", "status": "ok"}
{"timestamp": "2026-03-07T18:06:05+0800", "level": "INFO", "logger": "etl_logger", "message": "Query existing data in LarkSheet Finish", "service": "cc_reconcile", "stage": "lark", "status": "ok"}
{"timestamp": "2026-03-07T18:06:05+0800", "level": "INFO", "logger": "etl_logger", "message": "Total unique keys in LarkSheet: 164, Total new mismatch cases to upload: 0", "service": "cc_reconcile", "stage": "lark", "status": "ok"}
{"timestamp": "2026-03-07T18:06:05+0800", "level": "INFO", "logger": "etl_logger", "message": "Append data to LarkSheet with range: Kalw4Y!A2:L3, rows: 1, columns: 12", "service": "cc_reconcile", "stage": "lark", "status": "ok"}
{"timestamp": "2026-03-07T18:06:06+0800", "level": "INFO", "logger": "etl_logger", "message": "✅ Successfully appended data to LarkSheet", "service": "cc_reconcile", "stage": "lark", "status": "ok"}
{"timestamp": "2026-03-07T18:06:07+0800", "level": "INFO", "logger": "etl_logger", "message": "Upload data to LarkSheet Finish", "service": "cc_reconcile", "stage": "lark", "status": "ok"}
{"timestamp": "2026-03-07T19:00:02+0800", "level": "INFO", "logger": "etl_logger", "message": "Start download reports...", "service": "cc_reconcile", "stage": "download", "status": "ok"}
{"timestamp": "2026-03-07T19:00:05+0800", "level": "INFO", "logger": "etl_logger", "message": "Payabl Login Success and Get Token Success", "service": "cc_reconcile", "stage": "download_payabl", "status": "ok"}
{"timestamp": "2026-03-07T19:00:05+0800", "level": "INFO", "logger": "etl_logger", "message": "Start downloading Payabl CC Report for date: 2026-03-06...", "service": "cc_reconcile", "stage": "download_payabl", "status": "ok"}
{"timestamp": "2026-03-07T19:01:07+0800", "level": "INFO", "logger": "etl_logger", "message": "Start downloading Payabl CC Report for date: 2026-03-07...", "service": "cc_reconcile", "stage": "download_payabl", "status": "ok"}
{"timestamp": "2026-03-07T19:01:17+0800", "level": "INFO", "logger": "etl_logger", "message": "Finish downloading Payabl CC Report", "service": "cc_reconcile", "stage": "download_payabl", "status": "ok"}
{"timestamp": "2026-03-07T19:01:17+0800", "level": "INFO", "logger": "etl_logger", "message": "Download Payabl CC Report Finish ，Total: 61330", "service": "cc_reconcile", "stage": "download", "status": "ok"}
{"timestamp": "2026-03-07T19:01:17+0800", "level": "INFO", "logger": "etl_logger", "message": "Login attempt 1/5", "service": "cc_reconcile", "stage": "download_davinci", "status": "ok"}
{"timestamp": "2026-03-07T19:01:18+0800", "level": "INFO", "logger": "etl_logger", "message": "Login response status=200, url=https://admin.vantagemarkets.com/admin/main, cookies=4", "service": "cc_reconcile", "stage": "download_davinci", "status": "ok"}
{"timestamp": "2026-03-07T19:01:18+0800", "level": "INFO", "logger": "etl_logger", "message": "Login successful", "service": "cc_reconcile", "stage": "download_davinci", "status": "ok"}
{"timestamp": "2026-03-07T19:01:18+0800", "level": "INFO", "logger": "etl_logger", "message": "Token obtained successfully", "service": "cc_reconcile", "stage": "download_davinci", "status": "ok"}
{"timestamp": "2026-03-07T19:01:18+0800", "level": "INFO", "logger": "etl_logger", "message": "Start downloading Davinci CC Report for brand: VFSC...", "service": "cc_reconcile", "stage": "download_davinci", "status": "ok"}
{"timestamp": "2026-03-07T19:01:36+0800", "level": "INFO", "logger": "etl_logger", "message": "POST success (VFSC 2026-03-04): cc_withdraw_detail_report_20260307110136.csv, took 18.0s", "service": "cc_reconcile", "stage": "download_davinci", "status": "ok"}
{"timestamp": "2026-03-07T19:01:39+0800", "level": "INFO", "logger": "etl_logger", "message": "Download success (VFSC 2026-03-04): cc_withdraw_detail_report_20260307110136.csv, took 2.3s", "service": "cc_reconcile", "stage": "download_davinci", "status": "ok"}
{"timestamp": "2026-03-07T19:01:57+0800", "level": "INFO", "logger": "etl_logger", "message": "POST success (VFSC 2026-03-05): cc_withdraw_detail_report_20260307110157.csv, took 18.0s", "service": "cc_reconcile", "stage": "download_davinci", "status": "ok"}
{"timestamp": "2026-03-07T19:01:59+0800", "level": "INFO", "logger": "etl_logger", "message": "Download success (VFSC 2026-03-05): cc_withdraw_detail_report_20260307110157.csv, took 2.2s", "service": "cc_reconcile", "stage": "download_davinci", "status": "ok"}
{"timestamp": "2026-03-07T19:02:16+0800", "level": "INFO", "logger": "etl_logger", "message": "POST success (VFSC 2026-03-06): cc_withdraw_detail_report_20260307110216.csv, took 17.6s", "service": "cc_reconcile", "stage": "download_davinci", "status": "ok"}
{"timestamp": "2026-03-07T19:02:19+0800", "level": "INFO", "logger": "etl_logger", "message": "Download success (VFSC 2026-03-06): cc_withdraw_detail_report_20260307110216.csv, took 2.4s", "service": "cc_reconcile", "stage": "download_davinci", "status": "ok"}
{"timestamp": "2026-03-07T19:02:36+0800", "level": "INFO", "logger": "etl_logger", "message": "POST success (VFSC 2026-03-07): cc_withdraw_detail_report_20260307110236.csv, took 17.6s", "service": "cc_reconcile", "stage": "download_davinci", "status": "ok"}
{"timestamp": "2026-03-07T19:02:38+0800", "level": "INFO", "logger": "etl_logger", "message": "Download success (VFSC 2026-03-07): cc_withdraw_detail_report_20260307110236.csv, took 1.7s", "service": "cc_reconcile", "stage": "download_davinci", "status": "ok"}
{"timestamp": "2026-03-07T19:02:38+0800", "level": "INFO", "logger": "etl_logger", "message": "Finish downloading Davinci CC - VFSC Report", "service": "cc_reconcile", "stage": "download_davinci", "status": "ok"}
{"timestamp": "2026-03-07T19:02:38+0800", "level": "INFO", "logger": "etl_logger", "message": "Start downloading Davinci CC Report for brand: VFSC2...", "service": "cc_reconcile", "stage": "download_davinci", "status": "ok"}
{"timestamp": "2026-03-07T19:03:32+0800", "level": "INFO", "logger": "etl_logger", "message": "POST success (VFSC2 2026-03-04): cc_withdraw_detail_report_20260307110332.csv, took 53.9s", "service": "cc_reconcile", "stage": "download_davinci", "status": "ok"}
{"timestamp": "2026-03-07T19:03:35+0800", "level": "INFO", "logger": "etl_logger", "message": "Download success (VFSC2 2026-03-04): cc_withdraw_detail_report_20260307110332.csv, took 3.2s", "service": "cc_reconcile", "stage": "download_davinci", "status": "ok"}
{"timestamp": "2026-03-07T19:04:28+0800", "level": "INFO", "logger": "etl_logger", "message": "POST success (VFSC2 2026-03-05): cc_withdraw_detail_report_20260307110428.csv, took 52.6s", "service": "cc_reconcile", "stage": "download_davinci", "status": "ok"}
{"timestamp": "2026-03-07T19:04:32+0800", "level": "INFO", "logger": "etl_logger", "message": "Download success (VFSC2 2026-03-05): cc_withdraw_detail_report_20260307110428.csv, took 3.7s", "service": "cc_reconcile", "stage": "download_davinci", "status": "ok"}
{"timestamp": "2026-03-07T19:05:25+0800", "level": "INFO", "logger": "etl_logger", "message": "POST success (VFSC2 2026-03-06): cc_withdraw_detail_report_20260307110525.csv, took 53.3s", "service": "cc_reconcile", "stage": "download_davinci", "status": "ok"}
{"timestamp": "2026-03-07T19:05:29+0800", "level": "INFO", "logger": "etl_logger", "message": "Download success (VFSC2 2026-03-06): cc_withdraw_detail_report_20260307110525.csv, took 3.6s", "service": "cc_reconcile", "stage": "download_davinci", "status": "ok"}
{"timestamp": "2026-03-07T19:06:18+0800", "level": "INFO", "logger": "etl_logger", "message": "POST success (VFSC2 2026-03-07): cc_withdraw_detail_report_20260307110618.csv, took 49.5s", "service": "cc_reconcile", "stage": "download_davinci", "status": "ok"}
{"timestamp": "2026-03-07T19:06:20+0800", "level": "INFO", "logger": "etl_logger", "message": "Download success (VFSC2 2026-03-07): cc_withdraw_detail_report_20260307110618.csv, took 2.2s", "service": "cc_reconcile", "stage": "download_davinci", "status": "ok"}
{"timestamp": "2026-03-07T19:06:21+0800", "level": "INFO", "logger": "etl_logger", "message": "Finish downloading Davinci CC - VFSC2 Report", "service": "cc_reconcile", "stage": "download_davinci", "status": "ok"}
{"timestamp": "2026-03-07T19:06:21+0800", "level": "INFO", "logger": "etl_logger", "message": "Finish downloading Davinci CC Report for all brands, total rows: 47981", "service": "cc_reconcile", "stage": "download_davinci", "status": "ok"}
{"timestamp": "2026-03-07T19:06:21+0800", "level": "INFO", "logger": "etl_logger", "message": "Download CRM CC Report Finish ，Total: 47981", "service": "cc_reconcile", "stage": "download", "status": "ok"}
{"timestamp": "2026-03-07T19:06:21+0800", "level": "INFO", "logger": "etl_logger", "message": "Start reconcile...", "service": "cc_reconcile", "stage": "reconcile", "status": "ok"}
{"timestamp": "2026-03-07T19:06:21+0800", "level": "INFO", "logger": "etl_logger", "message": "Reconcile Finish ，Total Mismatch Case: 3", "service": "cc_reconcile", "stage": "reconcile", "status": "ok"}
{"timestamp": "2026-03-07T19:06:22+0800", "level": "INFO", "logger": "etl_logger", "message": "Connect Lark Finish", "service": "cc_reconcile", "stage": "lark", "status": "ok"}
{"timestamp": "2026-03-07T19:06:22+0800", "level": "INFO", "logger": "etl_logger", "message": "Start query existing data in LarkSheet...", "service": "cc_reconcile", "stage": "lark", "status": "ok"}
{"timestamp": "2026-03-07T19:06:23+0800", "level": "INFO", "logger": "etl_logger", "message": "Query existing data in LarkSheet Finish", "service": "cc_reconcile", "stage": "lark", "status": "ok"}
{"timestamp": "2026-03-07T19:06:23+0800", "level": "INFO", "logger": "etl_logger", "message": "Total unique keys in LarkSheet: 164, Total new mismatch cases to upload: 0", "service": "cc_reconcile", "stage": "lark", "status": "ok"}
{"timestamp": "2026-03-07T19:06:23+0800", "level": "INFO", "logger": "etl_logger", "message": "Append data to LarkSheet with range: Kalw4Y!A2:L3, rows: 1, columns: 12", "service": "cc_reconcile", "stage": "lark", "status": "ok"}
{"timestamp": "2026-03-07T19:06:23+0800", "level": "INFO", "logger": "etl_logger", "message": "✅ Successfully appended data to LarkSheet", "service": "cc_reconcile", "stage": "lark", "status": "ok"}
{"timestamp": "2026-03-07T19:06:25+0800", "level": "INFO", "logger": "etl_logger", "message": "Upload data to LarkSheet Finish", "service": "cc_reconcile", "stage": "lark", "status": "ok"}
{"timestamp": "2026-03-07T20:00:01+0800", "level": "INFO", "logger": "etl_logger", "message": "Start download reports...", "service": "cc_reconcile", "stage": "download", "status": "ok"}
{"timestamp": "2026-03-07T20:00:04+0800", "level": "INFO", "logger": "etl_logger", "message": "Payabl Login Success and Get Token Success", "service": "cc_reconcile", "stage": "download_payabl", "status": "ok"}
{"timestamp": "2026-03-07T20:00:04+0800", "level": "INFO", "logger": "etl_logger", "message": "Start downloading Payabl CC Report for date: 2026-03-06...", "service": "cc_reconcile", "stage": "download_payabl", "status": "ok"}
{"timestamp": "2026-03-07T20:00:39+0800", "level": "INFO", "logger": "etl_logger", "message": "Start downloading Payabl CC Report for date: 2026-03-07...", "service": "cc_reconcile", "stage": "download_payabl", "status": "ok"}
{"timestamp": "2026-03-07T20:00:50+0800", "level": "INFO", "logger": "etl_logger", "message": "Finish downloading Payabl CC Report", "service": "cc_reconcile", "stage": "download_payabl", "status": "ok"}
{"timestamp": "2026-03-07T20:00:50+0800", "level": "INFO", "logger": "etl_logger", "message": "Download Payabl CC Report Finish ，Total: 62044", "service": "cc_reconcile", "stage": "download", "status": "ok"}
{"timestamp": "2026-03-07T20:00:50+0800", "level": "INFO", "logger": "etl_logger", "message": "Login attempt 1/5", "service": "cc_reconcile", "stage": "download_davinci", "status": "ok"}
{"timestamp": "2026-03-07T20:00:51+0800", "level": "INFO", "logger": "etl_logger", "message": "Login response status=200, url=https://admin.vantagemarkets.com/admin/main, cookies=4", "service": "cc_reconcile", "stage": "download_davinci", "status": "ok"}
{"timestamp": "2026-03-07T20:00:51+0800", "level": "INFO", "logger": "etl_logger", "message": "Login successful", "service": "cc_reconcile", "stage": "download_davinci", "status": "ok"}
{"timestamp": "2026-03-07T20:00:52+0800", "level": "INFO", "logger": "etl_logger", "message": "Token obtained successfully", "service": "cc_reconcile", "stage": "download_davinci", "status": "ok"}
{"timestamp": "2026-03-07T20:00:52+0800", "level": "INFO", "logger": "etl_logger", "message": "Start downloading Davinci CC Report for brand: VFSC...", "service": "cc_reconcile", "stage": "download_davinci", "status": "ok"}
{"timestamp": "2026-03-07T20:01:11+0800", "level": "INFO", "logger": "etl_logger", "message": "POST success (VFSC 2026-03-04): cc_withdraw_detail_report_20260307120111.csv, took 19.1s", "service": "cc_reconcile", "stage": "download_davinci", "status": "ok"}
{"timestamp": "2026-03-07T20:01:15+0800", "level": "INFO", "logger": "etl_logger", "message": "Download success (VFSC 2026-03-04): cc_withdraw_detail_report_20260307120111.csv, took 4.5s", "service": "cc_reconcile", "stage": "download_davinci", "status": "ok"}
{"timestamp": "2026-03-07T20:01:34+0800", "level": "INFO", "logger": "etl_logger", "message": "POST success (VFSC 2026-03-05): cc_withdraw_detail_report_20260307120134.csv, took 18.7s", "service": "cc_reconcile", "stage": "download_davinci", "status": "ok"}
{"timestamp": "2026-03-07T20:01:37+0800", "level": "INFO", "logger": "etl_logger", "message": "Download success (VFSC 2026-03-05): cc_withdraw_detail_report_20260307120134.csv, took 3.4s", "service": "cc_reconcile", "stage": "download_davinci", "status": "ok"}
{"timestamp": "2026-03-07T20:01:55+0800", "level": "INFO", "logger": "etl_logger", "message": "POST success (VFSC 2026-03-06): cc_withdraw_detail_report_20260307120155.csv, took 17.4s", "service": "cc_reconcile", "stage": "download_davinci", "status": "ok"}
{"timestamp": "2026-03-07T20:01:57+0800", "level": "INFO", "logger": "etl_logger", "message": "Download success (VFSC 2026-03-06): cc_withdraw_detail_report_20260307120155.csv, took 2.3s", "service": "cc_reconcile", "stage": "download_davinci", "status": "ok"}
{"timestamp": "2026-03-07T20:02:15+0800", "level": "INFO", "logger": "etl_logger", "message": "POST success (VFSC 2026-03-07): cc_withdraw_detail_report_20260307120215.csv, took 17.5s", "service": "cc_reconcile", "stage": "download_davinci", "status": "ok"}
{"timestamp": "2026-03-07T20:02:16+0800", "level": "INFO", "logger": "etl_logger", "message": "Download success (VFSC 2026-03-07): cc_withdraw_detail_report_20260307120215.csv, took 1.8s", "service": "cc_reconcile", "stage": "download_davinci", "status": "ok"}
{"timestamp": "2026-03-07T20:02:17+0800", "level": "INFO", "logger": "etl_logger", "message": "Finish downloading Davinci CC - VFSC Report", "service": "cc_reconcile", "stage": "download_davinci", "status": "ok"}
{"timestamp": "2026-03-07T20:02:17+0800", "level": "INFO", "logger": "etl_logger", "message": "Start downloading Davinci CC Report for brand: VFSC2...", "service": "cc_reconcile", "stage": "download_davinci", "status": "ok"}
{"timestamp": "2026-03-07T20:03:08+0800", "level": "INFO", "logger": "etl_logger", "message": "POST success (VFSC2 2026-03-04): cc_withdraw_detail_report_20260307120308.csv, took 51.3s", "service": "cc_reconcile", "stage": "download_davinci", "status": "ok"}
{"timestamp": "2026-03-07T20:03:10+0800", "level": "INFO", "logger": "etl_logger", "message": "Download success (VFSC2 2026-03-04): cc_withdraw_detail_report_20260307120308.csv, took 2.6s", "service": "cc_reconcile", "stage": "download_davinci", "status": "ok"}
{"timestamp": "2026-03-07T20:03:36+0800", "level": "WARNING", "logger": "etl_logger", "message": "POST failed (VFSC2 2026-03-05) attempt 1: 502 Server Error: Bad Gateway for url: https://report.vantagemarkets.com/api/cc-detail/download, took 25.2s", "service": "cc_reconcile", "stage": "download_davinci", "status": "ok"}
{"timestamp": "2026-03-07T20:04:33+0800", "level": "INFO", "logger": "etl_logger", "message": "POST success (VFSC2 2026-03-05): cc_withdraw_detail_report_20260307120433.csv, took 52.4s", "service": "cc_reconcile", "stage": "download_davinci", "status": "ok"}
{"timestamp": "2026-03-07T20:04:40+0800", "level": "INFO", "logger": "etl_logger", "message": "Download success (VFSC2 2026-03-05): cc_withdraw_detail_report_20260307120433.csv, took 6.6s", "service": "cc_reconcile", "stage": "download_davinci", "status": "ok"}
{"timestamp": "2026-03-07T20:05:32+0800", "level": "INFO", "logger": "etl_logger", "message": "POST success (VFSC2 2026-03-06): cc_withdraw_detail_report_20260307120532.csv, took 52.7s", "service": "cc_reconcile", "stage": "download_davinci", "status": "ok"}
{"timestamp": "2026-03-07T20:05:36+0800", "level": "INFO", "logger": "etl_logger", "message": "Download success (VFSC2 2026-03-06): cc_withdraw_detail_report_20260307120532.csv, took 3.4s", "service": "cc_reconcile", "stage": "download_davinci", "status": "ok"}
{"timestamp": "2026-03-07T20:06:26+0800", "level": "INFO", "logger": "etl_logger", "message": "POST success (VFSC2 2026-03-07): cc_withdraw_detail_report_20260307120626.csv, took 50.3s", "service": "cc_reconcile", "stage": "download_davinci", "status": "ok"}
{"timestamp": "2026-03-07T20:06:29+0800", "level": "INFO", "logger": "etl_logger", "message": "Download success (VFSC2 2026-03-07): cc_withdraw_detail_report_20260307120626.csv, took 2.7s", "service": "cc_reconcile", "stage": "download_davinci", "status": "ok"}
{"timestamp": "2026-03-07T20:06:29+0800", "level": "INFO", "logger": "etl_logger", "message": "Finish downloading Davinci CC - VFSC2 Report", "service": "cc_reconcile", "stage": "download_davinci", "status": "ok"}
{"timestamp": "2026-03-07T20:06:29+0800", "level": "INFO", "logger": "etl_logger", "message": "Finish downloading Davinci CC Report for all brands, total rows: 48136", "service": "cc_reconcile", "stage": "download_davinci", "status": "ok"}
{"timestamp": "2026-03-07T20:06:29+0800", "level": "INFO", "logger": "etl_logger", "message": "Download CRM CC Report Finish ，Total: 48136", "service": "cc_reconcile", "stage": "download", "status": "ok"}
{"timestamp": "2026-03-07T20:06:29+0800", "level": "INFO", "logger": "etl_logger", "message": "Start reconcile...", "service": "cc_reconcile", "stage": "reconcile", "status": "ok"}
{"timestamp": "2026-03-07T20:06:30+0800", "level": "INFO", "logger": "etl_logger", "message": "Reconcile Finish ，Total Mismatch Case: 3", "service": "cc_reconcile", "stage": "reconcile", "status": "ok"}
{"timestamp": "2026-03-07T20:06:30+0800", "level": "INFO", "logger": "etl_logger", "message": "Connect Lark Finish", "service": "cc_reconcile", "stage": "lark", "status": "ok"}
{"timestamp": "2026-03-07T20:06:30+0800", "level": "INFO", "logger": "etl_logger", "message": "Start query existing data in LarkSheet...", "service": "cc_reconcile", "stage": "lark", "status": "ok"}
{"timestamp": "2026-03-07T20:06:31+0800", "level": "INFO", "logger": "etl_logger", "message": "Query existing data in LarkSheet Finish", "service": "cc_reconcile", "stage": "lark", "status": "ok"}
{"timestamp": "2026-03-07T20:06:31+0800", "level": "INFO", "logger": "etl_logger", "message": "Total unique keys in LarkSheet: 164, Total new mismatch cases to upload: 0", "service": "cc_reconcile", "stage": "lark", "status": "ok"}
{"timestamp": "2026-03-07T20:06:31+0800", "level": "INFO", "logger": "etl_logger", "message": "Append data to LarkSheet with range: Kalw4Y!A2:L3, rows: 1, columns: 12", "service": "cc_reconcile", "stage": "lark", "status": "ok"}
{"timestamp": "2026-03-07T20:06:31+0800", "level": "INFO", "logger": "etl_logger", "message": "✅ Successfully appended data to LarkSheet", "service": "cc_reconcile", "stage": "lark", "status": "ok"}
{"timestamp": "2026-03-07T20:06:33+0800", "level": "INFO", "logger": "etl_logger", "message": "Upload data to LarkSheet Finish", "service": "cc_reconcile", "stage": "lark", "status": "ok"}
{"timestamp": "2026-03-07T21:00:02+0800", "level": "INFO", "logger": "etl_logger", "message": "Start download reports...", "service": "cc_reconcile", "stage": "download", "status": "ok"}
{"timestamp": "2026-03-07T21:00:05+0800", "level": "INFO", "logger": "etl_logger", "message": "Payabl Login Success and Get Token Success", "service": "cc_reconcile", "stage": "download_payabl", "status": "ok"}
{"timestamp": "2026-03-07T21:00:05+0800", "level": "INFO", "logger": "etl_logger", "message": "Start downloading Payabl CC Report for date: 2026-03-06...", "service": "cc_reconcile", "stage": "download_payabl", "status": "ok"}
{"timestamp": "2026-03-07T21:00:42+0800", "level": "INFO", "logger": "etl_logger", "message": "Start downloading Payabl CC Report for date: 2026-03-07...", "service": "cc_reconcile", "stage": "download_payabl", "status": "ok"}
{"timestamp": "2026-03-07T21:00:53+0800", "level": "INFO", "logger": "etl_logger", "message": "Finish downloading Payabl CC Report", "service": "cc_reconcile", "stage": "download_payabl", "status": "ok"}
{"timestamp": "2026-03-07T21:00:53+0800", "level": "INFO", "logger": "etl_logger", "message": "Download Payabl CC Report Finish ，Total: 62728", "service": "cc_reconcile", "stage": "download", "status": "ok"}
{"timestamp": "2026-03-07T21:00:53+0800", "level": "INFO", "logger": "etl_logger", "message": "Login attempt 1/5", "service": "cc_reconcile", "stage": "download_davinci", "status": "ok"}
{"timestamp": "2026-03-07T21:00:54+0800", "level": "INFO", "logger": "etl_logger", "message": "Login response status=200, url=https://admin.vantagemarkets.com/admin/main, cookies=4", "service": "cc_reconcile", "stage": "download_davinci", "status": "ok"}
{"timestamp": "2026-03-07T21:00:54+0800", "level": "INFO", "logger": "etl_logger", "message": "Login successful", "service": "cc_reconcile", "stage": "download_davinci", "status": "ok"}
{"timestamp": "2026-03-07T21:00:55+0800", "level": "INFO", "logger": "etl_logger", "message": "Token obtained successfully", "service": "cc_reconcile", "stage": "download_davinci", "status": "ok"}
{"timestamp": "2026-03-07T21:00:55+0800", "level": "INFO", "logger": "etl_logger", "message": "Start downloading Davinci CC Report for brand: VFSC...", "service": "cc_reconcile", "stage": "download_davinci", "status": "ok"}
{"timestamp": "2026-03-07T21:01:13+0800", "level": "INFO", "logger": "etl_logger", "message": "POST success (VFSC 2026-03-04): cc_withdraw_detail_report_20260307130113.csv, took 18.8s", "service": "cc_reconcile", "stage": "download_davinci", "status": "ok"}
{"timestamp": "2026-03-07T21:01:17+0800", "level": "INFO", "logger": "etl_logger", "message": "Download success (VFSC 2026-03-04): cc_withdraw_detail_report_20260307130113.csv, took 3.1s", "service": "cc_reconcile", "stage": "download_davinci", "status": "ok"}
{"timestamp": "2026-03-07T21:01:34+0800", "level": "INFO", "logger": "etl_logger", "message": "POST success (VFSC 2026-03-05): cc_withdraw_detail_report_20260307130134.csv, took 17.8s", "service": "cc_reconcile", "stage": "download_davinci", "status": "ok"}
{"timestamp": "2026-03-07T21:01:36+0800", "level": "INFO", "logger": "etl_logger", "message": "Download success (VFSC 2026-03-05): cc_withdraw_detail_report_20260307130134.csv, took 1.8s", "service": "cc_reconcile", "stage": "download_davinci", "status": "ok"}
{"timestamp": "2026-03-07T21:01:54+0800", "level": "INFO", "logger": "etl_logger", "message": "POST success (VFSC 2026-03-06): cc_withdraw_detail_report_20260307130154.csv, took 18.0s", "service": "cc_reconcile", "stage": "download_davinci", "status": "ok"}
{"timestamp": "2026-03-07T21:01:57+0800", "level": "INFO", "logger": "etl_logger", "message": "Download success (VFSC 2026-03-06): cc_withdraw_detail_report_20260307130154.csv, took 3.1s", "service": "cc_reconcile", "stage": "download_davinci", "status": "ok"}
{"timestamp": "2026-03-07T21:02:12+0800", "level": "WARNING", "logger": "etl_logger", "message": "POST failed (VFSC 2026-03-07) attempt 1: 502 Server Error: Bad Gateway for url: https://report.vantagemarkets.com/api/cc-detail/download, took 15.0s", "service": "cc_reconcile", "stage": "download_davinci", "status": "ok"}
{"timestamp": "2026-03-07T21:02:36+0800", "level": "INFO", "logger": "etl_logger", "message": "POST success (VFSC 2026-03-07): cc_withdraw_detail_report_20260307130236.csv, took 18.5s", "service": "cc_reconcile", "stage": "download_davinci", "status": "ok"}
{"timestamp": "2026-03-07T21:02:37+0800", "level": "INFO", "logger": "etl_logger", "message": "Download success (VFSC 2026-03-07): cc_withdraw_detail_report_20260307130236.csv, took 1.4s", "service": "cc_reconcile", "stage": "download_davinci", "status": "ok"}
{"timestamp": "2026-03-07T21:02:37+0800", "level": "INFO", "logger": "etl_logger", "message": "Finish downloading Davinci CC - VFSC Report", "service": "cc_reconcile", "stage": "download_davinci", "status": "ok"}
{"timestamp": "2026-03-07T21:02:37+0800", "level": "INFO", "logger": "etl_logger", "message": "Start downloading Davinci CC Report for brand: VFSC2...", "service": "cc_reconcile", "stage": "download_davinci", "status": "ok"}
{"timestamp": "2026-03-07T21:03:29+0800", "level": "INFO", "logger": "etl_logger", "message": "POST success (VFSC2 2026-03-04): cc_withdraw_detail_report_20260307130329.csv, took 51.5s", "service": "cc_reconcile", "stage": "download_davinci", "status": "ok"}
{"timestamp": "2026-03-07T21:03:32+0800", "level": "INFO", "logger": "etl_logger", "message": "Download success (VFSC2 2026-03-04): cc_withdraw_detail_report_20260307130329.csv, took 3.1s", "service": "cc_reconcile", "stage": "download_davinci", "status": "ok"}
{"timestamp": "2026-03-07T21:04:24+0800", "level": "INFO", "logger": "etl_logger", "message": "POST success (VFSC2 2026-03-05): cc_withdraw_detail_report_20260307130424.csv, took 51.8s", "service": "cc_reconcile", "stage": "download_davinci", "status": "ok"}
{"timestamp": "2026-03-07T21:04:32+0800", "level": "INFO", "logger": "etl_logger", "message": "Download success (VFSC2 2026-03-05): cc_withdraw_detail_report_20260307130424.csv, took 8.0s", "service": "cc_reconcile", "stage": "download_davinci", "status": "ok"}
{"timestamp": "2026-03-07T21:05:25+0800", "level": "INFO", "logger": "etl_logger", "message": "POST success (VFSC2 2026-03-06): cc_withdraw_detail_report_20260307130525.csv, took 53.6s", "service": "cc_reconcile", "stage": "download_davinci", "status": "ok"}
{"timestamp": "2026-03-07T21:05:34+0800", "level": "INFO", "logger": "etl_logger", "message": "Download success (VFSC2 2026-03-06): cc_withdraw_detail_report_20260307130525.csv, took 8.2s", "service": "cc_reconcile", "stage": "download_davinci", "status": "ok"}
{"timestamp": "2026-03-07T21:06:22+0800", "level": "INFO", "logger": "etl_logger", "message": "POST success (VFSC2 2026-03-07): cc_withdraw_detail_report_20260307130622.csv, took 48.5s", "service": "cc_reconcile", "stage": "download_davinci", "status": "ok"}
{"timestamp": "2026-03-07T21:06:25+0800", "level": "INFO", "logger": "etl_logger", "message": "Download success (VFSC2 2026-03-07): cc_withdraw_detail_report_20260307130622.csv, took 3.0s", "service": "cc_reconcile", "stage": "download_davinci", "status": "ok"}
{"timestamp": "2026-03-07T21:06:26+0800", "level": "INFO", "logger": "etl_logger", "message": "Finish downloading Davinci CC - VFSC2 Report", "service": "cc_reconcile", "stage": "download_davinci", "status": "ok"}
{"timestamp": "2026-03-07T21:06:26+0800", "level": "INFO", "logger": "etl_logger", "message": "Finish downloading Davinci CC Report for all brands, total rows: 48241", "service": "cc_reconcile", "stage": "download_davinci", "status": "ok"}
{"timestamp": "2026-03-07T21:06:26+0800", "level": "INFO", "logger": "etl_logger", "message": "Download CRM CC Report Finish ，Total: 48241", "service": "cc_reconcile", "stage": "download", "status": "ok"}
{"timestamp": "2026-03-07T21:06:26+0800", "level": "INFO", "logger": "etl_logger", "message": "Start reconcile...", "service": "cc_reconcile", "stage": "reconcile", "status": "ok"}
{"timestamp": "2026-03-07T21:06:26+0800", "level": "INFO", "logger": "etl_logger", "message": "Reconcile Finish ，Total Mismatch Case: 3", "service": "cc_reconcile", "stage": "reconcile", "status": "ok"}
{"timestamp": "2026-03-07T21:06:27+0800", "level": "INFO", "logger": "etl_logger", "message": "Connect Lark Finish", "service": "cc_reconcile", "stage": "lark", "status": "ok"}
{"timestamp": "2026-03-07T21:06:27+0800", "level": "INFO", "logger": "etl_logger", "message": "Start query existing data in LarkSheet...", "service": "cc_reconcile", "stage": "lark", "status": "ok"}
{"timestamp": "2026-03-07T21:06:28+0800", "level": "INFO", "logger": "etl_logger", "message": "Query existing data in LarkSheet Finish", "service": "cc_reconcile", "stage": "lark", "status": "ok"}
{"timestamp": "2026-03-07T21:06:28+0800", "level": "INFO", "logger": "etl_logger", "message": "Total unique keys in LarkSheet: 164, Total new mismatch cases to upload: 0", "service": "cc_reconcile", "stage": "lark", "status": "ok"}
{"timestamp": "2026-03-07T21:06:28+0800", "level": "INFO", "logger": "etl_logger", "message": "Append data to LarkSheet with range: Kalw4Y!A2:L3, rows: 1, columns: 12", "service": "cc_reconcile", "stage": "lark", "status": "ok"}
{"timestamp": "2026-03-07T21:06:28+0800", "level": "INFO", "logger": "etl_logger", "message": "✅ Successfully appended data to LarkSheet", "service": "cc_reconcile", "stage": "lark", "status": "ok"}
{"timestamp": "2026-03-07T21:06:30+0800", "level": "INFO", "logger": "etl_logger", "message": "Upload data to LarkSheet Finish", "service": "cc_reconcile", "stage": "lark", "status": "ok"}
{"timestamp": "2026-03-07T22:00:01+0800", "level": "INFO", "logger": "etl_logger", "message": "Start download reports...", "service": "cc_reconcile", "stage": "download", "status": "ok"}
{"timestamp": "2026-03-07T22:00:05+0800", "level": "INFO", "logger": "etl_logger", "message": "Payabl Login Success and Get Token Success", "service": "cc_reconcile", "stage": "download_payabl", "status": "ok"}
{"timestamp": "2026-03-07T22:00:05+0800", "level": "INFO", "logger": "etl_logger", "message": "Start downloading Payabl CC Report for date: 2026-03-06...", "service": "cc_reconcile", "stage": "download_payabl", "status": "ok"}
{"timestamp": "2026-03-07T22:00:38+0800", "level": "INFO", "logger": "etl_logger", "message": "Start downloading Payabl CC Report for date: 2026-03-07...", "service": "cc_reconcile", "stage": "download_payabl", "status": "ok"}
{"timestamp": "2026-03-07T22:00:48+0800", "level": "INFO", "logger": "etl_logger", "message": "Finish downloading Payabl CC Report", "service": "cc_reconcile", "stage": "download_payabl", "status": "ok"}
{"timestamp": "2026-03-07T22:00:48+0800", "level": "INFO", "logger": "etl_logger", "message": "Download Payabl CC Report Finish ，Total: 63351", "service": "cc_reconcile", "stage": "download", "status": "ok"}
{"timestamp": "2026-03-07T22:00:48+0800", "level": "INFO", "logger": "etl_logger", "message": "Login attempt 1/5", "service": "cc_reconcile", "stage": "download_davinci", "status": "ok"}
{"timestamp": "2026-03-07T22:00:50+0800", "level": "INFO", "logger": "etl_logger", "message": "Login response status=200, url=https://admin.vantagemarkets.com/admin/main, cookies=4", "service": "cc_reconcile", "stage": "download_davinci", "status": "ok"}
{"timestamp": "2026-03-07T22:00:50+0800", "level": "INFO", "logger": "etl_logger", "message": "Login successful", "service": "cc_reconcile", "stage": "download_davinci", "status": "ok"}
{"timestamp": "2026-03-07T22:00:50+0800", "level": "INFO", "logger": "etl_logger", "message": "Token obtained successfully", "service": "cc_reconcile", "stage": "download_davinci", "status": "ok"}
{"timestamp": "2026-03-07T22:00:50+0800", "level": "INFO", "logger": "etl_logger", "message": "Start downloading Davinci CC Report for brand: VFSC...", "service": "cc_reconcile", "stage": "download_davinci", "status": "ok"}
{"timestamp": "2026-03-07T22:01:08+0800", "level": "INFO", "logger": "etl_logger", "message": "POST success (VFSC 2026-03-04): cc_withdraw_detail_report_20260307140108.csv, took 18.2s", "service": "cc_reconcile", "stage": "download_davinci", "status": "ok"}
{"timestamp": "2026-03-07T22:01:10+0800", "level": "INFO", "logger": "etl_logger", "message": "Download success (VFSC 2026-03-04): cc_withdraw_detail_report_20260307140108.csv, took 1.8s", "service": "cc_reconcile", "stage": "download_davinci", "status": "ok"}
{"timestamp": "2026-03-07T22:01:28+0800", "level": "INFO", "logger": "etl_logger", "message": "POST success (VFSC 2026-03-05): cc_withdraw_detail_report_20260307140128.csv, took 18.2s", "service": "cc_reconcile", "stage": "download_davinci", "status": "ok"}
{"timestamp": "2026-03-07T22:01:30+0800", "level": "INFO", "logger": "etl_logger", "message": "Download success (VFSC 2026-03-05): cc_withdraw_detail_report_20260307140128.csv, took 2.3s", "service": "cc_reconcile", "stage": "download_davinci", "status": "ok"}
{"timestamp": "2026-03-07T22:01:50+0800", "level": "INFO", "logger": "etl_logger", "message": "POST success (VFSC 2026-03-06): cc_withdraw_detail_report_20260307140150.csv, took 19.9s", "service": "cc_reconcile", "stage": "download_davinci", "status": "ok"}
{"timestamp": "2026-03-07T22:01:54+0800", "level": "INFO", "logger": "etl_logger", "message": "Download success (VFSC 2026-03-06): cc_withdraw_detail_report_20260307140150.csv, took 3.7s", "service": "cc_reconcile", "stage": "download_davinci", "status": "ok"}
{"timestamp": "2026-03-07T22:02:20+0800", "level": "INFO", "logger": "etl_logger", "message": "POST success (VFSC 2026-03-07): cc_withdraw_detail_report_20260307140220.csv, took 26.4s", "service": "cc_reconcile", "stage": "download_davinci", "status": "ok"}
{"timestamp": "2026-03-07T22:02:22+0800", "level": "INFO", "logger": "etl_logger", "message": "Download success (VFSC 2026-03-07): cc_withdraw_detail_report_20260307140220.csv, took 1.8s", "service": "cc_reconcile", "stage": "download_davinci", "status": "ok"}
{"timestamp": "2026-03-07T22:02:22+0800", "level": "INFO", "logger": "etl_logger", "message": "Finish downloading Davinci CC - VFSC Report", "service": "cc_reconcile", "stage": "download_davinci", "status": "ok"}
{"timestamp": "2026-03-07T22:02:22+0800", "level": "INFO", "logger": "etl_logger", "message": "Start downloading Davinci CC Report for brand: VFSC2...", "service": "cc_reconcile", "stage": "download_davinci", "status": "ok"}
{"timestamp": "2026-03-07T22:03:14+0800", "level": "INFO", "logger": "etl_logger", "message": "POST success (VFSC2 2026-03-04): cc_withdraw_detail_report_20260307140314.csv, took 52.0s", "service": "cc_reconcile", "stage": "download_davinci", "status": "ok"}
{"timestamp": "2026-03-07T22:03:22+0800", "level": "INFO", "logger": "etl_logger", "message": "Download success (VFSC2 2026-03-04): cc_withdraw_detail_report_20260307140314.csv, took 7.7s", "service": "cc_reconcile", "stage": "download_davinci", "status": "ok"}
{"timestamp": "2026-03-07T22:04:14+0800", "level": "INFO", "logger": "etl_logger", "message": "POST success (VFSC2 2026-03-05): cc_withdraw_detail_report_20260307140414.csv, took 51.9s", "service": "cc_reconcile", "stage": "download_davinci", "status": "ok"}
{"timestamp": "2026-03-07T22:04:30+0800", "level": "INFO", "logger": "etl_logger", "message": "Download success (VFSC2 2026-03-05): cc_withdraw_detail_report_20260307140414.csv, took 15.7s", "service": "cc_reconcile", "stage": "download_davinci", "status": "ok"}
{"timestamp": "2026-03-07T22:05:21+0800", "level": "INFO", "logger": "etl_logger", "message": "POST success (VFSC2 2026-03-06): cc_withdraw_detail_report_20260307140521.csv, took 51.2s", "service": "cc_reconcile", "stage": "download_davinci", "status": "ok"}
{"timestamp": "2026-03-07T22:05:29+0800", "level": "INFO", "logger": "etl_logger", "message": "Download success (VFSC2 2026-03-06): cc_withdraw_detail_report_20260307140521.csv, took 8.5s", "service": "cc_reconcile", "stage": "download_davinci", "status": "ok"}
{"timestamp": "2026-03-07T22:06:20+0800", "level": "INFO", "logger": "etl_logger", "message": "POST success (VFSC2 2026-03-07): cc_withdraw_detail_report_20260307140620.csv, took 50.5s", "service": "cc_reconcile", "stage": "download_davinci", "status": "ok"}
{"timestamp": "2026-03-07T22:06:26+0800", "level": "INFO", "logger": "etl_logger", "message": "Download success (VFSC2 2026-03-07): cc_withdraw_detail_report_20260307140620.csv, took 5.9s", "service": "cc_reconcile", "stage": "download_davinci", "status": "ok"}
{"timestamp": "2026-03-07T22:06:27+0800", "level": "INFO", "logger": "etl_logger", "message": "Finish downloading Davinci CC - VFSC2 Report", "service": "cc_reconcile", "stage": "download_davinci", "status": "ok"}
{"timestamp": "2026-03-07T22:06:27+0800", "level": "INFO", "logger": "etl_logger", "message": "Finish downloading Davinci CC Report for all brands, total rows: 48369", "service": "cc_reconcile", "stage": "download_davinci", "status": "ok"}
{"timestamp": "2026-03-07T22:06:27+0800", "level": "INFO", "logger": "etl_logger", "message": "Download CRM CC Report Finish ，Total: 48369", "service": "cc_reconcile", "stage": "download", "status": "ok"}
{"timestamp": "2026-03-07T22:06:27+0800", "level": "INFO", "logger": "etl_logger", "message": "Start reconcile...", "service": "cc_reconcile", "stage": "reconcile", "status": "ok"}
{"timestamp": "2026-03-07T22:06:27+0800", "level": "INFO", "logger": "etl_logger", "message": "Reconcile Finish ，Total Mismatch Case: 3", "service": "cc_reconcile", "stage": "reconcile", "status": "ok"}
{"timestamp": "2026-03-07T22:06:27+0800", "level": "INFO", "logger": "etl_logger", "message": "Connect Lark Finish", "service": "cc_reconcile", "stage": "lark", "status": "ok"}
{"timestamp": "2026-03-07T22:06:27+0800", "level": "INFO", "logger": "etl_logger", "message": "Start query existing data in LarkSheet...", "service": "cc_reconcile", "stage": "lark", "status": "ok"}
{"timestamp": "2026-03-07T22:06:28+0800", "level": "INFO", "logger": "etl_logger", "message": "Query existing data in LarkSheet Finish", "service": "cc_reconcile", "stage": "lark", "status": "ok"}
{"timestamp": "2026-03-07T22:06:28+0800", "level": "INFO", "logger": "etl_logger", "message": "Total unique keys in LarkSheet: 164, Total new mismatch cases to upload: 0", "service": "cc_reconcile", "stage": "lark", "status": "ok"}
{"timestamp": "2026-03-07T22:06:28+0800", "level": "INFO", "logger": "etl_logger", "message": "Append data to LarkSheet with range: Kalw4Y!A2:L3, rows: 1, columns: 12", "service": "cc_reconcile", "stage": "lark", "status": "ok"}
{"timestamp": "2026-03-07T22:06:29+0800", "level": "INFO", "logger": "etl_logger", "message": "✅ Successfully appended data to LarkSheet", "service": "cc_reconcile", "stage": "lark", "status": "ok"}
{"timestamp": "2026-03-07T22:06:30+0800", "level": "INFO", "logger": "etl_logger", "message": "Upload data to LarkSheet Finish", "service": "cc_reconcile", "stage": "lark", "status": "ok"}
{"timestamp": "2026-03-07T23:00:01+0800", "level": "INFO", "logger": "etl_logger", "message": "Start download reports...", "service": "cc_reconcile", "stage": "download", "status": "ok"}
{"timestamp": "2026-03-07T23:00:04+0800", "level": "INFO", "logger": "etl_logger", "message": "Payabl Login Success and Get Token Success", "service": "cc_reconcile", "stage": "download_payabl", "status": "ok"}
{"timestamp": "2026-03-07T23:00:04+0800", "level": "INFO", "logger": "etl_logger", "message": "Start downloading Payabl CC Report for date: 2026-03-06...", "service": "cc_reconcile", "stage": "download_payabl", "status": "ok"}
{"timestamp": "2026-03-07T23:00:38+0800", "level": "INFO", "logger": "etl_logger", "message": "Start downloading Payabl CC Report for date: 2026-03-07...", "service": "cc_reconcile", "stage": "download_payabl", "status": "ok"}
{"timestamp": "2026-03-07T23:00:49+0800", "level": "INFO", "logger": "etl_logger", "message": "Finish downloading Payabl CC Report", "service": "cc_reconcile", "stage": "download_payabl", "status": "ok"}
{"timestamp": "2026-03-07T23:00:49+0800", "level": "INFO", "logger": "etl_logger", "message": "Download Payabl CC Report Finish ，Total: 64310", "service": "cc_reconcile", "stage": "download", "status": "ok"}
{"timestamp": "2026-03-07T23:00:49+0800", "level": "INFO", "logger": "etl_logger", "message": "Login attempt 1/5", "service": "cc_reconcile", "stage": "download_davinci", "status": "ok"}
{"timestamp": "2026-03-07T23:00:51+0800", "level": "INFO", "logger": "etl_logger", "message": "Login response status=200, url=https://admin.vantagemarkets.com/admin/main, cookies=4", "service": "cc_reconcile", "stage": "download_davinci", "status": "ok"}
{"timestamp": "2026-03-07T23:00:51+0800", "level": "INFO", "logger": "etl_logger", "message": "Login successful", "service": "cc_reconcile", "stage": "download_davinci", "status": "ok"}
{"timestamp": "2026-03-07T23:00:51+0800", "level": "INFO", "logger": "etl_logger", "message": "Token obtained successfully", "service": "cc_reconcile", "stage": "download_davinci", "status": "ok"}
{"timestamp": "2026-03-07T23:00:51+0800", "level": "INFO", "logger": "etl_logger", "message": "Start downloading Davinci CC Report for brand: VFSC...", "service": "cc_reconcile", "stage": "download_davinci", "status": "ok"}
{"timestamp": "2026-03-07T23:01:11+0800", "level": "INFO", "logger": "etl_logger", "message": "POST success (VFSC 2026-03-04): cc_withdraw_detail_report_20260307150111.csv, took 19.6s", "service": "cc_reconcile", "stage": "download_davinci", "status": "ok"}
{"timestamp": "2026-03-07T23:01:17+0800", "level": "INFO", "logger": "etl_logger", "message": "Download success (VFSC 2026-03-04): cc_withdraw_detail_report_20260307150111.csv, took 6.1s", "service": "cc_reconcile", "stage": "download_davinci", "status": "ok"}
{"timestamp": "2026-03-07T23:01:35+0800", "level": "INFO", "logger": "etl_logger", "message": "POST success (VFSC 2026-03-05): cc_withdraw_detail_report_20260307150135.csv, took 17.9s", "service": "cc_reconcile", "stage": "download_davinci", "status": "ok"}
{"timestamp": "2026-03-07T23:01:38+0800", "level": "INFO", "logger": "etl_logger", "message": "Download success (VFSC 2026-03-05): cc_withdraw_detail_report_20260307150135.csv, took 3.8s", "service": "cc_reconcile", "stage": "download_davinci", "status": "ok"}
{"timestamp": "2026-03-07T23:01:57+0800", "level": "INFO", "logger": "etl_logger", "message": "POST success (VFSC 2026-03-06): cc_withdraw_detail_report_20260307150157.csv, took 18.5s", "service": "cc_reconcile", "stage": "download_davinci", "status": "ok"}
{"timestamp": "2026-03-07T23:02:06+0800", "level": "INFO", "logger": "etl_logger", "message": "Download success (VFSC 2026-03-06): cc_withdraw_detail_report_20260307150157.csv, took 8.9s", "service": "cc_reconcile", "stage": "download_davinci", "status": "ok"}
{"timestamp": "2026-03-07T23:02:24+0800", "level": "INFO", "logger": "etl_logger", "message": "POST success (VFSC 2026-03-07): cc_withdraw_detail_report_20260307150224.csv, took 18.3s", "service": "cc_reconcile", "stage": "download_davinci", "status": "ok"}
{"timestamp": "2026-03-07T23:02:28+0800", "level": "INFO", "logger": "etl_logger", "message": "Download success (VFSC 2026-03-07): cc_withdraw_detail_report_20260307150224.csv, took 3.4s", "service": "cc_reconcile", "stage": "download_davinci", "status": "ok"}
{"timestamp": "2026-03-07T23:02:28+0800", "level": "INFO", "logger": "etl_logger", "message": "Finish downloading Davinci CC - VFSC Report", "service": "cc_reconcile", "stage": "download_davinci", "status": "ok"}
{"timestamp": "2026-03-07T23:02:28+0800", "level": "INFO", "logger": "etl_logger", "message": "Start downloading Davinci CC Report for brand: VFSC2...", "service": "cc_reconcile", "stage": "download_davinci", "status": "ok"}
{"timestamp": "2026-03-07T23:03:21+0800", "level": "INFO", "logger": "etl_logger", "message": "POST success (VFSC2 2026-03-04): cc_withdraw_detail_report_20260307150321.csv, took 53.0s", "service": "cc_reconcile", "stage": "download_davinci", "status": "ok"}
{"timestamp": "2026-03-07T23:03:32+0800", "level": "INFO", "logger": "etl_logger", "message": "Download success (VFSC2 2026-03-04): cc_withdraw_detail_report_20260307150321.csv, took 11.0s", "service": "cc_reconcile", "stage": "download_davinci", "status": "ok"}
{"timestamp": "2026-03-07T23:04:25+0800", "level": "INFO", "logger": "etl_logger", "message": "POST success (VFSC2 2026-03-05): cc_withdraw_detail_report_20260307150425.csv, took 53.6s", "service": "cc_reconcile", "stage": "download_davinci", "status": "ok"}
{"timestamp": "2026-03-07T23:04:42+0800", "level": "INFO", "logger": "etl_logger", "message": "Download success (VFSC2 2026-03-05): cc_withdraw_detail_report_20260307150425.csv, took 16.5s", "service": "cc_reconcile", "stage": "download_davinci", "status": "ok"}
{"timestamp": "2026-03-07T23:05:34+0800", "level": "INFO", "logger": "etl_logger", "message": "POST success (VFSC2 2026-03-06): cc_withdraw_detail_report_20260307150534.csv, took 52.0s", "service": "cc_reconcile", "stage": "download_davinci", "status": "ok"}
{"timestamp": "2026-03-07T23:05:49+0800", "level": "INFO", "logger": "etl_logger", "message": "Download success (VFSC2 2026-03-06): cc_withdraw_detail_report_20260307150534.csv, took 15.0s", "service": "cc_reconcile", "stage": "download_davinci", "status": "ok"}
{"timestamp": "2026-03-07T23:06:38+0800", "level": "INFO", "logger": "etl_logger", "message": "POST success (VFSC2 2026-03-07): cc_withdraw_detail_report_20260307150638.csv, took 49.5s", "service": "cc_reconcile", "stage": "download_davinci", "status": "ok"}
{"timestamp": "2026-03-07T23:06:45+0800", "level": "INFO", "logger": "etl_logger", "message": "Download success (VFSC2 2026-03-07): cc_withdraw_detail_report_20260307150638.csv, took 6.9s", "service": "cc_reconcile", "stage": "download_davinci", "status": "ok"}
{"timestamp": "2026-03-07T23:06:46+0800", "level": "INFO", "logger": "etl_logger", "message": "Finish downloading Davinci CC - VFSC2 Report", "service": "cc_reconcile", "stage": "download_davinci", "status": "ok"}
{"timestamp": "2026-03-07T23:06:46+0800", "level": "INFO", "logger": "etl_logger", "message": "Finish downloading Davinci CC Report for all brands, total rows: 48567", "service": "cc_reconcile", "stage": "download_davinci", "status": "ok"}
{"timestamp": "2026-03-07T23:06:46+0800", "level": "INFO", "logger": "etl_logger", "message": "Download CRM CC Report Finish ，Total: 48567", "service": "cc_reconcile", "stage": "download", "status": "ok"}
{"timestamp": "2026-03-07T23:06:46+0800", "level": "INFO", "logger": "etl_logger", "message": "Start reconcile...", "service": "cc_reconcile", "stage": "reconcile", "status": "ok"}
{"timestamp": "2026-03-07T23:06:47+0800", "level": "INFO", "logger": "etl_logger", "message": "Reconcile Finish ，Total Mismatch Case: 3", "service": "cc_reconcile", "stage": "reconcile", "status": "ok"}
{"timestamp": "2026-03-07T23:06:47+0800", "level": "INFO", "logger": "etl_logger", "message": "Connect Lark Finish", "service": "cc_reconcile", "stage": "lark", "status": "ok"}
{"timestamp": "2026-03-07T23:06:47+0800", "level": "INFO", "logger": "etl_logger", "message": "Start query existing data in LarkSheet...", "service": "cc_reconcile", "stage": "lark", "status": "ok"}
{"timestamp": "2026-03-07T23:06:48+0800", "level": "INFO", "logger": "etl_logger", "message": "Query existing data in LarkSheet Finish", "service": "cc_reconcile", "stage": "lark", "status": "ok"}
{"timestamp": "2026-03-07T23:06:48+0800", "level": "INFO", "logger": "etl_logger", "message": "Total unique keys in LarkSheet: 164, Total new mismatch cases to upload: 0", "service": "cc_reconcile", "stage": "lark", "status": "ok"}
{"timestamp": "2026-03-07T23:06:48+0800", "level": "INFO", "logger": "etl_logger", "message": "Append data to LarkSheet with range: Kalw4Y!A2:L3, rows: 1, columns: 12", "service": "cc_reconcile", "stage": "lark", "status": "ok"}
{"timestamp": "2026-03-07T23:06:48+0800", "level": "INFO", "logger": "etl_logger", "message": "✅ Successfully appended data to LarkSheet", "service": "cc_reconcile", "stage": "lark", "status": "ok"}
{"timestamp": "2026-03-07T23:06:50+0800", "level": "INFO", "logger": "etl_logger", "message": "Upload data to LarkSheet Finish", "service": "cc_reconcile", "stage": "lark", "status": "ok"}
