{"timestamp": "2026-03-04T00:00:01+0800", "level": "INFO", "logger": "etl_logger", "message": "Start download reports...", "service": "cc_reconcile", "stage": "download", "status": "ok"}
{"timestamp": "2026-03-04T00:00:04+0800", "level": "INFO", "logger": "etl_logger", "message": "Payabl Login Success and Get Token Success", "service": "cc_reconcile", "stage": "download_payabl", "status": "ok"}
{"timestamp": "2026-03-04T00:00:04+0800", "level": "INFO", "logger": "etl_logger", "message": "Start downloading Payabl CC Report for date: 2026-03-03...", "service": "cc_reconcile", "stage": "download_payabl", "status": "ok"}
{"timestamp": "2026-03-04T00:00:42+0800", "level": "INFO", "logger": "etl_logger", "message": "Start downloading Payabl CC Report for date: 2026-03-04...", "service": "cc_reconcile", "stage": "download_payabl", "status": "ok"}
{"timestamp": "2026-03-04T00:00:48+0800", "level": "INFO", "logger": "etl_logger", "message": "Finish downloading Payabl CC Report", "service": "cc_reconcile", "stage": "download_payabl", "status": "ok"}
{"timestamp": "2026-03-04T00:00:48+0800", "level": "INFO", "logger": "etl_logger", "message": "Download Payabl CC Report Finish ，Total: 62636", "service": "cc_reconcile", "stage": "download", "status": "ok"}
{"timestamp": "2026-03-04T00:00:48+0800", "level": "INFO", "logger": "etl_logger", "message": "Login attempt 1/5", "service": "cc_reconcile", "stage": "download_davinci", "status": "ok"}
{"timestamp": "2026-03-04T00:00:49+0800", "level": "INFO", "logger": "etl_logger", "message": "Login response status=200, url=https://admin.vantagemarkets.com/admin/main, cookies=4", "service": "cc_reconcile", "stage": "download_davinci", "status": "ok"}
{"timestamp": "2026-03-04T00:00:49+0800", "level": "INFO", "logger": "etl_logger", "message": "Login successful", "service": "cc_reconcile", "stage": "download_davinci", "status": "ok"}
{"timestamp": "2026-03-04T00:00:50+0800", "level": "INFO", "logger": "etl_logger", "message": "Token obtained successfully", "service": "cc_reconcile", "stage": "download_davinci", "status": "ok"}
{"timestamp": "2026-03-04T00:00:50+0800", "level": "INFO", "logger": "etl_logger", "message": "Start downloading Davinci CC Report for brand: VFSC...", "service": "cc_reconcile", "stage": "download_davinci", "status": "ok"}
{"timestamp": "2026-03-04T00:01:08+0800", "level": "INFO", "logger": "etl_logger", "message": "POST success (VFSC 2026-02-28): cc_withdraw_detail_report_20260303160108.csv, took 18.4s", "service": "cc_reconcile", "stage": "download_davinci", "status": "ok"}
{"timestamp": "2026-03-04T00:01:10+0800", "level": "INFO", "logger": "etl_logger", "message": "Download success (VFSC 2026-02-28): cc_withdraw_detail_report_20260303160108.csv, took 2.2s", "service": "cc_reconcile", "stage": "download_davinci", "status": "ok"}
{"timestamp": "2026-03-04T00:01:10+0800", "level": "WARNING", "logger": "etl_logger", "message": "POST failed (VFSC 2026-03-01) attempt 1: 502 Server Error: Bad Gateway for url: https://report.vantagemarkets.com/api/cc-detail/download, took 0.2s", "service": "cc_reconcile", "stage": "download_davinci", "status": "ok"}
{"timestamp": "2026-03-04T00:01:33+0800", "level": "INFO", "logger": "etl_logger", "message": "POST success (VFSC 2026-03-01): cc_withdraw_detail_report_20260303160133.csv, took 17.6s", "service": "cc_reconcile", "stage": "download_davinci", "status": "ok"}
{"timestamp": "2026-03-04T00:01:36+0800", "level": "INFO", "logger": "etl_logger", "message": "Download success (VFSC 2026-03-01): cc_withdraw_detail_report_20260303160133.csv, took 3.4s", "service": "cc_reconcile", "stage": "download_davinci", "status": "ok"}
{"timestamp": "2026-03-04T00:01:57+0800", "level": "INFO", "logger": "etl_logger", "message": "POST success (VFSC 2026-03-02): cc_withdraw_detail_report_20260303160157.csv, took 21.0s", "service": "cc_reconcile", "stage": "download_davinci", "status": "ok"}
{"timestamp": "2026-03-04T00:01:58+0800", "level": "WARNING", "logger": "etl_logger", "message": "Download failed (VFSC 2026-03-02) attempt 1: 502 Server Error: Bad Gateway for url: https://report.vantagemarkets.com/api/download/cc_withdraw_detail_report_20260303160157.csv, took 1.0s", "service": "cc_reconcile", "stage": "download_davinci", "status": "ok"}
{"timestamp": "2026-03-04T00:02:04+0800", "level": "WARNING", "logger": "etl_logger", "message": "Download failed (VFSC 2026-03-02) attempt 2: 502 Server Error: Bad Gateway for url: https://report.vantagemarkets.com/api/download/cc_withdraw_detail_report_20260303160157.csv, took 0.6s", "service": "cc_reconcile", "stage": "download_davinci", "status": "ok"}
{"timestamp": "2026-03-04T00:02:09+0800", "level": "WARNING", "logger": "etl_logger", "message": "Download failed (VFSC 2026-03-02) attempt 3: 502 Server Error: Bad Gateway for url: https://report.vantagemarkets.com/api/download/cc_withdraw_detail_report_20260303160157.csv, took 0.4s", "service": "cc_reconcile", "stage": "download_davinci", "status": "ok"}
{"timestamp": "2026-03-04T00:02:15+0800", "level": "WARNING", "logger": "etl_logger", "message": "Download failed (VFSC 2026-03-02) attempt 4: 502 Server Error: Bad Gateway for url: https://report.vantagemarkets.com/api/download/cc_withdraw_detail_report_20260303160157.csv, took 0.3s", "service": "cc_reconcile", "stage": "download_davinci", "status": "ok"}
{"timestamp": "2026-03-04T00:02:27+0800", "level": "INFO", "logger": "etl_logger", "message": "Download success (VFSC 2026-03-02): cc_withdraw_detail_report_20260303160157.csv, took 6.9s", "service": "cc_reconcile", "stage": "download_davinci", "status": "ok"}
{"timestamp": "2026-03-04T00:02:45+0800", "level": "INFO", "logger": "etl_logger", "message": "POST success (VFSC 2026-03-03): cc_withdraw_detail_report_20260303160245.csv, took 18.1s", "service": "cc_reconcile", "stage": "download_davinci", "status": "ok"}
{"timestamp": "2026-03-04T00:02:47+0800", "level": "INFO", "logger": "etl_logger", "message": "Download success (VFSC 2026-03-03): cc_withdraw_detail_report_20260303160245.csv, took 1.7s", "service": "cc_reconcile", "stage": "download_davinci", "status": "ok"}
{"timestamp": "2026-03-04T00:02:47+0800", "level": "INFO", "logger": "etl_logger", "message": "Finish downloading Davinci CC - VFSC Report", "service": "cc_reconcile", "stage": "download_davinci", "status": "ok"}
{"timestamp": "2026-03-04T00:02:47+0800", "level": "INFO", "logger": "etl_logger", "message": "Start downloading Davinci CC Report for brand: VFSC2...", "service": "cc_reconcile", "stage": "download_davinci", "status": "ok"}
{"timestamp": "2026-03-04T00:04:52+0800", "level": "WARNING", "logger": "etl_logger", "message": "POST failed (VFSC2 2026-02-28) attempt 1: 524 Server Error:  for url: https://report.vantagemarkets.com/api/cc-detail/download, took 125.0s", "service": "cc_reconcile", "stage": "download_davinci", "status": "ok"}
{"timestamp": "2026-03-04T00:04:57+0800", "level": "WARNING", "logger": "etl_logger", "message": "POST failed (VFSC2 2026-02-28) attempt 2: 502 Server Error: Bad Gateway for url: https://report.vantagemarkets.com/api/cc-detail/download, took 0.2s", "service": "cc_reconcile", "stage": "download_davinci", "status": "ok"}
{"timestamp": "2026-03-04T00:05:53+0800", "level": "INFO", "logger": "etl_logger", "message": "POST success (VFSC2 2026-02-28): cc_withdraw_detail_report_20260303160553.csv, took 50.7s", "service": "cc_reconcile", "stage": "download_davinci", "status": "ok"}
{"timestamp": "2026-03-04T00:05:54+0800", "level": "WARNING", "logger": "etl_logger", "message": "Download failed (VFSC2 2026-02-28) attempt 1: 502 Server Error: Bad Gateway for url: https://report.vantagemarkets.com/api/download/cc_withdraw_detail_report_20260303160553.csv, took 1.1s", "service": "cc_reconcile", "stage": "download_davinci", "status": "ok"}
{"timestamp": "2026-03-04T00:05:59+0800", "level": "WARNING", "logger": "etl_logger", "message": "Download failed (VFSC2 2026-02-28) attempt 2: 502 Server Error: Bad Gateway for url: https://report.vantagemarkets.com/api/download/cc_withdraw_detail_report_20260303160553.csv, took 0.4s", "service": "cc_reconcile", "stage": "download_davinci", "status": "ok"}
{"timestamp": "2026-03-04T00:06:35+0800", "level": "INFO", "logger": "etl_logger", "message": "Download success (VFSC2 2026-02-28): cc_withdraw_detail_report_20260303160553.csv, took 31.0s", "service": "cc_reconcile", "stage": "download_davinci", "status": "ok"}
{"timestamp": "2026-03-04T00:06:35+0800", "level": "WARNING", "logger": "etl_logger", "message": "POST failed (VFSC2 2026-03-01) attempt 1: 502 Server Error: Bad Gateway for url: https://report.vantagemarkets.com/api/cc-detail/download, took 0.3s", "service": "cc_reconcile", "stage": "download_davinci", "status": "ok"}
{"timestamp": "2026-03-04T00:07:31+0800", "level": "INFO", "logger": "etl_logger", "message": "POST success (VFSC2 2026-03-01): cc_withdraw_detail_report_20260303160731.csv, took 50.9s", "service": "cc_reconcile", "stage": "download_davinci", "status": "ok"}
{"timestamp": "2026-03-04T00:07:35+0800", "level": "INFO", "logger": "etl_logger", "message": "Download success (VFSC2 2026-03-01): cc_withdraw_detail_report_20260303160731.csv, took 3.8s", "service": "cc_reconcile", "stage": "download_davinci", "status": "ok"}
{"timestamp": "2026-03-04T00:08:56+0800", "level": "INFO", "logger": "etl_logger", "message": "POST success (VFSC2 2026-03-02): cc_withdraw_detail_report_20260303160856.csv, took 80.8s", "service": "cc_reconcile", "stage": "download_davinci", "status": "ok"}
{"timestamp": "2026-03-04T00:09:35+0800", "level": "INFO", "logger": "etl_logger", "message": "Download success (VFSC2 2026-03-02): cc_withdraw_detail_report_20260303160856.csv, took 39.1s", "service": "cc_reconcile", "stage": "download_davinci", "status": "ok"}
{"timestamp": "2026-03-04T00:09:35+0800", "level": "WARNING", "logger": "etl_logger", "message": "POST failed (VFSC2 2026-03-03) attempt 1: 502 Server Error: Bad Gateway for url: https://report.vantagemarkets.com/api/cc-detail/download, took 0.2s", "service": "cc_reconcile", "stage": "download_davinci", "status": "ok"}
{"timestamp": "2026-03-04T00:10:54+0800", "level": "INFO", "logger": "etl_logger", "message": "POST success (VFSC2 2026-03-03): cc_withdraw_detail_report_20260303161053.csv, took 73.2s", "service": "cc_reconcile", "stage": "download_davinci", "status": "ok"}
{"timestamp": "2026-03-04T00:10:55+0800", "level": "WARNING", "logger": "etl_logger", "message": "Download failed (VFSC2 2026-03-03) attempt 1: 502 Server Error: Bad Gateway for url: https://report.vantagemarkets.com/api/download/cc_withdraw_detail_report_20260303161053.csv, took 1.1s", "service": "cc_reconcile", "stage": "download_davinci", "status": "ok"}
{"timestamp": "2026-03-04T00:11:01+0800", "level": "WARNING", "logger": "etl_logger", "message": "Download failed (VFSC2 2026-03-03) attempt 2: 502 Server Error: Bad Gateway for url: https://report.vantagemarkets.com/api/download/cc_withdraw_detail_report_20260303161053.csv, took 1.0s", "service": "cc_reconcile", "stage": "download_davinci", "status": "ok"}
{"timestamp": "2026-03-04T00:11:28+0800", "level": "INFO", "logger": "etl_logger", "message": "Download success (VFSC2 2026-03-03): cc_withdraw_detail_report_20260303161053.csv, took 21.9s", "service": "cc_reconcile", "stage": "download_davinci", "status": "ok"}
{"timestamp": "2026-03-04T00:11:28+0800", "level": "INFO", "logger": "etl_logger", "message": "Finish downloading Davinci CC - VFSC2 Report", "service": "cc_reconcile", "stage": "download_davinci", "status": "ok"}
{"timestamp": "2026-03-04T00:11:28+0800", "level": "INFO", "logger": "etl_logger", "message": "Finish downloading Davinci CC Report for all brands, total rows: 48753", "service": "cc_reconcile", "stage": "download_davinci", "status": "ok"}
{"timestamp": "2026-03-04T00:11:28+0800", "level": "INFO", "logger": "etl_logger", "message": "Download CRM CC Report Finish ，Total: 48753", "service": "cc_reconcile", "stage": "download", "status": "ok"}
{"timestamp": "2026-03-04T00:11:28+0800", "level": "INFO", "logger": "etl_logger", "message": "Start reconcile...", "service": "cc_reconcile", "stage": "reconcile", "status": "ok"}
{"timestamp": "2026-03-04T00:11:28+0800", "level": "INFO", "logger": "etl_logger", "message": "Reconcile Finish ，Total Mismatch Case: 0", "service": "cc_reconcile", "stage": "reconcile", "status": "ok"}
{"timestamp": "2026-03-04T00:11:29+0800", "level": "INFO", "logger": "etl_logger", "message": "Connect Lark Finish", "service": "cc_reconcile", "stage": "lark", "status": "ok"}
{"timestamp": "2026-03-04T00:11:29+0800", "level": "INFO", "logger": "etl_logger", "message": "Start query existing data in LarkSheet...", "service": "cc_reconcile", "stage": "lark", "status": "ok"}
{"timestamp": "2026-03-04T00:11:30+0800", "level": "INFO", "logger": "etl_logger", "message": "Query existing data in LarkSheet Finish", "service": "cc_reconcile", "stage": "lark", "status": "ok"}
{"timestamp": "2026-03-04T00:11:30+0800", "level": "INFO", "logger": "etl_logger", "message": "Total unique keys in LarkSheet: 157, Total new mismatch cases to upload: 0", "service": "cc_reconcile", "stage": "lark", "status": "ok"}
{"timestamp": "2026-03-04T00:11:30+0800", "level": "INFO", "logger": "etl_logger", "message": "Append data to LarkSheet with range: Kalw4Y!A2:L3, rows: 1, columns: 12", "service": "cc_reconcile", "stage": "lark", "status": "ok"}
{"timestamp": "2026-03-04T00:11:30+0800", "level": "INFO", "logger": "etl_logger", "message": "✅ Successfully appended data to LarkSheet", "service": "cc_reconcile", "stage": "lark", "status": "ok"}
{"timestamp": "2026-03-04T00:11:31+0800", "level": "INFO", "logger": "etl_logger", "message": "Upload data to LarkSheet Finish", "service": "cc_reconcile", "stage": "lark", "status": "ok"}
{"timestamp": "2026-03-04T01:00:01+0800", "level": "INFO", "logger": "etl_logger", "message": "Start download reports...", "service": "cc_reconcile", "stage": "download", "status": "ok"}
{"timestamp": "2026-03-04T01:00:04+0800", "level": "INFO", "logger": "etl_logger", "message": "Payabl Login Success and Get Token Success", "service": "cc_reconcile", "stage": "download_payabl", "status": "ok"}
{"timestamp": "2026-03-04T01:00:04+0800", "level": "INFO", "logger": "etl_logger", "message": "Start downloading Payabl CC Report for date: 2026-03-03...", "service": "cc_reconcile", "stage": "download_payabl", "status": "ok"}
{"timestamp": "2026-03-04T01:00:45+0800", "level": "INFO", "logger": "etl_logger", "message": "Start downloading Payabl CC Report for date: 2026-03-04...", "service": "cc_reconcile", "stage": "download_payabl", "status": "ok"}
{"timestamp": "2026-03-04T01:00:51+0800", "level": "INFO", "logger": "etl_logger", "message": "Finish downloading Payabl CC Report", "service": "cc_reconcile", "stage": "download_payabl", "status": "ok"}
{"timestamp": "2026-03-04T01:00:51+0800", "level": "INFO", "logger": "etl_logger", "message": "Download Payabl CC Report Finish ，Total: 67448", "service": "cc_reconcile", "stage": "download", "status": "ok"}
{"timestamp": "2026-03-04T01:00:51+0800", "level": "INFO", "logger": "etl_logger", "message": "Login attempt 1/5", "service": "cc_reconcile", "stage": "download_davinci", "status": "ok"}
{"timestamp": "2026-03-04T01:00:54+0800", "level": "INFO", "logger": "etl_logger", "message": "Login response status=200, url=https://admin.vantagemarkets.com/admin/main, cookies=4", "service": "cc_reconcile", "stage": "download_davinci", "status": "ok"}
{"timestamp": "2026-03-04T01:00:54+0800", "level": "INFO", "logger": "etl_logger", "message": "Login successful", "service": "cc_reconcile", "stage": "download_davinci", "status": "ok"}
{"timestamp": "2026-03-04T01:00:55+0800", "level": "INFO", "logger": "etl_logger", "message": "Token obtained successfully", "service": "cc_reconcile", "stage": "download_davinci", "status": "ok"}
{"timestamp": "2026-03-04T01:00:55+0800", "level": "INFO", "logger": "etl_logger", "message": "Start downloading Davinci CC Report for brand: VFSC...", "service": "cc_reconcile", "stage": "download_davinci", "status": "ok"}
{"timestamp": "2026-03-04T01:01:13+0800", "level": "INFO", "logger": "etl_logger", "message": "POST success (VFSC 2026-02-28): cc_withdraw_detail_report_20260303170113.csv, took 18.3s", "service": "cc_reconcile", "stage": "download_davinci", "status": "ok"}
{"timestamp": "2026-03-04T01:01:15+0800", "level": "INFO", "logger": "etl_logger", "message": "Download success (VFSC 2026-02-28): cc_withdraw_detail_report_20260303170113.csv, took 1.4s", "service": "cc_reconcile", "stage": "download_davinci", "status": "ok"}
{"timestamp": "2026-03-04T01:01:34+0800", "level": "INFO", "logger": "etl_logger", "message": "POST success (VFSC 2026-03-01): cc_withdraw_detail_report_20260303170134.csv, took 19.9s", "service": "cc_reconcile", "stage": "download_davinci", "status": "ok"}
{"timestamp": "2026-03-04T01:01:35+0800", "level": "WARNING", "logger": "etl_logger", "message": "Download failed (VFSC 2026-03-01) attempt 1: 502 Server Error: Bad Gateway for url: https://report.vantagemarkets.com/api/download/cc_withdraw_detail_report_20260303170134.csv, took 0.8s", "service": "cc_reconcile", "stage": "download_davinci", "status": "ok"}
{"timestamp": "2026-03-04T01:01:41+0800", "level": "WARNING", "logger": "etl_logger", "message": "Download failed (VFSC 2026-03-01) attempt 2: 502 Server Error: Bad Gateway for url: https://report.vantagemarkets.com/api/download/cc_withdraw_detail_report_20260303170134.csv, took 1.1s", "service": "cc_reconcile", "stage": "download_davinci", "status": "ok"}
{"timestamp": "2026-03-04T01:01:47+0800", "level": "INFO", "logger": "etl_logger", "message": "Download success (VFSC 2026-03-01): cc_withdraw_detail_report_20260303170134.csv, took 0.8s", "service": "cc_reconcile", "stage": "download_davinci", "status": "ok"}
{"timestamp": "2026-03-04T01:02:08+0800", "level": "INFO", "logger": "etl_logger", "message": "POST success (VFSC 2026-03-02): cc_withdraw_detail_report_20260303170208.csv, took 21.1s", "service": "cc_reconcile", "stage": "download_davinci", "status": "ok"}
{"timestamp": "2026-03-04T01:02:18+0800", "level": "INFO", "logger": "etl_logger", "message": "Download success (VFSC 2026-03-02): cc_withdraw_detail_report_20260303170208.csv, took 9.3s", "service": "cc_reconcile", "stage": "download_davinci", "status": "ok"}
{"timestamp": "2026-03-04T01:02:18+0800", "level": "WARNING", "logger": "etl_logger", "message": "POST failed (VFSC 2026-03-03) attempt 1: 502 Server Error: Bad Gateway for url: https://report.vantagemarkets.com/api/cc-detail/download, took 0.2s", "service": "cc_reconcile", "stage": "download_davinci", "status": "ok"}
{"timestamp": "2026-03-04T01:02:23+0800", "level": "WARNING", "logger": "etl_logger", "message": "POST failed (VFSC 2026-03-03) attempt 2: 502 Server Error: Bad Gateway for url: https://report.vantagemarkets.com/api/cc-detail/download, took 0.2s", "service": "cc_reconcile", "stage": "download_davinci", "status": "ok"}
{"timestamp": "2026-03-04T01:02:49+0800", "level": "INFO", "logger": "etl_logger", "message": "POST success (VFSC 2026-03-03): cc_withdraw_detail_report_20260303170249.csv, took 20.6s", "service": "cc_reconcile", "stage": "download_davinci", "status": "ok"}
{"timestamp": "2026-03-04T01:02:50+0800", "level": "WARNING", "logger": "etl_logger", "message": "Download failed (VFSC 2026-03-03) attempt 1: 502 Server Error: Bad Gateway for url: https://report.vantagemarkets.com/api/download/cc_withdraw_detail_report_20260303170249.csv, took 0.8s", "service": "cc_reconcile", "stage": "download_davinci", "status": "ok"}
{"timestamp": "2026-03-04T01:02:55+0800", "level": "WARNING", "logger": "etl_logger", "message": "Download failed (VFSC 2026-03-03) attempt 2: 502 Server Error: Bad Gateway for url: https://report.vantagemarkets.com/api/download/cc_withdraw_detail_report_20260303170249.csv, took 0.8s", "service": "cc_reconcile", "stage": "download_davinci", "status": "ok"}
{"timestamp": "2026-03-04T01:03:01+0800", "level": "WARNING", "logger": "etl_logger", "message": "Download failed (VFSC 2026-03-03) attempt 3: 502 Server Error: Bad Gateway for url: https://report.vantagemarkets.com/api/download/cc_withdraw_detail_report_20260303170249.csv, took 0.3s", "service": "cc_reconcile", "stage": "download_davinci", "status": "ok"}
{"timestamp": "2026-03-04T01:03:06+0800", "level": "WARNING", "logger": "etl_logger", "message": "Download failed (VFSC 2026-03-03) attempt 4: 502 Server Error: Bad Gateway for url: https://report.vantagemarkets.com/api/download/cc_withdraw_detail_report_20260303170249.csv, took 0.4s", "service": "cc_reconcile", "stage": "download_davinci", "status": "ok"}
{"timestamp": "2026-03-04T01:03:11+0800", "level": "WARNING", "logger": "etl_logger", "message": "Download failed (VFSC 2026-03-03) attempt 5: 502 Server Error: Bad Gateway for url: https://report.vantagemarkets.com/api/download/cc_withdraw_detail_report_20260303170249.csv, took 0.2s", "service": "cc_reconcile", "stage": "download_davinci", "status": "ok"}
{"timestamp": "2026-03-04T01:03:17+0800", "level": "WARNING", "logger": "etl_logger", "message": "Download failed (VFSC 2026-03-03) attempt 6: 502 Server Error: Bad Gateway for url: https://report.vantagemarkets.com/api/download/cc_withdraw_detail_report_20260303170249.csv, took 0.4s", "service": "cc_reconcile", "stage": "download_davinci", "status": "ok"}
{"timestamp": "2026-03-04T01:03:23+0800", "level": "INFO", "logger": "etl_logger", "message": "Download success (VFSC 2026-03-03): cc_withdraw_detail_report_20260303170249.csv, took 1.2s", "service": "cc_reconcile", "stage": "download_davinci", "status": "ok"}
{"timestamp": "2026-03-04T01:03:23+0800", "level": "INFO", "logger": "etl_logger", "message": "Finish downloading Davinci CC - VFSC Report", "service": "cc_reconcile", "stage": "download_davinci", "status": "ok"}
{"timestamp": "2026-03-04T01:03:23+0800", "level": "INFO", "logger": "etl_logger", "message": "Start downloading Davinci CC Report for brand: VFSC2...", "service": "cc_reconcile", "stage": "download_davinci", "status": "ok"}
{"timestamp": "2026-03-04T01:04:12+0800", "level": "INFO", "logger": "etl_logger", "message": "POST success (VFSC2 2026-02-28): cc_withdraw_detail_report_20260303170412.csv, took 49.3s", "service": "cc_reconcile", "stage": "download_davinci", "status": "ok"}
{"timestamp": "2026-03-04T01:04:18+0800", "level": "INFO", "logger": "etl_logger", "message": "Download success (VFSC2 2026-02-28): cc_withdraw_detail_report_20260303170412.csv, took 5.7s", "service": "cc_reconcile", "stage": "download_davinci", "status": "ok"}
{"timestamp": "2026-03-04T01:04:18+0800", "level": "WARNING", "logger": "etl_logger", "message": "POST failed (VFSC2 2026-03-01) attempt 1: 502 Server Error: Bad Gateway for url: https://report.vantagemarkets.com/api/cc-detail/download, took 0.2s", "service": "cc_reconcile", "stage": "download_davinci", "status": "ok"}
{"timestamp": "2026-03-04T01:04:23+0800", "level": "WARNING", "logger": "etl_logger", "message": "POST failed (VFSC2 2026-03-01) attempt 2: 502 Server Error: Bad Gateway for url: https://report.vantagemarkets.com/api/cc-detail/download, took 0.2s", "service": "cc_reconcile", "stage": "download_davinci", "status": "ok"}
{"timestamp": "2026-03-04T01:05:19+0800", "level": "INFO", "logger": "etl_logger", "message": "POST success (VFSC2 2026-03-01): cc_withdraw_detail_report_20260303170519.csv, took 50.6s", "service": "cc_reconcile", "stage": "download_davinci", "status": "ok"}
{"timestamp": "2026-03-04T01:05:20+0800", "level": "WARNING", "logger": "etl_logger", "message": "Download failed (VFSC2 2026-03-01) attempt 1: 502 Server Error: Bad Gateway for url: https://report.vantagemarkets.com/api/download/cc_withdraw_detail_report_20260303170519.csv, took 0.8s", "service": "cc_reconcile", "stage": "download_davinci", "status": "ok"}
{"timestamp": "2026-03-04T01:05:26+0800", "level": "INFO", "logger": "etl_logger", "message": "Download success (VFSC2 2026-03-01): cc_withdraw_detail_report_20260303170519.csv, took 1.6s", "service": "cc_reconcile", "stage": "download_davinci", "status": "ok"}
{"timestamp": "2026-03-04T01:06:09+0800", "level": "WARNING", "logger": "etl_logger", "message": "POST failed (VFSC2 2026-03-02) attempt 1: 500 Server Error: Internal Server Error for url: https://report.vantagemarkets.com/api/cc-detail/download, took 42.1s", "service": "cc_reconcile", "stage": "download_davinci", "status": "ok"}
{"timestamp": "2026-03-04T01:07:09+0800", "level": "INFO", "logger": "etl_logger", "message": "POST success (VFSC2 2026-03-02): cc_withdraw_detail_report_20260303170709.csv, took 55.7s", "service": "cc_reconcile", "stage": "download_davinci", "status": "ok"}
{"timestamp": "2026-03-04T01:07:17+0800", "level": "INFO", "logger": "etl_logger", "message": "Download success (VFSC2 2026-03-02): cc_withdraw_detail_report_20260303170709.csv, took 7.8s", "service": "cc_reconcile", "stage": "download_davinci", "status": "ok"}
{"timestamp": "2026-03-04T01:08:09+0800", "level": "INFO", "logger": "etl_logger", "message": "POST success (VFSC2 2026-03-03): cc_withdraw_detail_report_20260303170808.csv, took 51.5s", "service": "cc_reconcile", "stage": "download_davinci", "status": "ok"}
{"timestamp": "2026-03-04T01:08:12+0800", "level": "INFO", "logger": "etl_logger", "message": "Download success (VFSC2 2026-03-03): cc_withdraw_detail_report_20260303170808.csv, took 3.1s", "service": "cc_reconcile", "stage": "download_davinci", "status": "ok"}
{"timestamp": "2026-03-04T01:08:12+0800", "level": "INFO", "logger": "etl_logger", "message": "Finish downloading Davinci CC - VFSC2 Report", "service": "cc_reconcile", "stage": "download_davinci", "status": "ok"}
{"timestamp": "2026-03-04T01:08:12+0800", "level": "INFO", "logger": "etl_logger", "message": "Finish downloading Davinci CC Report for all brands, total rows: 50292", "service": "cc_reconcile", "stage": "download_davinci", "status": "ok"}
{"timestamp": "2026-03-04T01:08:12+0800", "level": "INFO", "logger": "etl_logger", "message": "Download CRM CC Report Finish ，Total: 50292", "service": "cc_reconcile", "stage": "download", "status": "ok"}
{"timestamp": "2026-03-04T01:08:12+0800", "level": "INFO", "logger": "etl_logger", "message": "Start reconcile...", "service": "cc_reconcile", "stage": "reconcile", "status": "ok"}
{"timestamp": "2026-03-04T01:08:13+0800", "level": "INFO", "logger": "etl_logger", "message": "Reconcile Finish ，Total Mismatch Case: 0", "service": "cc_reconcile", "stage": "reconcile", "status": "ok"}
{"timestamp": "2026-03-04T01:08:13+0800", "level": "INFO", "logger": "etl_logger", "message": "Connect Lark Finish", "service": "cc_reconcile", "stage": "lark", "status": "ok"}
{"timestamp": "2026-03-04T01:08:13+0800", "level": "INFO", "logger": "etl_logger", "message": "Start query existing data in LarkSheet...", "service": "cc_reconcile", "stage": "lark", "status": "ok"}
{"timestamp": "2026-03-04T01:08:14+0800", "level": "INFO", "logger": "etl_logger", "message": "Query existing data in LarkSheet Finish", "service": "cc_reconcile", "stage": "lark", "status": "ok"}
{"timestamp": "2026-03-04T01:08:14+0800", "level": "INFO", "logger": "etl_logger", "message": "Total unique keys in LarkSheet: 157, Total new mismatch cases to upload: 0", "service": "cc_reconcile", "stage": "lark", "status": "ok"}
{"timestamp": "2026-03-04T01:08:14+0800", "level": "INFO", "logger": "etl_logger", "message": "Append data to LarkSheet with range: Kalw4Y!A2:L3, rows: 1, columns: 12", "service": "cc_reconcile", "stage": "lark", "status": "ok"}
{"timestamp": "2026-03-04T01:08:14+0800", "level": "INFO", "logger": "etl_logger", "message": "✅ Successfully appended data to LarkSheet", "service": "cc_reconcile", "stage": "lark", "status": "ok"}
{"timestamp": "2026-03-04T01:08:16+0800", "level": "INFO", "logger": "etl_logger", "message": "Upload data to LarkSheet Finish", "service": "cc_reconcile", "stage": "lark", "status": "ok"}
{"timestamp": "2026-03-04T02:00:01+0800", "level": "INFO", "logger": "etl_logger", "message": "Start download reports...", "service": "cc_reconcile", "stage": "download", "status": "ok"}
{"timestamp": "2026-03-04T02:00:05+0800", "level": "INFO", "logger": "etl_logger", "message": "Payabl Login Success and Get Token Success", "service": "cc_reconcile", "stage": "download_payabl", "status": "ok"}
{"timestamp": "2026-03-04T02:00:05+0800", "level": "INFO", "logger": "etl_logger", "message": "Start downloading Payabl CC Report for date: 2026-03-03...", "service": "cc_reconcile", "stage": "download_payabl", "status": "ok"}
{"timestamp": "2026-03-04T02:00:46+0800", "level": "INFO", "logger": "etl_logger", "message": "Start downloading Payabl CC Report for date: 2026-03-04...", "service": "cc_reconcile", "stage": "download_payabl", "status": "ok"}
{"timestamp": "2026-03-04T02:00:53+0800", "level": "INFO", "logger": "etl_logger", "message": "Finish downloading Payabl CC Report", "service": "cc_reconcile", "stage": "download_payabl", "status": "ok"}
{"timestamp": "2026-03-04T02:00:53+0800", "level": "INFO", "logger": "etl_logger", "message": "Download Payabl CC Report Finish ，Total: 71333", "service": "cc_reconcile", "stage": "download", "status": "ok"}
{"timestamp": "2026-03-04T02:00:53+0800", "level": "INFO", "logger": "etl_logger", "message": "Login attempt 1/5", "service": "cc_reconcile", "stage": "download_davinci", "status": "ok"}
{"timestamp": "2026-03-04T02:00:54+0800", "level": "INFO", "logger": "etl_logger", "message": "Login response status=200, url=https://admin.vantagemarkets.com/admin/main, cookies=4", "service": "cc_reconcile", "stage": "download_davinci", "status": "ok"}
{"timestamp": "2026-03-04T02:00:54+0800", "level": "INFO", "logger": "etl_logger", "message": "Login successful", "service": "cc_reconcile", "stage": "download_davinci", "status": "ok"}
{"timestamp": "2026-03-04T02:00:54+0800", "level": "INFO", "logger": "etl_logger", "message": "Token obtained successfully", "service": "cc_reconcile", "stage": "download_davinci", "status": "ok"}
{"timestamp": "2026-03-04T02:00:54+0800", "level": "INFO", "logger": "etl_logger", "message": "Start downloading Davinci CC Report for brand: VFSC...", "service": "cc_reconcile", "stage": "download_davinci", "status": "ok"}
{"timestamp": "2026-03-04T02:00:55+0800", "level": "WARNING", "logger": "etl_logger", "message": "POST failed (VFSC 2026-02-28) attempt 1: 502 Server Error: Bad Gateway for url: https://report.vantagemarkets.com/api/cc-detail/download, took 0.8s", "service": "cc_reconcile", "stage": "download_davinci", "status": "ok"}
{"timestamp": "2026-03-04T02:01:00+0800", "level": "WARNING", "logger": "etl_logger", "message": "POST failed (VFSC 2026-02-28) attempt 2: 502 Server Error: Bad Gateway for url: https://report.vantagemarkets.com/api/cc-detail/download, took 0.2s", "service": "cc_reconcile", "stage": "download_davinci", "status": "ok"}
{"timestamp": "2026-03-04T02:01:23+0800", "level": "INFO", "logger": "etl_logger", "message": "POST success (VFSC 2026-02-28): cc_withdraw_detail_report_20260303180123.csv, took 18.0s", "service": "cc_reconcile", "stage": "download_davinci", "status": "ok"}
{"timestamp": "2026-03-04T02:01:25+0800", "level": "INFO", "logger": "etl_logger", "message": "Download success (VFSC 2026-02-28): cc_withdraw_detail_report_20260303180123.csv, took 1.7s", "service": "cc_reconcile", "stage": "download_davinci", "status": "ok"}
{"timestamp": "2026-03-04T02:01:49+0800", "level": "INFO", "logger": "etl_logger", "message": "POST success (VFSC 2026-03-01): cc_withdraw_detail_report_20260303180149.csv, took 24.5s", "service": "cc_reconcile", "stage": "download_davinci", "status": "ok"}
{"timestamp": "2026-03-04T02:01:50+0800", "level": "WARNING", "logger": "etl_logger", "message": "Download failed (VFSC 2026-03-01) attempt 1: 502 Server Error: Bad Gateway for url: https://report.vantagemarkets.com/api/download/cc_withdraw_detail_report_20260303180149.csv, took 1.0s", "service": "cc_reconcile", "stage": "download_davinci", "status": "ok"}
{"timestamp": "2026-03-04T02:01:57+0800", "level": "WARNING", "logger": "etl_logger", "message": "Download failed (VFSC 2026-03-01) attempt 2: 502 Server Error: Bad Gateway for url: https://report.vantagemarkets.com/api/download/cc_withdraw_detail_report_20260303180149.csv, took 1.7s", "service": "cc_reconcile", "stage": "download_davinci", "status": "ok"}
{"timestamp": "2026-03-04T02:02:05+0800", "level": "INFO", "logger": "etl_logger", "message": "Download success (VFSC 2026-03-01): cc_withdraw_detail_report_20260303180149.csv, took 2.6s", "service": "cc_reconcile", "stage": "download_davinci", "status": "ok"}
{"timestamp": "2026-03-04T02:02:05+0800", "level": "WARNING", "logger": "etl_logger", "message": "POST failed (VFSC 2026-03-02) attempt 1: 502 Server Error: Bad Gateway for url: https://report.vantagemarkets.com/api/cc-detail/download, took 0.2s", "service": "cc_reconcile", "stage": "download_davinci", "status": "ok"}
{"timestamp": "2026-03-04T02:02:10+0800", "level": "WARNING", "logger": "etl_logger", "message": "POST failed (VFSC 2026-03-02) attempt 2: 502 Server Error: Bad Gateway for url: https://report.vantagemarkets.com/api/cc-detail/download, took 0.2s", "service": "cc_reconcile", "stage": "download_davinci", "status": "ok"}
{"timestamp": "2026-03-04T02:02:35+0800", "level": "INFO", "logger": "etl_logger", "message": "POST success (VFSC 2026-03-02): cc_withdraw_detail_report_20260303180235.csv, took 19.6s", "service": "cc_reconcile", "stage": "download_davinci", "status": "ok"}
{"timestamp": "2026-03-04T02:02:36+0800", "level": "WARNING", "logger": "etl_logger", "message": "Download failed (VFSC 2026-03-02) attempt 1: 502 Server Error: Bad Gateway for url: https://report.vantagemarkets.com/api/download/cc_withdraw_detail_report_20260303180235.csv, took 1.0s", "service": "cc_reconcile", "stage": "download_davinci", "status": "ok"}
{"timestamp": "2026-03-04T02:02:42+0800", "level": "WARNING", "logger": "etl_logger", "message": "Download failed (VFSC 2026-03-02) attempt 2: 502 Server Error: Bad Gateway for url: https://report.vantagemarkets.com/api/download/cc_withdraw_detail_report_20260303180235.csv, took 0.8s", "service": "cc_reconcile", "stage": "download_davinci", "status": "ok"}
{"timestamp": "2026-03-04T02:02:49+0800", "level": "INFO", "logger": "etl_logger", "message": "Download success (VFSC 2026-03-02): cc_withdraw_detail_report_20260303180235.csv, took 2.1s", "service": "cc_reconcile", "stage": "download_davinci", "status": "ok"}
{"timestamp": "2026-03-04T02:02:49+0800", "level": "WARNING", "logger": "etl_logger", "message": "POST failed (VFSC 2026-03-03) attempt 1: 502 Server Error: Bad Gateway for url: https://report.vantagemarkets.com/api/cc-detail/download, took 0.2s", "service": "cc_reconcile", "stage": "download_davinci", "status": "ok"}
{"timestamp": "2026-03-04T02:03:14+0800", "level": "INFO", "logger": "etl_logger", "message": "POST success (VFSC 2026-03-03): cc_withdraw_detail_report_20260303180314.csv, took 20.2s", "service": "cc_reconcile", "stage": "download_davinci", "status": "ok"}
{"timestamp": "2026-03-04T02:03:17+0800", "level": "INFO", "logger": "etl_logger", "message": "Download success (VFSC 2026-03-03): cc_withdraw_detail_report_20260303180314.csv, took 2.4s", "service": "cc_reconcile", "stage": "download_davinci", "status": "ok"}
{"timestamp": "2026-03-04T02:03:17+0800", "level": "INFO", "logger": "etl_logger", "message": "Finish downloading Davinci CC - VFSC Report", "service": "cc_reconcile", "stage": "download_davinci", "status": "ok"}
{"timestamp": "2026-03-04T02:03:17+0800", "level": "INFO", "logger": "etl_logger", "message": "Start downloading Davinci CC Report for brand: VFSC2...", "service": "cc_reconcile", "stage": "download_davinci", "status": "ok"}
{"timestamp": "2026-03-04T02:04:15+0800", "level": "INFO", "logger": "etl_logger", "message": "POST success (VFSC2 2026-02-28): cc_withdraw_detail_report_20260303180415.csv, took 58.4s", "service": "cc_reconcile", "stage": "download_davinci", "status": "ok"}
{"timestamp": "2026-03-04T02:04:18+0800", "level": "INFO", "logger": "etl_logger", "message": "Download success (VFSC2 2026-02-28): cc_withdraw_detail_report_20260303180415.csv, took 2.9s", "service": "cc_reconcile", "stage": "download_davinci", "status": "ok"}
{"timestamp": "2026-03-04T02:04:18+0800", "level": "WARNING", "logger": "etl_logger", "message": "POST failed (VFSC2 2026-03-01) attempt 1: 502 Server Error: Bad Gateway for url: https://report.vantagemarkets.com/api/cc-detail/download, took 0.2s", "service": "cc_reconcile", "stage": "download_davinci", "status": "ok"}
{"timestamp": "2026-03-04T02:05:13+0800", "level": "INFO", "logger": "etl_logger", "message": "POST success (VFSC2 2026-03-01): cc_withdraw_detail_report_20260303180513.csv, took 49.7s", "service": "cc_reconcile", "stage": "download_davinci", "status": "ok"}
{"timestamp": "2026-03-04T02:05:16+0800", "level": "INFO", "logger": "etl_logger", "message": "Download success (VFSC2 2026-03-01): cc_withdraw_detail_report_20260303180513.csv, took 2.8s", "service": "cc_reconcile", "stage": "download_davinci", "status": "ok"}
{"timestamp": "2026-03-04T02:05:16+0800", "level": "WARNING", "logger": "etl_logger", "message": "POST failed (VFSC2 2026-03-02) attempt 1: 502 Server Error: Bad Gateway for url: https://report.vantagemarkets.com/api/cc-detail/download, took 0.2s", "service": "cc_reconcile", "stage": "download_davinci", "status": "ok"}
{"timestamp": "2026-03-04T02:06:19+0800", "level": "INFO", "logger": "etl_logger", "message": "POST success (VFSC2 2026-03-02): cc_withdraw_detail_report_20260303180618.csv, took 57.4s", "service": "cc_reconcile", "stage": "download_davinci", "status": "ok"}
{"timestamp": "2026-03-04T02:06:21+0800", "level": "INFO", "logger": "etl_logger", "message": "Download success (VFSC2 2026-03-02): cc_withdraw_detail_report_20260303180618.csv, took 2.9s", "service": "cc_reconcile", "stage": "download_davinci", "status": "ok"}
{"timestamp": "2026-03-04T02:06:22+0800", "level": "WARNING", "logger": "etl_logger", "message": "POST failed (VFSC2 2026-03-03) attempt 1: 502 Server Error: Bad Gateway for url: https://report.vantagemarkets.com/api/cc-detail/download, took 0.2s", "service": "cc_reconcile", "stage": "download_davinci", "status": "ok"}
{"timestamp": "2026-03-04T02:07:09+0800", "level": "WARNING", "logger": "etl_logger", "message": "POST failed (VFSC2 2026-03-03) attempt 2: 500 Server Error: Internal Server Error for url: https://report.vantagemarkets.com/api/cc-detail/download, took 42.3s", "service": "cc_reconcile", "stage": "download_davinci", "status": "ok"}
{"timestamp": "2026-03-04T02:07:14+0800", "level": "WARNING", "logger": "etl_logger", "message": "POST failed (VFSC2 2026-03-03) attempt 3: 502 Server Error: Bad Gateway for url: https://report.vantagemarkets.com/api/cc-detail/download, took 0.2s", "service": "cc_reconcile", "stage": "download_davinci", "status": "ok"}
{"timestamp": "2026-03-04T02:08:11+0800", "level": "INFO", "logger": "etl_logger", "message": "POST success (VFSC2 2026-03-03): cc_withdraw_detail_report_20260303180811.csv, took 52.2s", "service": "cc_reconcile", "stage": "download_davinci", "status": "ok"}
{"timestamp": "2026-03-04T02:08:14+0800", "level": "INFO", "logger": "etl_logger", "message": "Download success (VFSC2 2026-03-03): cc_withdraw_detail_report_20260303180811.csv, took 3.0s", "service": "cc_reconcile", "stage": "download_davinci", "status": "ok"}
{"timestamp": "2026-03-04T02:08:15+0800", "level": "INFO", "logger": "etl_logger", "message": "Finish downloading Davinci CC - VFSC2 Report", "service": "cc_reconcile", "stage": "download_davinci", "status": "ok"}
{"timestamp": "2026-03-04T02:08:15+0800", "level": "INFO", "logger": "etl_logger", "message": "Finish downloading Davinci CC Report for all brands, total rows: 51320", "service": "cc_reconcile", "stage": "download_davinci", "status": "ok"}
{"timestamp": "2026-03-04T02:08:15+0800", "level": "INFO", "logger": "etl_logger", "message": "Download CRM CC Report Finish ，Total: 51320", "service": "cc_reconcile", "stage": "download", "status": "ok"}
{"timestamp": "2026-03-04T02:08:15+0800", "level": "INFO", "logger": "etl_logger", "message": "Start reconcile...", "service": "cc_reconcile", "stage": "reconcile", "status": "ok"}
{"timestamp": "2026-03-04T02:08:15+0800", "level": "INFO", "logger": "etl_logger", "message": "Reconcile Finish ，Total Mismatch Case: 0", "service": "cc_reconcile", "stage": "reconcile", "status": "ok"}
{"timestamp": "2026-03-04T02:08:16+0800", "level": "INFO", "logger": "etl_logger", "message": "Connect Lark Finish", "service": "cc_reconcile", "stage": "lark", "status": "ok"}
{"timestamp": "2026-03-04T02:08:16+0800", "level": "INFO", "logger": "etl_logger", "message": "Start query existing data in LarkSheet...", "service": "cc_reconcile", "stage": "lark", "status": "ok"}
{"timestamp": "2026-03-04T02:08:17+0800", "level": "INFO", "logger": "etl_logger", "message": "Query existing data in LarkSheet Finish", "service": "cc_reconcile", "stage": "lark", "status": "ok"}
{"timestamp": "2026-03-04T02:08:17+0800", "level": "INFO", "logger": "etl_logger", "message": "Total unique keys in LarkSheet: 157, Total new mismatch cases to upload: 0", "service": "cc_reconcile", "stage": "lark", "status": "ok"}
{"timestamp": "2026-03-04T02:08:17+0800", "level": "INFO", "logger": "etl_logger", "message": "Append data to LarkSheet with range: Kalw4Y!A2:L3, rows: 1, columns: 12", "service": "cc_reconcile", "stage": "lark", "status": "ok"}
{"timestamp": "2026-03-04T02:08:17+0800", "level": "INFO", "logger": "etl_logger", "message": "✅ Successfully appended data to LarkSheet", "service": "cc_reconcile", "stage": "lark", "status": "ok"}
{"timestamp": "2026-03-04T02:08:18+0800", "level": "INFO", "logger": "etl_logger", "message": "Upload data to LarkSheet Finish", "service": "cc_reconcile", "stage": "lark", "status": "ok"}
{"timestamp": "2026-03-04T03:00:01+0800", "level": "INFO", "logger": "etl_logger", "message": "Start download reports...", "service": "cc_reconcile", "stage": "download", "status": "ok"}
{"timestamp": "2026-03-04T03:00:04+0800", "level": "INFO", "logger": "etl_logger", "message": "Payabl Login Success and Get Token Success", "service": "cc_reconcile", "stage": "download_payabl", "status": "ok"}
{"timestamp": "2026-03-04T03:00:04+0800", "level": "INFO", "logger": "etl_logger", "message": "Start downloading Payabl CC Report for date: 2026-03-03...", "service": "cc_reconcile", "stage": "download_payabl", "status": "ok"}
{"timestamp": "2026-03-04T03:00:50+0800", "level": "INFO", "logger": "etl_logger", "message": "Start downloading Payabl CC Report for date: 2026-03-04...", "service": "cc_reconcile", "stage": "download_payabl", "status": "ok"}
{"timestamp": "2026-03-04T03:00:58+0800", "level": "INFO", "logger": "etl_logger", "message": "Finish downloading Payabl CC Report", "service": "cc_reconcile", "stage": "download_payabl", "status": "ok"}
{"timestamp": "2026-03-04T03:00:58+0800", "level": "INFO", "logger": "etl_logger", "message": "Download Payabl CC Report Finish ，Total: 74934", "service": "cc_reconcile", "stage": "download", "status": "ok"}
{"timestamp": "2026-03-04T03:00:58+0800", "level": "INFO", "logger": "etl_logger", "message": "Login attempt 1/5", "service": "cc_reconcile", "stage": "download_davinci", "status": "ok"}
{"timestamp": "2026-03-04T03:00:59+0800", "level": "INFO", "logger": "etl_logger", "message": "Login response status=200, url=https://admin.vantagemarkets.com/admin/main, cookies=4", "service": "cc_reconcile", "stage": "download_davinci", "status": "ok"}
{"timestamp": "2026-03-04T03:00:59+0800", "level": "INFO", "logger": "etl_logger", "message": "Login successful", "service": "cc_reconcile", "stage": "download_davinci", "status": "ok"}
{"timestamp": "2026-03-04T03:00:59+0800", "level": "INFO", "logger": "etl_logger", "message": "Token obtained successfully", "service": "cc_reconcile", "stage": "download_davinci", "status": "ok"}
{"timestamp": "2026-03-04T03:00:59+0800", "level": "INFO", "logger": "etl_logger", "message": "Start downloading Davinci CC Report for brand: VFSC...", "service": "cc_reconcile", "stage": "download_davinci", "status": "ok"}
{"timestamp": "2026-03-04T03:01:00+0800", "level": "WARNING", "logger": "etl_logger", "message": "POST failed (VFSC 2026-02-28) attempt 1: 502 Server Error: Bad Gateway for url: https://report.vantagemarkets.com/api/cc-detail/download, took 0.8s", "service": "cc_reconcile", "stage": "download_davinci", "status": "ok"}
{"timestamp": "2026-03-04T03:01:23+0800", "level": "INFO", "logger": "etl_logger", "message": "POST success (VFSC 2026-02-28): cc_withdraw_detail_report_20260303190123.csv, took 18.3s", "service": "cc_reconcile", "stage": "download_davinci", "status": "ok"}
{"timestamp": "2026-03-04T03:01:25+0800", "level": "INFO", "logger": "etl_logger", "message": "Download success (VFSC 2026-02-28): cc_withdraw_detail_report_20260303190123.csv, took 1.7s", "service": "cc_reconcile", "stage": "download_davinci", "status": "ok"}
{"timestamp": "2026-03-04T03:01:44+0800", "level": "INFO", "logger": "etl_logger", "message": "POST success (VFSC 2026-03-01): cc_withdraw_detail_report_20260303190144.csv, took 18.6s", "service": "cc_reconcile", "stage": "download_davinci", "status": "ok"}
{"timestamp": "2026-03-04T03:01:46+0800", "level": "INFO", "logger": "etl_logger", "message": "Download success (VFSC 2026-03-01): cc_withdraw_detail_report_20260303190144.csv, took 1.7s", "service": "cc_reconcile", "stage": "download_davinci", "status": "ok"}
{"timestamp": "2026-03-04T03:02:04+0800", "level": "INFO", "logger": "etl_logger", "message": "POST success (VFSC 2026-03-02): cc_withdraw_detail_report_20260303190204.csv, took 18.4s", "service": "cc_reconcile", "stage": "download_davinci", "status": "ok"}
{"timestamp": "2026-03-04T03:02:05+0800", "level": "WARNING", "logger": "etl_logger", "message": "Download failed (VFSC 2026-03-02) attempt 1: 502 Server Error: Bad Gateway for url: https://report.vantagemarkets.com/api/download/cc_withdraw_detail_report_20260303190204.csv, took 1.0s", "service": "cc_reconcile", "stage": "download_davinci", "status": "ok"}
{"timestamp": "2026-03-04T03:02:11+0800", "level": "WARNING", "logger": "etl_logger", "message": "Download failed (VFSC 2026-03-02) attempt 2: 502 Server Error: Bad Gateway for url: https://report.vantagemarkets.com/api/download/cc_withdraw_detail_report_20260303190204.csv, took 1.0s", "service": "cc_reconcile", "stage": "download_davinci", "status": "ok"}
{"timestamp": "2026-03-04T03:02:16+0800", "level": "WARNING", "logger": "etl_logger", "message": "Download failed (VFSC 2026-03-02) attempt 3: 502 Server Error: Bad Gateway for url: https://report.vantagemarkets.com/api/download/cc_withdraw_detail_report_20260303190204.csv, took 0.3s", "service": "cc_reconcile", "stage": "download_davinci", "status": "ok"}
{"timestamp": "2026-03-04T03:02:22+0800", "level": "WARNING", "logger": "etl_logger", "message": "Download failed (VFSC 2026-03-02) attempt 4: 502 Server Error: Bad Gateway for url: https://report.vantagemarkets.com/api/download/cc_withdraw_detail_report_20260303190204.csv, took 0.4s", "service": "cc_reconcile", "stage": "download_davinci", "status": "ok"}
{"timestamp": "2026-03-04T03:02:29+0800", "level": "INFO", "logger": "etl_logger", "message": "Download success (VFSC 2026-03-02): cc_withdraw_detail_report_20260303190204.csv, took 1.8s", "service": "cc_reconcile", "stage": "download_davinci", "status": "ok"}
{"timestamp": "2026-03-04T03:02:29+0800", "level": "WARNING", "logger": "etl_logger", "message": "POST failed (VFSC 2026-03-03) attempt 1: 502 Server Error: Bad Gateway for url: https://report.vantagemarkets.com/api/cc-detail/download, took 0.2s", "service": "cc_reconcile", "stage": "download_davinci", "status": "ok"}
{"timestamp": "2026-03-04T03:02:34+0800", "level": "WARNING", "logger": "etl_logger", "message": "POST failed (VFSC 2026-03-03) attempt 2: 502 Server Error: Bad Gateway for url: https://report.vantagemarkets.com/api/cc-detail/download, took 0.2s", "service": "cc_reconcile", "stage": "download_davinci", "status": "ok"}
{"timestamp": "2026-03-04T03:02:57+0800", "level": "INFO", "logger": "etl_logger", "message": "POST success (VFSC 2026-03-03): cc_withdraw_detail_report_20260303190257.csv, took 17.9s", "service": "cc_reconcile", "stage": "download_davinci", "status": "ok"}
{"timestamp": "2026-03-04T03:02:59+0800", "level": "INFO", "logger": "etl_logger", "message": "Download success (VFSC 2026-03-03): cc_withdraw_detail_report_20260303190257.csv, took 2.4s", "service": "cc_reconcile", "stage": "download_davinci", "status": "ok"}
{"timestamp": "2026-03-04T03:02:59+0800", "level": "INFO", "logger": "etl_logger", "message": "Finish downloading Davinci CC - VFSC Report", "service": "cc_reconcile", "stage": "download_davinci", "status": "ok"}
{"timestamp": "2026-03-04T03:02:59+0800", "level": "INFO", "logger": "etl_logger", "message": "Start downloading Davinci CC Report for brand: VFSC2...", "service": "cc_reconcile", "stage": "download_davinci", "status": "ok"}
{"timestamp": "2026-03-04T03:03:00+0800", "level": "WARNING", "logger": "etl_logger", "message": "POST failed (VFSC2 2026-02-28) attempt 1: 502 Server Error: Bad Gateway for url: https://report.vantagemarkets.com/api/cc-detail/download, took 0.3s", "service": "cc_reconcile", "stage": "download_davinci", "status": "ok"}
{"timestamp": "2026-03-04T03:03:56+0800", "level": "INFO", "logger": "etl_logger", "message": "POST success (VFSC2 2026-02-28): cc_withdraw_detail_report_20260303190356.csv, took 51.2s", "service": "cc_reconcile", "stage": "download_davinci", "status": "ok"}
{"timestamp": "2026-03-04T03:03:57+0800", "level": "WARNING", "logger": "etl_logger", "message": "Download failed (VFSC2 2026-02-28) attempt 1: 502 Server Error: Bad Gateway for url: https://report.vantagemarkets.com/api/download/cc_withdraw_detail_report_20260303190356.csv, took 1.0s", "service": "cc_reconcile", "stage": "download_davinci", "status": "ok"}
{"timestamp": "2026-03-04T03:04:03+0800", "level": "WARNING", "logger": "etl_logger", "message": "Download failed (VFSC2 2026-02-28) attempt 2: 502 Server Error: Bad Gateway for url: https://report.vantagemarkets.com/api/download/cc_withdraw_detail_report_20260303190356.csv, took 0.7s", "service": "cc_reconcile", "stage": "download_davinci", "status": "ok"}
{"timestamp": "2026-03-04T03:04:10+0800", "level": "INFO", "logger": "etl_logger", "message": "Download success (VFSC2 2026-02-28): cc_withdraw_detail_report_20260303190356.csv, took 2.0s", "service": "cc_reconcile", "stage": "download_davinci", "status": "ok"}
{"timestamp": "2026-03-04T03:04:59+0800", "level": "INFO", "logger": "etl_logger", "message": "POST success (VFSC2 2026-03-01): cc_withdraw_detail_report_20260303190459.csv, took 49.6s", "service": "cc_reconcile", "stage": "download_davinci", "status": "ok"}
{"timestamp": "2026-03-04T03:05:00+0800", "level": "WARNING", "logger": "etl_logger", "message": "Download failed (VFSC2 2026-03-01) attempt 1: 502 Server Error: Bad Gateway for url: https://report.vantagemarkets.com/api/download/cc_withdraw_detail_report_20260303190459.csv, took 1.0s", "service": "cc_reconcile", "stage": "download_davinci", "status": "ok"}
{"timestamp": "2026-03-04T03:05:06+0800", "level": "WARNING", "logger": "etl_logger", "message": "Download failed (VFSC2 2026-03-01) attempt 2: 502 Server Error: Bad Gateway for url: https://report.vantagemarkets.com/api/download/cc_withdraw_detail_report_20260303190459.csv, took 0.8s", "service": "cc_reconcile", "stage": "download_davinci", "status": "ok"}
{"timestamp": "2026-03-04T03:05:12+0800", "level": "WARNING", "logger": "etl_logger", "message": "Download failed (VFSC2 2026-03-01) attempt 3: 502 Server Error: Bad Gateway for url: https://report.vantagemarkets.com/api/download/cc_withdraw_detail_report_20260303190459.csv, took 0.4s", "service": "cc_reconcile", "stage": "download_davinci", "status": "ok"}
{"timestamp": "2026-03-04T03:05:17+0800", "level": "WARNING", "logger": "etl_logger", "message": "Download failed (VFSC2 2026-03-01) attempt 4: 502 Server Error: Bad Gateway for url: https://report.vantagemarkets.com/api/download/cc_withdraw_detail_report_20260303190459.csv, took 0.2s", "service": "cc_reconcile", "stage": "download_davinci", "status": "ok"}
{"timestamp": "2026-03-04T03:05:22+0800", "level": "WARNING", "logger": "etl_logger", "message": "Download failed (VFSC2 2026-03-01) attempt 5: 502 Server Error: Bad Gateway for url: https://report.vantagemarkets.com/api/download/cc_withdraw_detail_report_20260303190459.csv, took 0.3s", "service": "cc_reconcile", "stage": "download_davinci", "status": "ok"}
{"timestamp": "2026-03-04T03:05:27+0800", "level": "WARNING", "logger": "etl_logger", "message": "Download failed (VFSC2 2026-03-01) attempt 6: 502 Server Error: Bad Gateway for url: https://report.vantagemarkets.com/api/download/cc_withdraw_detail_report_20260303190459.csv, took 0.2s", "service": "cc_reconcile", "stage": "download_davinci", "status": "ok"}
{"timestamp": "2026-03-04T03:05:34+0800", "level": "INFO", "logger": "etl_logger", "message": "Download success (VFSC2 2026-03-01): cc_withdraw_detail_report_20260303190459.csv, took 2.0s", "service": "cc_reconcile", "stage": "download_davinci", "status": "ok"}
{"timestamp": "2026-03-04T03:05:35+0800", "level": "WARNING", "logger": "etl_logger", "message": "POST failed (VFSC2 2026-03-02) attempt 1: 502 Server Error: Bad Gateway for url: https://report.vantagemarkets.com/api/cc-detail/download, took 0.2s", "service": "cc_reconcile", "stage": "download_davinci", "status": "ok"}
{"timestamp": "2026-03-04T03:07:45+0800", "level": "WARNING", "logger": "etl_logger", "message": "POST failed (VFSC2 2026-03-02) attempt 2: 524 Server Error:  for url: https://report.vantagemarkets.com/api/cc-detail/download, took 125.0s", "service": "cc_reconcile", "stage": "download_davinci", "status": "ok"}
{"timestamp": "2026-03-04T03:09:19+0800", "level": "INFO", "logger": "etl_logger", "message": "POST success (VFSC2 2026-03-02): cc_withdraw_detail_report_20260303190918.csv, took 89.1s", "service": "cc_reconcile", "stage": "download_davinci", "status": "ok"}
{"timestamp": "2026-03-04T03:09:22+0800", "level": "INFO", "logger": "etl_logger", "message": "Download success (VFSC2 2026-03-02): cc_withdraw_detail_report_20260303190918.csv, took 3.5s", "service": "cc_reconcile", "stage": "download_davinci", "status": "ok"}
{"timestamp": "2026-03-04T03:10:15+0800", "level": "INFO", "logger": "etl_logger", "message": "POST success (VFSC2 2026-03-03): cc_withdraw_detail_report_20260303191015.csv, took 53.1s", "service": "cc_reconcile", "stage": "download_davinci", "status": "ok"}
{"timestamp": "2026-03-04T03:10:18+0800", "level": "INFO", "logger": "etl_logger", "message": "Download success (VFSC2 2026-03-03): cc_withdraw_detail_report_20260303191015.csv, took 3.1s", "service": "cc_reconcile", "stage": "download_davinci", "status": "ok"}
{"timestamp": "2026-03-04T03:10:19+0800", "level": "INFO", "logger": "etl_logger", "message": "Finish downloading Davinci CC - VFSC2 Report", "service": "cc_reconcile", "stage": "download_davinci", "status": "ok"}
{"timestamp": "2026-03-04T03:10:19+0800", "level": "INFO", "logger": "etl_logger", "message": "Finish downloading Davinci CC Report for all brands, total rows: 52559", "service": "cc_reconcile", "stage": "download_davinci", "status": "ok"}
{"timestamp": "2026-03-04T03:10:19+0800", "level": "INFO", "logger": "etl_logger", "message": "Download CRM CC Report Finish ，Total: 52559", "service": "cc_reconcile", "stage": "download", "status": "ok"}
{"timestamp": "2026-03-04T03:10:19+0800", "level": "INFO", "logger": "etl_logger", "message": "Start reconcile...", "service": "cc_reconcile", "stage": "reconcile", "status": "ok"}
{"timestamp": "2026-03-04T03:10:19+0800", "level": "INFO", "logger": "etl_logger", "message": "Reconcile Finish ，Total Mismatch Case: 0", "service": "cc_reconcile", "stage": "reconcile", "status": "ok"}
{"timestamp": "2026-03-04T03:10:20+0800", "level": "INFO", "logger": "etl_logger", "message": "Connect Lark Finish", "service": "cc_reconcile", "stage": "lark", "status": "ok"}
{"timestamp": "2026-03-04T03:10:20+0800", "level": "INFO", "logger": "etl_logger", "message": "Start query existing data in LarkSheet...", "service": "cc_reconcile", "stage": "lark", "status": "ok"}
{"timestamp": "2026-03-04T03:10:21+0800", "level": "INFO", "logger": "etl_logger", "message": "Query existing data in LarkSheet Finish", "service": "cc_reconcile", "stage": "lark", "status": "ok"}
{"timestamp": "2026-03-04T03:10:21+0800", "level": "INFO", "logger": "etl_logger", "message": "Total unique keys in LarkSheet: 157, Total new mismatch cases to upload: 0", "service": "cc_reconcile", "stage": "lark", "status": "ok"}
{"timestamp": "2026-03-04T03:10:21+0800", "level": "INFO", "logger": "etl_logger", "message": "Append data to LarkSheet with range: Kalw4Y!A2:L3, rows: 1, columns: 12", "service": "cc_reconcile", "stage": "lark", "status": "ok"}
{"timestamp": "2026-03-04T03:10:21+0800", "level": "INFO", "logger": "etl_logger", "message": "✅ Successfully appended data to LarkSheet", "service": "cc_reconcile", "stage": "lark", "status": "ok"}
{"timestamp": "2026-03-04T03:10:22+0800", "level": "INFO", "logger": "etl_logger", "message": "Upload data to LarkSheet Finish", "service": "cc_reconcile", "stage": "lark", "status": "ok"}
{"timestamp": "2026-03-04T04:00:01+0800", "level": "INFO", "logger": "etl_logger", "message": "Start download reports...", "service": "cc_reconcile", "stage": "download", "status": "ok"}
{"timestamp": "2026-03-04T04:00:04+0800", "level": "INFO", "logger": "etl_logger", "message": "Payabl Login Success and Get Token Success", "service": "cc_reconcile", "stage": "download_payabl", "status": "ok"}
{"timestamp": "2026-03-04T04:00:04+0800", "level": "INFO", "logger": "etl_logger", "message": "Start downloading Payabl CC Report for date: 2026-03-03...", "service": "cc_reconcile", "stage": "download_payabl", "status": "ok"}
{"timestamp": "2026-03-04T04:00:47+0800", "level": "INFO", "logger": "etl_logger", "message": "Start downloading Payabl CC Report for date: 2026-03-04...", "service": "cc_reconcile", "stage": "download_payabl", "status": "ok"}
{"timestamp": "2026-03-04T04:00:55+0800", "level": "INFO", "logger": "etl_logger", "message": "Finish downloading Payabl CC Report", "service": "cc_reconcile", "stage": "download_payabl", "status": "ok"}
{"timestamp": "2026-03-04T04:00:55+0800", "level": "INFO", "logger": "etl_logger", "message": "Download Payabl CC Report Finish ，Total: 78360", "service": "cc_reconcile", "stage": "download", "status": "ok"}
{"timestamp": "2026-03-04T04:00:55+0800", "level": "INFO", "logger": "etl_logger", "message": "Login attempt 1/5", "service": "cc_reconcile", "stage": "download_davinci", "status": "ok"}
{"timestamp": "2026-03-04T04:00:57+0800", "level": "INFO", "logger": "etl_logger", "message": "Login response status=200, url=https://admin.vantagemarkets.com/admin/main, cookies=4", "service": "cc_reconcile", "stage": "download_davinci", "status": "ok"}
{"timestamp": "2026-03-04T04:00:57+0800", "level": "INFO", "logger": "etl_logger", "message": "Login successful", "service": "cc_reconcile", "stage": "download_davinci", "status": "ok"}
{"timestamp": "2026-03-04T04:00:57+0800", "level": "INFO", "logger": "etl_logger", "message": "Token obtained successfully", "service": "cc_reconcile", "stage": "download_davinci", "status": "ok"}
{"timestamp": "2026-03-04T04:00:57+0800", "level": "INFO", "logger": "etl_logger", "message": "Start downloading Davinci CC Report for brand: VFSC...", "service": "cc_reconcile", "stage": "download_davinci", "status": "ok"}
{"timestamp": "2026-03-04T04:00:58+0800", "level": "WARNING", "logger": "etl_logger", "message": "POST failed (VFSC 2026-02-28) attempt 1: 502 Server Error: Bad Gateway for url: https://report.vantagemarkets.com/api/cc-detail/download, took 0.8s", "service": "cc_reconcile", "stage": "download_davinci", "status": "ok"}
{"timestamp": "2026-03-04T04:01:03+0800", "level": "WARNING", "logger": "etl_logger", "message": "POST failed (VFSC 2026-02-28) attempt 2: 502 Server Error: Bad Gateway for url: https://report.vantagemarkets.com/api/cc-detail/download, took 0.2s", "service": "cc_reconcile", "stage": "download_davinci", "status": "ok"}
{"timestamp": "2026-03-04T04:01:33+0800", "level": "INFO", "logger": "etl_logger", "message": "POST success (VFSC 2026-02-28): cc_withdraw_detail_report_20260303200133.csv, took 24.5s", "service": "cc_reconcile", "stage": "download_davinci", "status": "ok"}
{"timestamp": "2026-03-04T04:01:34+0800", "level": "INFO", "logger": "etl_logger", "message": "Download success (VFSC 2026-02-28): cc_withdraw_detail_report_20260303200133.csv, took 1.5s", "service": "cc_reconcile", "stage": "download_davinci", "status": "ok"}
{"timestamp": "2026-03-04T04:01:52+0800", "level": "INFO", "logger": "etl_logger", "message": "POST success (VFSC 2026-03-01): cc_withdraw_detail_report_20260303200152.csv, took 18.1s", "service": "cc_reconcile", "stage": "download_davinci", "status": "ok"}
{"timestamp": "2026-03-04T04:01:53+0800", "level": "WARNING", "logger": "etl_logger", "message": "Download failed (VFSC 2026-03-01) attempt 1: 502 Server Error: Bad Gateway for url: https://report.vantagemarkets.com/api/download/cc_withdraw_detail_report_20260303200152.csv, took 1.0s", "service": "cc_reconcile", "stage": "download_davinci", "status": "ok"}
{"timestamp": "2026-03-04T04:02:00+0800", "level": "WARNING", "logger": "etl_logger", "message": "Download failed (VFSC 2026-03-01) attempt 2: 502 Server Error: Bad Gateway for url: https://report.vantagemarkets.com/api/download/cc_withdraw_detail_report_20260303200152.csv, took 1.7s", "service": "cc_reconcile", "stage": "download_davinci", "status": "ok"}
{"timestamp": "2026-03-04T04:02:06+0800", "level": "INFO", "logger": "etl_logger", "message": "Download success (VFSC 2026-03-01): cc_withdraw_detail_report_20260303200152.csv, took 1.1s", "service": "cc_reconcile", "stage": "download_davinci", "status": "ok"}
{"timestamp": "2026-03-04T04:02:25+0800", "level": "INFO", "logger": "etl_logger", "message": "POST success (VFSC 2026-03-02): cc_withdraw_detail_report_20260303200225.csv, took 18.6s", "service": "cc_reconcile", "stage": "download_davinci", "status": "ok"}
{"timestamp": "2026-03-04T04:02:27+0800", "level": "INFO", "logger": "etl_logger", "message": "Download success (VFSC 2026-03-02): cc_withdraw_detail_report_20260303200225.csv, took 2.5s", "service": "cc_reconcile", "stage": "download_davinci", "status": "ok"}
{"timestamp": "2026-03-04T04:02:46+0800", "level": "INFO", "logger": "etl_logger", "message": "POST success (VFSC 2026-03-03): cc_withdraw_detail_report_20260303200246.csv, took 18.5s", "service": "cc_reconcile", "stage": "download_davinci", "status": "ok"}
{"timestamp": "2026-03-04T04:02:48+0800", "level": "INFO", "logger": "etl_logger", "message": "Download success (VFSC 2026-03-03): cc_withdraw_detail_report_20260303200246.csv, took 2.3s", "service": "cc_reconcile", "stage": "download_davinci", "status": "ok"}
{"timestamp": "2026-03-04T04:02:48+0800", "level": "INFO", "logger": "etl_logger", "message": "Finish downloading Davinci CC - VFSC Report", "service": "cc_reconcile", "stage": "download_davinci", "status": "ok"}
{"timestamp": "2026-03-04T04:02:48+0800", "level": "INFO", "logger": "etl_logger", "message": "Start downloading Davinci CC Report for brand: VFSC2...", "service": "cc_reconcile", "stage": "download_davinci", "status": "ok"}
{"timestamp": "2026-03-04T04:03:30+0800", "level": "WARNING", "logger": "etl_logger", "message": "POST failed (VFSC2 2026-02-28) attempt 1: 502 Server Error: Bad Gateway for url: https://report.vantagemarkets.com/api/cc-detail/download, took 41.9s", "service": "cc_reconcile", "stage": "download_davinci", "status": "ok"}
{"timestamp": "2026-03-04T04:03:35+0800", "level": "WARNING", "logger": "etl_logger", "message": "POST failed (VFSC2 2026-02-28) attempt 2: 502 Server Error: Bad Gateway for url: https://report.vantagemarkets.com/api/cc-detail/download, took 0.2s", "service": "cc_reconcile", "stage": "download_davinci", "status": "ok"}
{"timestamp": "2026-03-04T04:04:17+0800", "level": "WARNING", "logger": "etl_logger", "message": "POST failed (VFSC2 2026-02-28) attempt 3: 502 Server Error: Bad Gateway for url: https://report.vantagemarkets.com/api/cc-detail/download, took 36.2s", "service": "cc_reconcile", "stage": "download_davinci", "status": "ok"}
{"timestamp": "2026-03-04T04:04:45+0800", "level": "WARNING", "logger": "etl_logger", "message": "POST failed (VFSC2 2026-02-28) attempt 4: 502 Server Error: Bad Gateway for url: https://report.vantagemarkets.com/api/cc-detail/download, took 23.1s", "service": "cc_reconcile", "stage": "download_davinci", "status": "ok"}
{"timestamp": "2026-03-04T04:06:39+0800", "level": "WARNING", "logger": "etl_logger", "message": "POST failed (VFSC2 2026-02-28) attempt 5: 502 Server Error: Bad Gateway for url: https://report.vantagemarkets.com/api/cc-detail/download, took 109.3s", "service": "cc_reconcile", "stage": "download_davinci", "status": "ok"}
{"timestamp": "2026-03-04T04:06:44+0800", "level": "WARNING", "logger": "etl_logger", "message": "POST failed (VFSC2 2026-02-28) attempt 6: 502 Server Error: Bad Gateway for url: https://report.vantagemarkets.com/api/cc-detail/download, took 0.2s", "service": "cc_reconcile", "stage": "download_davinci", "status": "ok"}
{"timestamp": "2026-03-04T04:07:40+0800", "level": "INFO", "logger": "etl_logger", "message": "POST success (VFSC2 2026-02-28): cc_withdraw_detail_report_20260303200739.csv, took 50.3s", "service": "cc_reconcile", "stage": "download_davinci", "status": "ok"}
{"timestamp": "2026-03-04T04:07:42+0800", "level": "INFO", "logger": "etl_logger", "message": "Download success (VFSC2 2026-02-28): cc_withdraw_detail_report_20260303200739.csv, took 2.7s", "service": "cc_reconcile", "stage": "download_davinci", "status": "ok"}
{"timestamp": "2026-03-04T04:08:34+0800", "level": "INFO", "logger": "etl_logger", "message": "POST success (VFSC2 2026-03-01): cc_withdraw_detail_report_20260303200834.csv, took 52.2s", "service": "cc_reconcile", "stage": "download_davinci", "status": "ok"}
{"timestamp": "2026-03-04T04:08:37+0800", "level": "INFO", "logger": "etl_logger", "message": "Download success (VFSC2 2026-03-01): cc_withdraw_detail_report_20260303200834.csv, took 2.6s", "service": "cc_reconcile", "stage": "download_davinci", "status": "ok"}
{"timestamp": "2026-03-04T04:09:32+0800", "level": "INFO", "logger": "etl_logger", "message": "POST success (VFSC2 2026-03-02): cc_withdraw_detail_report_20260303200931.csv, took 54.8s", "service": "cc_reconcile", "stage": "download_davinci", "status": "ok"}
{"timestamp": "2026-03-04T04:09:33+0800", "level": "WARNING", "logger": "etl_logger", "message": "Download failed (VFSC2 2026-03-02) attempt 1: 502 Server Error: Bad Gateway for url: https://report.vantagemarkets.com/api/download/cc_withdraw_detail_report_20260303200931.csv, took 1.0s", "service": "cc_reconcile", "stage": "download_davinci", "status": "ok"}
{"timestamp": "2026-03-04T04:09:39+0800", "level": "WARNING", "logger": "etl_logger", "message": "Download failed (VFSC2 2026-03-02) attempt 2: 502 Server Error: Bad Gateway for url: https://report.vantagemarkets.com/api/download/cc_withdraw_detail_report_20260303200931.csv, took 1.3s", "service": "cc_reconcile", "stage": "download_davinci", "status": "ok"}
{"timestamp": "2026-03-04T04:09:47+0800", "level": "INFO", "logger": "etl_logger", "message": "Download success (VFSC2 2026-03-02): cc_withdraw_detail_report_20260303200931.csv, took 2.8s", "service": "cc_reconcile", "stage": "download_davinci", "status": "ok"}
{"timestamp": "2026-03-04T04:10:39+0800", "level": "INFO", "logger": "etl_logger", "message": "POST success (VFSC2 2026-03-03): cc_withdraw_detail_report_20260303201038.csv, took 51.8s", "service": "cc_reconcile", "stage": "download_davinci", "status": "ok"}
{"timestamp": "2026-03-04T04:10:42+0800", "level": "INFO", "logger": "etl_logger", "message": "Download success (VFSC2 2026-03-03): cc_withdraw_detail_report_20260303201038.csv, took 3.2s", "service": "cc_reconcile", "stage": "download_davinci", "status": "ok"}
{"timestamp": "2026-03-04T04:10:43+0800", "level": "INFO", "logger": "etl_logger", "message": "Finish downloading Davinci CC - VFSC2 Report", "service": "cc_reconcile", "stage": "download_davinci", "status": "ok"}
{"timestamp": "2026-03-04T04:10:43+0800", "level": "INFO", "logger": "etl_logger", "message": "Finish downloading Davinci CC Report for all brands, total rows: 53507", "service": "cc_reconcile", "stage": "download_davinci", "status": "ok"}
{"timestamp": "2026-03-04T04:10:43+0800", "level": "INFO", "logger": "etl_logger", "message": "Download CRM CC Report Finish ，Total: 53507", "service": "cc_reconcile", "stage": "download", "status": "ok"}
{"timestamp": "2026-03-04T04:10:43+0800", "level": "INFO", "logger": "etl_logger", "message": "Start reconcile...", "service": "cc_reconcile", "stage": "reconcile", "status": "ok"}
{"timestamp": "2026-03-04T04:10:43+0800", "level": "INFO", "logger": "etl_logger", "message": "Reconcile Finish ，Total Mismatch Case: 0", "service": "cc_reconcile", "stage": "reconcile", "status": "ok"}
{"timestamp": "2026-03-04T04:10:43+0800", "level": "INFO", "logger": "etl_logger", "message": "Connect Lark Finish", "service": "cc_reconcile", "stage": "lark", "status": "ok"}
{"timestamp": "2026-03-04T04:10:43+0800", "level": "INFO", "logger": "etl_logger", "message": "Start query existing data in LarkSheet...", "service": "cc_reconcile", "stage": "lark", "status": "ok"}
{"timestamp": "2026-03-04T04:10:44+0800", "level": "INFO", "logger": "etl_logger", "message": "Query existing data in LarkSheet Finish", "service": "cc_reconcile", "stage": "lark", "status": "ok"}
{"timestamp": "2026-03-04T04:10:44+0800", "level": "INFO", "logger": "etl_logger", "message": "Total unique keys in LarkSheet: 157, Total new mismatch cases to upload: 0", "service": "cc_reconcile", "stage": "lark", "status": "ok"}
{"timestamp": "2026-03-04T04:10:44+0800", "level": "INFO", "logger": "etl_logger", "message": "Append data to LarkSheet with range: Kalw4Y!A2:L3, rows: 1, columns: 12", "service": "cc_reconcile", "stage": "lark", "status": "ok"}
{"timestamp": "2026-03-04T04:10:44+0800", "level": "INFO", "logger": "etl_logger", "message": "✅ Successfully appended data to LarkSheet", "service": "cc_reconcile", "stage": "lark", "status": "ok"}
{"timestamp": "2026-03-04T04:10:46+0800", "level": "INFO", "logger": "etl_logger", "message": "Upload data to LarkSheet Finish", "service": "cc_reconcile", "stage": "lark", "status": "ok"}
{"timestamp": "2026-03-04T05:00:01+0800", "level": "INFO", "logger": "etl_logger", "message": "Start download reports...", "service": "cc_reconcile", "stage": "download", "status": "ok"}
{"timestamp": "2026-03-04T05:00:05+0800", "level": "INFO", "logger": "etl_logger", "message": "Payabl Login Success and Get Token Success", "service": "cc_reconcile", "stage": "download_payabl", "status": "ok"}
{"timestamp": "2026-03-04T05:00:05+0800", "level": "INFO", "logger": "etl_logger", "message": "Start downloading Payabl CC Report for date: 2026-03-03...", "service": "cc_reconcile", "stage": "download_payabl", "status": "ok"}
{"timestamp": "2026-03-04T05:00:52+0800", "level": "INFO", "logger": "etl_logger", "message": "Start downloading Payabl CC Report for date: 2026-03-04...", "service": "cc_reconcile", "stage": "download_payabl", "status": "ok"}
{"timestamp": "2026-03-04T05:01:00+0800", "level": "INFO", "logger": "etl_logger", "message": "Finish downloading Payabl CC Report", "service": "cc_reconcile", "stage": "download_payabl", "status": "ok"}
{"timestamp": "2026-03-04T05:01:00+0800", "level": "INFO", "logger": "etl_logger", "message": "Download Payabl CC Report Finish ，Total: 81227", "service": "cc_reconcile", "stage": "download", "status": "ok"}
{"timestamp": "2026-03-04T05:01:00+0800", "level": "INFO", "logger": "etl_logger", "message": "Login attempt 1/5", "service": "cc_reconcile", "stage": "download_davinci", "status": "ok"}
{"timestamp": "2026-03-04T05:01:01+0800", "level": "INFO", "logger": "etl_logger", "message": "Login response status=200, url=https://admin.vantagemarkets.com/admin/main, cookies=4", "service": "cc_reconcile", "stage": "download_davinci", "status": "ok"}
{"timestamp": "2026-03-04T05:01:01+0800", "level": "INFO", "logger": "etl_logger", "message": "Login successful", "service": "cc_reconcile", "stage": "download_davinci", "status": "ok"}
{"timestamp": "2026-03-04T05:01:02+0800", "level": "INFO", "logger": "etl_logger", "message": "Token obtained successfully", "service": "cc_reconcile", "stage": "download_davinci", "status": "ok"}
{"timestamp": "2026-03-04T05:01:02+0800", "level": "INFO", "logger": "etl_logger", "message": "Start downloading Davinci CC Report for brand: VFSC...", "service": "cc_reconcile", "stage": "download_davinci", "status": "ok"}
{"timestamp": "2026-03-04T05:01:03+0800", "level": "WARNING", "logger": "etl_logger", "message": "POST failed (VFSC 2026-02-28) attempt 1: 502 Server Error: Bad Gateway for url: https://report.vantagemarkets.com/api/cc-detail/download, took 0.8s", "service": "cc_reconcile", "stage": "download_davinci", "status": "ok"}
{"timestamp": "2026-03-04T05:01:26+0800", "level": "INFO", "logger": "etl_logger", "message": "POST success (VFSC 2026-02-28): cc_withdraw_detail_report_20260303210126.csv, took 18.2s", "service": "cc_reconcile", "stage": "download_davinci", "status": "ok"}
{"timestamp": "2026-03-04T05:01:27+0800", "level": "INFO", "logger": "etl_logger", "message": "Download success (VFSC 2026-02-28): cc_withdraw_detail_report_20260303210126.csv, took 1.7s", "service": "cc_reconcile", "stage": "download_davinci", "status": "ok"}
{"timestamp": "2026-03-04T05:01:28+0800", "level": "WARNING", "logger": "etl_logger", "message": "POST failed (VFSC 2026-03-01) attempt 1: 502 Server Error: Bad Gateway for url: https://report.vantagemarkets.com/api/cc-detail/download, took 0.2s", "service": "cc_reconcile", "stage": "download_davinci", "status": "ok"}
{"timestamp": "2026-03-04T05:01:50+0800", "level": "INFO", "logger": "etl_logger", "message": "POST success (VFSC 2026-03-01): cc_withdraw_detail_report_20260303210150.csv, took 17.5s", "service": "cc_reconcile", "stage": "download_davinci", "status": "ok"}
{"timestamp": "2026-03-04T05:01:52+0800", "level": "INFO", "logger": "etl_logger", "message": "Download success (VFSC 2026-03-01): cc_withdraw_detail_report_20260303210150.csv, took 1.8s", "service": "cc_reconcile", "stage": "download_davinci", "status": "ok"}
{"timestamp": "2026-03-04T05:01:52+0800", "level": "WARNING", "logger": "etl_logger", "message": "POST failed (VFSC 2026-03-02) attempt 1: 502 Server Error: Bad Gateway for url: https://report.vantagemarkets.com/api/cc-detail/download, took 0.2s", "service": "cc_reconcile", "stage": "download_davinci", "status": "ok"}
{"timestamp": "2026-03-04T05:01:57+0800", "level": "WARNING", "logger": "etl_logger", "message": "POST failed (VFSC 2026-03-02) attempt 2: 502 Server Error: Bad Gateway for url: https://report.vantagemarkets.com/api/cc-detail/download, took 0.2s", "service": "cc_reconcile", "stage": "download_davinci", "status": "ok"}
{"timestamp": "2026-03-04T05:02:20+0800", "level": "INFO", "logger": "etl_logger", "message": "POST success (VFSC 2026-03-02): cc_withdraw_detail_report_20260303210220.csv, took 18.0s", "service": "cc_reconcile", "stage": "download_davinci", "status": "ok"}
{"timestamp": "2026-03-04T05:02:23+0800", "level": "INFO", "logger": "etl_logger", "message": "Download success (VFSC 2026-03-02): cc_withdraw_detail_report_20260303210220.csv, took 2.4s", "service": "cc_reconcile", "stage": "download_davinci", "status": "ok"}
{"timestamp": "2026-03-04T05:02:40+0800", "level": "INFO", "logger": "etl_logger", "message": "POST success (VFSC 2026-03-03): cc_withdraw_detail_report_20260303210240.csv, took 17.5s", "service": "cc_reconcile", "stage": "download_davinci", "status": "ok"}
{"timestamp": "2026-03-04T05:02:41+0800", "level": "WARNING", "logger": "etl_logger", "message": "Download failed (VFSC 2026-03-03) attempt 1: 502 Server Error: Bad Gateway for url: https://report.vantagemarkets.com/api/download/cc_withdraw_detail_report_20260303210240.csv, took 0.8s", "service": "cc_reconcile", "stage": "download_davinci", "status": "ok"}
{"timestamp": "2026-03-04T05:02:47+0800", "level": "WARNING", "logger": "etl_logger", "message": "Download failed (VFSC 2026-03-03) attempt 2: 502 Server Error: Bad Gateway for url: https://report.vantagemarkets.com/api/download/cc_withdraw_detail_report_20260303210240.csv, took 0.4s", "service": "cc_reconcile", "stage": "download_davinci", "status": "ok"}
{"timestamp": "2026-03-04T05:02:53+0800", "level": "INFO", "logger": "etl_logger", "message": "Download success (VFSC 2026-03-03): cc_withdraw_detail_report_20260303210240.csv, took 1.4s", "service": "cc_reconcile", "stage": "download_davinci", "status": "ok"}
{"timestamp": "2026-03-04T05:02:53+0800", "level": "INFO", "logger": "etl_logger", "message": "Finish downloading Davinci CC - VFSC Report", "service": "cc_reconcile", "stage": "download_davinci", "status": "ok"}
{"timestamp": "2026-03-04T05:02:53+0800", "level": "INFO", "logger": "etl_logger", "message": "Start downloading Davinci CC Report for brand: VFSC2...", "service": "cc_reconcile", "stage": "download_davinci", "status": "ok"}
{"timestamp": "2026-03-04T05:03:45+0800", "level": "INFO", "logger": "etl_logger", "message": "POST success (VFSC2 2026-02-28): cc_withdraw_detail_report_20260303210345.csv, took 51.9s", "service": "cc_reconcile", "stage": "download_davinci", "status": "ok"}
{"timestamp": "2026-03-04T05:03:48+0800", "level": "INFO", "logger": "etl_logger", "message": "Download success (VFSC2 2026-02-28): cc_withdraw_detail_report_20260303210345.csv, took 2.6s", "service": "cc_reconcile", "stage": "download_davinci", "status": "ok"}
{"timestamp": "2026-03-04T05:03:48+0800", "level": "WARNING", "logger": "etl_logger", "message": "POST failed (VFSC2 2026-03-01) attempt 1: 502 Server Error: Bad Gateway for url: https://report.vantagemarkets.com/api/cc-detail/download, took 0.2s", "service": "cc_reconcile", "stage": "download_davinci", "status": "ok"}
{"timestamp": "2026-03-04T05:04:43+0800", "level": "INFO", "logger": "etl_logger", "message": "POST success (VFSC2 2026-03-01): cc_withdraw_detail_report_20260303210443.csv, took 50.4s", "service": "cc_reconcile", "stage": "download_davinci", "status": "ok"}
{"timestamp": "2026-03-04T05:04:45+0800", "level": "INFO", "logger": "etl_logger", "message": "Download success (VFSC2 2026-03-01): cc_withdraw_detail_report_20260303210443.csv, took 2.1s", "service": "cc_reconcile", "stage": "download_davinci", "status": "ok"}
{"timestamp": "2026-03-04T05:05:43+0800", "level": "INFO", "logger": "etl_logger", "message": "POST success (VFSC2 2026-03-02): cc_withdraw_detail_report_20260303210543.csv, took 57.5s", "service": "cc_reconcile", "stage": "download_davinci", "status": "ok"}
{"timestamp": "2026-03-04T05:05:46+0800", "level": "INFO", "logger": "etl_logger", "message": "Download success (VFSC2 2026-03-02): cc_withdraw_detail_report_20260303210543.csv, took 2.9s", "service": "cc_reconcile", "stage": "download_davinci", "status": "ok"}
{"timestamp": "2026-03-04T05:05:46+0800", "level": "WARNING", "logger": "etl_logger", "message": "POST failed (VFSC2 2026-03-03) attempt 1: 502 Server Error: Bad Gateway for url: https://report.vantagemarkets.com/api/cc-detail/download, took 0.2s", "service": "cc_reconcile", "stage": "download_davinci", "status": "ok"}
{"timestamp": "2026-03-04T05:06:45+0800", "level": "INFO", "logger": "etl_logger", "message": "POST success (VFSC2 2026-03-03): cc_withdraw_detail_report_20260303210644.csv, took 53.6s", "service": "cc_reconcile", "stage": "download_davinci", "status": "ok"}
{"timestamp": "2026-03-04T05:06:48+0800", "level": "INFO", "logger": "etl_logger", "message": "Download success (VFSC2 2026-03-03): cc_withdraw_detail_report_20260303210644.csv, took 3.1s", "service": "cc_reconcile", "stage": "download_davinci", "status": "ok"}
{"timestamp": "2026-03-04T05:06:48+0800", "level": "INFO", "logger": "etl_logger", "message": "Finish downloading Davinci CC - VFSC2 Report", "service": "cc_reconcile", "stage": "download_davinci", "status": "ok"}
{"timestamp": "2026-03-04T05:06:48+0800", "level": "INFO", "logger": "etl_logger", "message": "Finish downloading Davinci CC Report for all brands, total rows: 54118", "service": "cc_reconcile", "stage": "download_davinci", "status": "ok"}
{"timestamp": "2026-03-04T05:06:48+0800", "level": "INFO", "logger": "etl_logger", "message": "Download CRM CC Report Finish ，Total: 54118", "service": "cc_reconcile", "stage": "download", "status": "ok"}
{"timestamp": "2026-03-04T05:06:48+0800", "level": "INFO", "logger": "etl_logger", "message": "Start reconcile...", "service": "cc_reconcile", "stage": "reconcile", "status": "ok"}
{"timestamp": "2026-03-04T05:06:49+0800", "level": "INFO", "logger": "etl_logger", "message": "Reconcile Finish ，Total Mismatch Case: 0", "service": "cc_reconcile", "stage": "reconcile", "status": "ok"}
{"timestamp": "2026-03-04T05:06:49+0800", "level": "INFO", "logger": "etl_logger", "message": "Connect Lark Finish", "service": "cc_reconcile", "stage": "lark", "status": "ok"}
{"timestamp": "2026-03-04T05:06:49+0800", "level": "INFO", "logger": "etl_logger", "message": "Start query existing data in LarkSheet...", "service": "cc_reconcile", "stage": "lark", "status": "ok"}
{"timestamp": "2026-03-04T05:06:50+0800", "level": "INFO", "logger": "etl_logger", "message": "Query existing data in LarkSheet Finish", "service": "cc_reconcile", "stage": "lark", "status": "ok"}
{"timestamp": "2026-03-04T05:06:50+0800", "level": "INFO", "logger": "etl_logger", "message": "Total unique keys in LarkSheet: 157, Total new mismatch cases to upload: 0", "service": "cc_reconcile", "stage": "lark", "status": "ok"}
{"timestamp": "2026-03-04T05:06:50+0800", "level": "INFO", "logger": "etl_logger", "message": "Append data to LarkSheet with range: Kalw4Y!A2:L3, rows: 1, columns: 12", "service": "cc_reconcile", "stage": "lark", "status": "ok"}
{"timestamp": "2026-03-04T05:06:50+0800", "level": "INFO", "logger": "etl_logger", "message": "✅ Successfully appended data to LarkSheet", "service": "cc_reconcile", "stage": "lark", "status": "ok"}
{"timestamp": "2026-03-04T05:06:52+0800", "level": "INFO", "logger": "etl_logger", "message": "Upload data to LarkSheet Finish", "service": "cc_reconcile", "stage": "lark", "status": "ok"}
{"timestamp": "2026-03-04T06:00:02+0800", "level": "INFO", "logger": "etl_logger", "message": "Start download reports...", "service": "cc_reconcile", "stage": "download", "status": "ok"}
{"timestamp": "2026-03-04T06:00:05+0800", "level": "INFO", "logger": "etl_logger", "message": "Payabl Login Success and Get Token Success", "service": "cc_reconcile", "stage": "download_payabl", "status": "ok"}
{"timestamp": "2026-03-04T06:00:05+0800", "level": "INFO", "logger": "etl_logger", "message": "Start downloading Payabl CC Report for date: 2026-03-03...", "service": "cc_reconcile", "stage": "download_payabl", "status": "ok"}
{"timestamp": "2026-03-04T06:00:52+0800", "level": "INFO", "logger": "etl_logger", "message": "Start downloading Payabl CC Report for date: 2026-03-04...", "service": "cc_reconcile", "stage": "download_payabl", "status": "ok"}
{"timestamp": "2026-03-04T06:01:01+0800", "level": "INFO", "logger": "etl_logger", "message": "Finish downloading Payabl CC Report", "service": "cc_reconcile", "stage": "download_payabl", "status": "ok"}
{"timestamp": "2026-03-04T06:01:01+0800", "level": "INFO", "logger": "etl_logger", "message": "Download Payabl CC Report Finish ，Total: 83719", "service": "cc_reconcile", "stage": "download", "status": "ok"}
{"timestamp": "2026-03-04T06:01:01+0800", "level": "INFO", "logger": "etl_logger", "message": "Login attempt 1/5", "service": "cc_reconcile", "stage": "download_davinci", "status": "ok"}
{"timestamp": "2026-03-04T06:01:02+0800", "level": "INFO", "logger": "etl_logger", "message": "Login response status=200, url=https://admin.vantagemarkets.com/admin/main, cookies=4", "service": "cc_reconcile", "stage": "download_davinci", "status": "ok"}
{"timestamp": "2026-03-04T06:01:02+0800", "level": "INFO", "logger": "etl_logger", "message": "Login successful", "service": "cc_reconcile", "stage": "download_davinci", "status": "ok"}
{"timestamp": "2026-03-04T06:01:02+0800", "level": "INFO", "logger": "etl_logger", "message": "Token obtained successfully", "service": "cc_reconcile", "stage": "download_davinci", "status": "ok"}
{"timestamp": "2026-03-04T06:01:02+0800", "level": "INFO", "logger": "etl_logger", "message": "Start downloading Davinci CC Report for brand: VFSC...", "service": "cc_reconcile", "stage": "download_davinci", "status": "ok"}
{"timestamp": "2026-03-04T06:01:20+0800", "level": "INFO", "logger": "etl_logger", "message": "POST success (VFSC 2026-03-01): cc_withdraw_detail_report_20260303220120.csv, took 18.3s", "service": "cc_reconcile", "stage": "download_davinci", "status": "ok"}
{"timestamp": "2026-03-04T06:01:22+0800", "level": "INFO", "logger": "etl_logger", "message": "Download success (VFSC 2026-03-01): cc_withdraw_detail_report_20260303220120.csv, took 1.8s", "service": "cc_reconcile", "stage": "download_davinci", "status": "ok"}
{"timestamp": "2026-03-04T06:01:40+0800", "level": "INFO", "logger": "etl_logger", "message": "POST success (VFSC 2026-03-02): cc_withdraw_detail_report_20260303220140.csv, took 17.6s", "service": "cc_reconcile", "stage": "download_davinci", "status": "ok"}
{"timestamp": "2026-03-04T06:01:42+0800", "level": "INFO", "logger": "etl_logger", "message": "Download success (VFSC 2026-03-02): cc_withdraw_detail_report_20260303220140.csv, took 2.3s", "service": "cc_reconcile", "stage": "download_davinci", "status": "ok"}
{"timestamp": "2026-03-04T06:02:01+0800", "level": "INFO", "logger": "etl_logger", "message": "POST success (VFSC 2026-03-03): cc_withdraw_detail_report_20260303220201.csv, took 18.9s", "service": "cc_reconcile", "stage": "download_davinci", "status": "ok"}
{"timestamp": "2026-03-04T06:02:03+0800", "level": "INFO", "logger": "etl_logger", "message": "Download success (VFSC 2026-03-03): cc_withdraw_detail_report_20260303220201.csv, took 2.4s", "service": "cc_reconcile", "stage": "download_davinci", "status": "ok"}
Traceback (most recent call last):
  File "/app/main.py", line 72, in <module>
    main()
  File "/app/main.py", line 24, in main
    crm_cc    = download_davinci_cc_reports()
  File "/app/cc_withdraw_crawler.py", line 276, in download_davinci_cc_reports
    filename = response.json()['data']['file']
KeyError: 'file'
{"timestamp": "2026-03-04T07:00:02+0800", "level": "INFO", "logger": "etl_logger", "message": "Start download reports...", "service": "cc_reconcile", "stage": "download", "status": "ok"}
{"timestamp": "2026-03-04T07:00:05+0800", "level": "INFO", "logger": "etl_logger", "message": "Payabl Login Success and Get Token Success", "service": "cc_reconcile", "stage": "download_payabl", "status": "ok"}
{"timestamp": "2026-03-04T07:00:05+0800", "level": "INFO", "logger": "etl_logger", "message": "Start downloading Payabl CC Report for date: 2026-03-03...", "service": "cc_reconcile", "stage": "download_payabl", "status": "ok"}
{"timestamp": "2026-03-04T07:00:56+0800", "level": "INFO", "logger": "etl_logger", "message": "Start downloading Payabl CC Report for date: 2026-03-04...", "service": "cc_reconcile", "stage": "download_payabl", "status": "ok"}
{"timestamp": "2026-03-04T07:01:04+0800", "level": "INFO", "logger": "etl_logger", "message": "Finish downloading Payabl CC Report", "service": "cc_reconcile", "stage": "download_payabl", "status": "ok"}
{"timestamp": "2026-03-04T07:01:04+0800", "level": "INFO", "logger": "etl_logger", "message": "Download Payabl CC Report Finish ，Total: 85367", "service": "cc_reconcile", "stage": "download", "status": "ok"}
{"timestamp": "2026-03-04T07:01:04+0800", "level": "INFO", "logger": "etl_logger", "message": "Login attempt 1/5", "service": "cc_reconcile", "stage": "download_davinci", "status": "ok"}
{"timestamp": "2026-03-04T07:01:05+0800", "level": "INFO", "logger": "etl_logger", "message": "Login response status=200, url=https://admin.vantagemarkets.com/admin/main, cookies=4", "service": "cc_reconcile", "stage": "download_davinci", "status": "ok"}
{"timestamp": "2026-03-04T07:01:05+0800", "level": "INFO", "logger": "etl_logger", "message": "Login successful", "service": "cc_reconcile", "stage": "download_davinci", "status": "ok"}
{"timestamp": "2026-03-04T07:01:06+0800", "level": "INFO", "logger": "etl_logger", "message": "Token obtained successfully", "service": "cc_reconcile", "stage": "download_davinci", "status": "ok"}
{"timestamp": "2026-03-04T07:01:06+0800", "level": "INFO", "logger": "etl_logger", "message": "Start downloading Davinci CC Report for brand: VFSC...", "service": "cc_reconcile", "stage": "download_davinci", "status": "ok"}
{"timestamp": "2026-03-04T07:01:25+0800", "level": "INFO", "logger": "etl_logger", "message": "POST success (VFSC 2026-03-01): cc_withdraw_detail_report_20260303230125.csv, took 19.1s", "service": "cc_reconcile", "stage": "download_davinci", "status": "ok"}
{"timestamp": "2026-03-04T07:01:26+0800", "level": "INFO", "logger": "etl_logger", "message": "Download success (VFSC 2026-03-01): cc_withdraw_detail_report_20260303230125.csv, took 1.7s", "service": "cc_reconcile", "stage": "download_davinci", "status": "ok"}
{"timestamp": "2026-03-04T07:01:27+0800", "level": "WARNING", "logger": "etl_logger", "message": "POST failed (VFSC 2026-03-02) attempt 1: 502 Server Error: Bad Gateway for url: https://report.vantagemarkets.com/api/cc-detail/download, took 0.2s", "service": "cc_reconcile", "stage": "download_davinci", "status": "ok"}
{"timestamp": "2026-03-04T07:01:43+0800", "level": "WARNING", "logger": "etl_logger", "message": "POST failed (VFSC 2026-03-02) attempt 2: 502 Server Error: Bad Gateway for url: https://report.vantagemarkets.com/api/cc-detail/download, took 10.9s", "service": "cc_reconcile", "stage": "download_davinci", "status": "ok"}
{"timestamp": "2026-03-04T07:02:06+0800", "level": "INFO", "logger": "etl_logger", "message": "POST success (VFSC 2026-03-02): cc_withdraw_detail_report_20260303230206.csv, took 18.9s", "service": "cc_reconcile", "stage": "download_davinci", "status": "ok"}
{"timestamp": "2026-03-04T07:02:07+0800", "level": "WARNING", "logger": "etl_logger", "message": "Download failed (VFSC 2026-03-02) attempt 1: 502 Server Error: Bad Gateway for url: https://report.vantagemarkets.com/api/download/cc_withdraw_detail_report_20260303230206.csv, took 1.0s", "service": "cc_reconcile", "stage": "download_davinci", "status": "ok"}
{"timestamp": "2026-03-04T07:02:13+0800", "level": "WARNING", "logger": "etl_logger", "message": "Download failed (VFSC 2026-03-02) attempt 2: 502 Server Error: Bad Gateway for url: https://report.vantagemarkets.com/api/download/cc_withdraw_detail_report_20260303230206.csv, took 0.7s", "service": "cc_reconcile", "stage": "download_davinci", "status": "ok"}
{"timestamp": "2026-03-04T07:02:20+0800", "level": "INFO", "logger": "etl_logger", "message": "Download success (VFSC 2026-03-02): cc_withdraw_detail_report_20260303230206.csv, took 1.7s", "service": "cc_reconcile", "stage": "download_davinci", "status": "ok"}
{"timestamp": "2026-03-04T07:02:20+0800", "level": "WARNING", "logger": "etl_logger", "message": "POST failed (VFSC 2026-03-03) attempt 1: 502 Server Error: Bad Gateway for url: https://report.vantagemarkets.com/api/cc-detail/download, took 0.2s", "service": "cc_reconcile", "stage": "download_davinci", "status": "ok"}
{"timestamp": "2026-03-04T07:02:25+0800", "level": "WARNING", "logger": "etl_logger", "message": "POST failed (VFSC 2026-03-03) attempt 2: 502 Server Error: Bad Gateway for url: https://report.vantagemarkets.com/api/cc-detail/download, took 0.2s", "service": "cc_reconcile", "stage": "download_davinci", "status": "ok"}
{"timestamp": "2026-03-04T07:02:48+0800", "level": "INFO", "logger": "etl_logger", "message": "POST success (VFSC 2026-03-03): cc_withdraw_detail_report_20260303230248.csv, took 17.8s", "service": "cc_reconcile", "stage": "download_davinci", "status": "ok"}
{"timestamp": "2026-03-04T07:02:49+0800", "level": "WARNING", "logger": "etl_logger", "message": "Download failed (VFSC 2026-03-03) attempt 1: 502 Server Error: Bad Gateway for url: https://report.vantagemarkets.com/api/download/cc_withdraw_detail_report_20260303230248.csv, took 1.0s", "service": "cc_reconcile", "stage": "download_davinci", "status": "ok"}
{"timestamp": "2026-03-04T07:02:54+0800", "level": "WARNING", "logger": "etl_logger", "message": "Download failed (VFSC 2026-03-03) attempt 2: 502 Server Error: Bad Gateway for url: https://report.vantagemarkets.com/api/download/cc_withdraw_detail_report_20260303230248.csv, took 0.3s", "service": "cc_reconcile", "stage": "download_davinci", "status": "ok"}
{"timestamp": "2026-03-04T07:03:01+0800", "level": "INFO", "logger": "etl_logger", "message": "Download success (VFSC 2026-03-03): cc_withdraw_detail_report_20260303230248.csv, took 1.7s", "service": "cc_reconcile", "stage": "download_davinci", "status": "ok"}
{"timestamp": "2026-03-04T07:03:01+0800", "level": "WARNING", "logger": "etl_logger", "message": "POST failed (VFSC 2026-03-04) attempt 1: 502 Server Error: Bad Gateway for url: https://report.vantagemarkets.com/api/cc-detail/download, took 0.2s", "service": "cc_reconcile", "stage": "download_davinci", "status": "ok"}
{"timestamp": "2026-03-04T07:03:07+0800", "level": "WARNING", "logger": "etl_logger", "message": "POST failed (VFSC 2026-03-04) attempt 2: 502 Server Error: Bad Gateway for url: https://report.vantagemarkets.com/api/cc-detail/download, took 0.2s", "service": "cc_reconcile", "stage": "download_davinci", "status": "ok"}
{"timestamp": "2026-03-04T07:03:12+0800", "level": "WARNING", "logger": "etl_logger", "message": "POST failed (VFSC 2026-03-04) attempt 3: 502 Server Error: Bad Gateway for url: https://report.vantagemarkets.com/api/cc-detail/download, took 0.2s", "service": "cc_reconcile", "stage": "download_davinci", "status": "ok"}
{"timestamp": "2026-03-04T07:03:35+0800", "level": "INFO", "logger": "etl_logger", "message": "POST success (VFSC 2026-03-04): cc_withdraw_detail_report_20260303230335.csv, took 18.6s", "service": "cc_reconcile", "stage": "download_davinci", "status": "ok"}
{"timestamp": "2026-03-04T07:03:36+0800", "level": "INFO", "logger": "etl_logger", "message": "Download success (VFSC 2026-03-04): cc_withdraw_detail_report_20260303230335.csv, took 1.0s", "service": "cc_reconcile", "stage": "download_davinci", "status": "ok"}
{"timestamp": "2026-03-04T07:03:36+0800", "level": "INFO", "logger": "etl_logger", "message": "Finish downloading Davinci CC - VFSC Report", "service": "cc_reconcile", "stage": "download_davinci", "status": "ok"}
{"timestamp": "2026-03-04T07:03:36+0800", "level": "INFO", "logger": "etl_logger", "message": "Start downloading Davinci CC Report for brand: VFSC2...", "service": "cc_reconcile", "stage": "download_davinci", "status": "ok"}
{"timestamp": "2026-03-04T07:03:37+0800", "level": "WARNING", "logger": "etl_logger", "message": "POST failed (VFSC2 2026-03-01) attempt 1: 502 Server Error: Bad Gateway for url: https://report.vantagemarkets.com/api/cc-detail/download, took 0.2s", "service": "cc_reconcile", "stage": "download_davinci", "status": "ok"}
{"timestamp": "2026-03-04T07:04:33+0800", "level": "INFO", "logger": "etl_logger", "message": "POST success (VFSC2 2026-03-01): cc_withdraw_detail_report_20260303230433.csv, took 51.2s", "service": "cc_reconcile", "stage": "download_davinci", "status": "ok"}
{"timestamp": "2026-03-04T07:04:36+0800", "level": "INFO", "logger": "etl_logger", "message": "Download success (VFSC2 2026-03-01): cc_withdraw_detail_report_20260303230433.csv, took 2.6s", "service": "cc_reconcile", "stage": "download_davinci", "status": "ok"}
{"timestamp": "2026-03-04T07:05:33+0800", "level": "INFO", "logger": "etl_logger", "message": "POST success (VFSC2 2026-03-02): cc_withdraw_detail_report_20260303230533.csv, took 57.9s", "service": "cc_reconcile", "stage": "download_davinci", "status": "ok"}
{"timestamp": "2026-03-04T07:05:36+0800", "level": "INFO", "logger": "etl_logger", "message": "Download success (VFSC2 2026-03-02): cc_withdraw_detail_report_20260303230533.csv, took 2.9s", "service": "cc_reconcile", "stage": "download_davinci", "status": "ok"}
{"timestamp": "2026-03-04T07:06:31+0800", "level": "INFO", "logger": "etl_logger", "message": "POST success (VFSC2 2026-03-03): cc_withdraw_detail_report_20260303230631.csv, took 55.0s", "service": "cc_reconcile", "stage": "download_davinci", "status": "ok"}
{"timestamp": "2026-03-04T07:06:34+0800", "level": "INFO", "logger": "etl_logger", "message": "Download success (VFSC2 2026-03-03): cc_withdraw_detail_report_20260303230631.csv, took 3.1s", "service": "cc_reconcile", "stage": "download_davinci", "status": "ok"}
{"timestamp": "2026-03-04T07:07:25+0800", "level": "INFO", "logger": "etl_logger", "message": "POST success (VFSC2 2026-03-04): cc_withdraw_detail_report_20260303230725.csv, took 50.7s", "service": "cc_reconcile", "stage": "download_davinci", "status": "ok"}
{"timestamp": "2026-03-04T07:07:26+0800", "level": "WARNING", "logger": "etl_logger", "message": "Download failed (VFSC2 2026-03-04) attempt 1: 502 Server Error: Bad Gateway for url: https://report.vantagemarkets.com/api/download/cc_withdraw_detail_report_20260303230725.csv, took 1.0s", "service": "cc_reconcile", "stage": "download_davinci", "status": "ok"}
{"timestamp": "2026-03-04T07:07:32+0800", "level": "WARNING", "logger": "etl_logger", "message": "Download failed (VFSC2 2026-03-04) attempt 2: 502 Server Error: Bad Gateway for url: https://report.vantagemarkets.com/api/download/cc_withdraw_detail_report_20260303230725.csv, took 0.6s", "service": "cc_reconcile", "stage": "download_davinci", "status": "ok"}
{"timestamp": "2026-03-04T07:07:37+0800", "level": "WARNING", "logger": "etl_logger", "message": "Download failed (VFSC2 2026-03-04) attempt 3: 502 Server Error: Bad Gateway for url: https://report.vantagemarkets.com/api/download/cc_withdraw_detail_report_20260303230725.csv, took 0.4s", "service": "cc_reconcile", "stage": "download_davinci", "status": "ok"}
{"timestamp": "2026-03-04T07:07:43+0800", "level": "WARNING", "logger": "etl_logger", "message": "Download failed (VFSC2 2026-03-04) attempt 4: 502 Server Error: Bad Gateway for url: https://report.vantagemarkets.com/api/download/cc_withdraw_detail_report_20260303230725.csv, took 0.4s", "service": "cc_reconcile", "stage": "download_davinci", "status": "ok"}
{"timestamp": "2026-03-04T07:07:49+0800", "level": "INFO", "logger": "etl_logger", "message": "Download success (VFSC2 2026-03-04): cc_withdraw_detail_report_20260303230725.csv, took 1.1s", "service": "cc_reconcile", "stage": "download_davinci", "status": "ok"}
{"timestamp": "2026-03-04T07:07:49+0800", "level": "INFO", "logger": "etl_logger", "message": "Finish downloading Davinci CC - VFSC2 Report", "service": "cc_reconcile", "stage": "download_davinci", "status": "ok"}
{"timestamp": "2026-03-04T07:07:49+0800", "level": "INFO", "logger": "etl_logger", "message": "Finish downloading Davinci CC Report for all brands, total rows: 50435", "service": "cc_reconcile", "stage": "download_davinci", "status": "ok"}
{"timestamp": "2026-03-04T07:07:49+0800", "level": "INFO", "logger": "etl_logger", "message": "Download CRM CC Report Finish ，Total: 50435", "service": "cc_reconcile", "stage": "download", "status": "ok"}
{"timestamp": "2026-03-04T07:07:49+0800", "level": "INFO", "logger": "etl_logger", "message": "Start reconcile...", "service": "cc_reconcile", "stage": "reconcile", "status": "ok"}
{"timestamp": "2026-03-04T07:07:50+0800", "level": "INFO", "logger": "etl_logger", "message": "Reconcile Finish ，Total Mismatch Case: 0", "service": "cc_reconcile", "stage": "reconcile", "status": "ok"}
{"timestamp": "2026-03-04T07:07:50+0800", "level": "INFO", "logger": "etl_logger", "message": "Connect Lark Finish", "service": "cc_reconcile", "stage": "lark", "status": "ok"}
{"timestamp": "2026-03-04T07:07:50+0800", "level": "INFO", "logger": "etl_logger", "message": "Start query existing data in LarkSheet...", "service": "cc_reconcile", "stage": "lark", "status": "ok"}
{"timestamp": "2026-03-04T07:07:51+0800", "level": "INFO", "logger": "etl_logger", "message": "Query existing data in LarkSheet Finish", "service": "cc_reconcile", "stage": "lark", "status": "ok"}
{"timestamp": "2026-03-04T07:07:51+0800", "level": "INFO", "logger": "etl_logger", "message": "Total unique keys in LarkSheet: 157, Total new mismatch cases to upload: 0", "service": "cc_reconcile", "stage": "lark", "status": "ok"}
{"timestamp": "2026-03-04T07:07:51+0800", "level": "INFO", "logger": "etl_logger", "message": "Append data to LarkSheet with range: Kalw4Y!A2:L3, rows: 1, columns: 12", "service": "cc_reconcile", "stage": "lark", "status": "ok"}
{"timestamp": "2026-03-04T07:07:51+0800", "level": "INFO", "logger": "etl_logger", "message": "✅ Successfully appended data to LarkSheet", "service": "cc_reconcile", "stage": "lark", "status": "ok"}
{"timestamp": "2026-03-04T07:07:53+0800", "level": "INFO", "logger": "etl_logger", "message": "Upload data to LarkSheet Finish", "service": "cc_reconcile", "stage": "lark", "status": "ok"}
{"timestamp": "2026-03-04T08:00:01+0800", "level": "INFO", "logger": "etl_logger", "message": "Start download reports...", "service": "cc_reconcile", "stage": "download", "status": "ok"}
{"timestamp": "2026-03-04T08:00:04+0800", "level": "INFO", "logger": "etl_logger", "message": "Payabl Login Success and Get Token Success", "service": "cc_reconcile", "stage": "download_payabl", "status": "ok"}
{"timestamp": "2026-03-04T08:00:04+0800", "level": "INFO", "logger": "etl_logger", "message": "Start downloading Payabl CC Report for date: 2026-03-03...", "service": "cc_reconcile", "stage": "download_payabl", "status": "ok"}
{"timestamp": "2026-03-04T08:00:53+0800", "level": "INFO", "logger": "etl_logger", "message": "Start downloading Payabl CC Report for date: 2026-03-04...", "service": "cc_reconcile", "stage": "download_payabl", "status": "ok"}
{"timestamp": "2026-03-04T08:01:04+0800", "level": "INFO", "logger": "etl_logger", "message": "Finish downloading Payabl CC Report", "service": "cc_reconcile", "stage": "download_payabl", "status": "ok"}
{"timestamp": "2026-03-04T08:01:04+0800", "level": "INFO", "logger": "etl_logger", "message": "Download Payabl CC Report Finish ，Total: 87606", "service": "cc_reconcile", "stage": "download", "status": "ok"}
{"timestamp": "2026-03-04T08:01:04+0800", "level": "INFO", "logger": "etl_logger", "message": "Login attempt 1/5", "service": "cc_reconcile", "stage": "download_davinci", "status": "ok"}
{"timestamp": "2026-03-04T08:01:05+0800", "level": "INFO", "logger": "etl_logger", "message": "Login response status=200, url=https://admin.vantagemarkets.com/admin/main, cookies=4", "service": "cc_reconcile", "stage": "download_davinci", "status": "ok"}
{"timestamp": "2026-03-04T08:01:05+0800", "level": "INFO", "logger": "etl_logger", "message": "Login successful", "service": "cc_reconcile", "stage": "download_davinci", "status": "ok"}
{"timestamp": "2026-03-04T08:01:05+0800", "level": "INFO", "logger": "etl_logger", "message": "Token obtained successfully", "service": "cc_reconcile", "stage": "download_davinci", "status": "ok"}
{"timestamp": "2026-03-04T08:01:05+0800", "level": "INFO", "logger": "etl_logger", "message": "Start downloading Davinci CC Report for brand: VFSC...", "service": "cc_reconcile", "stage": "download_davinci", "status": "ok"}
{"timestamp": "2026-03-04T08:01:24+0800", "level": "INFO", "logger": "etl_logger", "message": "POST success (VFSC 2026-03-01): cc_withdraw_detail_report_20260304000124.csv, took 19.0s", "service": "cc_reconcile", "stage": "download_davinci", "status": "ok"}
{"timestamp": "2026-03-04T08:01:26+0800", "level": "INFO", "logger": "etl_logger", "message": "Download success (VFSC 2026-03-01): cc_withdraw_detail_report_20260304000124.csv, took 1.6s", "service": "cc_reconcile", "stage": "download_davinci", "status": "ok"}
{"timestamp": "2026-03-04T08:01:44+0800", "level": "INFO", "logger": "etl_logger", "message": "POST success (VFSC 2026-03-02): cc_withdraw_detail_report_20260304000143.csv, took 17.8s", "service": "cc_reconcile", "stage": "download_davinci", "status": "ok"}
{"timestamp": "2026-03-04T08:01:46+0800", "level": "INFO", "logger": "etl_logger", "message": "Download success (VFSC 2026-03-02): cc_withdraw_detail_report_20260304000143.csv, took 2.4s", "service": "cc_reconcile", "stage": "download_davinci", "status": "ok"}
{"timestamp": "2026-03-04T08:02:05+0800", "level": "INFO", "logger": "etl_logger", "message": "POST success (VFSC 2026-03-03): cc_withdraw_detail_report_20260304000205.csv, took 18.8s", "service": "cc_reconcile", "stage": "download_davinci", "status": "ok"}
{"timestamp": "2026-03-04T08:02:07+0800", "level": "INFO", "logger": "etl_logger", "message": "Download success (VFSC 2026-03-03): cc_withdraw_detail_report_20260304000205.csv, took 2.0s", "service": "cc_reconcile", "stage": "download_davinci", "status": "ok"}
{"timestamp": "2026-03-04T08:02:25+0800", "level": "INFO", "logger": "etl_logger", "message": "POST success (VFSC 2026-03-04): cc_withdraw_detail_report_20260304000225.csv, took 18.3s", "service": "cc_reconcile", "stage": "download_davinci", "status": "ok"}
{"timestamp": "2026-03-04T08:02:26+0800", "level": "INFO", "logger": "etl_logger", "message": "Download success (VFSC 2026-03-04): cc_withdraw_detail_report_20260304000225.csv, took 1.2s", "service": "cc_reconcile", "stage": "download_davinci", "status": "ok"}
{"timestamp": "2026-03-04T08:02:26+0800", "level": "INFO", "logger": "etl_logger", "message": "Finish downloading Davinci CC - VFSC Report", "service": "cc_reconcile", "stage": "download_davinci", "status": "ok"}
{"timestamp": "2026-03-04T08:02:26+0800", "level": "INFO", "logger": "etl_logger", "message": "Start downloading Davinci CC Report for brand: VFSC2...", "service": "cc_reconcile", "stage": "download_davinci", "status": "ok"}
{"timestamp": "2026-03-04T08:03:17+0800", "level": "INFO", "logger": "etl_logger", "message": "POST success (VFSC2 2026-03-01): cc_withdraw_detail_report_20260304000317.csv, took 50.5s", "service": "cc_reconcile", "stage": "download_davinci", "status": "ok"}
{"timestamp": "2026-03-04T08:03:19+0800", "level": "INFO", "logger": "etl_logger", "message": "Download success (VFSC2 2026-03-01): cc_withdraw_detail_report_20260304000317.csv, took 2.2s", "service": "cc_reconcile", "stage": "download_davinci", "status": "ok"}
{"timestamp": "2026-03-04T08:04:15+0800", "level": "INFO", "logger": "etl_logger", "message": "POST success (VFSC2 2026-03-02): cc_withdraw_detail_report_20260304000415.csv, took 56.4s", "service": "cc_reconcile", "stage": "download_davinci", "status": "ok"}
{"timestamp": "2026-03-04T08:04:19+0800", "level": "INFO", "logger": "etl_logger", "message": "Download success (VFSC2 2026-03-02): cc_withdraw_detail_report_20260304000415.csv, took 3.5s", "service": "cc_reconcile", "stage": "download_davinci", "status": "ok"}
{"timestamp": "2026-03-04T08:05:12+0800", "level": "INFO", "logger": "etl_logger", "message": "POST success (VFSC2 2026-03-03): cc_withdraw_detail_report_20260304000511.csv, took 52.8s", "service": "cc_reconcile", "stage": "download_davinci", "status": "ok"}
{"timestamp": "2026-03-04T08:05:15+0800", "level": "INFO", "logger": "etl_logger", "message": "Download success (VFSC2 2026-03-03): cc_withdraw_detail_report_20260304000511.csv, took 3.2s", "service": "cc_reconcile", "stage": "download_davinci", "status": "ok"}
{"timestamp": "2026-03-04T08:06:06+0800", "level": "INFO", "logger": "etl_logger", "message": "POST success (VFSC2 2026-03-04): cc_withdraw_detail_report_20260304000606.csv, took 51.5s", "service": "cc_reconcile", "stage": "download_davinci", "status": "ok"}
{"timestamp": "2026-03-04T08:06:08+0800", "level": "INFO", "logger": "etl_logger", "message": "Download success (VFSC2 2026-03-04): cc_withdraw_detail_report_20260304000606.csv, took 2.0s", "service": "cc_reconcile", "stage": "download_davinci", "status": "ok"}
{"timestamp": "2026-03-04T08:06:09+0800", "level": "INFO", "logger": "etl_logger", "message": "Finish downloading Davinci CC - VFSC2 Report", "service": "cc_reconcile", "stage": "download_davinci", "status": "ok"}
{"timestamp": "2026-03-04T08:06:09+0800", "level": "INFO", "logger": "etl_logger", "message": "Finish downloading Davinci CC Report for all brands, total rows: 50941", "service": "cc_reconcile", "stage": "download_davinci", "status": "ok"}
{"timestamp": "2026-03-04T08:06:09+0800", "level": "INFO", "logger": "etl_logger", "message": "Download CRM CC Report Finish ，Total: 50941", "service": "cc_reconcile", "stage": "download", "status": "ok"}
{"timestamp": "2026-03-04T08:06:09+0800", "level": "INFO", "logger": "etl_logger", "message": "Start reconcile...", "service": "cc_reconcile", "stage": "reconcile", "status": "ok"}
{"timestamp": "2026-03-04T08:06:09+0800", "level": "INFO", "logger": "etl_logger", "message": "Reconcile Finish ，Total Mismatch Case: 0", "service": "cc_reconcile", "stage": "reconcile", "status": "ok"}
{"timestamp": "2026-03-04T08:06:10+0800", "level": "INFO", "logger": "etl_logger", "message": "Connect Lark Finish", "service": "cc_reconcile", "stage": "lark", "status": "ok"}
{"timestamp": "2026-03-04T08:06:10+0800", "level": "INFO", "logger": "etl_logger", "message": "Start query existing data in LarkSheet...", "service": "cc_reconcile", "stage": "lark", "status": "ok"}
{"timestamp": "2026-03-04T08:06:11+0800", "level": "INFO", "logger": "etl_logger", "message": "Query existing data in LarkSheet Finish", "service": "cc_reconcile", "stage": "lark", "status": "ok"}
{"timestamp": "2026-03-04T08:06:11+0800", "level": "INFO", "logger": "etl_logger", "message": "Total unique keys in LarkSheet: 157, Total new mismatch cases to upload: 0", "service": "cc_reconcile", "stage": "lark", "status": "ok"}
{"timestamp": "2026-03-04T08:06:11+0800", "level": "INFO", "logger": "etl_logger", "message": "Append data to LarkSheet with range: Kalw4Y!A2:L3, rows: 1, columns: 12", "service": "cc_reconcile", "stage": "lark", "status": "ok"}
{"timestamp": "2026-03-04T08:06:11+0800", "level": "INFO", "logger": "etl_logger", "message": "✅ Successfully appended data to LarkSheet", "service": "cc_reconcile", "stage": "lark", "status": "ok"}
{"timestamp": "2026-03-04T08:06:12+0800", "level": "INFO", "logger": "etl_logger", "message": "Upload data to LarkSheet Finish", "service": "cc_reconcile", "stage": "lark", "status": "ok"}
{"timestamp": "2026-03-04T09:00:01+0800", "level": "INFO", "logger": "etl_logger", "message": "Start download reports...", "service": "cc_reconcile", "stage": "download", "status": "ok"}
{"timestamp": "2026-03-04T09:00:05+0800", "level": "INFO", "logger": "etl_logger", "message": "Payabl Login Success and Get Token Success", "service": "cc_reconcile", "stage": "download_payabl", "status": "ok"}
{"timestamp": "2026-03-04T09:00:05+0800", "level": "INFO", "logger": "etl_logger", "message": "Start downloading Payabl CC Report for date: 2026-03-03...", "service": "cc_reconcile", "stage": "download_payabl", "status": "ok"}
{"timestamp": "2026-03-04T09:00:52+0800", "level": "INFO", "logger": "etl_logger", "message": "Start downloading Payabl CC Report for date: 2026-03-04...", "service": "cc_reconcile", "stage": "download_payabl", "status": "ok"}
{"timestamp": "2026-03-04T09:01:02+0800", "level": "INFO", "logger": "etl_logger", "message": "Finish downloading Payabl CC Report", "service": "cc_reconcile", "stage": "download_payabl", "status": "ok"}
{"timestamp": "2026-03-04T09:01:02+0800", "level": "INFO", "logger": "etl_logger", "message": "Download Payabl CC Report Finish ，Total: 89116", "service": "cc_reconcile", "stage": "download", "status": "ok"}
{"timestamp": "2026-03-04T09:01:02+0800", "level": "INFO", "logger": "etl_logger", "message": "Login attempt 1/5", "service": "cc_reconcile", "stage": "download_davinci", "status": "ok"}
{"timestamp": "2026-03-04T09:01:04+0800", "level": "INFO", "logger": "etl_logger", "message": "Login response status=200, url=https://admin.vantagemarkets.com/admin/main, cookies=4", "service": "cc_reconcile", "stage": "download_davinci", "status": "ok"}
{"timestamp": "2026-03-04T09:01:04+0800", "level": "INFO", "logger": "etl_logger", "message": "Login successful", "service": "cc_reconcile", "stage": "download_davinci", "status": "ok"}
{"timestamp": "2026-03-04T09:01:04+0800", "level": "INFO", "logger": "etl_logger", "message": "Token obtained successfully", "service": "cc_reconcile", "stage": "download_davinci", "status": "ok"}
{"timestamp": "2026-03-04T09:01:04+0800", "level": "INFO", "logger": "etl_logger", "message": "Start downloading Davinci CC Report for brand: VFSC...", "service": "cc_reconcile", "stage": "download_davinci", "status": "ok"}
{"timestamp": "2026-03-04T09:01:23+0800", "level": "INFO", "logger": "etl_logger", "message": "POST success (VFSC 2026-03-01): cc_withdraw_detail_report_20260304010123.csv, took 19.6s", "service": "cc_reconcile", "stage": "download_davinci", "status": "ok"}
{"timestamp": "2026-03-04T09:01:24+0800", "level": "WARNING", "logger": "etl_logger", "message": "Download failed (VFSC 2026-03-01) attempt 1: 502 Server Error: Bad Gateway for url: https://report.vantagemarkets.com/api/download/cc_withdraw_detail_report_20260304010123.csv, took 0.8s", "service": "cc_reconcile", "stage": "download_davinci", "status": "ok"}
{"timestamp": "2026-03-04T09:01:30+0800", "level": "WARNING", "logger": "etl_logger", "message": "Download failed (VFSC 2026-03-01) attempt 2: 502 Server Error: Bad Gateway for url: https://report.vantagemarkets.com/api/download/cc_withdraw_detail_report_20260304010123.csv, took 0.6s", "service": "cc_reconcile", "stage": "download_davinci", "status": "ok"}
{"timestamp": "2026-03-04T09:01:36+0800", "level": "INFO", "logger": "etl_logger", "message": "Download success (VFSC 2026-03-01): cc_withdraw_detail_report_20260304010123.csv, took 0.9s", "service": "cc_reconcile", "stage": "download_davinci", "status": "ok"}
{"timestamp": "2026-03-04T09:01:54+0800", "level": "INFO", "logger": "etl_logger", "message": "POST success (VFSC 2026-03-02): cc_withdraw_detail_report_20260304010154.csv, took 18.7s", "service": "cc_reconcile", "stage": "download_davinci", "status": "ok"}
{"timestamp": "2026-03-04T09:01:55+0800", "level": "WARNING", "logger": "etl_logger", "message": "Download failed (VFSC 2026-03-02) attempt 1: 502 Server Error: Bad Gateway for url: https://report.vantagemarkets.com/api/download/cc_withdraw_detail_report_20260304010154.csv, took 1.0s", "service": "cc_reconcile", "stage": "download_davinci", "status": "ok"}
{"timestamp": "2026-03-04T09:02:02+0800", "level": "INFO", "logger": "etl_logger", "message": "Download success (VFSC 2026-03-02): cc_withdraw_detail_report_20260304010154.csv, took 1.7s", "service": "cc_reconcile", "stage": "download_davinci", "status": "ok"}
{"timestamp": "2026-03-04T09:02:02+0800", "level": "WARNING", "logger": "etl_logger", "message": "POST failed (VFSC 2026-03-03) attempt 1: 502 Server Error: Bad Gateway for url: https://report.vantagemarkets.com/api/cc-detail/download, took 0.2s", "service": "cc_reconcile", "stage": "download_davinci", "status": "ok"}
{"timestamp": "2026-03-04T09:02:26+0800", "level": "INFO", "logger": "etl_logger", "message": "POST success (VFSC 2026-03-03): cc_withdraw_detail_report_20260304010226.csv, took 18.7s", "service": "cc_reconcile", "stage": "download_davinci", "status": "ok"}
{"timestamp": "2026-03-04T09:02:29+0800", "level": "INFO", "logger": "etl_logger", "message": "Download success (VFSC 2026-03-03): cc_withdraw_detail_report_20260304010226.csv, took 2.4s", "service": "cc_reconcile", "stage": "download_davinci", "status": "ok"}
{"timestamp": "2026-03-04T09:02:29+0800", "level": "WARNING", "logger": "etl_logger", "message": "POST failed (VFSC 2026-03-04) attempt 1: 502 Server Error: Bad Gateway for url: https://report.vantagemarkets.com/api/cc-detail/download, took 0.2s", "service": "cc_reconcile", "stage": "download_davinci", "status": "ok"}
{"timestamp": "2026-03-04T09:02:34+0800", "level": "WARNING", "logger": "etl_logger", "message": "POST failed (VFSC 2026-03-04) attempt 2: 502 Server Error: Bad Gateway for url: https://report.vantagemarkets.com/api/cc-detail/download, took 0.2s", "service": "cc_reconcile", "stage": "download_davinci", "status": "ok"}
{"timestamp": "2026-03-04T09:02:39+0800", "level": "WARNING", "logger": "etl_logger", "message": "POST failed (VFSC 2026-03-04) attempt 3: 502 Server Error: Bad Gateway for url: https://report.vantagemarkets.com/api/cc-detail/download, took 0.2s", "service": "cc_reconcile", "stage": "download_davinci", "status": "ok"}
{"timestamp": "2026-03-04T09:03:07+0800", "level": "INFO", "logger": "etl_logger", "message": "POST success (VFSC 2026-03-04): cc_withdraw_detail_report_20260304010307.csv, took 23.1s", "service": "cc_reconcile", "stage": "download_davinci", "status": "ok"}
{"timestamp": "2026-03-04T09:03:09+0800", "level": "INFO", "logger": "etl_logger", "message": "Download success (VFSC 2026-03-04): cc_withdraw_detail_report_20260304010307.csv, took 1.2s", "service": "cc_reconcile", "stage": "download_davinci", "status": "ok"}
{"timestamp": "2026-03-04T09:03:09+0800", "level": "INFO", "logger": "etl_logger", "message": "Finish downloading Davinci CC - VFSC Report", "service": "cc_reconcile", "stage": "download_davinci", "status": "ok"}
{"timestamp": "2026-03-04T09:03:09+0800", "level": "INFO", "logger": "etl_logger", "message": "Start downloading Davinci CC Report for brand: VFSC2...", "service": "cc_reconcile", "stage": "download_davinci", "status": "ok"}
{"timestamp": "2026-03-04T09:04:02+0800", "level": "INFO", "logger": "etl_logger", "message": "POST success (VFSC2 2026-03-01): cc_withdraw_detail_report_20260304010402.csv, took 53.6s", "service": "cc_reconcile", "stage": "download_davinci", "status": "ok"}
{"timestamp": "2026-03-04T09:04:05+0800", "level": "INFO", "logger": "etl_logger", "message": "Download success (VFSC2 2026-03-01): cc_withdraw_detail_report_20260304010402.csv, took 2.7s", "service": "cc_reconcile", "stage": "download_davinci", "status": "ok"}
{"timestamp": "2026-03-04T09:05:16+0800", "level": "INFO", "logger": "etl_logger", "message": "POST success (VFSC2 2026-03-02): cc_withdraw_detail_report_20260304010515.csv, took 70.7s", "service": "cc_reconcile", "stage": "download_davinci", "status": "ok"}
{"timestamp": "2026-03-04T09:05:16+0800", "level": "WARNING", "logger": "etl_logger", "message": "Download failed (VFSC2 2026-03-02) attempt 1: 502 Server Error: Bad Gateway for url: https://report.vantagemarkets.com/api/download/cc_withdraw_detail_report_20260304010515.csv, took 0.8s", "service": "cc_reconcile", "stage": "download_davinci", "status": "ok"}
{"timestamp": "2026-03-04T09:05:22+0800", "level": "WARNING", "logger": "etl_logger", "message": "Download failed (VFSC2 2026-03-02) attempt 2: 502 Server Error: Bad Gateway for url: https://report.vantagemarkets.com/api/download/cc_withdraw_detail_report_20260304010515.csv, took 0.3s", "service": "cc_reconcile", "stage": "download_davinci", "status": "ok"}
{"timestamp": "2026-03-04T09:05:29+0800", "level": "INFO", "logger": "etl_logger", "message": "Download success (VFSC2 2026-03-02): cc_withdraw_detail_report_20260304010515.csv, took 2.4s", "service": "cc_reconcile", "stage": "download_davinci", "status": "ok"}
{"timestamp": "2026-03-04T09:05:29+0800", "level": "WARNING", "logger": "etl_logger", "message": "POST failed (VFSC2 2026-03-03) attempt 1: 502 Server Error: Bad Gateway for url: https://report.vantagemarkets.com/api/cc-detail/download, took 0.2s", "service": "cc_reconcile", "stage": "download_davinci", "status": "ok"}
{"timestamp": "2026-03-04T09:06:29+0800", "level": "INFO", "logger": "etl_logger", "message": "POST success (VFSC2 2026-03-03): cc_withdraw_detail_report_20260304010629.csv, took 54.9s", "service": "cc_reconcile", "stage": "download_davinci", "status": "ok"}
{"timestamp": "2026-03-04T09:06:32+0800", "level": "INFO", "logger": "etl_logger", "message": "Download success (VFSC2 2026-03-03): cc_withdraw_detail_report_20260304010629.csv, took 3.2s", "service": "cc_reconcile", "stage": "download_davinci", "status": "ok"}
{"timestamp": "2026-03-04T09:06:33+0800", "level": "WARNING", "logger": "etl_logger", "message": "POST failed (VFSC2 2026-03-04) attempt 1: 502 Server Error: Bad Gateway for url: https://report.vantagemarkets.com/api/cc-detail/download, took 0.2s", "service": "cc_reconcile", "stage": "download_davinci", "status": "ok"}
{"timestamp": "2026-03-04T09:07:34+0800", "level": "INFO", "logger": "etl_logger", "message": "POST success (VFSC2 2026-03-04): cc_withdraw_detail_report_20260304010734.csv, took 56.7s", "service": "cc_reconcile", "stage": "download_davinci", "status": "ok"}
{"timestamp": "2026-03-04T09:07:37+0800", "level": "INFO", "logger": "etl_logger", "message": "Download success (VFSC2 2026-03-04): cc_withdraw_detail_report_20260304010734.csv, took 2.2s", "service": "cc_reconcile", "stage": "download_davinci", "status": "ok"}
{"timestamp": "2026-03-04T09:07:38+0800", "level": "INFO", "logger": "etl_logger", "message": "Finish downloading Davinci CC - VFSC2 Report", "service": "cc_reconcile", "stage": "download_davinci", "status": "ok"}
{"timestamp": "2026-03-04T09:07:38+0800", "level": "INFO", "logger": "etl_logger", "message": "Finish downloading Davinci CC Report for all brands, total rows: 51407", "service": "cc_reconcile", "stage": "download_davinci", "status": "ok"}
{"timestamp": "2026-03-04T09:07:38+0800", "level": "INFO", "logger": "etl_logger", "message": "Download CRM CC Report Finish ，Total: 51407", "service": "cc_reconcile", "stage": "download", "status": "ok"}
{"timestamp": "2026-03-04T09:07:38+0800", "level": "INFO", "logger": "etl_logger", "message": "Start reconcile...", "service": "cc_reconcile", "stage": "reconcile", "status": "ok"}
{"timestamp": "2026-03-04T09:07:38+0800", "level": "INFO", "logger": "etl_logger", "message": "Reconcile Finish ，Total Mismatch Case: 0", "service": "cc_reconcile", "stage": "reconcile", "status": "ok"}
{"timestamp": "2026-03-04T09:07:38+0800", "level": "INFO", "logger": "etl_logger", "message": "Connect Lark Finish", "service": "cc_reconcile", "stage": "lark", "status": "ok"}
{"timestamp": "2026-03-04T09:07:38+0800", "level": "INFO", "logger": "etl_logger", "message": "Start query existing data in LarkSheet...", "service": "cc_reconcile", "stage": "lark", "status": "ok"}
{"timestamp": "2026-03-04T09:07:39+0800", "level": "INFO", "logger": "etl_logger", "message": "Query existing data in LarkSheet Finish", "service": "cc_reconcile", "stage": "lark", "status": "ok"}
{"timestamp": "2026-03-04T09:07:39+0800", "level": "INFO", "logger": "etl_logger", "message": "Total unique keys in LarkSheet: 157, Total new mismatch cases to upload: 0", "service": "cc_reconcile", "stage": "lark", "status": "ok"}
{"timestamp": "2026-03-04T09:07:39+0800", "level": "INFO", "logger": "etl_logger", "message": "Append data to LarkSheet with range: Kalw4Y!A2:L3, rows: 1, columns: 12", "service": "cc_reconcile", "stage": "lark", "status": "ok"}
{"timestamp": "2026-03-04T09:07:40+0800", "level": "INFO", "logger": "etl_logger", "message": "✅ Successfully appended data to LarkSheet", "service": "cc_reconcile", "stage": "lark", "status": "ok"}
{"timestamp": "2026-03-04T09:07:41+0800", "level": "INFO", "logger": "etl_logger", "message": "Upload data to LarkSheet Finish", "service": "cc_reconcile", "stage": "lark", "status": "ok"}
{"timestamp": "2026-03-04T10:00:02+0800", "level": "INFO", "logger": "etl_logger", "message": "Start download reports...", "service": "cc_reconcile", "stage": "download", "status": "ok"}
{"timestamp": "2026-03-04T10:00:05+0800", "level": "INFO", "logger": "etl_logger", "message": "Payabl Login Success and Get Token Success", "service": "cc_reconcile", "stage": "download_payabl", "status": "ok"}
{"timestamp": "2026-03-04T10:00:05+0800", "level": "INFO", "logger": "etl_logger", "message": "Start downloading Payabl CC Report for date: 2026-03-03...", "service": "cc_reconcile", "stage": "download_payabl", "status": "ok"}
{"timestamp": "2026-03-04T10:00:52+0800", "level": "INFO", "logger": "etl_logger", "message": "Start downloading Payabl CC Report for date: 2026-03-04...", "service": "cc_reconcile", "stage": "download_payabl", "status": "ok"}
{"timestamp": "2026-03-04T10:01:03+0800", "level": "INFO", "logger": "etl_logger", "message": "Finish downloading Payabl CC Report", "service": "cc_reconcile", "stage": "download_payabl", "status": "ok"}
{"timestamp": "2026-03-04T10:01:03+0800", "level": "INFO", "logger": "etl_logger", "message": "Download Payabl CC Report Finish ，Total: 90655", "service": "cc_reconcile", "stage": "download", "status": "ok"}
{"timestamp": "2026-03-04T10:01:03+0800", "level": "INFO", "logger": "etl_logger", "message": "Login attempt 1/5", "service": "cc_reconcile", "stage": "download_davinci", "status": "ok"}
{"timestamp": "2026-03-04T10:01:04+0800", "level": "INFO", "logger": "etl_logger", "message": "Login response status=200, url=https://admin.vantagemarkets.com/admin/main, cookies=4", "service": "cc_reconcile", "stage": "download_davinci", "status": "ok"}
{"timestamp": "2026-03-04T10:01:04+0800", "level": "INFO", "logger": "etl_logger", "message": "Login successful", "service": "cc_reconcile", "stage": "download_davinci", "status": "ok"}
{"timestamp": "2026-03-04T10:01:04+0800", "level": "INFO", "logger": "etl_logger", "message": "Token obtained successfully", "service": "cc_reconcile", "stage": "download_davinci", "status": "ok"}
{"timestamp": "2026-03-04T10:01:04+0800", "level": "INFO", "logger": "etl_logger", "message": "Start downloading Davinci CC Report for brand: VFSC...", "service": "cc_reconcile", "stage": "download_davinci", "status": "ok"}
{"timestamp": "2026-03-04T10:01:05+0800", "level": "WARNING", "logger": "etl_logger", "message": "POST failed (VFSC 2026-03-01) attempt 1: 502 Server Error: Bad Gateway for url: https://report.vantagemarkets.com/api/cc-detail/download, took 0.9s", "service": "cc_reconcile", "stage": "download_davinci", "status": "ok"}
{"timestamp": "2026-03-04T10:01:41+0800", "level": "INFO", "logger": "etl_logger", "message": "POST success (VFSC 2026-03-01): cc_withdraw_detail_report_20260304020141.csv, took 31.5s", "service": "cc_reconcile", "stage": "download_davinci", "status": "ok"}
{"timestamp": "2026-03-04T10:01:42+0800", "level": "WARNING", "logger": "etl_logger", "message": "Download failed (VFSC 2026-03-01) attempt 1: 502 Server Error: Bad Gateway for url: https://report.vantagemarkets.com/api/download/cc_withdraw_detail_report_20260304020141.csv, took 1.0s", "service": "cc_reconcile", "stage": "download_davinci", "status": "ok"}
{"timestamp": "2026-03-04T10:01:49+0800", "level": "WARNING", "logger": "etl_logger", "message": "Download failed (VFSC 2026-03-01) attempt 2: 502 Server Error: Bad Gateway for url: https://report.vantagemarkets.com/api/download/cc_withdraw_detail_report_20260304020141.csv, took 1.0s", "service": "cc_reconcile", "stage": "download_davinci", "status": "ok"}
{"timestamp": "2026-03-04T10:01:55+0800", "level": "INFO", "logger": "etl_logger", "message": "Download success (VFSC 2026-03-01): cc_withdraw_detail_report_20260304020141.csv, took 1.1s", "service": "cc_reconcile", "stage": "download_davinci", "status": "ok"}
{"timestamp": "2026-03-04T10:01:55+0800", "level": "WARNING", "logger": "etl_logger", "message": "POST failed (VFSC 2026-03-02) attempt 1: 502 Server Error: Bad Gateway for url: https://report.vantagemarkets.com/api/cc-detail/download, took 0.2s", "service": "cc_reconcile", "stage": "download_davinci", "status": "ok"}
{"timestamp": "2026-03-04T10:02:00+0800", "level": "WARNING", "logger": "etl_logger", "message": "POST failed (VFSC 2026-03-02) attempt 2: 502 Server Error: Bad Gateway for url: https://report.vantagemarkets.com/api/cc-detail/download, took 0.2s", "service": "cc_reconcile", "stage": "download_davinci", "status": "ok"}
{"timestamp": "2026-03-04T10:02:05+0800", "level": "WARNING", "logger": "etl_logger", "message": "POST failed (VFSC 2026-03-02) attempt 3: 502 Server Error: Bad Gateway for url: https://report.vantagemarkets.com/api/cc-detail/download, took 0.2s", "service": "cc_reconcile", "stage": "download_davinci", "status": "ok"}
{"timestamp": "2026-03-04T10:02:28+0800", "level": "INFO", "logger": "etl_logger", "message": "POST success (VFSC 2026-03-02): cc_withdraw_detail_report_20260304020228.csv, took 18.1s", "service": "cc_reconcile", "stage": "download_davinci", "status": "ok"}
{"timestamp": "2026-03-04T10:02:30+0800", "level": "INFO", "logger": "etl_logger", "message": "Download success (VFSC 2026-03-02): cc_withdraw_detail_report_20260304020228.csv, took 1.9s", "service": "cc_reconcile", "stage": "download_davinci", "status": "ok"}
{"timestamp": "2026-03-04T10:02:31+0800", "level": "WARNING", "logger": "etl_logger", "message": "POST failed (VFSC 2026-03-03) attempt 1: 502 Server Error: Bad Gateway for url: https://report.vantagemarkets.com/api/cc-detail/download, took 0.2s", "service": "cc_reconcile", "stage": "download_davinci", "status": "ok"}
{"timestamp": "2026-03-04T10:02:54+0800", "level": "INFO", "logger": "etl_logger", "message": "POST success (VFSC 2026-03-03): cc_withdraw_detail_report_20260304020254.csv, took 18.5s", "service": "cc_reconcile", "stage": "download_davinci", "status": "ok"}
{"timestamp": "2026-03-04T10:02:56+0800", "level": "INFO", "logger": "etl_logger", "message": "Download success (VFSC 2026-03-03): cc_withdraw_detail_report_20260304020254.csv, took 2.4s", "service": "cc_reconcile", "stage": "download_davinci", "status": "ok"}
{"timestamp": "2026-03-04T10:02:57+0800", "level": "WARNING", "logger": "etl_logger", "message": "POST failed (VFSC 2026-03-04) attempt 1: 502 Server Error: Bad Gateway for url: https://report.vantagemarkets.com/api/cc-detail/download, took 0.2s", "service": "cc_reconcile", "stage": "download_davinci", "status": "ok"}
{"timestamp": "2026-03-04T10:03:02+0800", "level": "WARNING", "logger": "etl_logger", "message": "POST failed (VFSC 2026-03-04) attempt 2: 502 Server Error: Bad Gateway for url: https://report.vantagemarkets.com/api/cc-detail/download, took 0.2s", "service": "cc_reconcile", "stage": "download_davinci", "status": "ok"}
{"timestamp": "2026-03-04T10:03:25+0800", "level": "INFO", "logger": "etl_logger", "message": "POST success (VFSC 2026-03-04): cc_withdraw_detail_report_20260304020325.csv, took 17.9s", "service": "cc_reconcile", "stage": "download_davinci", "status": "ok"}
{"timestamp": "2026-03-04T10:03:26+0800", "level": "INFO", "logger": "etl_logger", "message": "Download success (VFSC 2026-03-04): cc_withdraw_detail_report_20260304020325.csv, took 1.5s", "service": "cc_reconcile", "stage": "download_davinci", "status": "ok"}
{"timestamp": "2026-03-04T10:03:26+0800", "level": "INFO", "logger": "etl_logger", "message": "Finish downloading Davinci CC - VFSC Report", "service": "cc_reconcile", "stage": "download_davinci", "status": "ok"}
{"timestamp": "2026-03-04T10:03:26+0800", "level": "INFO", "logger": "etl_logger", "message": "Start downloading Davinci CC Report for brand: VFSC2...", "service": "cc_reconcile", "stage": "download_davinci", "status": "ok"}
{"timestamp": "2026-03-04T10:05:31+0800", "level": "WARNING", "logger": "etl_logger", "message": "POST failed (VFSC2 2026-03-01) attempt 1: 524 Server Error:  for url: https://report.vantagemarkets.com/api/cc-detail/download, took 125.0s", "service": "cc_reconcile", "stage": "download_davinci", "status": "ok"}
{"timestamp": "2026-03-04T10:06:31+0800", "level": "INFO", "logger": "etl_logger", "message": "POST success (VFSC2 2026-03-01): cc_withdraw_detail_report_20260304020631.csv, took 54.4s", "service": "cc_reconcile", "stage": "download_davinci", "status": "ok"}
{"timestamp": "2026-03-04T10:06:34+0800", "level": "INFO", "logger": "etl_logger", "message": "Download success (VFSC2 2026-03-01): cc_withdraw_detail_report_20260304020631.csv, took 2.7s", "service": "cc_reconcile", "stage": "download_davinci", "status": "ok"}
{"timestamp": "2026-03-04T10:06:34+0800", "level": "WARNING", "logger": "etl_logger", "message": "POST failed (VFSC2 2026-03-02) attempt 1: 502 Server Error: Bad Gateway for url: https://report.vantagemarkets.com/api/cc-detail/download, took 0.2s", "service": "cc_reconcile", "stage": "download_davinci", "status": "ok"}
{"timestamp": "2026-03-04T10:07:41+0800", "level": "INFO", "logger": "etl_logger", "message": "POST success (VFSC2 2026-03-02): cc_withdraw_detail_report_20260304020741.csv, took 62.1s", "service": "cc_reconcile", "stage": "download_davinci", "status": "ok"}
{"timestamp": "2026-03-04T10:07:42+0800", "level": "WARNING", "logger": "etl_logger", "message": "Download failed (VFSC2 2026-03-02) attempt 1: 502 Server Error: Bad Gateway for url: https://report.vantagemarkets.com/api/download/cc_withdraw_detail_report_20260304020741.csv, took 1.0s", "service": "cc_reconcile", "stage": "download_davinci", "status": "ok"}
{"timestamp": "2026-03-04T10:07:48+0800", "level": "WARNING", "logger": "etl_logger", "message": "Download failed (VFSC2 2026-03-02) attempt 2: 502 Server Error: Bad Gateway for url: https://report.vantagemarkets.com/api/download/cc_withdraw_detail_report_20260304020741.csv, took 0.9s", "service": "cc_reconcile", "stage": "download_davinci", "status": "ok"}
{"timestamp": "2026-03-04T10:07:56+0800", "level": "INFO", "logger": "etl_logger", "message": "Download success (VFSC2 2026-03-02): cc_withdraw_detail_report_20260304020741.csv, took 2.8s", "service": "cc_reconcile", "stage": "download_davinci", "status": "ok"}
{"timestamp": "2026-03-04T10:08:56+0800", "level": "INFO", "logger": "etl_logger", "message": "POST success (VFSC2 2026-03-03): cc_withdraw_detail_report_20260304020856.csv, took 60.9s", "service": "cc_reconcile", "stage": "download_davinci", "status": "ok"}
{"timestamp": "2026-03-04T10:08:57+0800", "level": "WARNING", "logger": "etl_logger", "message": "Download failed (VFSC2 2026-03-03) attempt 1: 502 Server Error: Bad Gateway for url: https://report.vantagemarkets.com/api/download/cc_withdraw_detail_report_20260304020856.csv, took 1.0s", "service": "cc_reconcile", "stage": "download_davinci", "status": "ok"}
{"timestamp": "2026-03-04T10:09:05+0800", "level": "INFO", "logger": "etl_logger", "message": "Download success (VFSC2 2026-03-03): cc_withdraw_detail_report_20260304020856.csv, took 2.6s", "service": "cc_reconcile", "stage": "download_davinci", "status": "ok"}
{"timestamp": "2026-03-04T10:09:58+0800", "level": "INFO", "logger": "etl_logger", "message": "POST success (VFSC2 2026-03-04): cc_withdraw_detail_report_20260304020958.csv, took 52.8s", "service": "cc_reconcile", "stage": "download_davinci", "status": "ok"}
{"timestamp": "2026-03-04T10:10:00+0800", "level": "INFO", "logger": "etl_logger", "message": "Download success (VFSC2 2026-03-04): cc_withdraw_detail_report_20260304020958.csv, took 2.1s", "service": "cc_reconcile", "stage": "download_davinci", "status": "ok"}
{"timestamp": "2026-03-04T10:10:01+0800", "level": "INFO", "logger": "etl_logger", "message": "Finish downloading Davinci CC - VFSC2 Report", "service": "cc_reconcile", "stage": "download_davinci", "status": "ok"}
{"timestamp": "2026-03-04T10:10:01+0800", "level": "INFO", "logger": "etl_logger", "message": "Finish downloading Davinci CC Report for all brands, total rows: 51918", "service": "cc_reconcile", "stage": "download_davinci", "status": "ok"}
{"timestamp": "2026-03-04T10:10:01+0800", "level": "INFO", "logger": "etl_logger", "message": "Download CRM CC Report Finish ，Total: 51918", "service": "cc_reconcile", "stage": "download", "status": "ok"}
{"timestamp": "2026-03-04T10:10:01+0800", "level": "INFO", "logger": "etl_logger", "message": "Start reconcile...", "service": "cc_reconcile", "stage": "reconcile", "status": "ok"}
{"timestamp": "2026-03-04T10:10:01+0800", "level": "INFO", "logger": "etl_logger", "message": "Reconcile Finish ，Total Mismatch Case: 0", "service": "cc_reconcile", "stage": "reconcile", "status": "ok"}
{"timestamp": "2026-03-04T10:10:01+0800", "level": "INFO", "logger": "etl_logger", "message": "Connect Lark Finish", "service": "cc_reconcile", "stage": "lark", "status": "ok"}
{"timestamp": "2026-03-04T10:10:01+0800", "level": "INFO", "logger": "etl_logger", "message": "Start query existing data in LarkSheet...", "service": "cc_reconcile", "stage": "lark", "status": "ok"}
{"timestamp": "2026-03-04T10:10:03+0800", "level": "INFO", "logger": "etl_logger", "message": "Query existing data in LarkSheet Finish", "service": "cc_reconcile", "stage": "lark", "status": "ok"}
{"timestamp": "2026-03-04T10:10:03+0800", "level": "INFO", "logger": "etl_logger", "message": "Total unique keys in LarkSheet: 157, Total new mismatch cases to upload: 0", "service": "cc_reconcile", "stage": "lark", "status": "ok"}
{"timestamp": "2026-03-04T10:10:03+0800", "level": "INFO", "logger": "etl_logger", "message": "Append data to LarkSheet with range: Kalw4Y!A2:L3, rows: 1, columns: 12", "service": "cc_reconcile", "stage": "lark", "status": "ok"}
{"timestamp": "2026-03-04T10:10:03+0800", "level": "INFO", "logger": "etl_logger", "message": "✅ Successfully appended data to LarkSheet", "service": "cc_reconcile", "stage": "lark", "status": "ok"}
{"timestamp": "2026-03-04T10:10:05+0800", "level": "INFO", "logger": "etl_logger", "message": "Upload data to LarkSheet Finish", "service": "cc_reconcile", "stage": "lark", "status": "ok"}
{"timestamp": "2026-03-04T11:00:02+0800", "level": "INFO", "logger": "etl_logger", "message": "Start download reports...", "service": "cc_reconcile", "stage": "download", "status": "ok"}
{"timestamp": "2026-03-04T11:00:05+0800", "level": "INFO", "logger": "etl_logger", "message": "Payabl Login Success and Get Token Success", "service": "cc_reconcile", "stage": "download_payabl", "status": "ok"}
{"timestamp": "2026-03-04T11:00:05+0800", "level": "INFO", "logger": "etl_logger", "message": "Start downloading Payabl CC Report for date: 2026-03-03...", "service": "cc_reconcile", "stage": "download_payabl", "status": "ok"}
{"timestamp": "2026-03-04T11:00:53+0800", "level": "INFO", "logger": "etl_logger", "message": "Start downloading Payabl CC Report for date: 2026-03-04...", "service": "cc_reconcile", "stage": "download_payabl", "status": "ok"}
{"timestamp": "2026-03-04T11:01:04+0800", "level": "INFO", "logger": "etl_logger", "message": "Finish downloading Payabl CC Report", "service": "cc_reconcile", "stage": "download_payabl", "status": "ok"}
{"timestamp": "2026-03-04T11:01:04+0800", "level": "INFO", "logger": "etl_logger", "message": "Download Payabl CC Report Finish ，Total: 91729", "service": "cc_reconcile", "stage": "download", "status": "ok"}
{"timestamp": "2026-03-04T11:01:04+0800", "level": "INFO", "logger": "etl_logger", "message": "Login attempt 1/5", "service": "cc_reconcile", "stage": "download_davinci", "status": "ok"}
{"timestamp": "2026-03-04T11:01:05+0800", "level": "INFO", "logger": "etl_logger", "message": "Login response status=200, url=https://admin.vantagemarkets.com/admin/main, cookies=4", "service": "cc_reconcile", "stage": "download_davinci", "status": "ok"}
{"timestamp": "2026-03-04T11:01:05+0800", "level": "INFO", "logger": "etl_logger", "message": "Login successful", "service": "cc_reconcile", "stage": "download_davinci", "status": "ok"}
{"timestamp": "2026-03-04T11:01:06+0800", "level": "INFO", "logger": "etl_logger", "message": "Token obtained successfully", "service": "cc_reconcile", "stage": "download_davinci", "status": "ok"}
{"timestamp": "2026-03-04T11:01:06+0800", "level": "INFO", "logger": "etl_logger", "message": "Start downloading Davinci CC Report for brand: VFSC...", "service": "cc_reconcile", "stage": "download_davinci", "status": "ok"}
{"timestamp": "2026-03-04T11:01:25+0800", "level": "INFO", "logger": "etl_logger", "message": "POST success (VFSC 2026-03-01): cc_withdraw_detail_report_20260304030125.csv, took 19.0s", "service": "cc_reconcile", "stage": "download_davinci", "status": "ok"}
{"timestamp": "2026-03-04T11:01:26+0800", "level": "WARNING", "logger": "etl_logger", "message": "Download failed (VFSC 2026-03-01) attempt 1: 502 Server Error: Bad Gateway for url: https://report.vantagemarkets.com/api/download/cc_withdraw_detail_report_20260304030125.csv, took 1.0s", "service": "cc_reconcile", "stage": "download_davinci", "status": "ok"}
{"timestamp": "2026-03-04T11:01:31+0800", "level": "WARNING", "logger": "etl_logger", "message": "Download failed (VFSC 2026-03-01) attempt 2: 502 Server Error: Bad Gateway for url: https://report.vantagemarkets.com/api/download/cc_withdraw_detail_report_20260304030125.csv, took 0.7s", "service": "cc_reconcile", "stage": "download_davinci", "status": "ok"}
{"timestamp": "2026-03-04T11:01:38+0800", "level": "INFO", "logger": "etl_logger", "message": "Download success (VFSC 2026-03-01): cc_withdraw_detail_report_20260304030125.csv, took 1.1s", "service": "cc_reconcile", "stage": "download_davinci", "status": "ok"}
{"timestamp": "2026-03-04T11:01:38+0800", "level": "WARNING", "logger": "etl_logger", "message": "POST failed (VFSC 2026-03-02) attempt 1: 502 Server Error: Bad Gateway for url: https://report.vantagemarkets.com/api/cc-detail/download, took 0.3s", "service": "cc_reconcile", "stage": "download_davinci", "status": "ok"}
{"timestamp": "2026-03-04T11:01:43+0800", "level": "WARNING", "logger": "etl_logger", "message": "POST failed (VFSC 2026-03-02) attempt 2: 502 Server Error: Bad Gateway for url: https://report.vantagemarkets.com/api/cc-detail/download, took 0.2s", "service": "cc_reconcile", "stage": "download_davinci", "status": "ok"}
{"timestamp": "2026-03-04T11:02:06+0800", "level": "INFO", "logger": "etl_logger", "message": "POST success (VFSC 2026-03-02): cc_withdraw_detail_report_20260304030206.csv, took 18.4s", "service": "cc_reconcile", "stage": "download_davinci", "status": "ok"}
{"timestamp": "2026-03-04T11:02:09+0800", "level": "INFO", "logger": "etl_logger", "message": "Download success (VFSC 2026-03-02): cc_withdraw_detail_report_20260304030206.csv, took 2.4s", "service": "cc_reconcile", "stage": "download_davinci", "status": "ok"}
{"timestamp": "2026-03-04T11:02:09+0800", "level": "WARNING", "logger": "etl_logger", "message": "POST failed (VFSC 2026-03-03) attempt 1: 502 Server Error: Bad Gateway for url: https://report.vantagemarkets.com/api/cc-detail/download, took 0.2s", "service": "cc_reconcile", "stage": "download_davinci", "status": "ok"}
{"timestamp": "2026-03-04T11:02:32+0800", "level": "INFO", "logger": "etl_logger", "message": "POST success (VFSC 2026-03-03): cc_withdraw_detail_report_20260304030232.csv, took 18.2s", "service": "cc_reconcile", "stage": "download_davinci", "status": "ok"}
{"timestamp": "2026-03-04T11:02:33+0800", "level": "WARNING", "logger": "etl_logger", "message": "Download failed (VFSC 2026-03-03) attempt 1: 502 Server Error: Bad Gateway for url: https://report.vantagemarkets.com/api/download/cc_withdraw_detail_report_20260304030232.csv, took 1.0s", "service": "cc_reconcile", "stage": "download_davinci", "status": "ok"}
{"timestamp": "2026-03-04T11:02:40+0800", "level": "INFO", "logger": "etl_logger", "message": "Download success (VFSC 2026-03-03): cc_withdraw_detail_report_20260304030232.csv, took 1.7s", "service": "cc_reconcile", "stage": "download_davinci", "status": "ok"}
{"timestamp": "2026-03-04T11:02:40+0800", "level": "WARNING", "logger": "etl_logger", "message": "POST failed (VFSC 2026-03-04) attempt 1: 502 Server Error: Bad Gateway for url: https://report.vantagemarkets.com/api/cc-detail/download, took 0.2s", "service": "cc_reconcile", "stage": "download_davinci", "status": "ok"}
{"timestamp": "2026-03-04T11:03:04+0800", "level": "INFO", "logger": "etl_logger", "message": "POST success (VFSC 2026-03-04): cc_withdraw_detail_report_20260304030304.csv, took 19.1s", "service": "cc_reconcile", "stage": "download_davinci", "status": "ok"}
{"timestamp": "2026-03-04T11:03:05+0800", "level": "WARNING", "logger": "etl_logger", "message": "Download failed (VFSC 2026-03-04) attempt 1: 502 Server Error: Bad Gateway for url: https://report.vantagemarkets.com/api/download/cc_withdraw_detail_report_20260304030304.csv, took 1.0s", "service": "cc_reconcile", "stage": "download_davinci", "status": "ok"}
{"timestamp": "2026-03-04T11:03:11+0800", "level": "INFO", "logger": "etl_logger", "message": "Download success (VFSC 2026-03-04): cc_withdraw_detail_report_20260304030304.csv, took 0.8s", "service": "cc_reconcile", "stage": "download_davinci", "status": "ok"}
{"timestamp": "2026-03-04T11:03:11+0800", "level": "INFO", "logger": "etl_logger", "message": "Finish downloading Davinci CC - VFSC Report", "service": "cc_reconcile", "stage": "download_davinci", "status": "ok"}
{"timestamp": "2026-03-04T11:03:11+0800", "level": "INFO", "logger": "etl_logger", "message": "Start downloading Davinci CC Report for brand: VFSC2...", "service": "cc_reconcile", "stage": "download_davinci", "status": "ok"}
{"timestamp": "2026-03-04T11:04:08+0800", "level": "INFO", "logger": "etl_logger", "message": "POST success (VFSC2 2026-03-01): cc_withdraw_detail_report_20260304030408.csv, took 56.3s", "service": "cc_reconcile", "stage": "download_davinci", "status": "ok"}
{"timestamp": "2026-03-04T11:04:10+0800", "level": "INFO", "logger": "etl_logger", "message": "Download success (VFSC2 2026-03-01): cc_withdraw_detail_report_20260304030408.csv, took 2.6s", "service": "cc_reconcile", "stage": "download_davinci", "status": "ok"}
{"timestamp": "2026-03-04T11:04:39+0800", "level": "WARNING", "logger": "etl_logger", "message": "POST failed (VFSC2 2026-03-02) attempt 1: 500 Server Error: Internal Server Error for url: https://report.vantagemarkets.com/api/cc-detail/download, took 28.5s", "service": "cc_reconcile", "stage": "download_davinci", "status": "ok"}
{"timestamp": "2026-03-04T11:05:45+0800", "level": "INFO", "logger": "etl_logger", "message": "POST success (VFSC2 2026-03-02): cc_withdraw_detail_report_20260304030544.csv, took 60.8s", "service": "cc_reconcile", "stage": "download_davinci", "status": "ok"}
{"timestamp": "2026-03-04T11:05:48+0800", "level": "INFO", "logger": "etl_logger", "message": "Download success (VFSC2 2026-03-02): cc_withdraw_detail_report_20260304030544.csv, took 3.5s", "service": "cc_reconcile", "stage": "download_davinci", "status": "ok"}
{"timestamp": "2026-03-04T11:06:44+0800", "level": "INFO", "logger": "etl_logger", "message": "POST success (VFSC2 2026-03-03): cc_withdraw_detail_report_20260304030643.csv, took 55.7s", "service": "cc_reconcile", "stage": "download_davinci", "status": "ok"}
{"timestamp": "2026-03-04T11:06:47+0800", "level": "INFO", "logger": "etl_logger", "message": "Download success (VFSC2 2026-03-03): cc_withdraw_detail_report_20260304030643.csv, took 3.2s", "service": "cc_reconcile", "stage": "download_davinci", "status": "ok"}
{"timestamp": "2026-03-04T11:07:37+0800", "level": "INFO", "logger": "etl_logger", "message": "POST success (VFSC2 2026-03-04): cc_withdraw_detail_report_20260304030737.csv, took 50.2s", "service": "cc_reconcile", "stage": "download_davinci", "status": "ok"}
{"timestamp": "2026-03-04T11:07:39+0800", "level": "INFO", "logger": "etl_logger", "message": "Download success (VFSC2 2026-03-04): cc_withdraw_detail_report_20260304030737.csv, took 2.4s", "service": "cc_reconcile", "stage": "download_davinci", "status": "ok"}
{"timestamp": "2026-03-04T11:07:40+0800", "level": "INFO", "logger": "etl_logger", "message": "Finish downloading Davinci CC - VFSC2 Report", "service": "cc_reconcile", "stage": "download_davinci", "status": "ok"}
{"timestamp": "2026-03-04T11:07:40+0800", "level": "INFO", "logger": "etl_logger", "message": "Finish downloading Davinci CC Report for all brands, total rows: 52279", "service": "cc_reconcile", "stage": "download_davinci", "status": "ok"}
{"timestamp": "2026-03-04T11:07:40+0800", "level": "INFO", "logger": "etl_logger", "message": "Download CRM CC Report Finish ，Total: 52279", "service": "cc_reconcile", "stage": "download", "status": "ok"}
{"timestamp": "2026-03-04T11:07:40+0800", "level": "INFO", "logger": "etl_logger", "message": "Start reconcile...", "service": "cc_reconcile", "stage": "reconcile", "status": "ok"}
{"timestamp": "2026-03-04T11:07:40+0800", "level": "INFO", "logger": "etl_logger", "message": "Reconcile Finish ，Total Mismatch Case: 0", "service": "cc_reconcile", "stage": "reconcile", "status": "ok"}
{"timestamp": "2026-03-04T11:07:41+0800", "level": "INFO", "logger": "etl_logger", "message": "Connect Lark Finish", "service": "cc_reconcile", "stage": "lark", "status": "ok"}
{"timestamp": "2026-03-04T11:07:41+0800", "level": "INFO", "logger": "etl_logger", "message": "Start query existing data in LarkSheet...", "service": "cc_reconcile", "stage": "lark", "status": "ok"}
{"timestamp": "2026-03-04T11:07:42+0800", "level": "INFO", "logger": "etl_logger", "message": "Query existing data in LarkSheet Finish", "service": "cc_reconcile", "stage": "lark", "status": "ok"}
{"timestamp": "2026-03-04T11:07:42+0800", "level": "INFO", "logger": "etl_logger", "message": "Total unique keys in LarkSheet: 157, Total new mismatch cases to upload: 0", "service": "cc_reconcile", "stage": "lark", "status": "ok"}
{"timestamp": "2026-03-04T11:07:42+0800", "level": "INFO", "logger": "etl_logger", "message": "Append data to LarkSheet with range: Kalw4Y!A2:L3, rows: 1, columns: 12", "service": "cc_reconcile", "stage": "lark", "status": "ok"}
{"timestamp": "2026-03-04T11:07:42+0800", "level": "INFO", "logger": "etl_logger", "message": "✅ Successfully appended data to LarkSheet", "service": "cc_reconcile", "stage": "lark", "status": "ok"}
{"timestamp": "2026-03-04T11:07:44+0800", "level": "INFO", "logger": "etl_logger", "message": "Upload data to LarkSheet Finish", "service": "cc_reconcile", "stage": "lark", "status": "ok"}
{"timestamp": "2026-03-04T12:00:01+0800", "level": "INFO", "logger": "etl_logger", "message": "Start download reports...", "service": "cc_reconcile", "stage": "download", "status": "ok"}
{"timestamp": "2026-03-04T12:00:05+0800", "level": "INFO", "logger": "etl_logger", "message": "Payabl Login Success and Get Token Success", "service": "cc_reconcile", "stage": "download_payabl", "status": "ok"}
{"timestamp": "2026-03-04T12:00:05+0800", "level": "INFO", "logger": "etl_logger", "message": "Start downloading Payabl CC Report for date: 2026-03-03...", "service": "cc_reconcile", "stage": "download_payabl", "status": "ok"}
{"timestamp": "2026-03-04T12:00:53+0800", "level": "INFO", "logger": "etl_logger", "message": "Start downloading Payabl CC Report for date: 2026-03-04...", "service": "cc_reconcile", "stage": "download_payabl", "status": "ok"}
{"timestamp": "2026-03-04T12:01:04+0800", "level": "INFO", "logger": "etl_logger", "message": "Finish downloading Payabl CC Report", "service": "cc_reconcile", "stage": "download_payabl", "status": "ok"}
{"timestamp": "2026-03-04T12:01:04+0800", "level": "INFO", "logger": "etl_logger", "message": "Download Payabl CC Report Finish ，Total: 92537", "service": "cc_reconcile", "stage": "download", "status": "ok"}
{"timestamp": "2026-03-04T12:01:04+0800", "level": "INFO", "logger": "etl_logger", "message": "Login attempt 1/5", "service": "cc_reconcile", "stage": "download_davinci", "status": "ok"}
{"timestamp": "2026-03-04T12:01:05+0800", "level": "INFO", "logger": "etl_logger", "message": "Login response status=200, url=https://admin.vantagemarkets.com/admin/main, cookies=4", "service": "cc_reconcile", "stage": "download_davinci", "status": "ok"}
{"timestamp": "2026-03-04T12:01:05+0800", "level": "INFO", "logger": "etl_logger", "message": "Login successful", "service": "cc_reconcile", "stage": "download_davinci", "status": "ok"}
{"timestamp": "2026-03-04T12:01:06+0800", "level": "INFO", "logger": "etl_logger", "message": "Token obtained successfully", "service": "cc_reconcile", "stage": "download_davinci", "status": "ok"}
{"timestamp": "2026-03-04T12:01:06+0800", "level": "INFO", "logger": "etl_logger", "message": "Start downloading Davinci CC Report for brand: VFSC...", "service": "cc_reconcile", "stage": "download_davinci", "status": "ok"}
{"timestamp": "2026-03-04T12:01:28+0800", "level": "INFO", "logger": "etl_logger", "message": "POST success (VFSC 2026-03-01): cc_withdraw_detail_report_20260304040128.csv, took 22.8s", "service": "cc_reconcile", "stage": "download_davinci", "status": "ok"}
{"timestamp": "2026-03-04T12:01:30+0800", "level": "INFO", "logger": "etl_logger", "message": "Download success (VFSC 2026-03-01): cc_withdraw_detail_report_20260304040128.csv, took 1.7s", "service": "cc_reconcile", "stage": "download_davinci", "status": "ok"}
{"timestamp": "2026-03-04T12:01:54+0800", "level": "INFO", "logger": "etl_logger", "message": "POST success (VFSC 2026-03-02): cc_withdraw_detail_report_20260304040154.csv, took 23.6s", "service": "cc_reconcile", "stage": "download_davinci", "status": "ok"}
{"timestamp": "2026-03-04T12:01:56+0800", "level": "INFO", "logger": "etl_logger", "message": "Download success (VFSC 2026-03-02): cc_withdraw_detail_report_20260304040154.csv, took 2.5s", "service": "cc_reconcile", "stage": "download_davinci", "status": "ok"}
{"timestamp": "2026-03-04T12:01:56+0800", "level": "WARNING", "logger": "etl_logger", "message": "POST failed (VFSC 2026-03-03) attempt 1: 502 Server Error: Bad Gateway for url: https://report.vantagemarkets.com/api/cc-detail/download, took 0.2s", "service": "cc_reconcile", "stage": "download_davinci", "status": "ok"}
{"timestamp": "2026-03-04T12:02:02+0800", "level": "WARNING", "logger": "etl_logger", "message": "POST failed (VFSC 2026-03-03) attempt 2: 502 Server Error: Bad Gateway for url: https://report.vantagemarkets.com/api/cc-detail/download, took 0.2s", "service": "cc_reconcile", "stage": "download_davinci", "status": "ok"}
{"timestamp": "2026-03-04T12:02:07+0800", "level": "WARNING", "logger": "etl_logger", "message": "POST failed (VFSC 2026-03-03) attempt 3: 502 Server Error: Bad Gateway for url: https://report.vantagemarkets.com/api/cc-detail/download, took 0.2s", "service": "cc_reconcile", "stage": "download_davinci", "status": "ok"}
{"timestamp": "2026-03-04T12:02:31+0800", "level": "INFO", "logger": "etl_logger", "message": "POST success (VFSC 2026-03-03): cc_withdraw_detail_report_20260304040231.csv, took 18.8s", "service": "cc_reconcile", "stage": "download_davinci", "status": "ok"}
{"timestamp": "2026-03-04T12:02:32+0800", "level": "WARNING", "logger": "etl_logger", "message": "Download failed (VFSC 2026-03-03) attempt 1: 502 Server Error: Bad Gateway for url: https://report.vantagemarkets.com/api/download/cc_withdraw_detail_report_20260304040231.csv, took 0.8s", "service": "cc_reconcile", "stage": "download_davinci", "status": "ok"}
{"timestamp": "2026-03-04T12:02:38+0800", "level": "INFO", "logger": "etl_logger", "message": "Download success (VFSC 2026-03-03): cc_withdraw_detail_report_20260304040231.csv, took 1.4s", "service": "cc_reconcile", "stage": "download_davinci", "status": "ok"}
{"timestamp": "2026-03-04T12:02:38+0800", "level": "WARNING", "logger": "etl_logger", "message": "POST failed (VFSC 2026-03-04) attempt 1: 502 Server Error: Bad Gateway for url: https://report.vantagemarkets.com/api/cc-detail/download, took 0.2s", "service": "cc_reconcile", "stage": "download_davinci", "status": "ok"}
{"timestamp": "2026-03-04T12:02:43+0800", "level": "WARNING", "logger": "etl_logger", "message": "POST failed (VFSC 2026-03-04) attempt 2: 502 Server Error: Bad Gateway for url: https://report.vantagemarkets.com/api/cc-detail/download, took 0.2s", "service": "cc_reconcile", "stage": "download_davinci", "status": "ok"}
{"timestamp": "2026-03-04T12:02:49+0800", "level": "WARNING", "logger": "etl_logger", "message": "POST failed (VFSC 2026-03-04) attempt 3: 502 Server Error: Bad Gateway for url: https://report.vantagemarkets.com/api/cc-detail/download, took 0.2s", "service": "cc_reconcile", "stage": "download_davinci", "status": "ok"}
{"timestamp": "2026-03-04T12:03:15+0800", "level": "INFO", "logger": "etl_logger", "message": "POST success (VFSC 2026-03-04): cc_withdraw_detail_report_20260304040315.csv, took 21.2s", "service": "cc_reconcile", "stage": "download_davinci", "status": "ok"}
{"timestamp": "2026-03-04T12:03:16+0800", "level": "INFO", "logger": "etl_logger", "message": "Download success (VFSC 2026-03-04): cc_withdraw_detail_report_20260304040315.csv, took 1.7s", "service": "cc_reconcile", "stage": "download_davinci", "status": "ok"}
{"timestamp": "2026-03-04T12:03:17+0800", "level": "INFO", "logger": "etl_logger", "message": "Finish downloading Davinci CC - VFSC Report", "service": "cc_reconcile", "stage": "download_davinci", "status": "ok"}
{"timestamp": "2026-03-04T12:03:17+0800", "level": "INFO", "logger": "etl_logger", "message": "Start downloading Davinci CC Report for brand: VFSC2...", "service": "cc_reconcile", "stage": "download_davinci", "status": "ok"}
{"timestamp": "2026-03-04T12:04:12+0800", "level": "INFO", "logger": "etl_logger", "message": "POST success (VFSC2 2026-03-01): cc_withdraw_detail_report_20260304040412.csv, took 55.6s", "service": "cc_reconcile", "stage": "download_davinci", "status": "ok"}
{"timestamp": "2026-03-04T12:04:15+0800", "level": "INFO", "logger": "etl_logger", "message": "Download success (VFSC2 2026-03-01): cc_withdraw_detail_report_20260304040412.csv, took 2.6s", "service": "cc_reconcile", "stage": "download_davinci", "status": "ok"}
{"timestamp": "2026-03-04T12:05:18+0800", "level": "INFO", "logger": "etl_logger", "message": "POST success (VFSC2 2026-03-02): cc_withdraw_detail_report_20260304040518.csv, took 63.6s", "service": "cc_reconcile", "stage": "download_davinci", "status": "ok"}
{"timestamp": "2026-03-04T12:05:22+0800", "level": "INFO", "logger": "etl_logger", "message": "Download success (VFSC2 2026-03-02): cc_withdraw_detail_report_20260304040518.csv, took 3.5s", "service": "cc_reconcile", "stage": "download_davinci", "status": "ok"}
{"timestamp": "2026-03-04T12:05:22+0800", "level": "WARNING", "logger": "etl_logger", "message": "POST failed (VFSC2 2026-03-03) attempt 1: 502 Server Error: Bad Gateway for url: https://report.vantagemarkets.com/api/cc-detail/download, took 0.2s", "service": "cc_reconcile", "stage": "download_davinci", "status": "ok"}
{"timestamp": "2026-03-04T12:05:27+0800", "level": "WARNING", "logger": "etl_logger", "message": "POST failed (VFSC2 2026-03-03) attempt 2: 502 Server Error: Bad Gateway for url: https://report.vantagemarkets.com/api/cc-detail/download, took 0.2s", "service": "cc_reconcile", "stage": "download_davinci", "status": "ok"}
{"timestamp": "2026-03-04T12:06:21+0800", "level": "WARNING", "logger": "etl_logger", "message": "POST failed (VFSC2 2026-03-03) attempt 3: 500 Server Error: Internal Server Error for url: https://report.vantagemarkets.com/api/cc-detail/download, took 48.2s", "service": "cc_reconcile", "stage": "download_davinci", "status": "ok"}
{"timestamp": "2026-03-04T12:06:26+0800", "level": "WARNING", "logger": "etl_logger", "message": "POST failed (VFSC2 2026-03-03) attempt 4: 502 Server Error: Bad Gateway for url: https://report.vantagemarkets.com/api/cc-detail/download, took 0.2s", "service": "cc_reconcile", "stage": "download_davinci", "status": "ok"}
{"timestamp": "2026-03-04T12:06:31+0800", "level": "WARNING", "logger": "etl_logger", "message": "POST failed (VFSC2 2026-03-03) attempt 5: 502 Server Error: Bad Gateway for url: https://report.vantagemarkets.com/api/cc-detail/download, took 0.2s", "service": "cc_reconcile", "stage": "download_davinci", "status": "ok"}
{"timestamp": "2026-03-04T12:06:36+0800", "level": "WARNING", "logger": "etl_logger", "message": "POST failed (VFSC2 2026-03-03) attempt 6: 502 Server Error: Bad Gateway for url: https://report.vantagemarkets.com/api/cc-detail/download, took 0.2s", "service": "cc_reconcile", "stage": "download_davinci", "status": "ok"}
{"timestamp": "2026-03-04T12:07:28+0800", "level": "WARNING", "logger": "etl_logger", "message": "POST failed (VFSC2 2026-03-03) attempt 7: 500 Server Error: Internal Server Error for url: https://report.vantagemarkets.com/api/cc-detail/download, took 46.8s", "service": "cc_reconcile", "stage": "download_davinci", "status": "ok"}
{"timestamp": "2026-03-04T12:08:21+0800", "level": "WARNING", "logger": "etl_logger", "message": "POST failed (VFSC2 2026-03-03) attempt 8: 500 Server Error: Internal Server Error for url: https://report.vantagemarkets.com/api/cc-detail/download, took 47.8s", "service": "cc_reconcile", "stage": "download_davinci", "status": "ok"}
{"timestamp": "2026-03-04T12:09:13+0800", "level": "WARNING", "logger": "etl_logger", "message": "POST failed (VFSC2 2026-03-03) attempt 9: 500 Server Error: Internal Server Error for url: https://report.vantagemarkets.com/api/cc-detail/download, took 47.7s", "service": "cc_reconcile", "stage": "download_davinci", "status": "ok"}
{"timestamp": "2026-03-04T12:10:13+0800", "level": "INFO", "logger": "etl_logger", "message": "POST success (VFSC2 2026-03-03): cc_withdraw_detail_report_20260304041013.csv, took 54.6s", "service": "cc_reconcile", "stage": "download_davinci", "status": "ok"}
{"timestamp": "2026-03-04T12:10:16+0800", "level": "INFO", "logger": "etl_logger", "message": "Download success (VFSC2 2026-03-03): cc_withdraw_detail_report_20260304041013.csv, took 3.2s", "service": "cc_reconcile", "stage": "download_davinci", "status": "ok"}
{"timestamp": "2026-03-04T12:10:17+0800", "level": "WARNING", "logger": "etl_logger", "message": "POST failed (VFSC2 2026-03-04) attempt 1: 502 Server Error: Bad Gateway for url: https://report.vantagemarkets.com/api/cc-detail/download, took 0.3s", "service": "cc_reconcile", "stage": "download_davinci", "status": "ok"}
{"timestamp": "2026-03-04T12:11:17+0800", "level": "INFO", "logger": "etl_logger", "message": "POST success (VFSC2 2026-03-04): cc_withdraw_detail_report_20260304041117.csv, took 55.1s", "service": "cc_reconcile", "stage": "download_davinci", "status": "ok"}
{"timestamp": "2026-03-04T12:11:19+0800", "level": "INFO", "logger": "etl_logger", "message": "Download success (VFSC2 2026-03-04): cc_withdraw_detail_report_20260304041117.csv, took 2.4s", "service": "cc_reconcile", "stage": "download_davinci", "status": "ok"}
{"timestamp": "2026-03-04T12:11:20+0800", "level": "INFO", "logger": "etl_logger", "message": "Finish downloading Davinci CC - VFSC2 Report", "service": "cc_reconcile", "stage": "download_davinci", "status": "ok"}
{"timestamp": "2026-03-04T12:11:20+0800", "level": "INFO", "logger": "etl_logger", "message": "Finish downloading Davinci CC Report for all brands, total rows: 52550", "service": "cc_reconcile", "stage": "download_davinci", "status": "ok"}
{"timestamp": "2026-03-04T12:11:20+0800", "level": "INFO", "logger": "etl_logger", "message": "Download CRM CC Report Finish ，Total: 52550", "service": "cc_reconcile", "stage": "download", "status": "ok"}
{"timestamp": "2026-03-04T12:11:20+0800", "level": "INFO", "logger": "etl_logger", "message": "Start reconcile...", "service": "cc_reconcile", "stage": "reconcile", "status": "ok"}
{"timestamp": "2026-03-04T12:11:20+0800", "level": "INFO", "logger": "etl_logger", "message": "Reconcile Finish ，Total Mismatch Case: 0", "service": "cc_reconcile", "stage": "reconcile", "status": "ok"}
{"timestamp": "2026-03-04T12:11:21+0800", "level": "INFO", "logger": "etl_logger", "message": "Connect Lark Finish", "service": "cc_reconcile", "stage": "lark", "status": "ok"}
{"timestamp": "2026-03-04T12:11:21+0800", "level": "INFO", "logger": "etl_logger", "message": "Start query existing data in LarkSheet...", "service": "cc_reconcile", "stage": "lark", "status": "ok"}
{"timestamp": "2026-03-04T12:11:22+0800", "level": "INFO", "logger": "etl_logger", "message": "Query existing data in LarkSheet Finish", "service": "cc_reconcile", "stage": "lark", "status": "ok"}
{"timestamp": "2026-03-04T12:11:22+0800", "level": "INFO", "logger": "etl_logger", "message": "Total unique keys in LarkSheet: 157, Total new mismatch cases to upload: 0", "service": "cc_reconcile", "stage": "lark", "status": "ok"}
{"timestamp": "2026-03-04T12:11:22+0800", "level": "INFO", "logger": "etl_logger", "message": "Append data to LarkSheet with range: Kalw4Y!A2:L3, rows: 1, columns: 12", "service": "cc_reconcile", "stage": "lark", "status": "ok"}
{"timestamp": "2026-03-04T12:11:22+0800", "level": "INFO", "logger": "etl_logger", "message": "✅ Successfully appended data to LarkSheet", "service": "cc_reconcile", "stage": "lark", "status": "ok"}
{"timestamp": "2026-03-04T12:11:23+0800", "level": "INFO", "logger": "etl_logger", "message": "Upload data to LarkSheet Finish", "service": "cc_reconcile", "stage": "lark", "status": "ok"}
{"timestamp": "2026-03-04T13:00:01+0800", "level": "INFO", "logger": "etl_logger", "message": "Start download reports...", "service": "cc_reconcile", "stage": "download", "status": "ok"}
{"timestamp": "2026-03-04T13:00:05+0800", "level": "INFO", "logger": "etl_logger", "message": "Payabl Login Success and Get Token Success", "service": "cc_reconcile", "stage": "download_payabl", "status": "ok"}
{"timestamp": "2026-03-04T13:00:05+0800", "level": "INFO", "logger": "etl_logger", "message": "Start downloading Payabl CC Report for date: 2026-03-03...", "service": "cc_reconcile", "stage": "download_payabl", "status": "ok"}
{"timestamp": "2026-03-04T13:00:54+0800", "level": "INFO", "logger": "etl_logger", "message": "Start downloading Payabl CC Report for date: 2026-03-04...", "service": "cc_reconcile", "stage": "download_payabl", "status": "ok"}
{"timestamp": "2026-03-04T13:01:43+0800", "level": "INFO", "logger": "etl_logger", "message": "Finish downloading Payabl CC Report", "service": "cc_reconcile", "stage": "download_payabl", "status": "ok"}
{"timestamp": "2026-03-04T13:01:43+0800", "level": "INFO", "logger": "etl_logger", "message": "Download Payabl CC Report Finish ，Total: 93357", "service": "cc_reconcile", "stage": "download", "status": "ok"}
{"timestamp": "2026-03-04T13:01:43+0800", "level": "INFO", "logger": "etl_logger", "message": "Login attempt 1/5", "service": "cc_reconcile", "stage": "download_davinci", "status": "ok"}
{"timestamp": "2026-03-04T13:01:44+0800", "level": "INFO", "logger": "etl_logger", "message": "Login response status=200, url=https://admin.vantagemarkets.com/admin/main, cookies=4", "service": "cc_reconcile", "stage": "download_davinci", "status": "ok"}
{"timestamp": "2026-03-04T13:01:44+0800", "level": "INFO", "logger": "etl_logger", "message": "Login successful", "service": "cc_reconcile", "stage": "download_davinci", "status": "ok"}
{"timestamp": "2026-03-04T13:01:45+0800", "level": "INFO", "logger": "etl_logger", "message": "Token obtained successfully", "service": "cc_reconcile", "stage": "download_davinci", "status": "ok"}
{"timestamp": "2026-03-04T13:01:45+0800", "level": "INFO", "logger": "etl_logger", "message": "Start downloading Davinci CC Report for brand: VFSC...", "service": "cc_reconcile", "stage": "download_davinci", "status": "ok"}
{"timestamp": "2026-03-04T13:02:03+0800", "level": "INFO", "logger": "etl_logger", "message": "POST success (VFSC 2026-03-01): cc_withdraw_detail_report_20260304050203.csv, took 18.4s", "service": "cc_reconcile", "stage": "download_davinci", "status": "ok"}
{"timestamp": "2026-03-04T13:02:05+0800", "level": "INFO", "logger": "etl_logger", "message": "Download success (VFSC 2026-03-01): cc_withdraw_detail_report_20260304050203.csv, took 1.8s", "service": "cc_reconcile", "stage": "download_davinci", "status": "ok"}
{"timestamp": "2026-03-04T13:02:27+0800", "level": "INFO", "logger": "etl_logger", "message": "POST success (VFSC 2026-03-02): cc_withdraw_detail_report_20260304050227.csv, took 21.9s", "service": "cc_reconcile", "stage": "download_davinci", "status": "ok"}
{"timestamp": "2026-03-04T13:02:29+0800", "level": "INFO", "logger": "etl_logger", "message": "Download success (VFSC 2026-03-02): cc_withdraw_detail_report_20260304050227.csv, took 2.4s", "service": "cc_reconcile", "stage": "download_davinci", "status": "ok"}
{"timestamp": "2026-03-04T13:02:29+0800", "level": "WARNING", "logger": "etl_logger", "message": "POST failed (VFSC 2026-03-03) attempt 1: 502 Server Error: Bad Gateway for url: https://report.vantagemarkets.com/api/cc-detail/download, took 0.2s", "service": "cc_reconcile", "stage": "download_davinci", "status": "ok"}
{"timestamp": "2026-03-04T13:02:57+0800", "level": "INFO", "logger": "etl_logger", "message": "POST success (VFSC 2026-03-03): cc_withdraw_detail_report_20260304050257.csv, took 23.0s", "service": "cc_reconcile", "stage": "download_davinci", "status": "ok"}
{"timestamp": "2026-03-04T13:03:00+0800", "level": "INFO", "logger": "etl_logger", "message": "Download success (VFSC 2026-03-03): cc_withdraw_detail_report_20260304050257.csv, took 2.4s", "service": "cc_reconcile", "stage": "download_davinci", "status": "ok"}
{"timestamp": "2026-03-04T13:03:00+0800", "level": "WARNING", "logger": "etl_logger", "message": "POST failed (VFSC 2026-03-04) attempt 1: 502 Server Error: Bad Gateway for url: https://report.vantagemarkets.com/api/cc-detail/download, took 0.2s", "service": "cc_reconcile", "stage": "download_davinci", "status": "ok"}
{"timestamp": "2026-03-04T13:03:28+0800", "level": "INFO", "logger": "etl_logger", "message": "POST success (VFSC 2026-03-04): cc_withdraw_detail_report_20260304050328.csv, took 22.5s", "service": "cc_reconcile", "stage": "download_davinci", "status": "ok"}
{"timestamp": "2026-03-04T13:03:29+0800", "level": "INFO", "logger": "etl_logger", "message": "Download success (VFSC 2026-03-04): cc_withdraw_detail_report_20260304050328.csv, took 1.0s", "service": "cc_reconcile", "stage": "download_davinci", "status": "ok"}
{"timestamp": "2026-03-04T13:03:29+0800", "level": "INFO", "logger": "etl_logger", "message": "Finish downloading Davinci CC - VFSC Report", "service": "cc_reconcile", "stage": "download_davinci", "status": "ok"}
{"timestamp": "2026-03-04T13:03:29+0800", "level": "INFO", "logger": "etl_logger", "message": "Start downloading Davinci CC Report for brand: VFSC2...", "service": "cc_reconcile", "stage": "download_davinci", "status": "ok"}
{"timestamp": "2026-03-04T13:04:17+0800", "level": "WARNING", "logger": "etl_logger", "message": "POST failed (VFSC2 2026-03-01) attempt 1: 500 Server Error: Internal Server Error for url: https://report.vantagemarkets.com/api/cc-detail/download, took 48.7s", "service": "cc_reconcile", "stage": "download_davinci", "status": "ok"}
{"timestamp": "2026-03-04T13:05:11+0800", "level": "WARNING", "logger": "etl_logger", "message": "POST failed (VFSC2 2026-03-01) attempt 2: 500 Server Error: Internal Server Error for url: https://report.vantagemarkets.com/api/cc-detail/download, took 48.5s", "service": "cc_reconcile", "stage": "download_davinci", "status": "ok"}
{"timestamp": "2026-03-04T13:05:16+0800", "level": "WARNING", "logger": "etl_logger", "message": "POST failed (VFSC2 2026-03-01) attempt 3: 502 Server Error: Bad Gateway for url: https://report.vantagemarkets.com/api/cc-detail/download, took 0.2s", "service": "cc_reconcile", "stage": "download_davinci", "status": "ok"}
{"timestamp": "2026-03-04T13:06:18+0800", "level": "INFO", "logger": "etl_logger", "message": "POST success (VFSC2 2026-03-01): cc_withdraw_detail_report_20260304050618.csv, took 57.1s", "service": "cc_reconcile", "stage": "download_davinci", "status": "ok"}
{"timestamp": "2026-03-04T13:06:19+0800", "level": "WARNING", "logger": "etl_logger", "message": "Download failed (VFSC2 2026-03-01) attempt 1: 502 Server Error: Bad Gateway for url: https://report.vantagemarkets.com/api/download/cc_withdraw_detail_report_20260304050618.csv, took 1.1s", "service": "cc_reconcile", "stage": "download_davinci", "status": "ok"}
{"timestamp": "2026-03-04T13:06:25+0800", "level": "WARNING", "logger": "etl_logger", "message": "Download failed (VFSC2 2026-03-01) attempt 2: 502 Server Error: Bad Gateway for url: https://report.vantagemarkets.com/api/download/cc_withdraw_detail_report_20260304050618.csv, took 0.9s", "service": "cc_reconcile", "stage": "download_davinci", "status": "ok"}
{"timestamp": "2026-03-04T13:06:32+0800", "level": "INFO", "logger": "etl_logger", "message": "Download success (VFSC2 2026-03-01): cc_withdraw_detail_report_20260304050618.csv, took 2.0s", "service": "cc_reconcile", "stage": "download_davinci", "status": "ok"}
{"timestamp": "2026-03-04T13:07:36+0800", "level": "INFO", "logger": "etl_logger", "message": "POST success (VFSC2 2026-03-02): cc_withdraw_detail_report_20260304050735.csv, took 63.4s", "service": "cc_reconcile", "stage": "download_davinci", "status": "ok"}
{"timestamp": "2026-03-04T13:07:37+0800", "level": "WARNING", "logger": "etl_logger", "message": "Download failed (VFSC2 2026-03-02) attempt 1: 502 Server Error: Bad Gateway for url: https://report.vantagemarkets.com/api/download/cc_withdraw_detail_report_20260304050735.csv, took 1.0s", "service": "cc_reconcile", "stage": "download_davinci", "status": "ok"}
{"timestamp": "2026-03-04T13:07:43+0800", "level": "WARNING", "logger": "etl_logger", "message": "Download failed (VFSC2 2026-03-02) attempt 2: 502 Server Error: Bad Gateway for url: https://report.vantagemarkets.com/api/download/cc_withdraw_detail_report_20260304050735.csv, took 0.9s", "service": "cc_reconcile", "stage": "download_davinci", "status": "ok"}
{"timestamp": "2026-03-04T13:07:50+0800", "level": "INFO", "logger": "etl_logger", "message": "Download success (VFSC2 2026-03-02): cc_withdraw_detail_report_20260304050735.csv, took 2.8s", "service": "cc_reconcile", "stage": "download_davinci", "status": "ok"}
{"timestamp": "2026-03-04T13:08:38+0800", "level": "WARNING", "logger": "etl_logger", "message": "POST failed (VFSC2 2026-03-03) attempt 1: 500 Server Error: Internal Server Error for url: https://report.vantagemarkets.com/api/cc-detail/download, took 47.9s", "service": "cc_reconcile", "stage": "download_davinci", "status": "ok"}
{"timestamp": "2026-03-04T13:08:44+0800", "level": "WARNING", "logger": "etl_logger", "message": "POST failed (VFSC2 2026-03-03) attempt 2: 502 Server Error: Bad Gateway for url: https://report.vantagemarkets.com/api/cc-detail/download, took 0.3s", "service": "cc_reconcile", "stage": "download_davinci", "status": "ok"}
{"timestamp": "2026-03-04T13:09:37+0800", "level": "WARNING", "logger": "etl_logger", "message": "POST failed (VFSC2 2026-03-03) attempt 3: 500 Server Error: Internal Server Error for url: https://report.vantagemarkets.com/api/cc-detail/download, took 48.7s", "service": "cc_reconcile", "stage": "download_davinci", "status": "ok"}
{"timestamp": "2026-03-04T13:09:43+0800", "level": "WARNING", "logger": "etl_logger", "message": "POST failed (VFSC2 2026-03-03) attempt 4: 502 Server Error: Bad Gateway for url: https://report.vantagemarkets.com/api/cc-detail/download, took 0.2s", "service": "cc_reconcile", "stage": "download_davinci", "status": "ok"}
{"timestamp": "2026-03-04T13:09:48+0800", "level": "WARNING", "logger": "etl_logger", "message": "POST failed (VFSC2 2026-03-03) attempt 5: 502 Server Error: Bad Gateway for url: https://report.vantagemarkets.com/api/cc-detail/download, took 0.2s", "service": "cc_reconcile", "stage": "download_davinci", "status": "ok"}
{"timestamp": "2026-03-04T13:10:40+0800", "level": "WARNING", "logger": "etl_logger", "message": "POST failed (VFSC2 2026-03-03) attempt 6: 500 Server Error: Internal Server Error for url: https://report.vantagemarkets.com/api/cc-detail/download, took 47.1s", "service": "cc_reconcile", "stage": "download_davinci", "status": "ok"}
{"timestamp": "2026-03-04T13:11:46+0800", "level": "INFO", "logger": "etl_logger", "message": "POST success (VFSC2 2026-03-03): cc_withdraw_detail_report_20260304051145.csv, took 60.8s", "service": "cc_reconcile", "stage": "download_davinci", "status": "ok"}
{"timestamp": "2026-03-04T13:11:49+0800", "level": "INFO", "logger": "etl_logger", "message": "Download success (VFSC2 2026-03-03): cc_withdraw_detail_report_20260304051145.csv, took 3.2s", "service": "cc_reconcile", "stage": "download_davinci", "status": "ok"}
{"timestamp": "2026-03-04T13:11:49+0800", "level": "WARNING", "logger": "etl_logger", "message": "POST failed (VFSC2 2026-03-04) attempt 1: 502 Server Error: Bad Gateway for url: https://report.vantagemarkets.com/api/cc-detail/download, took 0.2s", "service": "cc_reconcile", "stage": "download_davinci", "status": "ok"}
{"timestamp": "2026-03-04T13:12:43+0800", "level": "WARNING", "logger": "etl_logger", "message": "POST failed (VFSC2 2026-03-04) attempt 2: 500 Server Error: Internal Server Error for url: https://report.vantagemarkets.com/api/cc-detail/download, took 49.2s", "service": "cc_reconcile", "stage": "download_davinci", "status": "ok"}
{"timestamp": "2026-03-04T13:13:37+0800", "level": "WARNING", "logger": "etl_logger", "message": "POST failed (VFSC2 2026-03-04) attempt 3: 500 Server Error: Internal Server Error for url: https://report.vantagemarkets.com/api/cc-detail/download, took 48.2s", "service": "cc_reconcile", "stage": "download_davinci", "status": "ok"}
{"timestamp": "2026-03-04T13:14:29+0800", "level": "WARNING", "logger": "etl_logger", "message": "POST failed (VFSC2 2026-03-04) attempt 4: 500 Server Error: Internal Server Error for url: https://report.vantagemarkets.com/api/cc-detail/download, took 47.6s", "service": "cc_reconcile", "stage": "download_davinci", "status": "ok"}
{"timestamp": "2026-03-04T13:14:34+0800", "level": "WARNING", "logger": "etl_logger", "message": "POST failed (VFSC2 2026-03-04) attempt 5: 502 Server Error: Bad Gateway for url: https://report.vantagemarkets.com/api/cc-detail/download, took 0.2s", "service": "cc_reconcile", "stage": "download_davinci", "status": "ok"}
{"timestamp": "2026-03-04T13:15:27+0800", "level": "WARNING", "logger": "etl_logger", "message": "POST failed (VFSC2 2026-03-04) attempt 6: 500 Server Error: Internal Server Error for url: https://report.vantagemarkets.com/api/cc-detail/download, took 48.0s", "service": "cc_reconcile", "stage": "download_davinci", "status": "ok"}
{"timestamp": "2026-03-04T13:15:33+0800", "level": "WARNING", "logger": "etl_logger", "message": "POST failed (VFSC2 2026-03-04) attempt 7: 502 Server Error: Bad Gateway for url: https://report.vantagemarkets.com/api/cc-detail/download, took 0.2s", "service": "cc_reconcile", "stage": "download_davinci", "status": "ok"}
{"timestamp": "2026-03-04T13:16:26+0800", "level": "WARNING", "logger": "etl_logger", "message": "POST failed (VFSC2 2026-03-04) attempt 8: 500 Server Error: Internal Server Error for url: https://report.vantagemarkets.com/api/cc-detail/download, took 48.8s", "service": "cc_reconcile", "stage": "download_davinci", "status": "ok"}
{"timestamp": "2026-03-04T13:16:32+0800", "level": "WARNING", "logger": "etl_logger", "message": "POST failed (VFSC2 2026-03-04) attempt 9: 502 Server Error: Bad Gateway for url: https://report.vantagemarkets.com/api/cc-detail/download, took 0.2s", "service": "cc_reconcile", "stage": "download_davinci", "status": "ok"}
{"timestamp": "2026-03-04T13:17:30+0800", "level": "INFO", "logger": "etl_logger", "message": "POST success (VFSC2 2026-03-04): cc_withdraw_detail_report_20260304051730.csv, took 53.6s", "service": "cc_reconcile", "stage": "download_davinci", "status": "ok"}
{"timestamp": "2026-03-04T13:17:33+0800", "level": "INFO", "logger": "etl_logger", "message": "Download success (VFSC2 2026-03-04): cc_withdraw_detail_report_20260304051730.csv, took 2.4s", "service": "cc_reconcile", "stage": "download_davinci", "status": "ok"}
{"timestamp": "2026-03-04T13:17:33+0800", "level": "INFO", "logger": "etl_logger", "message": "Finish downloading Davinci CC - VFSC2 Report", "service": "cc_reconcile", "stage": "download_davinci", "status": "ok"}
{"timestamp": "2026-03-04T13:17:33+0800", "level": "INFO", "logger": "etl_logger", "message": "Finish downloading Davinci CC Report for all brands, total rows: 52771", "service": "cc_reconcile", "stage": "download_davinci", "status": "ok"}
{"timestamp": "2026-03-04T13:17:33+0800", "level": "INFO", "logger": "etl_logger", "message": "Download CRM CC Report Finish ，Total: 52771", "service": "cc_reconcile", "stage": "download", "status": "ok"}
{"timestamp": "2026-03-04T13:17:33+0800", "level": "INFO", "logger": "etl_logger", "message": "Start reconcile...", "service": "cc_reconcile", "stage": "reconcile", "status": "ok"}
{"timestamp": "2026-03-04T13:17:34+0800", "level": "INFO", "logger": "etl_logger", "message": "Reconcile Finish ，Total Mismatch Case: 0", "service": "cc_reconcile", "stage": "reconcile", "status": "ok"}
{"timestamp": "2026-03-04T13:17:34+0800", "level": "INFO", "logger": "etl_logger", "message": "Connect Lark Finish", "service": "cc_reconcile", "stage": "lark", "status": "ok"}
{"timestamp": "2026-03-04T13:17:34+0800", "level": "INFO", "logger": "etl_logger", "message": "Start query existing data in LarkSheet...", "service": "cc_reconcile", "stage": "lark", "status": "ok"}
{"timestamp": "2026-03-04T13:17:35+0800", "level": "INFO", "logger": "etl_logger", "message": "Query existing data in LarkSheet Finish", "service": "cc_reconcile", "stage": "lark", "status": "ok"}
{"timestamp": "2026-03-04T13:17:35+0800", "level": "INFO", "logger": "etl_logger", "message": "Total unique keys in LarkSheet: 157, Total new mismatch cases to upload: 0", "service": "cc_reconcile", "stage": "lark", "status": "ok"}
{"timestamp": "2026-03-04T13:17:35+0800", "level": "INFO", "logger": "etl_logger", "message": "Append data to LarkSheet with range: Kalw4Y!A2:L3, rows: 1, columns: 12", "service": "cc_reconcile", "stage": "lark", "status": "ok"}
{"timestamp": "2026-03-04T13:17:36+0800", "level": "INFO", "logger": "etl_logger", "message": "✅ Successfully appended data to LarkSheet", "service": "cc_reconcile", "stage": "lark", "status": "ok"}
{"timestamp": "2026-03-04T13:17:37+0800", "level": "INFO", "logger": "etl_logger", "message": "Upload data to LarkSheet Finish", "service": "cc_reconcile", "stage": "lark", "status": "ok"}
{"timestamp": "2026-03-04T14:00:02+0800", "level": "INFO", "logger": "etl_logger", "message": "Start download reports...", "service": "cc_reconcile", "stage": "download", "status": "ok"}
{"timestamp": "2026-03-04T14:00:05+0800", "level": "INFO", "logger": "etl_logger", "message": "Payabl Login Success and Get Token Success", "service": "cc_reconcile", "stage": "download_payabl", "status": "ok"}
{"timestamp": "2026-03-04T14:00:05+0800", "level": "INFO", "logger": "etl_logger", "message": "Start downloading Payabl CC Report for date: 2026-03-03...", "service": "cc_reconcile", "stage": "download_payabl", "status": "ok"}
{"timestamp": "2026-03-04T14:00:54+0800", "level": "INFO", "logger": "etl_logger", "message": "Start downloading Payabl CC Report for date: 2026-03-04...", "service": "cc_reconcile", "stage": "download_payabl", "status": "ok"}
{"timestamp": "2026-03-04T14:01:05+0800", "level": "INFO", "logger": "etl_logger", "message": "Finish downloading Payabl CC Report", "service": "cc_reconcile", "stage": "download_payabl", "status": "ok"}
{"timestamp": "2026-03-04T14:01:05+0800", "level": "INFO", "logger": "etl_logger", "message": "Download Payabl CC Report Finish ，Total: 94308", "service": "cc_reconcile", "stage": "download", "status": "ok"}
{"timestamp": "2026-03-04T14:01:05+0800", "level": "INFO", "logger": "etl_logger", "message": "Login attempt 1/5", "service": "cc_reconcile", "stage": "download_davinci", "status": "ok"}
{"timestamp": "2026-03-04T14:01:06+0800", "level": "INFO", "logger": "etl_logger", "message": "Login response status=200, url=https://admin.vantagemarkets.com/admin/main, cookies=4", "service": "cc_reconcile", "stage": "download_davinci", "status": "ok"}
{"timestamp": "2026-03-04T14:01:06+0800", "level": "INFO", "logger": "etl_logger", "message": "Login successful", "service": "cc_reconcile", "stage": "download_davinci", "status": "ok"}
{"timestamp": "2026-03-04T14:01:06+0800", "level": "INFO", "logger": "etl_logger", "message": "Token obtained successfully", "service": "cc_reconcile", "stage": "download_davinci", "status": "ok"}
{"timestamp": "2026-03-04T14:01:06+0800", "level": "INFO", "logger": "etl_logger", "message": "Start downloading Davinci CC Report for brand: VFSC...", "service": "cc_reconcile", "stage": "download_davinci", "status": "ok"}
{"timestamp": "2026-03-04T14:01:25+0800", "level": "INFO", "logger": "etl_logger", "message": "POST success (VFSC 2026-03-01): cc_withdraw_detail_report_20260304060125.csv, took 18.4s", "service": "cc_reconcile", "stage": "download_davinci", "status": "ok"}
{"timestamp": "2026-03-04T14:01:25+0800", "level": "WARNING", "logger": "etl_logger", "message": "Download failed (VFSC 2026-03-01) attempt 1: 502 Server Error: Bad Gateway for url: https://report.vantagemarkets.com/api/download/cc_withdraw_detail_report_20260304060125.csv, took 0.8s", "service": "cc_reconcile", "stage": "download_davinci", "status": "ok"}
{"timestamp": "2026-03-04T14:01:31+0800", "level": "WARNING", "logger": "etl_logger", "message": "Download failed (VFSC 2026-03-01) attempt 2: 502 Server Error: Bad Gateway for url: https://report.vantagemarkets.com/api/download/cc_withdraw_detail_report_20260304060125.csv, took 0.8s", "service": "cc_reconcile", "stage": "download_davinci", "status": "ok"}
{"timestamp": "2026-03-04T14:01:37+0800", "level": "INFO", "logger": "etl_logger", "message": "Download success (VFSC 2026-03-01): cc_withdraw_detail_report_20260304060125.csv, took 0.9s", "service": "cc_reconcile", "stage": "download_davinci", "status": "ok"}
{"timestamp": "2026-03-04T14:01:37+0800", "level": "WARNING", "logger": "etl_logger", "message": "POST failed (VFSC 2026-03-02) attempt 1: 502 Server Error: Bad Gateway for url: https://report.vantagemarkets.com/api/cc-detail/download, took 0.2s", "service": "cc_reconcile", "stage": "download_davinci", "status": "ok"}
{"timestamp": "2026-03-04T14:02:02+0800", "level": "INFO", "logger": "etl_logger", "message": "POST success (VFSC 2026-03-02): cc_withdraw_detail_report_20260304060202.csv, took 19.8s", "service": "cc_reconcile", "stage": "download_davinci", "status": "ok"}
{"timestamp": "2026-03-04T14:02:04+0800", "level": "INFO", "logger": "etl_logger", "message": "Download success (VFSC 2026-03-02): cc_withdraw_detail_report_20260304060202.csv, took 2.4s", "service": "cc_reconcile", "stage": "download_davinci", "status": "ok"}
{"timestamp": "2026-03-04T14:02:23+0800", "level": "INFO", "logger": "etl_logger", "message": "POST success (VFSC 2026-03-03): cc_withdraw_detail_report_20260304060223.csv, took 18.5s", "service": "cc_reconcile", "stage": "download_davinci", "status": "ok"}
{"timestamp": "2026-03-04T14:02:24+0800", "level": "WARNING", "logger": "etl_logger", "message": "Download failed (VFSC 2026-03-03) attempt 1: 502 Server Error: Bad Gateway for url: https://report.vantagemarkets.com/api/download/cc_withdraw_detail_report_20260304060223.csv, took 1.1s", "service": "cc_reconcile", "stage": "download_davinci", "status": "ok"}
{"timestamp": "2026-03-04T14:02:31+0800", "level": "INFO", "logger": "etl_logger", "message": "Download success (VFSC 2026-03-03): cc_withdraw_detail_report_20260304060223.csv, took 1.8s", "service": "cc_reconcile", "stage": "download_davinci", "status": "ok"}
{"timestamp": "2026-03-04T14:02:53+0800", "level": "INFO", "logger": "etl_logger", "message": "POST success (VFSC 2026-03-04): cc_withdraw_detail_report_20260304060253.csv, took 21.9s", "service": "cc_reconcile", "stage": "download_davinci", "status": "ok"}
{"timestamp": "2026-03-04T14:02:54+0800", "level": "WARNING", "logger": "etl_logger", "message": "Download failed (VFSC 2026-03-04) attempt 1: 502 Server Error: Bad Gateway for url: https://report.vantagemarkets.com/api/download/cc_withdraw_detail_report_20260304060253.csv, took 1.0s", "service": "cc_reconcile", "stage": "download_davinci", "status": "ok"}
{"timestamp": "2026-03-04T14:03:00+0800", "level": "INFO", "logger": "etl_logger", "message": "Download success (VFSC 2026-03-04): cc_withdraw_detail_report_20260304060253.csv, took 1.0s", "service": "cc_reconcile", "stage": "download_davinci", "status": "ok"}
{"timestamp": "2026-03-04T14:03:00+0800", "level": "INFO", "logger": "etl_logger", "message": "Finish downloading Davinci CC - VFSC Report", "service": "cc_reconcile", "stage": "download_davinci", "status": "ok"}
{"timestamp": "2026-03-04T14:03:00+0800", "level": "INFO", "logger": "etl_logger", "message": "Start downloading Davinci CC Report for brand: VFSC2...", "service": "cc_reconcile", "stage": "download_davinci", "status": "ok"}
{"timestamp": "2026-03-04T14:03:00+0800", "level": "WARNING", "logger": "etl_logger", "message": "POST failed (VFSC2 2026-03-01) attempt 1: 502 Server Error: Bad Gateway for url: https://report.vantagemarkets.com/api/cc-detail/download, took 0.2s", "service": "cc_reconcile", "stage": "download_davinci", "status": "ok"}
{"timestamp": "2026-03-04T14:03:05+0800", "level": "WARNING", "logger": "etl_logger", "message": "POST failed (VFSC2 2026-03-01) attempt 2: 502 Server Error: Bad Gateway for url: https://report.vantagemarkets.com/api/cc-detail/download, took 0.2s", "service": "cc_reconcile", "stage": "download_davinci", "status": "ok"}
{"timestamp": "2026-03-04T14:03:59+0800", "level": "WARNING", "logger": "etl_logger", "message": "POST failed (VFSC2 2026-03-01) attempt 3: 500 Server Error: Internal Server Error for url: https://report.vantagemarkets.com/api/cc-detail/download, took 48.6s", "service": "cc_reconcile", "stage": "download_davinci", "status": "ok"}
{"timestamp": "2026-03-04T14:04:04+0800", "level": "WARNING", "logger": "etl_logger", "message": "POST failed (VFSC2 2026-03-01) attempt 4: 502 Server Error: Bad Gateway for url: https://report.vantagemarkets.com/api/cc-detail/download, took 0.2s", "service": "cc_reconcile", "stage": "download_davinci", "status": "ok"}
{"timestamp": "2026-03-04T14:04:56+0800", "level": "WARNING", "logger": "etl_logger", "message": "POST failed (VFSC2 2026-03-01) attempt 5: 500 Server Error: Internal Server Error for url: https://report.vantagemarkets.com/api/cc-detail/download, took 46.6s", "service": "cc_reconcile", "stage": "download_davinci", "status": "ok"}
{"timestamp": "2026-03-04T14:05:48+0800", "level": "WARNING", "logger": "etl_logger", "message": "POST failed (VFSC2 2026-03-01) attempt 6: 500 Server Error: Internal Server Error for url: https://report.vantagemarkets.com/api/cc-detail/download, took 47.1s", "service": "cc_reconcile", "stage": "download_davinci", "status": "ok"}
{"timestamp": "2026-03-04T14:06:40+0800", "level": "WARNING", "logger": "etl_logger", "message": "POST failed (VFSC2 2026-03-01) attempt 7: 500 Server Error: Internal Server Error for url: https://report.vantagemarkets.com/api/cc-detail/download, took 47.4s", "service": "cc_reconcile", "stage": "download_davinci", "status": "ok"}
{"timestamp": "2026-03-04T14:07:40+0800", "level": "INFO", "logger": "etl_logger", "message": "POST success (VFSC2 2026-03-01): cc_withdraw_detail_report_20260304060740.csv, took 54.7s", "service": "cc_reconcile", "stage": "download_davinci", "status": "ok"}
{"timestamp": "2026-03-04T14:07:42+0800", "level": "INFO", "logger": "etl_logger", "message": "Download success (VFSC2 2026-03-01): cc_withdraw_detail_report_20260304060740.csv, took 2.1s", "service": "cc_reconcile", "stage": "download_davinci", "status": "ok"}
{"timestamp": "2026-03-04T14:08:29+0800", "level": "WARNING", "logger": "etl_logger", "message": "POST failed (VFSC2 2026-03-02) attempt 1: 500 Server Error: Internal Server Error for url: https://report.vantagemarkets.com/api/cc-detail/download, took 46.3s", "service": "cc_reconcile", "stage": "download_davinci", "status": "ok"}
{"timestamp": "2026-03-04T14:09:37+0800", "level": "INFO", "logger": "etl_logger", "message": "POST success (VFSC2 2026-03-02): cc_withdraw_detail_report_20260304060936.csv, took 63.2s", "service": "cc_reconcile", "stage": "download_davinci", "status": "ok"}
{"timestamp": "2026-03-04T14:09:38+0800", "level": "WARNING", "logger": "etl_logger", "message": "Download failed (VFSC2 2026-03-02) attempt 1: 502 Server Error: Bad Gateway for url: https://report.vantagemarkets.com/api/download/cc_withdraw_detail_report_20260304060936.csv, took 1.0s", "service": "cc_reconcile", "stage": "download_davinci", "status": "ok"}
{"timestamp": "2026-03-04T14:09:43+0800", "level": "WARNING", "logger": "etl_logger", "message": "Download failed (VFSC2 2026-03-02) attempt 2: 502 Server Error: Bad Gateway for url: https://report.vantagemarkets.com/api/download/cc_withdraw_detail_report_20260304060936.csv, took 0.7s", "service": "cc_reconcile", "stage": "download_davinci", "status": "ok"}
{"timestamp": "2026-03-04T14:09:51+0800", "level": "INFO", "logger": "etl_logger", "message": "Download success (VFSC2 2026-03-02): cc_withdraw_detail_report_20260304060936.csv, took 2.8s", "service": "cc_reconcile", "stage": "download_davinci", "status": "ok"}
{"timestamp": "2026-03-04T14:09:51+0800", "level": "WARNING", "logger": "etl_logger", "message": "POST failed (VFSC2 2026-03-03) attempt 1: 502 Server Error: Bad Gateway for url: https://report.vantagemarkets.com/api/cc-detail/download, took 0.2s", "service": "cc_reconcile", "stage": "download_davinci", "status": "ok"}
{"timestamp": "2026-03-04T14:09:57+0800", "level": "WARNING", "logger": "etl_logger", "message": "POST failed (VFSC2 2026-03-03) attempt 2: 502 Server Error: Bad Gateway for url: https://report.vantagemarkets.com/api/cc-detail/download, took 0.2s", "service": "cc_reconcile", "stage": "download_davinci", "status": "ok"}
{"timestamp": "2026-03-04T14:10:59+0800", "level": "INFO", "logger": "etl_logger", "message": "POST success (VFSC2 2026-03-03): cc_withdraw_detail_report_20260304061059.csv, took 57.2s", "service": "cc_reconcile", "stage": "download_davinci", "status": "ok"}
{"timestamp": "2026-03-04T14:11:00+0800", "level": "WARNING", "logger": "etl_logger", "message": "Download failed (VFSC2 2026-03-03) attempt 1: 502 Server Error: Bad Gateway for url: https://report.vantagemarkets.com/api/download/cc_withdraw_detail_report_20260304061059.csv, took 1.0s", "service": "cc_reconcile", "stage": "download_davinci", "status": "ok"}
{"timestamp": "2026-03-04T14:11:07+0800", "level": "INFO", "logger": "etl_logger", "message": "Download success (VFSC2 2026-03-03): cc_withdraw_detail_report_20260304061059.csv, took 2.5s", "service": "cc_reconcile", "stage": "download_davinci", "status": "ok"}
{"timestamp": "2026-03-04T14:11:08+0800", "level": "WARNING", "logger": "etl_logger", "message": "POST failed (VFSC2 2026-03-04) attempt 1: 502 Server Error: Bad Gateway for url: https://report.vantagemarkets.com/api/cc-detail/download, took 0.2s", "service": "cc_reconcile", "stage": "download_davinci", "status": "ok"}
{"timestamp": "2026-03-04T14:11:13+0800", "level": "WARNING", "logger": "etl_logger", "message": "POST failed (VFSC2 2026-03-04) attempt 2: 502 Server Error: Bad Gateway for url: https://report.vantagemarkets.com/api/cc-detail/download, took 0.2s", "service": "cc_reconcile", "stage": "download_davinci", "status": "ok"}
{"timestamp": "2026-03-04T14:11:18+0800", "level": "WARNING", "logger": "etl_logger", "message": "POST failed (VFSC2 2026-03-04) attempt 3: 502 Server Error: Bad Gateway for url: https://report.vantagemarkets.com/api/cc-detail/download, took 0.2s", "service": "cc_reconcile", "stage": "download_davinci", "status": "ok"}
{"timestamp": "2026-03-04T14:11:23+0800", "level": "WARNING", "logger": "etl_logger", "message": "POST failed (VFSC2 2026-03-04) attempt 4: 502 Server Error: Bad Gateway for url: https://report.vantagemarkets.com/api/cc-detail/download, took 0.2s", "service": "cc_reconcile", "stage": "download_davinci", "status": "ok"}
{"timestamp": "2026-03-04T14:12:23+0800", "level": "INFO", "logger": "etl_logger", "message": "POST success (VFSC2 2026-03-04): cc_withdraw_detail_report_20260304061223.csv, took 54.3s", "service": "cc_reconcile", "stage": "download_davinci", "status": "ok"}
{"timestamp": "2026-03-04T14:12:25+0800", "level": "INFO", "logger": "etl_logger", "message": "Download success (VFSC2 2026-03-04): cc_withdraw_detail_report_20260304061223.csv, took 2.4s", "service": "cc_reconcile", "stage": "download_davinci", "status": "ok"}
{"timestamp": "2026-03-04T14:12:26+0800", "level": "INFO", "logger": "etl_logger", "message": "Finish downloading Davinci CC - VFSC2 Report", "service": "cc_reconcile", "stage": "download_davinci", "status": "ok"}
{"timestamp": "2026-03-04T14:12:26+0800", "level": "INFO", "logger": "etl_logger", "message": "Finish downloading Davinci CC Report for all brands, total rows: 53084", "service": "cc_reconcile", "stage": "download_davinci", "status": "ok"}
{"timestamp": "2026-03-04T14:12:26+0800", "level": "INFO", "logger": "etl_logger", "message": "Download CRM CC Report Finish ，Total: 53084", "service": "cc_reconcile", "stage": "download", "status": "ok"}
{"timestamp": "2026-03-04T14:12:26+0800", "level": "INFO", "logger": "etl_logger", "message": "Start reconcile...", "service": "cc_reconcile", "stage": "reconcile", "status": "ok"}
{"timestamp": "2026-03-04T14:12:26+0800", "level": "INFO", "logger": "etl_logger", "message": "Reconcile Finish ，Total Mismatch Case: 0", "service": "cc_reconcile", "stage": "reconcile", "status": "ok"}
{"timestamp": "2026-03-04T14:12:26+0800", "level": "INFO", "logger": "etl_logger", "message": "Connect Lark Finish", "service": "cc_reconcile", "stage": "lark", "status": "ok"}
{"timestamp": "2026-03-04T14:12:26+0800", "level": "INFO", "logger": "etl_logger", "message": "Start query existing data in LarkSheet...", "service": "cc_reconcile", "stage": "lark", "status": "ok"}
{"timestamp": "2026-03-04T14:12:27+0800", "level": "INFO", "logger": "etl_logger", "message": "Query existing data in LarkSheet Finish", "service": "cc_reconcile", "stage": "lark", "status": "ok"}
{"timestamp": "2026-03-04T14:12:27+0800", "level": "INFO", "logger": "etl_logger", "message": "Total unique keys in LarkSheet: 157, Total new mismatch cases to upload: 0", "service": "cc_reconcile", "stage": "lark", "status": "ok"}
{"timestamp": "2026-03-04T14:12:27+0800", "level": "INFO", "logger": "etl_logger", "message": "Append data to LarkSheet with range: Kalw4Y!A2:L3, rows: 1, columns: 12", "service": "cc_reconcile", "stage": "lark", "status": "ok"}
{"timestamp": "2026-03-04T14:12:28+0800", "level": "INFO", "logger": "etl_logger", "message": "✅ Successfully appended data to LarkSheet", "service": "cc_reconcile", "stage": "lark", "status": "ok"}
{"timestamp": "2026-03-04T14:12:29+0800", "level": "INFO", "logger": "etl_logger", "message": "Upload data to LarkSheet Finish", "service": "cc_reconcile", "stage": "lark", "status": "ok"}
{"timestamp": "2026-03-04T15:00:01+0800", "level": "INFO", "logger": "etl_logger", "message": "Start download reports...", "service": "cc_reconcile", "stage": "download", "status": "ok"}
{"timestamp": "2026-03-04T15:00:04+0800", "level": "INFO", "logger": "etl_logger", "message": "Payabl Login Success and Get Token Success", "service": "cc_reconcile", "stage": "download_payabl", "status": "ok"}
{"timestamp": "2026-03-04T15:00:04+0800", "level": "INFO", "logger": "etl_logger", "message": "Start downloading Payabl CC Report for date: 2026-03-03...", "service": "cc_reconcile", "stage": "download_payabl", "status": "ok"}
{"timestamp": "2026-03-04T15:00:56+0800", "level": "INFO", "logger": "etl_logger", "message": "Start downloading Payabl CC Report for date: 2026-03-04...", "service": "cc_reconcile", "stage": "download_payabl", "status": "ok"}
{"timestamp": "2026-03-04T15:01:08+0800", "level": "INFO", "logger": "etl_logger", "message": "Finish downloading Payabl CC Report", "service": "cc_reconcile", "stage": "download_payabl", "status": "ok"}
{"timestamp": "2026-03-04T15:01:09+0800", "level": "INFO", "logger": "etl_logger", "message": "Download Payabl CC Report Finish ，Total: 96268", "service": "cc_reconcile", "stage": "download", "status": "ok"}
{"timestamp": "2026-03-04T15:01:09+0800", "level": "INFO", "logger": "etl_logger", "message": "Login attempt 1/5", "service": "cc_reconcile", "stage": "download_davinci", "status": "ok"}
{"timestamp": "2026-03-04T15:01:10+0800", "level": "INFO", "logger": "etl_logger", "message": "Login response status=200, url=https://admin.vantagemarkets.com/admin/main, cookies=4", "service": "cc_reconcile", "stage": "download_davinci", "status": "ok"}
{"timestamp": "2026-03-04T15:01:10+0800", "level": "INFO", "logger": "etl_logger", "message": "Login successful", "service": "cc_reconcile", "stage": "download_davinci", "status": "ok"}
{"timestamp": "2026-03-04T15:01:10+0800", "level": "INFO", "logger": "etl_logger", "message": "Token obtained successfully", "service": "cc_reconcile", "stage": "download_davinci", "status": "ok"}
{"timestamp": "2026-03-04T15:01:10+0800", "level": "INFO", "logger": "etl_logger", "message": "Start downloading Davinci CC Report for brand: VFSC...", "service": "cc_reconcile", "stage": "download_davinci", "status": "ok"}
{"timestamp": "2026-03-04T15:01:29+0800", "level": "INFO", "logger": "etl_logger", "message": "POST success (VFSC 2026-03-01): cc_withdraw_detail_report_20260304070129.csv, took 19.6s", "service": "cc_reconcile", "stage": "download_davinci", "status": "ok"}
{"timestamp": "2026-03-04T15:01:30+0800", "level": "WARNING", "logger": "etl_logger", "message": "Download failed (VFSC 2026-03-01) attempt 1: 502 Server Error: Bad Gateway for url: https://report.vantagemarkets.com/api/download/cc_withdraw_detail_report_20260304070129.csv, took 1.0s", "service": "cc_reconcile", "stage": "download_davinci", "status": "ok"}
{"timestamp": "2026-03-04T15:01:37+0800", "level": "WARNING", "logger": "etl_logger", "message": "Download failed (VFSC 2026-03-01) attempt 2: 502 Server Error: Bad Gateway for url: https://report.vantagemarkets.com/api/download/cc_withdraw_detail_report_20260304070129.csv, took 1.4s", "service": "cc_reconcile", "stage": "download_davinci", "status": "ok"}
{"timestamp": "2026-03-04T15:01:43+0800", "level": "INFO", "logger": "etl_logger", "message": "Download success (VFSC 2026-03-01): cc_withdraw_detail_report_20260304070129.csv, took 1.1s", "service": "cc_reconcile", "stage": "download_davinci", "status": "ok"}
{"timestamp": "2026-03-04T15:01:43+0800", "level": "WARNING", "logger": "etl_logger", "message": "POST failed (VFSC 2026-03-02) attempt 1: 502 Server Error: Bad Gateway for url: https://report.vantagemarkets.com/api/cc-detail/download, took 0.2s", "service": "cc_reconcile", "stage": "download_davinci", "status": "ok"}
{"timestamp": "2026-03-04T15:02:08+0800", "level": "INFO", "logger": "etl_logger", "message": "POST success (VFSC 2026-03-02): cc_withdraw_detail_report_20260304070208.csv, took 19.3s", "service": "cc_reconcile", "stage": "download_davinci", "status": "ok"}
{"timestamp": "2026-03-04T15:02:10+0800", "level": "INFO", "logger": "etl_logger", "message": "Download success (VFSC 2026-03-02): cc_withdraw_detail_report_20260304070208.csv, took 2.4s", "service": "cc_reconcile", "stage": "download_davinci", "status": "ok"}
{"timestamp": "2026-03-04T15:02:29+0800", "level": "INFO", "logger": "etl_logger", "message": "POST success (VFSC 2026-03-03): cc_withdraw_detail_report_20260304070229.csv, took 19.1s", "service": "cc_reconcile", "stage": "download_davinci", "status": "ok"}
{"timestamp": "2026-03-04T15:02:30+0800", "level": "WARNING", "logger": "etl_logger", "message": "Download failed (VFSC 2026-03-03) attempt 1: 502 Server Error: Bad Gateway for url: https://report.vantagemarkets.com/api/download/cc_withdraw_detail_report_20260304070229.csv, took 1.0s", "service": "cc_reconcile", "stage": "download_davinci", "status": "ok"}
{"timestamp": "2026-03-04T15:02:36+0800", "level": "WARNING", "logger": "etl_logger", "message": "Download failed (VFSC 2026-03-03) attempt 2: 502 Server Error: Bad Gateway for url: https://report.vantagemarkets.com/api/download/cc_withdraw_detail_report_20260304070229.csv, took 0.8s", "service": "cc_reconcile", "stage": "download_davinci", "status": "ok"}
{"timestamp": "2026-03-04T15:02:43+0800", "level": "INFO", "logger": "etl_logger", "message": "Download success (VFSC 2026-03-03): cc_withdraw_detail_report_20260304070229.csv, took 1.8s", "service": "cc_reconcile", "stage": "download_davinci", "status": "ok"}
{"timestamp": "2026-03-04T15:03:02+0800", "level": "INFO", "logger": "etl_logger", "message": "POST success (VFSC 2026-03-04): cc_withdraw_detail_report_20260304070302.csv, took 19.2s", "service": "cc_reconcile", "stage": "download_davinci", "status": "ok"}
{"timestamp": "2026-03-04T15:03:03+0800", "level": "WARNING", "logger": "etl_logger", "message": "Download failed (VFSC 2026-03-04) attempt 1: 502 Server Error: Bad Gateway for url: https://report.vantagemarkets.com/api/download/cc_withdraw_detail_report_20260304070302.csv, took 1.0s", "service": "cc_reconcile", "stage": "download_davinci", "status": "ok"}
{"timestamp": "2026-03-04T15:03:08+0800", "level": "WARNING", "logger": "etl_logger", "message": "Download failed (VFSC 2026-03-04) attempt 2: 502 Server Error: Bad Gateway for url: https://report.vantagemarkets.com/api/download/cc_withdraw_detail_report_20260304070302.csv, took 0.4s", "service": "cc_reconcile", "stage": "download_davinci", "status": "ok"}
{"timestamp": "2026-03-04T15:03:14+0800", "level": "INFO", "logger": "etl_logger", "message": "Download success (VFSC 2026-03-04): cc_withdraw_detail_report_20260304070302.csv, took 1.1s", "service": "cc_reconcile", "stage": "download_davinci", "status": "ok"}
{"timestamp": "2026-03-04T15:03:14+0800", "level": "INFO", "logger": "etl_logger", "message": "Finish downloading Davinci CC - VFSC Report", "service": "cc_reconcile", "stage": "download_davinci", "status": "ok"}
{"timestamp": "2026-03-04T15:03:14+0800", "level": "INFO", "logger": "etl_logger", "message": "Start downloading Davinci CC Report for brand: VFSC2...", "service": "cc_reconcile", "stage": "download_davinci", "status": "ok"}
{"timestamp": "2026-03-04T15:03:15+0800", "level": "WARNING", "logger": "etl_logger", "message": "POST failed (VFSC2 2026-03-01) attempt 1: 502 Server Error: Bad Gateway for url: https://report.vantagemarkets.com/api/cc-detail/download, took 0.2s", "service": "cc_reconcile", "stage": "download_davinci", "status": "ok"}
{"timestamp": "2026-03-04T15:04:11+0800", "level": "INFO", "logger": "etl_logger", "message": "POST success (VFSC2 2026-03-01): cc_withdraw_detail_report_20260304070410.csv, took 50.9s", "service": "cc_reconcile", "stage": "download_davinci", "status": "ok"}
{"timestamp": "2026-03-04T15:04:12+0800", "level": "WARNING", "logger": "etl_logger", "message": "Download failed (VFSC2 2026-03-01) attempt 1: 502 Server Error: Bad Gateway for url: https://report.vantagemarkets.com/api/download/cc_withdraw_detail_report_20260304070410.csv, took 1.0s", "service": "cc_reconcile", "stage": "download_davinci", "status": "ok"}
{"timestamp": "2026-03-04T15:04:18+0800", "level": "WARNING", "logger": "etl_logger", "message": "Download failed (VFSC2 2026-03-01) attempt 2: 502 Server Error: Bad Gateway for url: https://report.vantagemarkets.com/api/download/cc_withdraw_detail_report_20260304070410.csv, took 1.8s", "service": "cc_reconcile", "stage": "download_davinci", "status": "ok"}
{"timestamp": "2026-03-04T15:04:25+0800", "level": "INFO", "logger": "etl_logger", "message": "Download success (VFSC2 2026-03-01): cc_withdraw_detail_report_20260304070410.csv, took 2.0s", "service": "cc_reconcile", "stage": "download_davinci", "status": "ok"}
{"timestamp": "2026-03-04T15:05:25+0800", "level": "INFO", "logger": "etl_logger", "message": "POST success (VFSC2 2026-03-02): cc_withdraw_detail_report_20260304070524.csv, took 59.3s", "service": "cc_reconcile", "stage": "download_davinci", "status": "ok"}
{"timestamp": "2026-03-04T15:05:28+0800", "level": "INFO", "logger": "etl_logger", "message": "Download success (VFSC2 2026-03-02): cc_withdraw_detail_report_20260304070524.csv, took 3.5s", "service": "cc_reconcile", "stage": "download_davinci", "status": "ok"}
{"timestamp": "2026-03-04T15:06:22+0800", "level": "INFO", "logger": "etl_logger", "message": "POST success (VFSC2 2026-03-03): cc_withdraw_detail_report_20260304070622.csv, took 54.1s", "service": "cc_reconcile", "stage": "download_davinci", "status": "ok"}
{"timestamp": "2026-03-04T15:06:23+0800", "level": "WARNING", "logger": "etl_logger", "message": "Download failed (VFSC2 2026-03-03) attempt 1: 502 Server Error: Bad Gateway for url: https://report.vantagemarkets.com/api/download/cc_withdraw_detail_report_20260304070622.csv, took 0.8s", "service": "cc_reconcile", "stage": "download_davinci", "status": "ok"}
{"timestamp": "2026-03-04T15:06:28+0800", "level": "WARNING", "logger": "etl_logger", "message": "Download failed (VFSC2 2026-03-03) attempt 2: 502 Server Error: Bad Gateway for url: https://report.vantagemarkets.com/api/download/cc_withdraw_detail_report_20260304070622.csv, took 0.4s", "service": "cc_reconcile", "stage": "download_davinci", "status": "ok"}
{"timestamp": "2026-03-04T15:06:36+0800", "level": "INFO", "logger": "etl_logger", "message": "Download success (VFSC2 2026-03-03): cc_withdraw_detail_report_20260304070622.csv, took 2.2s", "service": "cc_reconcile", "stage": "download_davinci", "status": "ok"}
{"timestamp": "2026-03-04T15:07:37+0800", "level": "INFO", "logger": "etl_logger", "message": "POST success (VFSC2 2026-03-04): cc_withdraw_detail_report_20260304070737.csv, took 61.3s", "service": "cc_reconcile", "stage": "download_davinci", "status": "ok"}
{"timestamp": "2026-03-04T15:07:39+0800", "level": "INFO", "logger": "etl_logger", "message": "Download success (VFSC2 2026-03-04): cc_withdraw_detail_report_20260304070737.csv, took 2.4s", "service": "cc_reconcile", "stage": "download_davinci", "status": "ok"}
{"timestamp": "2026-03-04T15:07:40+0800", "level": "INFO", "logger": "etl_logger", "message": "Finish downloading Davinci CC - VFSC2 Report", "service": "cc_reconcile", "stage": "download_davinci", "status": "ok"}
{"timestamp": "2026-03-04T15:07:40+0800", "level": "INFO", "logger": "etl_logger", "message": "Finish downloading Davinci CC Report for all brands, total rows: 53504", "service": "cc_reconcile", "stage": "download_davinci", "status": "ok"}
{"timestamp": "2026-03-04T15:07:40+0800", "level": "INFO", "logger": "etl_logger", "message": "Download CRM CC Report Finish ，Total: 53504", "service": "cc_reconcile", "stage": "download", "status": "ok"}
{"timestamp": "2026-03-04T15:07:40+0800", "level": "INFO", "logger": "etl_logger", "message": "Start reconcile...", "service": "cc_reconcile", "stage": "reconcile", "status": "ok"}
{"timestamp": "2026-03-04T15:07:40+0800", "level": "INFO", "logger": "etl_logger", "message": "Reconcile Finish ，Total Mismatch Case: 0", "service": "cc_reconcile", "stage": "reconcile", "status": "ok"}
{"timestamp": "2026-03-04T15:07:41+0800", "level": "INFO", "logger": "etl_logger", "message": "Connect Lark Finish", "service": "cc_reconcile", "stage": "lark", "status": "ok"}
{"timestamp": "2026-03-04T15:07:41+0800", "level": "INFO", "logger": "etl_logger", "message": "Start query existing data in LarkSheet...", "service": "cc_reconcile", "stage": "lark", "status": "ok"}
{"timestamp": "2026-03-04T15:07:42+0800", "level": "INFO", "logger": "etl_logger", "message": "Query existing data in LarkSheet Finish", "service": "cc_reconcile", "stage": "lark", "status": "ok"}
{"timestamp": "2026-03-04T15:07:42+0800", "level": "INFO", "logger": "etl_logger", "message": "Total unique keys in LarkSheet: 157, Total new mismatch cases to upload: 0", "service": "cc_reconcile", "stage": "lark", "status": "ok"}
{"timestamp": "2026-03-04T15:07:42+0800", "level": "INFO", "logger": "etl_logger", "message": "Append data to LarkSheet with range: Kalw4Y!A2:L3, rows: 1, columns: 12", "service": "cc_reconcile", "stage": "lark", "status": "ok"}
{"timestamp": "2026-03-04T15:07:43+0800", "level": "INFO", "logger": "etl_logger", "message": "✅ Successfully appended data to LarkSheet", "service": "cc_reconcile", "stage": "lark", "status": "ok"}
{"timestamp": "2026-03-04T15:07:44+0800", "level": "INFO", "logger": "etl_logger", "message": "Upload data to LarkSheet Finish", "service": "cc_reconcile", "stage": "lark", "status": "ok"}
{"timestamp": "2026-03-04T16:00:02+0800", "level": "INFO", "logger": "etl_logger", "message": "Start download reports...", "service": "cc_reconcile", "stage": "download", "status": "ok"}
{"timestamp": "2026-03-04T16:00:05+0800", "level": "INFO", "logger": "etl_logger", "message": "Payabl Login Success and Get Token Success", "service": "cc_reconcile", "stage": "download_payabl", "status": "ok"}
{"timestamp": "2026-03-04T16:00:05+0800", "level": "INFO", "logger": "etl_logger", "message": "Start downloading Payabl CC Report for date: 2026-03-03...", "service": "cc_reconcile", "stage": "download_payabl", "status": "ok"}
{"timestamp": "2026-03-04T16:00:57+0800", "level": "INFO", "logger": "etl_logger", "message": "Start downloading Payabl CC Report for date: 2026-03-04...", "service": "cc_reconcile", "stage": "download_payabl", "status": "ok"}
{"timestamp": "2026-03-04T16:01:10+0800", "level": "INFO", "logger": "etl_logger", "message": "Finish downloading Payabl CC Report", "service": "cc_reconcile", "stage": "download_payabl", "status": "ok"}
{"timestamp": "2026-03-04T16:01:10+0800", "level": "INFO", "logger": "etl_logger", "message": "Download Payabl CC Report Finish ，Total: 98239", "service": "cc_reconcile", "stage": "download", "status": "ok"}
{"timestamp": "2026-03-04T16:01:10+0800", "level": "INFO", "logger": "etl_logger", "message": "Login attempt 1/5", "service": "cc_reconcile", "stage": "download_davinci", "status": "ok"}
{"timestamp": "2026-03-04T16:01:12+0800", "level": "INFO", "logger": "etl_logger", "message": "Login response status=200, url=https://admin.vantagemarkets.com/admin/main, cookies=4", "service": "cc_reconcile", "stage": "download_davinci", "status": "ok"}
{"timestamp": "2026-03-04T16:01:12+0800", "level": "INFO", "logger": "etl_logger", "message": "Login successful", "service": "cc_reconcile", "stage": "download_davinci", "status": "ok"}
{"timestamp": "2026-03-04T16:01:12+0800", "level": "INFO", "logger": "etl_logger", "message": "Token obtained successfully", "service": "cc_reconcile", "stage": "download_davinci", "status": "ok"}
{"timestamp": "2026-03-04T16:01:12+0800", "level": "INFO", "logger": "etl_logger", "message": "Start downloading Davinci CC Report for brand: VFSC...", "service": "cc_reconcile", "stage": "download_davinci", "status": "ok"}
{"timestamp": "2026-03-04T16:01:30+0800", "level": "INFO", "logger": "etl_logger", "message": "POST success (VFSC 2026-03-01): cc_withdraw_detail_report_20260304080130.csv, took 18.1s", "service": "cc_reconcile", "stage": "download_davinci", "status": "ok"}
{"timestamp": "2026-03-04T16:01:32+0800", "level": "INFO", "logger": "etl_logger", "message": "Download success (VFSC 2026-03-01): cc_withdraw_detail_report_20260304080130.csv, took 1.8s", "service": "cc_reconcile", "stage": "download_davinci", "status": "ok"}
{"timestamp": "2026-03-04T16:02:11+0800", "level": "INFO", "logger": "etl_logger", "message": "POST success (VFSC 2026-03-02): cc_withdraw_detail_report_20260304080211.csv, took 39.5s", "service": "cc_reconcile", "stage": "download_davinci", "status": "ok"}
{"timestamp": "2026-03-04T16:02:14+0800", "level": "INFO", "logger": "etl_logger", "message": "Download success (VFSC 2026-03-02): cc_withdraw_detail_report_20260304080211.csv, took 2.4s", "service": "cc_reconcile", "stage": "download_davinci", "status": "ok"}
{"timestamp": "2026-03-04T16:02:33+0800", "level": "INFO", "logger": "etl_logger", "message": "POST success (VFSC 2026-03-03): cc_withdraw_detail_report_20260304080233.csv, took 19.0s", "service": "cc_reconcile", "stage": "download_davinci", "status": "ok"}
{"timestamp": "2026-03-04T16:02:34+0800", "level": "WARNING", "logger": "etl_logger", "message": "Download failed (VFSC 2026-03-03) attempt 1: 502 Server Error: Bad Gateway for url: https://report.vantagemarkets.com/api/download/cc_withdraw_detail_report_20260304080233.csv, took 1.0s", "service": "cc_reconcile", "stage": "download_davinci", "status": "ok"}
{"timestamp": "2026-03-04T16:02:39+0800", "level": "WARNING", "logger": "etl_logger", "message": "Download failed (VFSC 2026-03-03) attempt 2: 502 Server Error: Bad Gateway for url: https://report.vantagemarkets.com/api/download/cc_withdraw_detail_report_20260304080233.csv, took 0.6s", "service": "cc_reconcile", "stage": "download_davinci", "status": "ok"}
{"timestamp": "2026-03-04T16:02:46+0800", "level": "INFO", "logger": "etl_logger", "message": "Download success (VFSC 2026-03-03): cc_withdraw_detail_report_20260304080233.csv, took 1.8s", "service": "cc_reconcile", "stage": "download_davinci", "status": "ok"}
{"timestamp": "2026-03-04T16:02:46+0800", "level": "WARNING", "logger": "etl_logger", "message": "POST failed (VFSC 2026-03-04) attempt 1: 502 Server Error: Bad Gateway for url: https://report.vantagemarkets.com/api/cc-detail/download, took 0.2s", "service": "cc_reconcile", "stage": "download_davinci", "status": "ok"}
{"timestamp": "2026-03-04T16:03:09+0800", "level": "INFO", "logger": "etl_logger", "message": "POST success (VFSC 2026-03-04): cc_withdraw_detail_report_20260304080309.csv, took 18.0s", "service": "cc_reconcile", "stage": "download_davinci", "status": "ok"}
{"timestamp": "2026-03-04T16:03:11+0800", "level": "INFO", "logger": "etl_logger", "message": "Download success (VFSC 2026-03-04): cc_withdraw_detail_report_20260304080309.csv, took 1.4s", "service": "cc_reconcile", "stage": "download_davinci", "status": "ok"}
{"timestamp": "2026-03-04T16:03:11+0800", "level": "INFO", "logger": "etl_logger", "message": "Finish downloading Davinci CC - VFSC Report", "service": "cc_reconcile", "stage": "download_davinci", "status": "ok"}
{"timestamp": "2026-03-04T16:03:11+0800", "level": "INFO", "logger": "etl_logger", "message": "Start downloading Davinci CC Report for brand: VFSC2...", "service": "cc_reconcile", "stage": "download_davinci", "status": "ok"}
{"timestamp": "2026-03-04T16:03:11+0800", "level": "WARNING", "logger": "etl_logger", "message": "POST failed (VFSC2 2026-03-01) attempt 1: 502 Server Error: Bad Gateway for url: https://report.vantagemarkets.com/api/cc-detail/download, took 0.2s", "service": "cc_reconcile", "stage": "download_davinci", "status": "ok"}
{"timestamp": "2026-03-04T16:04:10+0800", "level": "INFO", "logger": "etl_logger", "message": "POST success (VFSC2 2026-03-01): cc_withdraw_detail_report_20260304080410.csv, took 54.1s", "service": "cc_reconcile", "stage": "download_davinci", "status": "ok"}
{"timestamp": "2026-03-04T16:04:13+0800", "level": "INFO", "logger": "etl_logger", "message": "Download success (VFSC2 2026-03-01): cc_withdraw_detail_report_20260304080410.csv, took 2.7s", "service": "cc_reconcile", "stage": "download_davinci", "status": "ok"}
{"timestamp": "2026-03-04T16:04:13+0800", "level": "WARNING", "logger": "etl_logger", "message": "POST failed (VFSC2 2026-03-02) attempt 1: 502 Server Error: Bad Gateway for url: https://report.vantagemarkets.com/api/cc-detail/download, took 0.2s", "service": "cc_reconcile", "stage": "download_davinci", "status": "ok"}
{"timestamp": "2026-03-04T16:04:18+0800", "level": "WARNING", "logger": "etl_logger", "message": "POST failed (VFSC2 2026-03-02) attempt 2: 502 Server Error: Bad Gateway for url: https://report.vantagemarkets.com/api/cc-detail/download, took 0.2s", "service": "cc_reconcile", "stage": "download_davinci", "status": "ok"}
{"timestamp": "2026-03-04T16:05:23+0800", "level": "INFO", "logger": "etl_logger", "message": "POST success (VFSC2 2026-03-02): cc_withdraw_detail_report_20260304080523.csv, took 60.1s", "service": "cc_reconcile", "stage": "download_davinci", "status": "ok"}
{"timestamp": "2026-03-04T16:05:27+0800", "level": "INFO", "logger": "etl_logger", "message": "Download success (VFSC2 2026-03-02): cc_withdraw_detail_report_20260304080523.csv, took 3.4s", "service": "cc_reconcile", "stage": "download_davinci", "status": "ok"}
{"timestamp": "2026-03-04T16:05:27+0800", "level": "WARNING", "logger": "etl_logger", "message": "POST failed (VFSC2 2026-03-03) attempt 1: 502 Server Error: Bad Gateway for url: https://report.vantagemarkets.com/api/cc-detail/download, took 0.2s", "service": "cc_reconcile", "stage": "download_davinci", "status": "ok"}
{"timestamp": "2026-03-04T16:05:32+0800", "level": "WARNING", "logger": "etl_logger", "message": "POST failed (VFSC2 2026-03-03) attempt 2: 502 Server Error: Bad Gateway for url: https://report.vantagemarkets.com/api/cc-detail/download, took 0.2s", "service": "cc_reconcile", "stage": "download_davinci", "status": "ok"}
{"timestamp": "2026-03-04T16:06:30+0800", "level": "INFO", "logger": "etl_logger", "message": "POST success (VFSC2 2026-03-03): cc_withdraw_detail_report_20260304080630.csv, took 53.1s", "service": "cc_reconcile", "stage": "download_davinci", "status": "ok"}
{"timestamp": "2026-03-04T16:06:31+0800", "level": "WARNING", "logger": "etl_logger", "message": "Download failed (VFSC2 2026-03-03) attempt 1: 502 Server Error: Bad Gateway for url: https://report.vantagemarkets.com/api/download/cc_withdraw_detail_report_20260304080630.csv, took 1.0s", "service": "cc_reconcile", "stage": "download_davinci", "status": "ok"}
{"timestamp": "2026-03-04T16:06:37+0800", "level": "WARNING", "logger": "etl_logger", "message": "Download failed (VFSC2 2026-03-03) attempt 2: 502 Server Error: Bad Gateway for url: https://report.vantagemarkets.com/api/download/cc_withdraw_detail_report_20260304080630.csv, took 0.7s", "service": "cc_reconcile", "stage": "download_davinci", "status": "ok"}
{"timestamp": "2026-03-04T16:06:45+0800", "level": "INFO", "logger": "etl_logger", "message": "Download success (VFSC2 2026-03-03): cc_withdraw_detail_report_20260304080630.csv, took 2.6s", "service": "cc_reconcile", "stage": "download_davinci", "status": "ok"}
{"timestamp": "2026-03-04T16:07:36+0800", "level": "INFO", "logger": "etl_logger", "message": "POST success (VFSC2 2026-03-04): cc_withdraw_detail_report_20260304080735.csv, took 50.8s", "service": "cc_reconcile", "stage": "download_davinci", "status": "ok"}
{"timestamp": "2026-03-04T16:07:37+0800", "level": "WARNING", "logger": "etl_logger", "message": "Download failed (VFSC2 2026-03-04) attempt 1: 502 Server Error: Bad Gateway for url: https://report.vantagemarkets.com/api/download/cc_withdraw_detail_report_20260304080735.csv, took 1.0s", "service": "cc_reconcile", "stage": "download_davinci", "status": "ok"}
{"timestamp": "2026-03-04T16:07:42+0800", "level": "WARNING", "logger": "etl_logger", "message": "Download failed (VFSC2 2026-03-04) attempt 2: 502 Server Error: Bad Gateway for url: https://report.vantagemarkets.com/api/download/cc_withdraw_detail_report_20260304080735.csv, took 0.5s", "service": "cc_reconcile", "stage": "download_davinci", "status": "ok"}
{"timestamp": "2026-03-04T16:07:47+0800", "level": "WARNING", "logger": "etl_logger", "message": "Download failed (VFSC2 2026-03-04) attempt 3: 502 Server Error: Bad Gateway for url: https://report.vantagemarkets.com/api/download/cc_withdraw_detail_report_20260304080735.csv, took 0.4s", "service": "cc_reconcile", "stage": "download_davinci", "status": "ok"}
{"timestamp": "2026-03-04T16:07:53+0800", "level": "WARNING", "logger": "etl_logger", "message": "Download failed (VFSC2 2026-03-04) attempt 4: 502 Server Error: Bad Gateway for url: https://report.vantagemarkets.com/api/download/cc_withdraw_detail_report_20260304080735.csv, took 0.2s", "service": "cc_reconcile", "stage": "download_davinci", "status": "ok"}
{"timestamp": "2026-03-04T16:08:00+0800", "level": "INFO", "logger": "etl_logger", "message": "Download success (VFSC2 2026-03-04): cc_withdraw_detail_report_20260304080735.csv, took 1.8s", "service": "cc_reconcile", "stage": "download_davinci", "status": "ok"}
{"timestamp": "2026-03-04T16:08:00+0800", "level": "INFO", "logger": "etl_logger", "message": "Finish downloading Davinci CC - VFSC2 Report", "service": "cc_reconcile", "stage": "download_davinci", "status": "ok"}
{"timestamp": "2026-03-04T16:08:00+0800", "level": "INFO", "logger": "etl_logger", "message": "Finish downloading Davinci CC Report for all brands, total rows: 53984", "service": "cc_reconcile", "stage": "download_davinci", "status": "ok"}
{"timestamp": "2026-03-04T16:08:00+0800", "level": "INFO", "logger": "etl_logger", "message": "Download CRM CC Report Finish ，Total: 53984", "service": "cc_reconcile", "stage": "download", "status": "ok"}
{"timestamp": "2026-03-04T16:08:00+0800", "level": "INFO", "logger": "etl_logger", "message": "Start reconcile...", "service": "cc_reconcile", "stage": "reconcile", "status": "ok"}
{"timestamp": "2026-03-04T16:08:01+0800", "level": "INFO", "logger": "etl_logger", "message": "Reconcile Finish ，Total Mismatch Case: 0", "service": "cc_reconcile", "stage": "reconcile", "status": "ok"}
{"timestamp": "2026-03-04T16:08:01+0800", "level": "INFO", "logger": "etl_logger", "message": "Connect Lark Finish", "service": "cc_reconcile", "stage": "lark", "status": "ok"}
{"timestamp": "2026-03-04T16:08:01+0800", "level": "INFO", "logger": "etl_logger", "message": "Start query existing data in LarkSheet...", "service": "cc_reconcile", "stage": "lark", "status": "ok"}
{"timestamp": "2026-03-04T16:08:02+0800", "level": "INFO", "logger": "etl_logger", "message": "Query existing data in LarkSheet Finish", "service": "cc_reconcile", "stage": "lark", "status": "ok"}
{"timestamp": "2026-03-04T16:08:02+0800", "level": "INFO", "logger": "etl_logger", "message": "Total unique keys in LarkSheet: 157, Total new mismatch cases to upload: 0", "service": "cc_reconcile", "stage": "lark", "status": "ok"}
{"timestamp": "2026-03-04T16:08:02+0800", "level": "INFO", "logger": "etl_logger", "message": "Append data to LarkSheet with range: Kalw4Y!A2:L3, rows: 1, columns: 12", "service": "cc_reconcile", "stage": "lark", "status": "ok"}
{"timestamp": "2026-03-04T16:08:03+0800", "level": "INFO", "logger": "etl_logger", "message": "✅ Successfully appended data to LarkSheet", "service": "cc_reconcile", "stage": "lark", "status": "ok"}
{"timestamp": "2026-03-04T16:08:04+0800", "level": "INFO", "logger": "etl_logger", "message": "Upload data to LarkSheet Finish", "service": "cc_reconcile", "stage": "lark", "status": "ok"}
{"timestamp": "2026-03-04T17:00:02+0800", "level": "INFO", "logger": "etl_logger", "message": "Start download reports...", "service": "cc_reconcile", "stage": "download", "status": "ok"}
{"timestamp": "2026-03-04T17:00:05+0800", "level": "INFO", "logger": "etl_logger", "message": "Payabl Login Success and Get Token Success", "service": "cc_reconcile", "stage": "download_payabl", "status": "ok"}
{"timestamp": "2026-03-04T17:00:05+0800", "level": "INFO", "logger": "etl_logger", "message": "Start downloading Payabl CC Report for date: 2026-03-03...", "service": "cc_reconcile", "stage": "download_payabl", "status": "ok"}
{"timestamp": "2026-03-04T17:00:58+0800", "level": "INFO", "logger": "etl_logger", "message": "Start downloading Payabl CC Report for date: 2026-03-04...", "service": "cc_reconcile", "stage": "download_payabl", "status": "ok"}
{"timestamp": "2026-03-04T17:01:13+0800", "level": "INFO", "logger": "etl_logger", "message": "Finish downloading Payabl CC Report", "service": "cc_reconcile", "stage": "download_payabl", "status": "ok"}
{"timestamp": "2026-03-04T17:01:13+0800", "level": "INFO", "logger": "etl_logger", "message": "Download Payabl CC Report Finish ，Total: 101358", "service": "cc_reconcile", "stage": "download", "status": "ok"}
{"timestamp": "2026-03-04T17:01:13+0800", "level": "INFO", "logger": "etl_logger", "message": "Login attempt 1/5", "service": "cc_reconcile", "stage": "download_davinci", "status": "ok"}
{"timestamp": "2026-03-04T17:01:14+0800", "level": "INFO", "logger": "etl_logger", "message": "Login response status=200, url=https://admin.vantagemarkets.com/admin/main, cookies=4", "service": "cc_reconcile", "stage": "download_davinci", "status": "ok"}
{"timestamp": "2026-03-04T17:01:14+0800", "level": "INFO", "logger": "etl_logger", "message": "Login successful", "service": "cc_reconcile", "stage": "download_davinci", "status": "ok"}
{"timestamp": "2026-03-04T17:01:14+0800", "level": "INFO", "logger": "etl_logger", "message": "Token obtained successfully", "service": "cc_reconcile", "stage": "download_davinci", "status": "ok"}
{"timestamp": "2026-03-04T17:01:14+0800", "level": "INFO", "logger": "etl_logger", "message": "Start downloading Davinci CC Report for brand: VFSC...", "service": "cc_reconcile", "stage": "download_davinci", "status": "ok"}
{"timestamp": "2026-03-04T17:01:36+0800", "level": "INFO", "logger": "etl_logger", "message": "POST success (VFSC 2026-03-01): cc_withdraw_detail_report_20260304090136.csv, took 21.3s", "service": "cc_reconcile", "stage": "download_davinci", "status": "ok"}
{"timestamp": "2026-03-04T17:01:37+0800", "level": "WARNING", "logger": "etl_logger", "message": "Download failed (VFSC 2026-03-01) attempt 1: 502 Server Error: Bad Gateway for url: https://report.vantagemarkets.com/api/download/cc_withdraw_detail_report_20260304090136.csv, took 1.0s", "service": "cc_reconcile", "stage": "download_davinci", "status": "ok"}
{"timestamp": "2026-03-04T17:01:43+0800", "level": "WARNING", "logger": "etl_logger", "message": "Download failed (VFSC 2026-03-01) attempt 2: 502 Server Error: Bad Gateway for url: https://report.vantagemarkets.com/api/download/cc_withdraw_detail_report_20260304090136.csv, took 0.8s", "service": "cc_reconcile", "stage": "download_davinci", "status": "ok"}
{"timestamp": "2026-03-04T17:01:49+0800", "level": "INFO", "logger": "etl_logger", "message": "Download success (VFSC 2026-03-01): cc_withdraw_detail_report_20260304090136.csv, took 1.1s", "service": "cc_reconcile", "stage": "download_davinci", "status": "ok"}
{"timestamp": "2026-03-04T17:01:49+0800", "level": "WARNING", "logger": "etl_logger", "message": "POST failed (VFSC 2026-03-02) attempt 1: 502 Server Error: Bad Gateway for url: https://report.vantagemarkets.com/api/cc-detail/download, took 0.2s", "service": "cc_reconcile", "stage": "download_davinci", "status": "ok"}
{"timestamp": "2026-03-04T17:02:12+0800", "level": "INFO", "logger": "etl_logger", "message": "POST success (VFSC 2026-03-02): cc_withdraw_detail_report_20260304090212.csv, took 17.8s", "service": "cc_reconcile", "stage": "download_davinci", "status": "ok"}
{"timestamp": "2026-03-04T17:02:14+0800", "level": "INFO", "logger": "etl_logger", "message": "Download success (VFSC 2026-03-02): cc_withdraw_detail_report_20260304090212.csv, took 2.4s", "service": "cc_reconcile", "stage": "download_davinci", "status": "ok"}
{"timestamp": "2026-03-04T17:02:14+0800", "level": "WARNING", "logger": "etl_logger", "message": "POST failed (VFSC 2026-03-03) attempt 1: 502 Server Error: Bad Gateway for url: https://report.vantagemarkets.com/api/cc-detail/download, took 0.2s", "service": "cc_reconcile", "stage": "download_davinci", "status": "ok"}
{"timestamp": "2026-03-04T17:02:20+0800", "level": "WARNING", "logger": "etl_logger", "message": "POST failed (VFSC 2026-03-03) attempt 2: 502 Server Error: Bad Gateway for url: https://report.vantagemarkets.com/api/cc-detail/download, took 0.3s", "service": "cc_reconcile", "stage": "download_davinci", "status": "ok"}
{"timestamp": "2026-03-04T17:02:25+0800", "level": "WARNING", "logger": "etl_logger", "message": "POST failed (VFSC 2026-03-03) attempt 3: 502 Server Error: Bad Gateway for url: https://report.vantagemarkets.com/api/cc-detail/download, took 0.2s", "service": "cc_reconcile", "stage": "download_davinci", "status": "ok"}
{"timestamp": "2026-03-04T17:02:48+0800", "level": "INFO", "logger": "etl_logger", "message": "POST success (VFSC 2026-03-03): cc_withdraw_detail_report_20260304090248.csv, took 18.6s", "service": "cc_reconcile", "stage": "download_davinci", "status": "ok"}
{"timestamp": "2026-03-04T17:02:51+0800", "level": "INFO", "logger": "etl_logger", "message": "Download success (VFSC 2026-03-03): cc_withdraw_detail_report_20260304090248.csv, took 2.4s", "service": "cc_reconcile", "stage": "download_davinci", "status": "ok"}
{"timestamp": "2026-03-04T17:03:10+0800", "level": "INFO", "logger": "etl_logger", "message": "POST success (VFSC 2026-03-04): cc_withdraw_detail_report_20260304090310.csv, took 18.7s", "service": "cc_reconcile", "stage": "download_davinci", "status": "ok"}
{"timestamp": "2026-03-04T17:03:10+0800", "level": "WARNING", "logger": "etl_logger", "message": "Download failed (VFSC 2026-03-04) attempt 1: 502 Server Error: Bad Gateway for url: https://report.vantagemarkets.com/api/download/cc_withdraw_detail_report_20260304090310.csv, took 0.9s", "service": "cc_reconcile", "stage": "download_davinci", "status": "ok"}
{"timestamp": "2026-03-04T17:03:17+0800", "level": "INFO", "logger": "etl_logger", "message": "Download success (VFSC 2026-03-04): cc_withdraw_detail_report_20260304090310.csv, took 1.2s", "service": "cc_reconcile", "stage": "download_davinci", "status": "ok"}
{"timestamp": "2026-03-04T17:03:17+0800", "level": "INFO", "logger": "etl_logger", "message": "Finish downloading Davinci CC - VFSC Report", "service": "cc_reconcile", "stage": "download_davinci", "status": "ok"}
{"timestamp": "2026-03-04T17:03:17+0800", "level": "INFO", "logger": "etl_logger", "message": "Start downloading Davinci CC Report for brand: VFSC2...", "service": "cc_reconcile", "stage": "download_davinci", "status": "ok"}
{"timestamp": "2026-03-04T17:04:07+0800", "level": "INFO", "logger": "etl_logger", "message": "POST success (VFSC2 2026-03-01): cc_withdraw_detail_report_20260304090406.csv, took 49.9s", "service": "cc_reconcile", "stage": "download_davinci", "status": "ok"}
{"timestamp": "2026-03-04T17:04:08+0800", "level": "WARNING", "logger": "etl_logger", "message": "Download failed (VFSC2 2026-03-01) attempt 1: 502 Server Error: Bad Gateway for url: https://report.vantagemarkets.com/api/download/cc_withdraw_detail_report_20260304090406.csv, took 1.0s", "service": "cc_reconcile", "stage": "download_davinci", "status": "ok"}
{"timestamp": "2026-03-04T17:04:14+0800", "level": "WARNING", "logger": "etl_logger", "message": "Download failed (VFSC2 2026-03-01) attempt 2: 502 Server Error: Bad Gateway for url: https://report.vantagemarkets.com/api/download/cc_withdraw_detail_report_20260304090406.csv, took 1.4s", "service": "cc_reconcile", "stage": "download_davinci", "status": "ok"}
{"timestamp": "2026-03-04T17:04:19+0800", "level": "WARNING", "logger": "etl_logger", "message": "Download failed (VFSC2 2026-03-01) attempt 3: 502 Server Error: Bad Gateway for url: https://report.vantagemarkets.com/api/download/cc_withdraw_detail_report_20260304090406.csv, took 0.4s", "service": "cc_reconcile", "stage": "download_davinci", "status": "ok"}
{"timestamp": "2026-03-04T17:04:25+0800", "level": "WARNING", "logger": "etl_logger", "message": "Download failed (VFSC2 2026-03-01) attempt 4: 502 Server Error: Bad Gateway for url: https://report.vantagemarkets.com/api/download/cc_withdraw_detail_report_20260304090406.csv, took 0.4s", "service": "cc_reconcile", "stage": "download_davinci", "status": "ok"}
{"timestamp": "2026-03-04T17:04:32+0800", "level": "INFO", "logger": "etl_logger", "message": "Download success (VFSC2 2026-03-01): cc_withdraw_detail_report_20260304090406.csv, took 2.0s", "service": "cc_reconcile", "stage": "download_davinci", "status": "ok"}
{"timestamp": "2026-03-04T17:05:28+0800", "level": "INFO", "logger": "etl_logger", "message": "POST success (VFSC2 2026-03-02): cc_withdraw_detail_report_20260304090528.csv, took 56.7s", "service": "cc_reconcile", "stage": "download_davinci", "status": "ok"}
{"timestamp": "2026-03-04T17:05:32+0800", "level": "INFO", "logger": "etl_logger", "message": "Download success (VFSC2 2026-03-02): cc_withdraw_detail_report_20260304090528.csv, took 3.5s", "service": "cc_reconcile", "stage": "download_davinci", "status": "ok"}
{"timestamp": "2026-03-04T17:06:26+0800", "level": "INFO", "logger": "etl_logger", "message": "POST success (VFSC2 2026-03-03): cc_withdraw_detail_report_20260304090626.csv, took 54.4s", "service": "cc_reconcile", "stage": "download_davinci", "status": "ok"}
{"timestamp": "2026-03-04T17:06:29+0800", "level": "INFO", "logger": "etl_logger", "message": "Download success (VFSC2 2026-03-03): cc_withdraw_detail_report_20260304090626.csv, took 3.2s", "service": "cc_reconcile", "stage": "download_davinci", "status": "ok"}
{"timestamp": "2026-03-04T17:07:19+0800", "level": "INFO", "logger": "etl_logger", "message": "POST success (VFSC2 2026-03-04): cc_withdraw_detail_report_20260304090718.csv, took 49.1s", "service": "cc_reconcile", "stage": "download_davinci", "status": "ok"}
{"timestamp": "2026-03-04T17:07:21+0800", "level": "INFO", "logger": "etl_logger", "message": "Download success (VFSC2 2026-03-04): cc_withdraw_detail_report_20260304090718.csv, took 2.6s", "service": "cc_reconcile", "stage": "download_davinci", "status": "ok"}
{"timestamp": "2026-03-04T17:07:22+0800", "level": "INFO", "logger": "etl_logger", "message": "Finish downloading Davinci CC - VFSC2 Report", "service": "cc_reconcile", "stage": "download_davinci", "status": "ok"}
{"timestamp": "2026-03-04T17:07:22+0800", "level": "INFO", "logger": "etl_logger", "message": "Finish downloading Davinci CC Report for all brands, total rows: 54687", "service": "cc_reconcile", "stage": "download_davinci", "status": "ok"}
{"timestamp": "2026-03-04T17:07:22+0800", "level": "INFO", "logger": "etl_logger", "message": "Download CRM CC Report Finish ，Total: 54687", "service": "cc_reconcile", "stage": "download", "status": "ok"}
{"timestamp": "2026-03-04T17:07:22+0800", "level": "INFO", "logger": "etl_logger", "message": "Start reconcile...", "service": "cc_reconcile", "stage": "reconcile", "status": "ok"}
{"timestamp": "2026-03-04T17:07:22+0800", "level": "INFO", "logger": "etl_logger", "message": "Reconcile Finish ，Total Mismatch Case: 0", "service": "cc_reconcile", "stage": "reconcile", "status": "ok"}
{"timestamp": "2026-03-04T17:07:23+0800", "level": "INFO", "logger": "etl_logger", "message": "Connect Lark Finish", "service": "cc_reconcile", "stage": "lark", "status": "ok"}
{"timestamp": "2026-03-04T17:07:23+0800", "level": "INFO", "logger": "etl_logger", "message": "Start query existing data in LarkSheet...", "service": "cc_reconcile", "stage": "lark", "status": "ok"}
{"timestamp": "2026-03-04T17:07:24+0800", "level": "INFO", "logger": "etl_logger", "message": "Query existing data in LarkSheet Finish", "service": "cc_reconcile", "stage": "lark", "status": "ok"}
{"timestamp": "2026-03-04T17:07:24+0800", "level": "INFO", "logger": "etl_logger", "message": "Total unique keys in LarkSheet: 157, Total new mismatch cases to upload: 0", "service": "cc_reconcile", "stage": "lark", "status": "ok"}
{"timestamp": "2026-03-04T17:07:24+0800", "level": "INFO", "logger": "etl_logger", "message": "Append data to LarkSheet with range: Kalw4Y!A2:L3, rows: 1, columns: 12", "service": "cc_reconcile", "stage": "lark", "status": "ok"}
{"timestamp": "2026-03-04T17:07:24+0800", "level": "INFO", "logger": "etl_logger", "message": "✅ Successfully appended data to LarkSheet", "service": "cc_reconcile", "stage": "lark", "status": "ok"}
{"timestamp": "2026-03-04T17:07:26+0800", "level": "INFO", "logger": "etl_logger", "message": "Upload data to LarkSheet Finish", "service": "cc_reconcile", "stage": "lark", "status": "ok"}
{"timestamp": "2026-03-04T18:00:01+0800", "level": "INFO", "logger": "etl_logger", "message": "Start download reports...", "service": "cc_reconcile", "stage": "download", "status": "ok"}
{"timestamp": "2026-03-04T18:00:05+0800", "level": "INFO", "logger": "etl_logger", "message": "Payabl Login Success and Get Token Success", "service": "cc_reconcile", "stage": "download_payabl", "status": "ok"}
{"timestamp": "2026-03-04T18:00:05+0800", "level": "INFO", "logger": "etl_logger", "message": "Start downloading Payabl CC Report for date: 2026-03-03...", "service": "cc_reconcile", "stage": "download_payabl", "status": "ok"}
{"timestamp": "2026-03-04T18:00:55+0800", "level": "INFO", "logger": "etl_logger", "message": "Start downloading Payabl CC Report for date: 2026-03-04...", "service": "cc_reconcile", "stage": "download_payabl", "status": "ok"}
{"timestamp": "2026-03-04T18:01:10+0800", "level": "INFO", "logger": "etl_logger", "message": "Finish downloading Payabl CC Report", "service": "cc_reconcile", "stage": "download_payabl", "status": "ok"}
{"timestamp": "2026-03-04T18:01:10+0800", "level": "INFO", "logger": "etl_logger", "message": "Download Payabl CC Report Finish ，Total: 104292", "service": "cc_reconcile", "stage": "download", "status": "ok"}
{"timestamp": "2026-03-04T18:01:10+0800", "level": "INFO", "logger": "etl_logger", "message": "Login attempt 1/5", "service": "cc_reconcile", "stage": "download_davinci", "status": "ok"}
{"timestamp": "2026-03-04T18:01:11+0800", "level": "INFO", "logger": "etl_logger", "message": "Login response status=200, url=https://admin.vantagemarkets.com/admin/main, cookies=4", "service": "cc_reconcile", "stage": "download_davinci", "status": "ok"}
{"timestamp": "2026-03-04T18:01:11+0800", "level": "INFO", "logger": "etl_logger", "message": "Login successful", "service": "cc_reconcile", "stage": "download_davinci", "status": "ok"}
{"timestamp": "2026-03-04T18:01:12+0800", "level": "INFO", "logger": "etl_logger", "message": "Token obtained successfully", "service": "cc_reconcile", "stage": "download_davinci", "status": "ok"}
{"timestamp": "2026-03-04T18:01:12+0800", "level": "INFO", "logger": "etl_logger", "message": "Start downloading Davinci CC Report for brand: VFSC...", "service": "cc_reconcile", "stage": "download_davinci", "status": "ok"}
{"timestamp": "2026-03-04T18:01:31+0800", "level": "INFO", "logger": "etl_logger", "message": "POST success (VFSC 2026-03-01): cc_withdraw_detail_report_20260304100131.csv, took 19.0s", "service": "cc_reconcile", "stage": "download_davinci", "status": "ok"}
{"timestamp": "2026-03-04T18:01:32+0800", "level": "INFO", "logger": "etl_logger", "message": "Download success (VFSC 2026-03-01): cc_withdraw_detail_report_20260304100131.csv, took 1.5s", "service": "cc_reconcile", "stage": "download_davinci", "status": "ok"}
{"timestamp": "2026-03-04T18:01:52+0800", "level": "INFO", "logger": "etl_logger", "message": "POST success (VFSC 2026-03-02): cc_withdraw_detail_report_20260304100151.csv, took 19.2s", "service": "cc_reconcile", "stage": "download_davinci", "status": "ok"}
{"timestamp": "2026-03-04T18:01:53+0800", "level": "WARNING", "logger": "etl_logger", "message": "Download failed (VFSC 2026-03-02) attempt 1: 502 Server Error: Bad Gateway for url: https://report.vantagemarkets.com/api/download/cc_withdraw_detail_report_20260304100151.csv, took 1.0s", "service": "cc_reconcile", "stage": "download_davinci", "status": "ok"}
{"timestamp": "2026-03-04T18:01:59+0800", "level": "INFO", "logger": "etl_logger", "message": "Download success (VFSC 2026-03-02): cc_withdraw_detail_report_20260304100151.csv, took 1.7s", "service": "cc_reconcile", "stage": "download_davinci", "status": "ok"}
{"timestamp": "2026-03-04T18:02:18+0800", "level": "INFO", "logger": "etl_logger", "message": "POST success (VFSC 2026-03-03): cc_withdraw_detail_report_20260304100218.csv, took 18.4s", "service": "cc_reconcile", "stage": "download_davinci", "status": "ok"}
{"timestamp": "2026-03-04T18:02:19+0800", "level": "WARNING", "logger": "etl_logger", "message": "Download failed (VFSC 2026-03-03) attempt 1: 502 Server Error: Bad Gateway for url: https://report.vantagemarkets.com/api/download/cc_withdraw_detail_report_20260304100218.csv, took 1.0s", "service": "cc_reconcile", "stage": "download_davinci", "status": "ok"}
{"timestamp": "2026-03-04T18:02:25+0800", "level": "WARNING", "logger": "etl_logger", "message": "Download failed (VFSC 2026-03-03) attempt 2: 502 Server Error: Bad Gateway for url: https://report.vantagemarkets.com/api/download/cc_withdraw_detail_report_20260304100218.csv, took 1.3s", "service": "cc_reconcile", "stage": "download_davinci", "status": "ok"}
{"timestamp": "2026-03-04T18:02:32+0800", "level": "INFO", "logger": "etl_logger", "message": "Download success (VFSC 2026-03-03): cc_withdraw_detail_report_20260304100218.csv, took 1.8s", "service": "cc_reconcile", "stage": "download_davinci", "status": "ok"}
{"timestamp": "2026-03-04T18:02:50+0800", "level": "INFO", "logger": "etl_logger", "message": "POST success (VFSC 2026-03-04): cc_withdraw_detail_report_20260304100250.csv, took 18.0s", "service": "cc_reconcile", "stage": "download_davinci", "status": "ok"}
{"timestamp": "2026-03-04T18:02:51+0800", "level": "INFO", "logger": "etl_logger", "message": "Download success (VFSC 2026-03-04): cc_withdraw_detail_report_20260304100250.csv, took 1.6s", "service": "cc_reconcile", "stage": "download_davinci", "status": "ok"}
{"timestamp": "2026-03-04T18:02:51+0800", "level": "INFO", "logger": "etl_logger", "message": "Finish downloading Davinci CC - VFSC Report", "service": "cc_reconcile", "stage": "download_davinci", "status": "ok"}
{"timestamp": "2026-03-04T18:02:51+0800", "level": "INFO", "logger": "etl_logger", "message": "Start downloading Davinci CC Report for brand: VFSC2...", "service": "cc_reconcile", "stage": "download_davinci", "status": "ok"}
{"timestamp": "2026-03-04T18:03:14+0800", "level": "WARNING", "logger": "etl_logger", "message": "POST failed (VFSC2 2026-03-01) attempt 1: 500 Server Error: Internal Server Error for url: https://report.vantagemarkets.com/api/cc-detail/download, took 23.0s", "service": "cc_reconcile", "stage": "download_davinci", "status": "ok"}
{"timestamp": "2026-03-04T18:04:11+0800", "level": "INFO", "logger": "etl_logger", "message": "POST success (VFSC2 2026-03-01): cc_withdraw_detail_report_20260304100411.csv, took 51.2s", "service": "cc_reconcile", "stage": "download_davinci", "status": "ok"}
{"timestamp": "2026-03-04T18:04:14+0800", "level": "INFO", "logger": "etl_logger", "message": "Download success (VFSC2 2026-03-01): cc_withdraw_detail_report_20260304100411.csv, took 2.9s", "service": "cc_reconcile", "stage": "download_davinci", "status": "ok"}
{"timestamp": "2026-03-04T18:05:10+0800", "level": "INFO", "logger": "etl_logger", "message": "POST success (VFSC2 2026-03-02): cc_withdraw_detail_report_20260304100509.csv, took 56.3s", "service": "cc_reconcile", "stage": "download_davinci", "status": "ok"}
{"timestamp": "2026-03-04T18:05:11+0800", "level": "WARNING", "logger": "etl_logger", "message": "Download failed (VFSC2 2026-03-02) attempt 1: 502 Server Error: Bad Gateway for url: https://report.vantagemarkets.com/api/download/cc_withdraw_detail_report_20260304100509.csv, took 1.0s", "service": "cc_reconcile", "stage": "download_davinci", "status": "ok"}
{"timestamp": "2026-03-04T18:05:16+0800", "level": "WARNING", "logger": "etl_logger", "message": "Download failed (VFSC2 2026-03-02) attempt 2: 502 Server Error: Bad Gateway for url: https://report.vantagemarkets.com/api/download/cc_withdraw_detail_report_20260304100509.csv, took 0.6s", "service": "cc_reconcile", "stage": "download_davinci", "status": "ok"}
{"timestamp": "2026-03-04T18:05:24+0800", "level": "INFO", "logger": "etl_logger", "message": "Download success (VFSC2 2026-03-02): cc_withdraw_detail_report_20260304100509.csv, took 2.9s", "service": "cc_reconcile", "stage": "download_davinci", "status": "ok"}
{"timestamp": "2026-03-04T18:05:25+0800", "level": "WARNING", "logger": "etl_logger", "message": "POST failed (VFSC2 2026-03-03) attempt 1: 502 Server Error: Bad Gateway for url: https://report.vantagemarkets.com/api/cc-detail/download, took 0.3s", "service": "cc_reconcile", "stage": "download_davinci", "status": "ok"}
{"timestamp": "2026-03-04T18:05:30+0800", "level": "WARNING", "logger": "etl_logger", "message": "POST failed (VFSC2 2026-03-03) attempt 2: 502 Server Error: Bad Gateway for url: https://report.vantagemarkets.com/api/cc-detail/download, took 0.2s", "service": "cc_reconcile", "stage": "download_davinci", "status": "ok"}
{"timestamp": "2026-03-04T18:06:14+0800", "level": "WARNING", "logger": "etl_logger", "message": "POST failed (VFSC2 2026-03-03) attempt 3: 502 Server Error: Bad Gateway for url: https://report.vantagemarkets.com/api/cc-detail/download, took 39.3s", "service": "cc_reconcile", "stage": "download_davinci", "status": "ok"}
{"timestamp": "2026-03-04T18:06:19+0800", "level": "WARNING", "logger": "etl_logger", "message": "POST failed (VFSC2 2026-03-03) attempt 4: 502 Server Error: Bad Gateway for url: https://report.vantagemarkets.com/api/cc-detail/download, took 0.3s", "service": "cc_reconcile", "stage": "download_davinci", "status": "ok"}
{"timestamp": "2026-03-04T18:06:25+0800", "level": "WARNING", "logger": "etl_logger", "message": "POST failed (VFSC2 2026-03-03) attempt 5: 502 Server Error: Bad Gateway for url: https://report.vantagemarkets.com/api/cc-detail/download, took 0.2s", "service": "cc_reconcile", "stage": "download_davinci", "status": "ok"}
{"timestamp": "2026-03-04T18:07:23+0800", "level": "INFO", "logger": "etl_logger", "message": "POST success (VFSC2 2026-03-03): cc_withdraw_detail_report_20260304100722.csv, took 52.9s", "service": "cc_reconcile", "stage": "download_davinci", "status": "ok"}
{"timestamp": "2026-03-04T18:07:23+0800", "level": "WARNING", "logger": "etl_logger", "message": "Download failed (VFSC2 2026-03-03) attempt 1: 502 Server Error: Bad Gateway for url: https://report.vantagemarkets.com/api/download/cc_withdraw_detail_report_20260304100722.csv, took 0.9s", "service": "cc_reconcile", "stage": "download_davinci", "status": "ok"}
{"timestamp": "2026-03-04T18:07:29+0800", "level": "WARNING", "logger": "etl_logger", "message": "Download failed (VFSC2 2026-03-03) attempt 2: 502 Server Error: Bad Gateway for url: https://report.vantagemarkets.com/api/download/cc_withdraw_detail_report_20260304100722.csv, took 0.8s", "service": "cc_reconcile", "stage": "download_davinci", "status": "ok"}
{"timestamp": "2026-03-04T18:07:37+0800", "level": "INFO", "logger": "etl_logger", "message": "Download success (VFSC2 2026-03-03): cc_withdraw_detail_report_20260304100722.csv, took 2.3s", "service": "cc_reconcile", "stage": "download_davinci", "status": "ok"}
{"timestamp": "2026-03-04T18:07:37+0800", "level": "WARNING", "logger": "etl_logger", "message": "POST failed (VFSC2 2026-03-04) attempt 1: 502 Server Error: Bad Gateway for url: https://report.vantagemarkets.com/api/cc-detail/download, took 0.3s", "service": "cc_reconcile", "stage": "download_davinci", "status": "ok"}
{"timestamp": "2026-03-04T18:07:42+0800", "level": "WARNING", "logger": "etl_logger", "message": "POST failed (VFSC2 2026-03-04) attempt 2: 502 Server Error: Bad Gateway for url: https://report.vantagemarkets.com/api/cc-detail/download, took 0.3s", "service": "cc_reconcile", "stage": "download_davinci", "status": "ok"}
{"timestamp": "2026-03-04T18:08:38+0800", "level": "INFO", "logger": "etl_logger", "message": "POST success (VFSC2 2026-03-04): cc_withdraw_detail_report_20260304100838.csv, took 51.2s", "service": "cc_reconcile", "stage": "download_davinci", "status": "ok"}
{"timestamp": "2026-03-04T18:08:41+0800", "level": "INFO", "logger": "etl_logger", "message": "Download success (VFSC2 2026-03-04): cc_withdraw_detail_report_20260304100838.csv, took 2.6s", "service": "cc_reconcile", "stage": "download_davinci", "status": "ok"}
{"timestamp": "2026-03-04T18:08:42+0800", "level": "INFO", "logger": "etl_logger", "message": "Finish downloading Davinci CC - VFSC2 Report", "service": "cc_reconcile", "stage": "download_davinci", "status": "ok"}
{"timestamp": "2026-03-04T18:08:42+0800", "level": "INFO", "logger": "etl_logger", "message": "Finish downloading Davinci CC Report for all brands, total rows: 55665", "service": "cc_reconcile", "stage": "download_davinci", "status": "ok"}
{"timestamp": "2026-03-04T18:08:42+0800", "level": "INFO", "logger": "etl_logger", "message": "Download CRM CC Report Finish ，Total: 55665", "service": "cc_reconcile", "stage": "download", "status": "ok"}
{"timestamp": "2026-03-04T18:08:42+0800", "level": "INFO", "logger": "etl_logger", "message": "Start reconcile...", "service": "cc_reconcile", "stage": "reconcile", "status": "ok"}
{"timestamp": "2026-03-04T18:08:42+0800", "level": "INFO", "logger": "etl_logger", "message": "Reconcile Finish ，Total Mismatch Case: 0", "service": "cc_reconcile", "stage": "reconcile", "status": "ok"}
{"timestamp": "2026-03-04T18:08:43+0800", "level": "INFO", "logger": "etl_logger", "message": "Connect Lark Finish", "service": "cc_reconcile", "stage": "lark", "status": "ok"}
{"timestamp": "2026-03-04T18:08:43+0800", "level": "INFO", "logger": "etl_logger", "message": "Start query existing data in LarkSheet...", "service": "cc_reconcile", "stage": "lark", "status": "ok"}
{"timestamp": "2026-03-04T18:08:44+0800", "level": "INFO", "logger": "etl_logger", "message": "Query existing data in LarkSheet Finish", "service": "cc_reconcile", "stage": "lark", "status": "ok"}
{"timestamp": "2026-03-04T18:08:44+0800", "level": "INFO", "logger": "etl_logger", "message": "Total unique keys in LarkSheet: 157, Total new mismatch cases to upload: 0", "service": "cc_reconcile", "stage": "lark", "status": "ok"}
{"timestamp": "2026-03-04T18:08:44+0800", "level": "INFO", "logger": "etl_logger", "message": "Append data to LarkSheet with range: Kalw4Y!A2:L3, rows: 1, columns: 12", "service": "cc_reconcile", "stage": "lark", "status": "ok"}
{"timestamp": "2026-03-04T18:08:44+0800", "level": "INFO", "logger": "etl_logger", "message": "✅ Successfully appended data to LarkSheet", "service": "cc_reconcile", "stage": "lark", "status": "ok"}
{"timestamp": "2026-03-04T18:08:45+0800", "level": "INFO", "logger": "etl_logger", "message": "Upload data to LarkSheet Finish", "service": "cc_reconcile", "stage": "lark", "status": "ok"}
{"timestamp": "2026-03-04T19:00:01+0800", "level": "INFO", "logger": "etl_logger", "message": "Start download reports...", "service": "cc_reconcile", "stage": "download", "status": "ok"}
{"timestamp": "2026-03-04T19:00:05+0800", "level": "INFO", "logger": "etl_logger", "message": "Payabl Login Success and Get Token Success", "service": "cc_reconcile", "stage": "download_payabl", "status": "ok"}
{"timestamp": "2026-03-04T19:00:05+0800", "level": "INFO", "logger": "etl_logger", "message": "Start downloading Payabl CC Report for date: 2026-03-03...", "service": "cc_reconcile", "stage": "download_payabl", "status": "ok"}
{"timestamp": "2026-03-04T19:00:56+0800", "level": "INFO", "logger": "etl_logger", "message": "Start downloading Payabl CC Report for date: 2026-03-04...", "service": "cc_reconcile", "stage": "download_payabl", "status": "ok"}
{"timestamp": "2026-03-04T19:01:14+0800", "level": "INFO", "logger": "etl_logger", "message": "Finish downloading Payabl CC Report", "service": "cc_reconcile", "stage": "download_payabl", "status": "ok"}
{"timestamp": "2026-03-04T19:01:14+0800", "level": "INFO", "logger": "etl_logger", "message": "Download Payabl CC Report Finish ，Total: 107269", "service": "cc_reconcile", "stage": "download", "status": "ok"}
{"timestamp": "2026-03-04T19:01:14+0800", "level": "INFO", "logger": "etl_logger", "message": "Login attempt 1/5", "service": "cc_reconcile", "stage": "download_davinci", "status": "ok"}
{"timestamp": "2026-03-04T19:01:16+0800", "level": "INFO", "logger": "etl_logger", "message": "Login response status=200, url=https://admin.vantagemarkets.com/admin/main, cookies=4", "service": "cc_reconcile", "stage": "download_davinci", "status": "ok"}
{"timestamp": "2026-03-04T19:01:16+0800", "level": "INFO", "logger": "etl_logger", "message": "Login successful", "service": "cc_reconcile", "stage": "download_davinci", "status": "ok"}
{"timestamp": "2026-03-04T19:01:16+0800", "level": "INFO", "logger": "etl_logger", "message": "Token obtained successfully", "service": "cc_reconcile", "stage": "download_davinci", "status": "ok"}
{"timestamp": "2026-03-04T19:01:16+0800", "level": "INFO", "logger": "etl_logger", "message": "Start downloading Davinci CC Report for brand: VFSC...", "service": "cc_reconcile", "stage": "download_davinci", "status": "ok"}
{"timestamp": "2026-03-04T19:01:36+0800", "level": "INFO", "logger": "etl_logger", "message": "POST success (VFSC 2026-03-01): cc_withdraw_detail_report_20260304110136.csv, took 19.4s", "service": "cc_reconcile", "stage": "download_davinci", "status": "ok"}
{"timestamp": "2026-03-04T19:01:37+0800", "level": "WARNING", "logger": "etl_logger", "message": "Download failed (VFSC 2026-03-01) attempt 1: 502 Server Error: Bad Gateway for url: https://report.vantagemarkets.com/api/download/cc_withdraw_detail_report_20260304110136.csv, took 1.0s", "service": "cc_reconcile", "stage": "download_davinci", "status": "ok"}
{"timestamp": "2026-03-04T19:01:42+0800", "level": "WARNING", "logger": "etl_logger", "message": "Download failed (VFSC 2026-03-01) attempt 2: 502 Server Error: Bad Gateway for url: https://report.vantagemarkets.com/api/download/cc_withdraw_detail_report_20260304110136.csv, took 0.8s", "service": "cc_reconcile", "stage": "download_davinci", "status": "ok"}
{"timestamp": "2026-03-04T19:01:48+0800", "level": "WARNING", "logger": "etl_logger", "message": "Download failed (VFSC 2026-03-01) attempt 3: 502 Server Error: Bad Gateway for url: https://report.vantagemarkets.com/api/download/cc_withdraw_detail_report_20260304110136.csv, took 0.4s", "service": "cc_reconcile", "stage": "download_davinci", "status": "ok"}
{"timestamp": "2026-03-04T19:01:53+0800", "level": "WARNING", "logger": "etl_logger", "message": "Download failed (VFSC 2026-03-01) attempt 4: 502 Server Error: Bad Gateway for url: https://report.vantagemarkets.com/api/download/cc_withdraw_detail_report_20260304110136.csv, took 0.5s", "service": "cc_reconcile", "stage": "download_davinci", "status": "ok"}
{"timestamp": "2026-03-04T19:01:59+0800", "level": "INFO", "logger": "etl_logger", "message": "Download success (VFSC 2026-03-01): cc_withdraw_detail_report_20260304110136.csv, took 1.1s", "service": "cc_reconcile", "stage": "download_davinci", "status": "ok"}
{"timestamp": "2026-03-04T19:02:17+0800", "level": "INFO", "logger": "etl_logger", "message": "POST success (VFSC 2026-03-02): cc_withdraw_detail_report_20260304110217.csv, took 17.4s", "service": "cc_reconcile", "stage": "download_davinci", "status": "ok"}
{"timestamp": "2026-03-04T19:02:19+0800", "level": "INFO", "logger": "etl_logger", "message": "Download success (VFSC 2026-03-02): cc_withdraw_detail_report_20260304110217.csv, took 2.4s", "service": "cc_reconcile", "stage": "download_davinci", "status": "ok"}
{"timestamp": "2026-03-04T19:02:38+0800", "level": "INFO", "logger": "etl_logger", "message": "POST success (VFSC 2026-03-03): cc_withdraw_detail_report_20260304110238.csv, took 18.5s", "service": "cc_reconcile", "stage": "download_davinci", "status": "ok"}
{"timestamp": "2026-03-04T19:02:40+0800", "level": "INFO", "logger": "etl_logger", "message": "Download success (VFSC 2026-03-03): cc_withdraw_detail_report_20260304110238.csv, took 2.4s", "service": "cc_reconcile", "stage": "download_davinci", "status": "ok"}
{"timestamp": "2026-03-04T19:02:58+0800", "level": "INFO", "logger": "etl_logger", "message": "POST success (VFSC 2026-03-04): cc_withdraw_detail_report_20260304110258.csv, took 17.9s", "service": "cc_reconcile", "stage": "download_davinci", "status": "ok"}
{"timestamp": "2026-03-04T19:03:00+0800", "level": "INFO", "logger": "etl_logger", "message": "Download success (VFSC 2026-03-04): cc_withdraw_detail_report_20260304110258.csv, took 1.6s", "service": "cc_reconcile", "stage": "download_davinci", "status": "ok"}
{"timestamp": "2026-03-04T19:03:00+0800", "level": "INFO", "logger": "etl_logger", "message": "Finish downloading Davinci CC - VFSC Report", "service": "cc_reconcile", "stage": "download_davinci", "status": "ok"}
{"timestamp": "2026-03-04T19:03:00+0800", "level": "INFO", "logger": "etl_logger", "message": "Start downloading Davinci CC Report for brand: VFSC2...", "service": "cc_reconcile", "stage": "download_davinci", "status": "ok"}
{"timestamp": "2026-03-04T19:03:51+0800", "level": "INFO", "logger": "etl_logger", "message": "POST success (VFSC2 2026-03-01): cc_withdraw_detail_report_20260304110351.csv, took 51.0s", "service": "cc_reconcile", "stage": "download_davinci", "status": "ok"}
{"timestamp": "2026-03-04T19:03:53+0800", "level": "INFO", "logger": "etl_logger", "message": "Download success (VFSC2 2026-03-01): cc_withdraw_detail_report_20260304110351.csv, took 2.6s", "service": "cc_reconcile", "stage": "download_davinci", "status": "ok"}
{"timestamp": "2026-03-04T19:04:52+0800", "level": "INFO", "logger": "etl_logger", "message": "POST success (VFSC2 2026-03-02): cc_withdraw_detail_report_20260304110451.csv, took 58.4s", "service": "cc_reconcile", "stage": "download_davinci", "status": "ok"}
{"timestamp": "2026-03-04T19:04:55+0800", "level": "INFO", "logger": "etl_logger", "message": "Download success (VFSC2 2026-03-02): cc_withdraw_detail_report_20260304110451.csv, took 3.4s", "service": "cc_reconcile", "stage": "download_davinci", "status": "ok"}
{"timestamp": "2026-03-04T19:05:47+0800", "level": "INFO", "logger": "etl_logger", "message": "POST success (VFSC2 2026-03-03): cc_withdraw_detail_report_20260304110546.csv, took 51.5s", "service": "cc_reconcile", "stage": "download_davinci", "status": "ok"}
{"timestamp": "2026-03-04T19:05:49+0800", "level": "INFO", "logger": "etl_logger", "message": "Download success (VFSC2 2026-03-03): cc_withdraw_detail_report_20260304110546.csv, took 2.6s", "service": "cc_reconcile", "stage": "download_davinci", "status": "ok"}
{"timestamp": "2026-03-04T19:05:50+0800", "level": "WARNING", "logger": "etl_logger", "message": "POST failed (VFSC2 2026-03-04) attempt 1: 502 Server Error: Bad Gateway for url: https://report.vantagemarkets.com/api/cc-detail/download, took 0.3s", "service": "cc_reconcile", "stage": "download_davinci", "status": "ok"}
{"timestamp": "2026-03-04T19:06:46+0800", "level": "INFO", "logger": "etl_logger", "message": "POST success (VFSC2 2026-03-04): cc_withdraw_detail_report_20260304110646.csv, took 51.5s", "service": "cc_reconcile", "stage": "download_davinci", "status": "ok"}
{"timestamp": "2026-03-04T19:06:49+0800", "level": "INFO", "logger": "etl_logger", "message": "Download success (VFSC2 2026-03-04): cc_withdraw_detail_report_20260304110646.csv, took 2.7s", "service": "cc_reconcile", "stage": "download_davinci", "status": "ok"}
{"timestamp": "2026-03-04T19:06:49+0800", "level": "INFO", "logger": "etl_logger", "message": "Finish downloading Davinci CC - VFSC2 Report", "service": "cc_reconcile", "stage": "download_davinci", "status": "ok"}
{"timestamp": "2026-03-04T19:06:49+0800", "level": "INFO", "logger": "etl_logger", "message": "Finish downloading Davinci CC Report for all brands, total rows: 56400", "service": "cc_reconcile", "stage": "download_davinci", "status": "ok"}
{"timestamp": "2026-03-04T19:06:49+0800", "level": "INFO", "logger": "etl_logger", "message": "Download CRM CC Report Finish ，Total: 56400", "service": "cc_reconcile", "stage": "download", "status": "ok"}
{"timestamp": "2026-03-04T19:06:49+0800", "level": "INFO", "logger": "etl_logger", "message": "Start reconcile...", "service": "cc_reconcile", "stage": "reconcile", "status": "ok"}
{"timestamp": "2026-03-04T19:06:50+0800", "level": "INFO", "logger": "etl_logger", "message": "Reconcile Finish ，Total Mismatch Case: 0", "service": "cc_reconcile", "stage": "reconcile", "status": "ok"}
{"timestamp": "2026-03-04T19:06:50+0800", "level": "INFO", "logger": "etl_logger", "message": "Connect Lark Finish", "service": "cc_reconcile", "stage": "lark", "status": "ok"}
{"timestamp": "2026-03-04T19:06:50+0800", "level": "INFO", "logger": "etl_logger", "message": "Start query existing data in LarkSheet...", "service": "cc_reconcile", "stage": "lark", "status": "ok"}
{"timestamp": "2026-03-04T19:06:51+0800", "level": "INFO", "logger": "etl_logger", "message": "Query existing data in LarkSheet Finish", "service": "cc_reconcile", "stage": "lark", "status": "ok"}
{"timestamp": "2026-03-04T19:06:51+0800", "level": "INFO", "logger": "etl_logger", "message": "Total unique keys in LarkSheet: 157, Total new mismatch cases to upload: 0", "service": "cc_reconcile", "stage": "lark", "status": "ok"}
{"timestamp": "2026-03-04T19:06:51+0800", "level": "INFO", "logger": "etl_logger", "message": "Append data to LarkSheet with range: Kalw4Y!A2:L3, rows: 1, columns: 12", "service": "cc_reconcile", "stage": "lark", "status": "ok"}
{"timestamp": "2026-03-04T19:06:51+0800", "level": "INFO", "logger": "etl_logger", "message": "✅ Successfully appended data to LarkSheet", "service": "cc_reconcile", "stage": "lark", "status": "ok"}
{"timestamp": "2026-03-04T19:06:53+0800", "level": "INFO", "logger": "etl_logger", "message": "Upload data to LarkSheet Finish", "service": "cc_reconcile", "stage": "lark", "status": "ok"}
{"timestamp": "2026-03-04T20:00:01+0800", "level": "INFO", "logger": "etl_logger", "message": "Start download reports...", "service": "cc_reconcile", "stage": "download", "status": "ok"}
{"timestamp": "2026-03-04T20:00:04+0800", "level": "INFO", "logger": "etl_logger", "message": "Payabl Login Success and Get Token Success", "service": "cc_reconcile", "stage": "download_payabl", "status": "ok"}
{"timestamp": "2026-03-04T20:00:04+0800", "level": "INFO", "logger": "etl_logger", "message": "Start downloading Payabl CC Report for date: 2026-03-03...", "service": "cc_reconcile", "stage": "download_payabl", "status": "ok"}
{"timestamp": "2026-03-04T20:00:55+0800", "level": "INFO", "logger": "etl_logger", "message": "Start downloading Payabl CC Report for date: 2026-03-04...", "service": "cc_reconcile", "stage": "download_payabl", "status": "ok"}
{"timestamp": "2026-03-04T20:01:14+0800", "level": "INFO", "logger": "etl_logger", "message": "Finish downloading Payabl CC Report", "service": "cc_reconcile", "stage": "download_payabl", "status": "ok"}
{"timestamp": "2026-03-04T20:01:14+0800", "level": "INFO", "logger": "etl_logger", "message": "Download Payabl CC Report Finish ，Total: 109438", "service": "cc_reconcile", "stage": "download", "status": "ok"}
{"timestamp": "2026-03-04T20:01:14+0800", "level": "INFO", "logger": "etl_logger", "message": "Login attempt 1/5", "service": "cc_reconcile", "stage": "download_davinci", "status": "ok"}
{"timestamp": "2026-03-04T20:01:15+0800", "level": "INFO", "logger": "etl_logger", "message": "Login response status=200, url=https://admin.vantagemarkets.com/admin/main, cookies=4", "service": "cc_reconcile", "stage": "download_davinci", "status": "ok"}
{"timestamp": "2026-03-04T20:01:15+0800", "level": "INFO", "logger": "etl_logger", "message": "Login successful", "service": "cc_reconcile", "stage": "download_davinci", "status": "ok"}
{"timestamp": "2026-03-04T20:01:16+0800", "level": "INFO", "logger": "etl_logger", "message": "Token obtained successfully", "service": "cc_reconcile", "stage": "download_davinci", "status": "ok"}
{"timestamp": "2026-03-04T20:01:16+0800", "level": "INFO", "logger": "etl_logger", "message": "Start downloading Davinci CC Report for brand: VFSC...", "service": "cc_reconcile", "stage": "download_davinci", "status": "ok"}
{"timestamp": "2026-03-04T20:01:33+0800", "level": "INFO", "logger": "etl_logger", "message": "POST success (VFSC 2026-03-01): cc_withdraw_detail_report_20260304120133.csv, took 17.7s", "service": "cc_reconcile", "stage": "download_davinci", "status": "ok"}
{"timestamp": "2026-03-04T20:01:35+0800", "level": "INFO", "logger": "etl_logger", "message": "Download success (VFSC 2026-03-01): cc_withdraw_detail_report_20260304120133.csv, took 2.0s", "service": "cc_reconcile", "stage": "download_davinci", "status": "ok"}
{"timestamp": "2026-03-04T20:01:36+0800", "level": "WARNING", "logger": "etl_logger", "message": "POST failed (VFSC 2026-03-02) attempt 1: 502 Server Error: Bad Gateway for url: https://report.vantagemarkets.com/api/cc-detail/download, took 0.2s", "service": "cc_reconcile", "stage": "download_davinci", "status": "ok"}
{"timestamp": "2026-03-04T20:02:00+0800", "level": "INFO", "logger": "etl_logger", "message": "POST success (VFSC 2026-03-02): cc_withdraw_detail_report_20260304120200.csv, took 19.1s", "service": "cc_reconcile", "stage": "download_davinci", "status": "ok"}
{"timestamp": "2026-03-04T20:02:02+0800", "level": "INFO", "logger": "etl_logger", "message": "Download success (VFSC 2026-03-02): cc_withdraw_detail_report_20260304120200.csv, took 2.4s", "service": "cc_reconcile", "stage": "download_davinci", "status": "ok"}
{"timestamp": "2026-03-04T20:02:02+0800", "level": "WARNING", "logger": "etl_logger", "message": "POST failed (VFSC 2026-03-03) attempt 1: 502 Server Error: Bad Gateway for url: https://report.vantagemarkets.com/api/cc-detail/download, took 0.2s", "service": "cc_reconcile", "stage": "download_davinci", "status": "ok"}
{"timestamp": "2026-03-04T20:02:26+0800", "level": "INFO", "logger": "etl_logger", "message": "POST success (VFSC 2026-03-03): cc_withdraw_detail_report_20260304120226.csv, took 18.2s", "service": "cc_reconcile", "stage": "download_davinci", "status": "ok"}
{"timestamp": "2026-03-04T20:02:28+0800", "level": "INFO", "logger": "etl_logger", "message": "Download success (VFSC 2026-03-03): cc_withdraw_detail_report_20260304120226.csv, took 2.4s", "service": "cc_reconcile", "stage": "download_davinci", "status": "ok"}
{"timestamp": "2026-03-04T20:02:46+0800", "level": "INFO", "logger": "etl_logger", "message": "POST success (VFSC 2026-03-04): cc_withdraw_detail_report_20260304120246.csv, took 18.0s", "service": "cc_reconcile", "stage": "download_davinci", "status": "ok"}
{"timestamp": "2026-03-04T20:02:48+0800", "level": "INFO", "logger": "etl_logger", "message": "Download success (VFSC 2026-03-04): cc_withdraw_detail_report_20260304120246.csv, took 2.0s", "service": "cc_reconcile", "stage": "download_davinci", "status": "ok"}
{"timestamp": "2026-03-04T20:02:48+0800", "level": "INFO", "logger": "etl_logger", "message": "Finish downloading Davinci CC - VFSC Report", "service": "cc_reconcile", "stage": "download_davinci", "status": "ok"}
{"timestamp": "2026-03-04T20:02:48+0800", "level": "INFO", "logger": "etl_logger", "message": "Start downloading Davinci CC Report for brand: VFSC2...", "service": "cc_reconcile", "stage": "download_davinci", "status": "ok"}
{"timestamp": "2026-03-04T20:03:41+0800", "level": "INFO", "logger": "etl_logger", "message": "POST success (VFSC2 2026-03-01): cc_withdraw_detail_report_20260304120341.csv, took 52.9s", "service": "cc_reconcile", "stage": "download_davinci", "status": "ok"}
{"timestamp": "2026-03-04T20:03:42+0800", "level": "WARNING", "logger": "etl_logger", "message": "Download failed (VFSC2 2026-03-01) attempt 1: 502 Server Error: Bad Gateway for url: https://report.vantagemarkets.com/api/download/cc_withdraw_detail_report_20260304120341.csv, took 1.0s", "service": "cc_reconcile", "stage": "download_davinci", "status": "ok"}
{"timestamp": "2026-03-04T20:03:48+0800", "level": "WARNING", "logger": "etl_logger", "message": "Download failed (VFSC2 2026-03-01) attempt 2: 502 Server Error: Bad Gateway for url: https://report.vantagemarkets.com/api/download/cc_withdraw_detail_report_20260304120341.csv, took 0.8s", "service": "cc_reconcile", "stage": "download_davinci", "status": "ok"}
{"timestamp": "2026-03-04T20:03:56+0800", "level": "INFO", "logger": "etl_logger", "message": "Download success (VFSC2 2026-03-01): cc_withdraw_detail_report_20260304120341.csv, took 3.4s", "service": "cc_reconcile", "stage": "download_davinci", "status": "ok"}
{"timestamp": "2026-03-04T20:04:52+0800", "level": "INFO", "logger": "etl_logger", "message": "POST success (VFSC2 2026-03-02): cc_withdraw_detail_report_20260304120451.csv, took 55.6s", "service": "cc_reconcile", "stage": "download_davinci", "status": "ok"}
{"timestamp": "2026-03-04T20:04:53+0800", "level": "WARNING", "logger": "etl_logger", "message": "Download failed (VFSC2 2026-03-02) attempt 1: 502 Server Error: Bad Gateway for url: https://report.vantagemarkets.com/api/download/cc_withdraw_detail_report_20260304120451.csv, took 1.0s", "service": "cc_reconcile", "stage": "download_davinci", "status": "ok"}
{"timestamp": "2026-03-04T20:04:58+0800", "level": "WARNING", "logger": "etl_logger", "message": "Download failed (VFSC2 2026-03-02) attempt 2: 502 Server Error: Bad Gateway for url: https://report.vantagemarkets.com/api/download/cc_withdraw_detail_report_20260304120451.csv, took 0.5s", "service": "cc_reconcile", "stage": "download_davinci", "status": "ok"}
{"timestamp": "2026-03-04T20:05:06+0800", "level": "INFO", "logger": "etl_logger", "message": "Download success (VFSC2 2026-03-02): cc_withdraw_detail_report_20260304120451.csv, took 2.9s", "service": "cc_reconcile", "stage": "download_davinci", "status": "ok"}
{"timestamp": "2026-03-04T20:05:59+0800", "level": "INFO", "logger": "etl_logger", "message": "POST success (VFSC2 2026-03-03): cc_withdraw_detail_report_20260304120558.csv, took 52.4s", "service": "cc_reconcile", "stage": "download_davinci", "status": "ok"}
{"timestamp": "2026-03-04T20:06:00+0800", "level": "WARNING", "logger": "etl_logger", "message": "Download failed (VFSC2 2026-03-03) attempt 1: 502 Server Error: Bad Gateway for url: https://report.vantagemarkets.com/api/download/cc_withdraw_detail_report_20260304120558.csv, took 1.0s", "service": "cc_reconcile", "stage": "download_davinci", "status": "ok"}
{"timestamp": "2026-03-04T20:06:06+0800", "level": "WARNING", "logger": "etl_logger", "message": "Download failed (VFSC2 2026-03-03) attempt 2: 502 Server Error: Bad Gateway for url: https://report.vantagemarkets.com/api/download/cc_withdraw_detail_report_20260304120558.csv, took 1.7s", "service": "cc_reconcile", "stage": "download_davinci", "status": "ok"}
{"timestamp": "2026-03-04T20:06:12+0800", "level": "WARNING", "logger": "etl_logger", "message": "Download failed (VFSC2 2026-03-03) attempt 3: 502 Server Error: Bad Gateway for url: https://report.vantagemarkets.com/api/download/cc_withdraw_detail_report_20260304120558.csv, took 0.4s", "service": "cc_reconcile", "stage": "download_davinci", "status": "ok"}
{"timestamp": "2026-03-04T20:06:17+0800", "level": "WARNING", "logger": "etl_logger", "message": "Download failed (VFSC2 2026-03-03) attempt 4: 502 Server Error: Bad Gateway for url: https://report.vantagemarkets.com/api/download/cc_withdraw_detail_report_20260304120558.csv, took 0.3s", "service": "cc_reconcile", "stage": "download_davinci", "status": "ok"}
{"timestamp": "2026-03-04T20:06:23+0800", "level": "WARNING", "logger": "etl_logger", "message": "Download failed (VFSC2 2026-03-03) attempt 5: 502 Server Error: Bad Gateway for url: https://report.vantagemarkets.com/api/download/cc_withdraw_detail_report_20260304120558.csv, took 0.4s", "service": "cc_reconcile", "stage": "download_davinci", "status": "ok"}
{"timestamp": "2026-03-04T20:06:28+0800", "level": "WARNING", "logger": "etl_logger", "message": "Download failed (VFSC2 2026-03-03) attempt 6: 502 Server Error: Bad Gateway for url: https://report.vantagemarkets.com/api/download/cc_withdraw_detail_report_20260304120558.csv, took 0.3s", "service": "cc_reconcile", "stage": "download_davinci", "status": "ok"}
{"timestamp": "2026-03-04T20:06:35+0800", "level": "INFO", "logger": "etl_logger", "message": "Download success (VFSC2 2026-03-03): cc_withdraw_detail_report_20260304120558.csv, took 2.6s", "service": "cc_reconcile", "stage": "download_davinci", "status": "ok"}
{"timestamp": "2026-03-04T20:07:26+0800", "level": "INFO", "logger": "etl_logger", "message": "POST success (VFSC2 2026-03-04): cc_withdraw_detail_report_20260304120726.csv, took 50.7s", "service": "cc_reconcile", "stage": "download_davinci", "status": "ok"}
{"timestamp": "2026-03-04T20:07:28+0800", "level": "INFO", "logger": "etl_logger", "message": "Download success (VFSC2 2026-03-04): cc_withdraw_detail_report_20260304120726.csv, took 2.2s", "service": "cc_reconcile", "stage": "download_davinci", "status": "ok"}
{"timestamp": "2026-03-04T20:07:29+0800", "level": "INFO", "logger": "etl_logger", "message": "Finish downloading Davinci CC - VFSC2 Report", "service": "cc_reconcile", "stage": "download_davinci", "status": "ok"}
{"timestamp": "2026-03-04T20:07:29+0800", "level": "INFO", "logger": "etl_logger", "message": "Finish downloading Davinci CC Report for all brands, total rows: 56875", "service": "cc_reconcile", "stage": "download_davinci", "status": "ok"}
{"timestamp": "2026-03-04T20:07:29+0800", "level": "INFO", "logger": "etl_logger", "message": "Download CRM CC Report Finish ，Total: 56875", "service": "cc_reconcile", "stage": "download", "status": "ok"}
{"timestamp": "2026-03-04T20:07:29+0800", "level": "INFO", "logger": "etl_logger", "message": "Start reconcile...", "service": "cc_reconcile", "stage": "reconcile", "status": "ok"}
{"timestamp": "2026-03-04T20:07:29+0800", "level": "INFO", "logger": "etl_logger", "message": "Reconcile Finish ，Total Mismatch Case: 0", "service": "cc_reconcile", "stage": "reconcile", "status": "ok"}
{"timestamp": "2026-03-04T20:07:30+0800", "level": "INFO", "logger": "etl_logger", "message": "Connect Lark Finish", "service": "cc_reconcile", "stage": "lark", "status": "ok"}
{"timestamp": "2026-03-04T20:07:30+0800", "level": "INFO", "logger": "etl_logger", "message": "Start query existing data in LarkSheet...", "service": "cc_reconcile", "stage": "lark", "status": "ok"}
{"timestamp": "2026-03-04T20:07:31+0800", "level": "INFO", "logger": "etl_logger", "message": "Query existing data in LarkSheet Finish", "service": "cc_reconcile", "stage": "lark", "status": "ok"}
{"timestamp": "2026-03-04T20:07:31+0800", "level": "INFO", "logger": "etl_logger", "message": "Total unique keys in LarkSheet: 157, Total new mismatch cases to upload: 0", "service": "cc_reconcile", "stage": "lark", "status": "ok"}
{"timestamp": "2026-03-04T20:07:31+0800", "level": "INFO", "logger": "etl_logger", "message": "Append data to LarkSheet with range: Kalw4Y!A2:L3, rows: 1, columns: 12", "service": "cc_reconcile", "stage": "lark", "status": "ok"}
{"timestamp": "2026-03-04T20:07:31+0800", "level": "INFO", "logger": "etl_logger", "message": "✅ Successfully appended data to LarkSheet", "service": "cc_reconcile", "stage": "lark", "status": "ok"}
{"timestamp": "2026-03-04T20:07:32+0800", "level": "INFO", "logger": "etl_logger", "message": "Upload data to LarkSheet Finish", "service": "cc_reconcile", "stage": "lark", "status": "ok"}
{"timestamp": "2026-03-04T21:00:01+0800", "level": "INFO", "logger": "etl_logger", "message": "Start download reports...", "service": "cc_reconcile", "stage": "download", "status": "ok"}
{"timestamp": "2026-03-04T21:00:05+0800", "level": "INFO", "logger": "etl_logger", "message": "Payabl Login Success and Get Token Success", "service": "cc_reconcile", "stage": "download_payabl", "status": "ok"}
{"timestamp": "2026-03-04T21:00:05+0800", "level": "INFO", "logger": "etl_logger", "message": "Start downloading Payabl CC Report for date: 2026-03-03...", "service": "cc_reconcile", "stage": "download_payabl", "status": "ok"}
{"timestamp": "2026-03-04T21:00:58+0800", "level": "INFO", "logger": "etl_logger", "message": "Start downloading Payabl CC Report for date: 2026-03-04...", "service": "cc_reconcile", "stage": "download_payabl", "status": "ok"}
{"timestamp": "2026-03-04T21:01:20+0800", "level": "INFO", "logger": "etl_logger", "message": "Finish downloading Payabl CC Report", "service": "cc_reconcile", "stage": "download_payabl", "status": "ok"}
{"timestamp": "2026-03-04T21:01:20+0800", "level": "INFO", "logger": "etl_logger", "message": "Download Payabl CC Report Finish ，Total: 113063", "service": "cc_reconcile", "stage": "download", "status": "ok"}
{"timestamp": "2026-03-04T21:01:20+0800", "level": "INFO", "logger": "etl_logger", "message": "Login attempt 1/5", "service": "cc_reconcile", "stage": "download_davinci", "status": "ok"}
{"timestamp": "2026-03-04T21:01:21+0800", "level": "INFO", "logger": "etl_logger", "message": "Login response status=200, url=https://admin.vantagemarkets.com/admin/main, cookies=4", "service": "cc_reconcile", "stage": "download_davinci", "status": "ok"}
{"timestamp": "2026-03-04T21:01:21+0800", "level": "INFO", "logger": "etl_logger", "message": "Login successful", "service": "cc_reconcile", "stage": "download_davinci", "status": "ok"}
{"timestamp": "2026-03-04T21:01:21+0800", "level": "INFO", "logger": "etl_logger", "message": "Token obtained successfully", "service": "cc_reconcile", "stage": "download_davinci", "status": "ok"}
{"timestamp": "2026-03-04T21:01:21+0800", "level": "INFO", "logger": "etl_logger", "message": "Start downloading Davinci CC Report for brand: VFSC...", "service": "cc_reconcile", "stage": "download_davinci", "status": "ok"}
{"timestamp": "2026-03-04T21:01:43+0800", "level": "INFO", "logger": "etl_logger", "message": "POST success (VFSC 2026-03-01): cc_withdraw_detail_report_20260304130143.csv, took 21.5s", "service": "cc_reconcile", "stage": "download_davinci", "status": "ok"}
{"timestamp": "2026-03-04T21:01:45+0800", "level": "INFO", "logger": "etl_logger", "message": "Download success (VFSC 2026-03-01): cc_withdraw_detail_report_20260304130143.csv, took 2.3s", "service": "cc_reconcile", "stage": "download_davinci", "status": "ok"}
{"timestamp": "2026-03-04T21:02:03+0800", "level": "INFO", "logger": "etl_logger", "message": "POST success (VFSC 2026-03-02): cc_withdraw_detail_report_20260304130203.csv, took 18.0s", "service": "cc_reconcile", "stage": "download_davinci", "status": "ok"}
{"timestamp": "2026-03-04T21:02:06+0800", "level": "INFO", "logger": "etl_logger", "message": "Download success (VFSC 2026-03-02): cc_withdraw_detail_report_20260304130203.csv, took 3.1s", "service": "cc_reconcile", "stage": "download_davinci", "status": "ok"}
{"timestamp": "2026-03-04T21:02:13+0800", "level": "WARNING", "logger": "etl_logger", "message": "POST failed (VFSC 2026-03-03) attempt 1: 502 Server Error: Bad Gateway for url: https://report.vantagemarkets.com/api/cc-detail/download, took 6.9s", "service": "cc_reconcile", "stage": "download_davinci", "status": "ok"}
{"timestamp": "2026-03-04T21:02:38+0800", "level": "INFO", "logger": "etl_logger", "message": "POST success (VFSC 2026-03-03): cc_withdraw_detail_report_20260304130238.csv, took 19.8s", "service": "cc_reconcile", "stage": "download_davinci", "status": "ok"}
{"timestamp": "2026-03-04T21:02:41+0800", "level": "INFO", "logger": "etl_logger", "message": "Download success (VFSC 2026-03-03): cc_withdraw_detail_report_20260304130238.csv, took 2.7s", "service": "cc_reconcile", "stage": "download_davinci", "status": "ok"}
{"timestamp": "2026-03-04T21:02:41+0800", "level": "WARNING", "logger": "etl_logger", "message": "POST failed (VFSC 2026-03-04) attempt 1: 502 Server Error: Bad Gateway for url: https://report.vantagemarkets.com/api/cc-detail/download, took 0.2s", "service": "cc_reconcile", "stage": "download_davinci", "status": "ok"}
{"timestamp": "2026-03-04T21:03:05+0800", "level": "INFO", "logger": "etl_logger", "message": "POST success (VFSC 2026-03-04): cc_withdraw_detail_report_20260304130305.csv, took 19.4s", "service": "cc_reconcile", "stage": "download_davinci", "status": "ok"}
{"timestamp": "2026-03-04T21:03:06+0800", "level": "WARNING", "logger": "etl_logger", "message": "Download failed (VFSC 2026-03-04) attempt 1: 502 Server Error: Bad Gateway for url: https://report.vantagemarkets.com/api/download/cc_withdraw_detail_report_20260304130305.csv, took 1.0s", "service": "cc_reconcile", "stage": "download_davinci", "status": "ok"}
{"timestamp": "2026-03-04T21:03:13+0800", "level": "INFO", "logger": "etl_logger", "message": "Download success (VFSC 2026-03-04): cc_withdraw_detail_report_20260304130305.csv, took 1.5s", "service": "cc_reconcile", "stage": "download_davinci", "status": "ok"}
{"timestamp": "2026-03-04T21:03:13+0800", "level": "INFO", "logger": "etl_logger", "message": "Finish downloading Davinci CC - VFSC Report", "service": "cc_reconcile", "stage": "download_davinci", "status": "ok"}
{"timestamp": "2026-03-04T21:03:13+0800", "level": "INFO", "logger": "etl_logger", "message": "Start downloading Davinci CC Report for brand: VFSC2...", "service": "cc_reconcile", "stage": "download_davinci", "status": "ok"}
{"timestamp": "2026-03-04T21:04:06+0800", "level": "INFO", "logger": "etl_logger", "message": "POST success (VFSC2 2026-03-01): cc_withdraw_detail_report_20260304130405.csv, took 52.8s", "service": "cc_reconcile", "stage": "download_davinci", "status": "ok"}
{"timestamp": "2026-03-04T21:04:08+0800", "level": "INFO", "logger": "etl_logger", "message": "Download success (VFSC2 2026-03-01): cc_withdraw_detail_report_20260304130405.csv, took 2.8s", "service": "cc_reconcile", "stage": "download_davinci", "status": "ok"}
{"timestamp": "2026-03-04T21:05:06+0800", "level": "INFO", "logger": "etl_logger", "message": "POST success (VFSC2 2026-03-02): cc_withdraw_detail_report_20260304130505.csv, took 57.6s", "service": "cc_reconcile", "stage": "download_davinci", "status": "ok"}
{"timestamp": "2026-03-04T21:05:07+0800", "level": "WARNING", "logger": "etl_logger", "message": "Download failed (VFSC2 2026-03-02) attempt 1: 502 Server Error: Bad Gateway for url: https://report.vantagemarkets.com/api/download/cc_withdraw_detail_report_20260304130505.csv, took 1.0s", "service": "cc_reconcile", "stage": "download_davinci", "status": "ok"}
{"timestamp": "2026-03-04T21:05:12+0800", "level": "WARNING", "logger": "etl_logger", "message": "Download failed (VFSC2 2026-03-02) attempt 2: 502 Server Error: Bad Gateway for url: https://report.vantagemarkets.com/api/download/cc_withdraw_detail_report_20260304130505.csv, took 0.5s", "service": "cc_reconcile", "stage": "download_davinci", "status": "ok"}
{"timestamp": "2026-03-04T21:05:41+0800", "level": "INFO", "logger": "etl_logger", "message": "Download success (VFSC2 2026-03-02): cc_withdraw_detail_report_20260304130505.csv, took 23.7s", "service": "cc_reconcile", "stage": "download_davinci", "status": "ok"}
{"timestamp": "2026-03-04T21:05:42+0800", "level": "WARNING", "logger": "etl_logger", "message": "POST failed (VFSC2 2026-03-03) attempt 1: 502 Server Error: Bad Gateway for url: https://report.vantagemarkets.com/api/cc-detail/download, took 0.8s", "service": "cc_reconcile", "stage": "download_davinci", "status": "ok"}
{"timestamp": "2026-03-04T21:06:43+0800", "level": "INFO", "logger": "etl_logger", "message": "POST success (VFSC2 2026-03-03): cc_withdraw_detail_report_20260304130643.csv, took 56.2s", "service": "cc_reconcile", "stage": "download_davinci", "status": "ok"}
{"timestamp": "2026-03-04T21:06:48+0800", "level": "INFO", "logger": "etl_logger", "message": "Download success (VFSC2 2026-03-03): cc_withdraw_detail_report_20260304130643.csv, took 5.3s", "service": "cc_reconcile", "stage": "download_davinci", "status": "ok"}
{"timestamp": "2026-03-04T21:06:49+0800", "level": "WARNING", "logger": "etl_logger", "message": "POST failed (VFSC2 2026-03-04) attempt 1: 502 Server Error: Bad Gateway for url: https://report.vantagemarkets.com/api/cc-detail/download, took 0.2s", "service": "cc_reconcile", "stage": "download_davinci", "status": "ok"}
{"timestamp": "2026-03-04T21:06:54+0800", "level": "WARNING", "logger": "etl_logger", "message": "POST failed (VFSC2 2026-03-04) attempt 2: 502 Server Error: Bad Gateway for url: https://report.vantagemarkets.com/api/cc-detail/download, took 0.2s", "service": "cc_reconcile", "stage": "download_davinci", "status": "ok"}
{"timestamp": "2026-03-04T21:06:59+0800", "level": "WARNING", "logger": "etl_logger", "message": "POST failed (VFSC2 2026-03-04) attempt 3: 502 Server Error: Bad Gateway for url: https://report.vantagemarkets.com/api/cc-detail/download, took 0.2s", "service": "cc_reconcile", "stage": "download_davinci", "status": "ok"}
{"timestamp": "2026-03-04T21:07:56+0800", "level": "INFO", "logger": "etl_logger", "message": "POST success (VFSC2 2026-03-04): cc_withdraw_detail_report_20260304130756.csv, took 51.9s", "service": "cc_reconcile", "stage": "download_davinci", "status": "ok"}
{"timestamp": "2026-03-04T21:07:57+0800", "level": "WARNING", "logger": "etl_logger", "message": "Download failed (VFSC2 2026-03-04) attempt 1: 502 Server Error: Bad Gateway for url: https://report.vantagemarkets.com/api/download/cc_withdraw_detail_report_20260304130756.csv, took 1.0s", "service": "cc_reconcile", "stage": "download_davinci", "status": "ok"}
{"timestamp": "2026-03-04T21:08:18+0800", "level": "INFO", "logger": "etl_logger", "message": "Download success (VFSC2 2026-03-04): cc_withdraw_detail_report_20260304130756.csv, took 15.5s", "service": "cc_reconcile", "stage": "download_davinci", "status": "ok"}
{"timestamp": "2026-03-04T21:08:18+0800", "level": "INFO", "logger": "etl_logger", "message": "Finish downloading Davinci CC - VFSC2 Report", "service": "cc_reconcile", "stage": "download_davinci", "status": "ok"}
{"timestamp": "2026-03-04T21:08:18+0800", "level": "INFO", "logger": "etl_logger", "message": "Finish downloading Davinci CC Report for all brands, total rows: 57749", "service": "cc_reconcile", "stage": "download_davinci", "status": "ok"}
{"timestamp": "2026-03-04T21:08:18+0800", "level": "INFO", "logger": "etl_logger", "message": "Download CRM CC Report Finish ，Total: 57749", "service": "cc_reconcile", "stage": "download", "status": "ok"}
{"timestamp": "2026-03-04T21:08:18+0800", "level": "INFO", "logger": "etl_logger", "message": "Start reconcile...", "service": "cc_reconcile", "stage": "reconcile", "status": "ok"}
{"timestamp": "2026-03-04T21:08:19+0800", "level": "INFO", "logger": "etl_logger", "message": "Reconcile Finish ，Total Mismatch Case: 0", "service": "cc_reconcile", "stage": "reconcile", "status": "ok"}
{"timestamp": "2026-03-04T21:08:19+0800", "level": "INFO", "logger": "etl_logger", "message": "Connect Lark Finish", "service": "cc_reconcile", "stage": "lark", "status": "ok"}
{"timestamp": "2026-03-04T21:08:19+0800", "level": "INFO", "logger": "etl_logger", "message": "Start query existing data in LarkSheet...", "service": "cc_reconcile", "stage": "lark", "status": "ok"}
{"timestamp": "2026-03-04T21:08:20+0800", "level": "INFO", "logger": "etl_logger", "message": "Query existing data in LarkSheet Finish", "service": "cc_reconcile", "stage": "lark", "status": "ok"}
{"timestamp": "2026-03-04T21:08:20+0800", "level": "INFO", "logger": "etl_logger", "message": "Total unique keys in LarkSheet: 157, Total new mismatch cases to upload: 0", "service": "cc_reconcile", "stage": "lark", "status": "ok"}
{"timestamp": "2026-03-04T21:08:20+0800", "level": "INFO", "logger": "etl_logger", "message": "Append data to LarkSheet with range: Kalw4Y!A2:L3, rows: 1, columns: 12", "service": "cc_reconcile", "stage": "lark", "status": "ok"}
{"timestamp": "2026-03-04T21:08:20+0800", "level": "INFO", "logger": "etl_logger", "message": "✅ Successfully appended data to LarkSheet", "service": "cc_reconcile", "stage": "lark", "status": "ok"}
{"timestamp": "2026-03-04T21:08:22+0800", "level": "INFO", "logger": "etl_logger", "message": "Upload data to LarkSheet Finish", "service": "cc_reconcile", "stage": "lark", "status": "ok"}
{"timestamp": "2026-03-04T22:00:02+0800", "level": "INFO", "logger": "etl_logger", "message": "Start download reports...", "service": "cc_reconcile", "stage": "download", "status": "ok"}
{"timestamp": "2026-03-04T22:00:05+0800", "level": "INFO", "logger": "etl_logger", "message": "Payabl Login Success and Get Token Success", "service": "cc_reconcile", "stage": "download_payabl", "status": "ok"}
{"timestamp": "2026-03-04T22:00:05+0800", "level": "INFO", "logger": "etl_logger", "message": "Start downloading Payabl CC Report for date: 2026-03-03...", "service": "cc_reconcile", "stage": "download_payabl", "status": "ok"}
{"timestamp": "2026-03-04T22:00:54+0800", "level": "INFO", "logger": "etl_logger", "message": "Start downloading Payabl CC Report for date: 2026-03-04...", "service": "cc_reconcile", "stage": "download_payabl", "status": "ok"}
{"timestamp": "2026-03-04T22:01:17+0800", "level": "INFO", "logger": "etl_logger", "message": "Finish downloading Payabl CC Report", "service": "cc_reconcile", "stage": "download_payabl", "status": "ok"}
{"timestamp": "2026-03-04T22:01:17+0800", "level": "INFO", "logger": "etl_logger", "message": "Download Payabl CC Report Finish ，Total: 116321", "service": "cc_reconcile", "stage": "download", "status": "ok"}
{"timestamp": "2026-03-04T22:01:17+0800", "level": "INFO", "logger": "etl_logger", "message": "Login attempt 1/5", "service": "cc_reconcile", "stage": "download_davinci", "status": "ok"}
{"timestamp": "2026-03-04T22:01:19+0800", "level": "INFO", "logger": "etl_logger", "message": "Login response status=200, url=https://admin.vantagemarkets.com/admin/main, cookies=4", "service": "cc_reconcile", "stage": "download_davinci", "status": "ok"}
{"timestamp": "2026-03-04T22:01:19+0800", "level": "INFO", "logger": "etl_logger", "message": "Login successful", "service": "cc_reconcile", "stage": "download_davinci", "status": "ok"}
{"timestamp": "2026-03-04T22:01:19+0800", "level": "INFO", "logger": "etl_logger", "message": "Token obtained successfully", "service": "cc_reconcile", "stage": "download_davinci", "status": "ok"}
{"timestamp": "2026-03-04T22:01:19+0800", "level": "INFO", "logger": "etl_logger", "message": "Start downloading Davinci CC Report for brand: VFSC...", "service": "cc_reconcile", "stage": "download_davinci", "status": "ok"}
{"timestamp": "2026-03-04T22:01:37+0800", "level": "INFO", "logger": "etl_logger", "message": "POST success (VFSC 2026-03-01): cc_withdraw_detail_report_20260304140137.csv, took 18.1s", "service": "cc_reconcile", "stage": "download_davinci", "status": "ok"}
{"timestamp": "2026-03-04T22:01:41+0800", "level": "INFO", "logger": "etl_logger", "message": "Download success (VFSC 2026-03-01): cc_withdraw_detail_report_20260304140137.csv, took 4.2s", "service": "cc_reconcile", "stage": "download_davinci", "status": "ok"}
{"timestamp": "2026-03-04T22:02:01+0800", "level": "INFO", "logger": "etl_logger", "message": "POST success (VFSC 2026-03-02): cc_withdraw_detail_report_20260304140201.csv, took 19.9s", "service": "cc_reconcile", "stage": "download_davinci", "status": "ok"}
{"timestamp": "2026-03-04T22:02:06+0800", "level": "INFO", "logger": "etl_logger", "message": "Download success (VFSC 2026-03-02): cc_withdraw_detail_report_20260304140201.csv, took 4.6s", "service": "cc_reconcile", "stage": "download_davinci", "status": "ok"}
{"timestamp": "2026-03-04T22:02:28+0800", "level": "INFO", "logger": "etl_logger", "message": "POST success (VFSC 2026-03-03): cc_withdraw_detail_report_20260304140225.csv, took 22.2s", "service": "cc_reconcile", "stage": "download_davinci", "status": "ok"}
{"timestamp": "2026-03-04T22:02:31+0800", "level": "INFO", "logger": "etl_logger", "message": "Download success (VFSC 2026-03-03): cc_withdraw_detail_report_20260304140225.csv, took 3.2s", "service": "cc_reconcile", "stage": "download_davinci", "status": "ok"}
{"timestamp": "2026-03-04T22:02:32+0800", "level": "WARNING", "logger": "etl_logger", "message": "POST failed (VFSC 2026-03-04) attempt 1: 502 Server Error: Bad Gateway for url: https://report.vantagemarkets.com/api/cc-detail/download, took 0.3s", "service": "cc_reconcile", "stage": "download_davinci", "status": "ok"}
{"timestamp": "2026-03-04T22:02:37+0800", "level": "WARNING", "logger": "etl_logger", "message": "POST failed (VFSC 2026-03-04) attempt 2: 502 Server Error: Bad Gateway for url: https://report.vantagemarkets.com/api/cc-detail/download, took 0.2s", "service": "cc_reconcile", "stage": "download_davinci", "status": "ok"}
{"timestamp": "2026-03-04T22:02:59+0800", "level": "INFO", "logger": "etl_logger", "message": "POST success (VFSC 2026-03-04): cc_withdraw_detail_report_20260304140259.csv, took 17.5s", "service": "cc_reconcile", "stage": "download_davinci", "status": "ok"}
{"timestamp": "2026-03-04T22:03:03+0800", "level": "INFO", "logger": "etl_logger", "message": "Download success (VFSC 2026-03-04): cc_withdraw_detail_report_20260304140259.csv, took 3.6s", "service": "cc_reconcile", "stage": "download_davinci", "status": "ok"}
{"timestamp": "2026-03-04T22:03:03+0800", "level": "INFO", "logger": "etl_logger", "message": "Finish downloading Davinci CC - VFSC Report", "service": "cc_reconcile", "stage": "download_davinci", "status": "ok"}
{"timestamp": "2026-03-04T22:03:03+0800", "level": "INFO", "logger": "etl_logger", "message": "Start downloading Davinci CC Report for brand: VFSC2...", "service": "cc_reconcile", "stage": "download_davinci", "status": "ok"}
{"timestamp": "2026-03-04T22:03:04+0800", "level": "WARNING", "logger": "etl_logger", "message": "POST failed (VFSC2 2026-03-01) attempt 1: 502 Server Error: Bad Gateway for url: https://report.vantagemarkets.com/api/cc-detail/download, took 0.8s", "service": "cc_reconcile", "stage": "download_davinci", "status": "ok"}
{"timestamp": "2026-03-04T22:04:00+0800", "level": "INFO", "logger": "etl_logger", "message": "POST success (VFSC2 2026-03-01): cc_withdraw_detail_report_20260304140359.csv, took 50.9s", "service": "cc_reconcile", "stage": "download_davinci", "status": "ok"}
{"timestamp": "2026-03-04T22:04:11+0800", "level": "INFO", "logger": "etl_logger", "message": "Download success (VFSC2 2026-03-01): cc_withdraw_detail_report_20260304140359.csv, took 11.4s", "service": "cc_reconcile", "stage": "download_davinci", "status": "ok"}
{"timestamp": "2026-03-04T22:05:07+0800", "level": "INFO", "logger": "etl_logger", "message": "POST success (VFSC2 2026-03-02): cc_withdraw_detail_report_20260304140507.csv, took 56.0s", "service": "cc_reconcile", "stage": "download_davinci", "status": "ok"}
{"timestamp": "2026-03-04T22:05:09+0800", "level": "WARNING", "logger": "etl_logger", "message": "Download failed (VFSC2 2026-03-02) attempt 1: 502 Server Error: Bad Gateway for url: https://report.vantagemarkets.com/api/download/cc_withdraw_detail_report_20260304140507.csv, took 1.7s", "service": "cc_reconcile", "stage": "download_davinci", "status": "ok"}
{"timestamp": "2026-03-04T22:05:15+0800", "level": "WARNING", "logger": "etl_logger", "message": "Download failed (VFSC2 2026-03-02) attempt 2: 502 Server Error: Bad Gateway for url: https://report.vantagemarkets.com/api/download/cc_withdraw_detail_report_20260304140507.csv, took 1.3s", "service": "cc_reconcile", "stage": "download_davinci", "status": "ok"}
{"timestamp": "2026-03-04T22:06:48+0800", "level": "INFO", "logger": "etl_logger", "message": "Download success (VFSC2 2026-03-02): cc_withdraw_detail_report_20260304140507.csv, took 87.6s", "service": "cc_reconcile", "stage": "download_davinci", "status": "ok"}
{"timestamp": "2026-03-04T22:07:41+0800", "level": "INFO", "logger": "etl_logger", "message": "POST success (VFSC2 2026-03-03): cc_withdraw_detail_report_20260304140741.csv, took 53.2s", "service": "cc_reconcile", "stage": "download_davinci", "status": "ok"}
{"timestamp": "2026-03-04T22:07:42+0800", "level": "WARNING", "logger": "etl_logger", "message": "Download failed (VFSC2 2026-03-03) attempt 1: 502 Server Error: Bad Gateway for url: https://report.vantagemarkets.com/api/download/cc_withdraw_detail_report_20260304140741.csv, took 1.3s", "service": "cc_reconcile", "stage": "download_davinci", "status": "ok"}
{"timestamp": "2026-03-04T22:07:48+0800", "level": "WARNING", "logger": "etl_logger", "message": "Download failed (VFSC2 2026-03-03) attempt 2: 502 Server Error: Bad Gateway for url: https://report.vantagemarkets.com/api/download/cc_withdraw_detail_report_20260304140741.csv, took 0.8s", "service": "cc_reconcile", "stage": "download_davinci", "status": "ok"}
{"timestamp": "2026-03-04T22:08:24+0800", "level": "INFO", "logger": "etl_logger", "message": "Download success (VFSC2 2026-03-03): cc_withdraw_detail_report_20260304140741.csv, took 31.2s", "service": "cc_reconcile", "stage": "download_davinci", "status": "ok"}
{"timestamp": "2026-03-04T22:09:15+0800", "level": "INFO", "logger": "etl_logger", "message": "POST success (VFSC2 2026-03-04): cc_withdraw_detail_report_20260304140915.csv, took 50.7s", "service": "cc_reconcile", "stage": "download_davinci", "status": "ok"}
{"timestamp": "2026-03-04T22:11:15+0800", "level": "INFO", "logger": "etl_logger", "message": "Download success (VFSC2 2026-03-04): cc_withdraw_detail_report_20260304140915.csv, took 119.8s", "service": "cc_reconcile", "stage": "download_davinci", "status": "ok"}
{"timestamp": "2026-03-04T22:11:16+0800", "level": "INFO", "logger": "etl_logger", "message": "Finish downloading Davinci CC - VFSC2 Report", "service": "cc_reconcile", "stage": "download_davinci", "status": "ok"}
{"timestamp": "2026-03-04T22:11:16+0800", "level": "INFO", "logger": "etl_logger", "message": "Finish downloading Davinci CC Report for all brands, total rows: 58579", "service": "cc_reconcile", "stage": "download_davinci", "status": "ok"}
{"timestamp": "2026-03-04T22:11:16+0800", "level": "INFO", "logger": "etl_logger", "message": "Download CRM CC Report Finish ，Total: 58579", "service": "cc_reconcile", "stage": "download", "status": "ok"}
{"timestamp": "2026-03-04T22:11:16+0800", "level": "INFO", "logger": "etl_logger", "message": "Start reconcile...", "service": "cc_reconcile", "stage": "reconcile", "status": "ok"}
{"timestamp": "2026-03-04T22:11:16+0800", "level": "INFO", "logger": "etl_logger", "message": "Reconcile Finish ，Total Mismatch Case: 0", "service": "cc_reconcile", "stage": "reconcile", "status": "ok"}
{"timestamp": "2026-03-04T22:11:16+0800", "level": "INFO", "logger": "etl_logger", "message": "Connect Lark Finish", "service": "cc_reconcile", "stage": "lark", "status": "ok"}
{"timestamp": "2026-03-04T22:11:16+0800", "level": "INFO", "logger": "etl_logger", "message": "Start query existing data in LarkSheet...", "service": "cc_reconcile", "stage": "lark", "status": "ok"}
{"timestamp": "2026-03-04T22:11:17+0800", "level": "INFO", "logger": "etl_logger", "message": "Query existing data in LarkSheet Finish", "service": "cc_reconcile", "stage": "lark", "status": "ok"}
{"timestamp": "2026-03-04T22:11:17+0800", "level": "INFO", "logger": "etl_logger", "message": "Total unique keys in LarkSheet: 157, Total new mismatch cases to upload: 0", "service": "cc_reconcile", "stage": "lark", "status": "ok"}
{"timestamp": "2026-03-04T22:11:17+0800", "level": "INFO", "logger": "etl_logger", "message": "Append data to LarkSheet with range: Kalw4Y!A2:L3, rows: 1, columns: 12", "service": "cc_reconcile", "stage": "lark", "status": "ok"}
{"timestamp": "2026-03-04T22:11:18+0800", "level": "INFO", "logger": "etl_logger", "message": "✅ Successfully appended data to LarkSheet", "service": "cc_reconcile", "stage": "lark", "status": "ok"}
{"timestamp": "2026-03-04T22:11:19+0800", "level": "INFO", "logger": "etl_logger", "message": "Upload data to LarkSheet Finish", "service": "cc_reconcile", "stage": "lark", "status": "ok"}
{"timestamp": "2026-03-04T23:00:01+0800", "level": "INFO", "logger": "etl_logger", "message": "Start download reports...", "service": "cc_reconcile", "stage": "download", "status": "ok"}
{"timestamp": "2026-03-04T23:00:04+0800", "level": "INFO", "logger": "etl_logger", "message": "Payabl Login Success and Get Token Success", "service": "cc_reconcile", "stage": "download_payabl", "status": "ok"}
{"timestamp": "2026-03-04T23:00:04+0800", "level": "INFO", "logger": "etl_logger", "message": "Start downloading Payabl CC Report for date: 2026-03-03...", "service": "cc_reconcile", "stage": "download_payabl", "status": "ok"}
{"timestamp": "2026-03-04T23:01:03+0800", "level": "INFO", "logger": "etl_logger", "message": "Start downloading Payabl CC Report for date: 2026-03-04...", "service": "cc_reconcile", "stage": "download_payabl", "status": "ok"}
{"timestamp": "2026-03-04T23:01:30+0800", "level": "INFO", "logger": "etl_logger", "message": "Finish downloading Payabl CC Report", "service": "cc_reconcile", "stage": "download_payabl", "status": "ok"}
{"timestamp": "2026-03-04T23:01:30+0800", "level": "INFO", "logger": "etl_logger", "message": "Download Payabl CC Report Finish ，Total: 120956", "service": "cc_reconcile", "stage": "download", "status": "ok"}
{"timestamp": "2026-03-04T23:01:30+0800", "level": "INFO", "logger": "etl_logger", "message": "Login attempt 1/5", "service": "cc_reconcile", "stage": "download_davinci", "status": "ok"}
{"timestamp": "2026-03-04T23:01:32+0800", "level": "INFO", "logger": "etl_logger", "message": "Login response status=200, url=https://admin.vantagemarkets.com/admin/main, cookies=4", "service": "cc_reconcile", "stage": "download_davinci", "status": "ok"}
{"timestamp": "2026-03-04T23:01:32+0800", "level": "INFO", "logger": "etl_logger", "message": "Login successful", "service": "cc_reconcile", "stage": "download_davinci", "status": "ok"}
{"timestamp": "2026-03-04T23:01:32+0800", "level": "INFO", "logger": "etl_logger", "message": "Token obtained successfully", "service": "cc_reconcile", "stage": "download_davinci", "status": "ok"}
{"timestamp": "2026-03-04T23:01:32+0800", "level": "INFO", "logger": "etl_logger", "message": "Start downloading Davinci CC Report for brand: VFSC...", "service": "cc_reconcile", "stage": "download_davinci", "status": "ok"}
{"timestamp": "2026-03-04T23:02:06+0800", "level": "INFO", "logger": "etl_logger", "message": "POST success (VFSC 2026-03-01): cc_withdraw_detail_report_20260304150206.csv, took 34.6s", "service": "cc_reconcile", "stage": "download_davinci", "status": "ok"}
{"timestamp": "2026-03-04T23:02:08+0800", "level": "WARNING", "logger": "etl_logger", "message": "Download failed (VFSC 2026-03-01) attempt 1: 502 Server Error: Bad Gateway for url: https://report.vantagemarkets.com/api/download/cc_withdraw_detail_report_20260304150206.csv, took 1.1s", "service": "cc_reconcile", "stage": "download_davinci", "status": "ok"}
{"timestamp": "2026-03-04T23:02:13+0800", "level": "WARNING", "logger": "etl_logger", "message": "Download failed (VFSC 2026-03-01) attempt 2: 502 Server Error: Bad Gateway for url: https://report.vantagemarkets.com/api/download/cc_withdraw_detail_report_20260304150206.csv, took 0.9s", "service": "cc_reconcile", "stage": "download_davinci", "status": "ok"}
{"timestamp": "2026-03-04T23:02:19+0800", "level": "WARNING", "logger": "etl_logger", "message": "Download failed (VFSC 2026-03-01) attempt 3: 502 Server Error: Bad Gateway for url: https://report.vantagemarkets.com/api/download/cc_withdraw_detail_report_20260304150206.csv, took 0.4s", "service": "cc_reconcile", "stage": "download_davinci", "status": "ok"}
{"timestamp": "2026-03-04T23:02:25+0800", "level": "WARNING", "logger": "etl_logger", "message": "Download failed (VFSC 2026-03-01) attempt 4: 502 Server Error: Bad Gateway for url: https://report.vantagemarkets.com/api/download/cc_withdraw_detail_report_20260304150206.csv, took 1.3s", "service": "cc_reconcile", "stage": "download_davinci", "status": "ok"}
{"timestamp": "2026-03-04T23:02:33+0800", "level": "INFO", "logger": "etl_logger", "message": "Download success (VFSC 2026-03-01): cc_withdraw_detail_report_20260304150206.csv, took 3.3s", "service": "cc_reconcile", "stage": "download_davinci", "status": "ok"}
{"timestamp": "2026-03-04T23:02:51+0800", "level": "INFO", "logger": "etl_logger", "message": "POST success (VFSC 2026-03-02): cc_withdraw_detail_report_20260304150251.csv, took 18.0s", "service": "cc_reconcile", "stage": "download_davinci", "status": "ok"}
{"timestamp": "2026-03-04T23:03:00+0800", "level": "INFO", "logger": "etl_logger", "message": "Download success (VFSC 2026-03-02): cc_withdraw_detail_report_20260304150251.csv, took 8.9s", "service": "cc_reconcile", "stage": "download_davinci", "status": "ok"}
{"timestamp": "2026-03-04T23:03:18+0800", "level": "INFO", "logger": "etl_logger", "message": "POST success (VFSC 2026-03-03): cc_withdraw_detail_report_20260304150318.csv, took 18.1s", "service": "cc_reconcile", "stage": "download_davinci", "status": "ok"}
{"timestamp": "2026-03-04T23:03:25+0800", "level": "INFO", "logger": "etl_logger", "message": "Download success (VFSC 2026-03-03): cc_withdraw_detail_report_20260304150318.csv, took 6.8s", "service": "cc_reconcile", "stage": "download_davinci", "status": "ok"}
{"timestamp": "2026-03-04T23:03:43+0800", "level": "INFO", "logger": "etl_logger", "message": "POST success (VFSC 2026-03-04): cc_withdraw_detail_report_20260304150343.csv, took 17.6s", "service": "cc_reconcile", "stage": "download_davinci", "status": "ok"}
{"timestamp": "2026-03-04T23:03:45+0800", "level": "INFO", "logger": "etl_logger", "message": "Download success (VFSC 2026-03-04): cc_withdraw_detail_report_20260304150343.csv, took 2.3s", "service": "cc_reconcile", "stage": "download_davinci", "status": "ok"}
{"timestamp": "2026-03-04T23:03:45+0800", "level": "INFO", "logger": "etl_logger", "message": "Finish downloading Davinci CC - VFSC Report", "service": "cc_reconcile", "stage": "download_davinci", "status": "ok"}
{"timestamp": "2026-03-04T23:03:45+0800", "level": "INFO", "logger": "etl_logger", "message": "Start downloading Davinci CC Report for brand: VFSC2...", "service": "cc_reconcile", "stage": "download_davinci", "status": "ok"}
{"timestamp": "2026-03-04T23:04:37+0800", "level": "INFO", "logger": "etl_logger", "message": "POST success (VFSC2 2026-03-01): cc_withdraw_detail_report_20260304150437.csv, took 51.8s", "service": "cc_reconcile", "stage": "download_davinci", "status": "ok"}
{"timestamp": "2026-03-04T23:08:47+0800", "level": "INFO", "logger": "etl_logger", "message": "Download success (VFSC2 2026-03-01): cc_withdraw_detail_report_20260304150437.csv, took 250.2s", "service": "cc_reconcile", "stage": "download_davinci", "status": "ok"}
{"timestamp": "2026-03-04T23:09:45+0800", "level": "INFO", "logger": "etl_logger", "message": "POST success (VFSC2 2026-03-02): cc_withdraw_detail_report_20260304150945.csv, took 57.9s", "service": "cc_reconcile", "stage": "download_davinci", "status": "ok"}
{"timestamp": "2026-03-04T23:10:38+0800", "level": "INFO", "logger": "etl_logger", "message": "Download success (VFSC2 2026-03-02): cc_withdraw_detail_report_20260304150945.csv, took 53.1s", "service": "cc_reconcile", "stage": "download_davinci", "status": "ok"}
{"timestamp": "2026-03-04T23:10:41+0800", "level": "WARNING", "logger": "etl_logger", "message": "POST failed (VFSC2 2026-03-03) attempt 1: 502 Server Error: Bad Gateway for url: https://report.vantagemarkets.com/api/cc-detail/download, took 2.4s", "service": "cc_reconcile", "stage": "download_davinci", "status": "ok"}
{"timestamp": "2026-03-04T23:11:40+0800", "level": "INFO", "logger": "etl_logger", "message": "POST success (VFSC2 2026-03-03): cc_withdraw_detail_report_20260304151138.csv, took 53.9s", "service": "cc_reconcile", "stage": "download_davinci", "status": "ok"}
{"timestamp": "2026-03-04T23:12:09+0800", "level": "INFO", "logger": "etl_logger", "message": "Download success (VFSC2 2026-03-03): cc_withdraw_detail_report_20260304151138.csv, took 28.9s", "service": "cc_reconcile", "stage": "download_davinci", "status": "ok"}
{"timestamp": "2026-03-04T23:12:59+0800", "level": "INFO", "logger": "etl_logger", "message": "POST success (VFSC2 2026-03-04): cc_withdraw_detail_report_20260304151259.csv, took 50.9s", "service": "cc_reconcile", "stage": "download_davinci", "status": "ok"}
{"timestamp": "2026-03-04T23:14:34+0800", "level": "INFO", "logger": "etl_logger", "message": "Download success (VFSC2 2026-03-04): cc_withdraw_detail_report_20260304151259.csv, took 94.8s", "service": "cc_reconcile", "stage": "download_davinci", "status": "ok"}
{"timestamp": "2026-03-04T23:14:35+0800", "level": "INFO", "logger": "etl_logger", "message": "Finish downloading Davinci CC - VFSC2 Report", "service": "cc_reconcile", "stage": "download_davinci", "status": "ok"}
{"timestamp": "2026-03-04T23:14:35+0800", "level": "INFO", "logger": "etl_logger", "message": "Finish downloading Davinci CC Report for all brands, total rows: 59711", "service": "cc_reconcile", "stage": "download_davinci", "status": "ok"}
{"timestamp": "2026-03-04T23:14:35+0800", "level": "INFO", "logger": "etl_logger", "message": "Download CRM CC Report Finish ，Total: 59711", "service": "cc_reconcile", "stage": "download", "status": "ok"}
{"timestamp": "2026-03-04T23:14:35+0800", "level": "INFO", "logger": "etl_logger", "message": "Start reconcile...", "service": "cc_reconcile", "stage": "reconcile", "status": "ok"}
{"timestamp": "2026-03-04T23:14:36+0800", "level": "INFO", "logger": "etl_logger", "message": "Reconcile Finish ，Total Mismatch Case: 1", "service": "cc_reconcile", "stage": "reconcile", "status": "ok"}
{"timestamp": "2026-03-04T23:14:36+0800", "level": "INFO", "logger": "etl_logger", "message": "Connect Lark Finish", "service": "cc_reconcile", "stage": "lark", "status": "ok"}
{"timestamp": "2026-03-04T23:14:36+0800", "level": "INFO", "logger": "etl_logger", "message": "Start query existing data in LarkSheet...", "service": "cc_reconcile", "stage": "lark", "status": "ok"}
{"timestamp": "2026-03-04T23:14:37+0800", "level": "INFO", "logger": "etl_logger", "message": "Query existing data in LarkSheet Finish", "service": "cc_reconcile", "stage": "lark", "status": "ok"}
{"timestamp": "2026-03-04T23:14:37+0800", "level": "INFO", "logger": "etl_logger", "message": "Total unique keys in LarkSheet: 157, Total new mismatch cases to upload: 1", "service": "cc_reconcile", "stage": "lark", "status": "ok"}
{"timestamp": "2026-03-04T23:14:37+0800", "level": "INFO", "logger": "etl_logger", "message": "Append data to LarkSheet with range: Kalw4Y!A2:L3, rows: 1, columns: 12", "service": "cc_reconcile", "stage": "lark", "status": "ok"}
{"timestamp": "2026-03-04T23:14:37+0800", "level": "INFO", "logger": "etl_logger", "message": "✅ Successfully appended data to LarkSheet", "service": "cc_reconcile", "stage": "lark", "status": "ok"}
{"timestamp": "2026-03-04T23:14:39+0800", "level": "INFO", "logger": "etl_logger", "message": "Upload data to LarkSheet Finish", "service": "cc_reconcile", "stage": "lark", "status": "ok"}
