{"timestamp": "2026-02-17T00:00:01+0800", "level": "INFO", "logger": "etl_logger", "message": "Start download reports...", "service": "cc_reconcile", "stage": "download", "status": "ok"}
{"timestamp": "2026-02-17T00:00:04+0800", "level": "INFO", "logger": "etl_logger", "message": "Payabl Login Success and Get Token Success", "service": "cc_reconcile", "stage": "download_payabl", "status": "ok"}
{"timestamp": "2026-02-17T00:00:04+0800", "level": "INFO", "logger": "etl_logger", "message": "Start downloading Payabl CC Report for date: 2026-02-16...", "service": "cc_reconcile", "stage": "download_payabl", "status": "ok"}
{"timestamp": "2026-02-17T00:00:28+0800", "level": "INFO", "logger": "etl_logger", "message": "Start downloading Payabl CC Report for date: 2026-02-17...", "service": "cc_reconcile", "stage": "download_payabl", "status": "ok"}
{"timestamp": "2026-02-17T00:00:33+0800", "level": "INFO", "logger": "etl_logger", "message": "Finish downloading Payabl CC Report", "service": "cc_reconcile", "stage": "download_payabl", "status": "ok"}
{"timestamp": "2026-02-17T00:00:33+0800", "level": "INFO", "logger": "etl_logger", "message": "Download Payabl CC Report Finish ，Total: 34221", "service": "cc_reconcile", "stage": "download", "status": "ok"}
{"timestamp": "2026-02-17T00:00:33+0800", "level": "INFO", "logger": "etl_logger", "message": "Login attempt 1/5", "service": "cc_reconcile", "stage": "download_davinci", "status": "ok"}
{"timestamp": "2026-02-17T00:00:34+0800", "level": "INFO", "logger": "etl_logger", "message": "Login response status=200, url=https://admin.vantagemarkets.com/admin/main, cookies=4", "service": "cc_reconcile", "stage": "download_davinci", "status": "ok"}
{"timestamp": "2026-02-17T00:00:34+0800", "level": "INFO", "logger": "etl_logger", "message": "Login successful", "service": "cc_reconcile", "stage": "download_davinci", "status": "ok"}
{"timestamp": "2026-02-17T00:00:35+0800", "level": "INFO", "logger": "etl_logger", "message": "Token obtained successfully", "service": "cc_reconcile", "stage": "download_davinci", "status": "ok"}
{"timestamp": "2026-02-17T00:00:35+0800", "level": "INFO", "logger": "etl_logger", "message": "Start downloading Davinci CC Report for brand: VFSC...", "service": "cc_reconcile", "stage": "download_davinci", "status": "ok"}
{"timestamp": "2026-02-17T00:00:54+0800", "level": "INFO", "logger": "etl_logger", "message": "POST success (VFSC 2026-02-13): cc_withdraw_detail_report_20260216160054.csv, took 19.6s", "service": "cc_reconcile", "stage": "download_davinci", "status": "ok"}
{"timestamp": "2026-02-17T00:00:57+0800", "level": "INFO", "logger": "etl_logger", "message": "Download success (VFSC 2026-02-13): cc_withdraw_detail_report_20260216160054.csv, took 2.2s", "service": "cc_reconcile", "stage": "download_davinci", "status": "ok"}
{"timestamp": "2026-02-17T00:01:13+0800", "level": "INFO", "logger": "etl_logger", "message": "POST success (VFSC 2026-02-14): cc_withdraw_detail_report_20260216160113.csv, took 16.5s", "service": "cc_reconcile", "stage": "download_davinci", "status": "ok"}
{"timestamp": "2026-02-17T00:01:15+0800", "level": "INFO", "logger": "etl_logger", "message": "Download success (VFSC 2026-02-14): cc_withdraw_detail_report_20260216160113.csv, took 1.9s", "service": "cc_reconcile", "stage": "download_davinci", "status": "ok"}
{"timestamp": "2026-02-17T00:01:33+0800", "level": "INFO", "logger": "etl_logger", "message": "POST success (VFSC 2026-02-15): cc_withdraw_detail_report_20260216160132.csv, took 17.4s", "service": "cc_reconcile", "stage": "download_davinci", "status": "ok"}
{"timestamp": "2026-02-17T00:01:34+0800", "level": "INFO", "logger": "etl_logger", "message": "Download success (VFSC 2026-02-15): cc_withdraw_detail_report_20260216160132.csv, took 1.6s", "service": "cc_reconcile", "stage": "download_davinci", "status": "ok"}
{"timestamp": "2026-02-17T00:01:51+0800", "level": "INFO", "logger": "etl_logger", "message": "POST success (VFSC 2026-02-16): cc_withdraw_detail_report_20260216160151.csv, took 17.2s", "service": "cc_reconcile", "stage": "download_davinci", "status": "ok"}
{"timestamp": "2026-02-17T00:01:53+0800", "level": "INFO", "logger": "etl_logger", "message": "Download success (VFSC 2026-02-16): cc_withdraw_detail_report_20260216160151.csv, took 1.9s", "service": "cc_reconcile", "stage": "download_davinci", "status": "ok"}
{"timestamp": "2026-02-17T00:01:53+0800", "level": "INFO", "logger": "etl_logger", "message": "Finish downloading Davinci CC - VFSC Report", "service": "cc_reconcile", "stage": "download_davinci", "status": "ok"}
{"timestamp": "2026-02-17T00:01:53+0800", "level": "INFO", "logger": "etl_logger", "message": "Start downloading Davinci CC Report for brand: VFSC2...", "service": "cc_reconcile", "stage": "download_davinci", "status": "ok"}
{"timestamp": "2026-02-17T00:02:43+0800", "level": "INFO", "logger": "etl_logger", "message": "POST success (VFSC2 2026-02-13): cc_withdraw_detail_report_20260216160243.csv, took 50.0s", "service": "cc_reconcile", "stage": "download_davinci", "status": "ok"}
{"timestamp": "2026-02-17T00:02:46+0800", "level": "INFO", "logger": "etl_logger", "message": "Download success (VFSC2 2026-02-13): cc_withdraw_detail_report_20260216160243.csv, took 3.1s", "service": "cc_reconcile", "stage": "download_davinci", "status": "ok"}
{"timestamp": "2026-02-17T00:03:34+0800", "level": "INFO", "logger": "etl_logger", "message": "POST success (VFSC2 2026-02-14): cc_withdraw_detail_report_20260216160334.csv, took 47.7s", "service": "cc_reconcile", "stage": "download_davinci", "status": "ok"}
{"timestamp": "2026-02-17T00:03:36+0800", "level": "INFO", "logger": "etl_logger", "message": "Download success (VFSC2 2026-02-14): cc_withdraw_detail_report_20260216160334.csv, took 2.1s", "service": "cc_reconcile", "stage": "download_davinci", "status": "ok"}
{"timestamp": "2026-02-17T00:04:24+0800", "level": "INFO", "logger": "etl_logger", "message": "POST success (VFSC2 2026-02-15): cc_withdraw_detail_report_20260216160424.csv, took 47.7s", "service": "cc_reconcile", "stage": "download_davinci", "status": "ok"}
{"timestamp": "2026-02-17T00:04:26+0800", "level": "INFO", "logger": "etl_logger", "message": "Download success (VFSC2 2026-02-15): cc_withdraw_detail_report_20260216160424.csv, took 2.4s", "service": "cc_reconcile", "stage": "download_davinci", "status": "ok"}
{"timestamp": "2026-02-17T00:05:15+0800", "level": "INFO", "logger": "etl_logger", "message": "POST success (VFSC2 2026-02-16): cc_withdraw_detail_report_20260216160515.csv, took 48.7s", "service": "cc_reconcile", "stage": "download_davinci", "status": "ok"}
{"timestamp": "2026-02-17T00:05:18+0800", "level": "INFO", "logger": "etl_logger", "message": "Download success (VFSC2 2026-02-16): cc_withdraw_detail_report_20260216160515.csv, took 2.6s", "service": "cc_reconcile", "stage": "download_davinci", "status": "ok"}
{"timestamp": "2026-02-17T00:05:18+0800", "level": "INFO", "logger": "etl_logger", "message": "Finish downloading Davinci CC - VFSC2 Report", "service": "cc_reconcile", "stage": "download_davinci", "status": "ok"}
{"timestamp": "2026-02-17T00:05:18+0800", "level": "INFO", "logger": "etl_logger", "message": "Finish downloading Davinci CC Report for all brands, total rows: 26943", "service": "cc_reconcile", "stage": "download_davinci", "status": "ok"}
{"timestamp": "2026-02-17T00:05:18+0800", "level": "INFO", "logger": "etl_logger", "message": "Download CRM CC Report Finish ，Total: 26943", "service": "cc_reconcile", "stage": "download", "status": "ok"}
{"timestamp": "2026-02-17T00:05:18+0800", "level": "INFO", "logger": "etl_logger", "message": "Start reconcile...", "service": "cc_reconcile", "stage": "reconcile", "status": "ok"}
{"timestamp": "2026-02-17T00:05:18+0800", "level": "INFO", "logger": "etl_logger", "message": "Reconcile Finish ，Total Mismatch Case: 0", "service": "cc_reconcile", "stage": "reconcile", "status": "ok"}
{"timestamp": "2026-02-17T00:05:18+0800", "level": "INFO", "logger": "etl_logger", "message": "Connect Lark Finish", "service": "cc_reconcile", "stage": "lark", "status": "ok"}
{"timestamp": "2026-02-17T00:05:18+0800", "level": "INFO", "logger": "etl_logger", "message": "Start query existing data in LarkSheet...", "service": "cc_reconcile", "stage": "lark", "status": "ok"}
{"timestamp": "2026-02-17T00:05:20+0800", "level": "INFO", "logger": "etl_logger", "message": "Query existing data in LarkSheet Finish", "service": "cc_reconcile", "stage": "lark", "status": "ok"}
{"timestamp": "2026-02-17T00:05:20+0800", "level": "INFO", "logger": "etl_logger", "message": "Total unique keys in LarkSheet: 7, Total new mismatch cases to upload: 0", "service": "cc_reconcile", "stage": "lark", "status": "ok"}
{"timestamp": "2026-02-17T00:05:20+0800", "level": "INFO", "logger": "etl_logger", "message": "Append data to LarkSheet with range: Kalw4Y!A2:L3, rows: 1, columns: 12", "service": "cc_reconcile", "stage": "lark", "status": "ok"}
{"timestamp": "2026-02-17T00:05:20+0800", "level": "INFO", "logger": "etl_logger", "message": "✅ Successfully appended data to LarkSheet", "service": "cc_reconcile", "stage": "lark", "status": "ok"}
{"timestamp": "2026-02-17T00:05:21+0800", "level": "INFO", "logger": "etl_logger", "message": "Upload data to LarkSheet Finish", "service": "cc_reconcile", "stage": "lark", "status": "ok"}
{"timestamp": "2026-02-17T01:00:02+0800", "level": "INFO", "logger": "etl_logger", "message": "Start download reports...", "service": "cc_reconcile", "stage": "download", "status": "ok"}
{"timestamp": "2026-02-17T01:00:05+0800", "level": "INFO", "logger": "etl_logger", "message": "Payabl Login Success and Get Token Success", "service": "cc_reconcile", "stage": "download_payabl", "status": "ok"}
{"timestamp": "2026-02-17T01:00:05+0800", "level": "INFO", "logger": "etl_logger", "message": "Start downloading Payabl CC Report for date: 2026-02-16...", "service": "cc_reconcile", "stage": "download_payabl", "status": "ok"}
{"timestamp": "2026-02-17T01:00:30+0800", "level": "INFO", "logger": "etl_logger", "message": "Start downloading Payabl CC Report for date: 2026-02-17...", "service": "cc_reconcile", "stage": "download_payabl", "status": "ok"}
{"timestamp": "2026-02-17T01:00:36+0800", "level": "INFO", "logger": "etl_logger", "message": "Finish downloading Payabl CC Report", "service": "cc_reconcile", "stage": "download_payabl", "status": "ok"}
{"timestamp": "2026-02-17T01:00:36+0800", "level": "INFO", "logger": "etl_logger", "message": "Download Payabl CC Report Finish ，Total: 36374", "service": "cc_reconcile", "stage": "download", "status": "ok"}
{"timestamp": "2026-02-17T01:00:36+0800", "level": "INFO", "logger": "etl_logger", "message": "Login attempt 1/5", "service": "cc_reconcile", "stage": "download_davinci", "status": "ok"}
{"timestamp": "2026-02-17T01:00:37+0800", "level": "INFO", "logger": "etl_logger", "message": "Login response status=200, url=https://admin.vantagemarkets.com/admin/main, cookies=4", "service": "cc_reconcile", "stage": "download_davinci", "status": "ok"}
{"timestamp": "2026-02-17T01:00:37+0800", "level": "INFO", "logger": "etl_logger", "message": "Login successful", "service": "cc_reconcile", "stage": "download_davinci", "status": "ok"}
{"timestamp": "2026-02-17T01:00:37+0800", "level": "INFO", "logger": "etl_logger", "message": "Token obtained successfully", "service": "cc_reconcile", "stage": "download_davinci", "status": "ok"}
{"timestamp": "2026-02-17T01:00:37+0800", "level": "INFO", "logger": "etl_logger", "message": "Start downloading Davinci CC Report for brand: VFSC...", "service": "cc_reconcile", "stage": "download_davinci", "status": "ok"}
{"timestamp": "2026-02-17T01:00:56+0800", "level": "INFO", "logger": "etl_logger", "message": "POST success (VFSC 2026-02-13): cc_withdraw_detail_report_20260216170055.csv, took 18.4s", "service": "cc_reconcile", "stage": "download_davinci", "status": "ok"}
{"timestamp": "2026-02-17T01:00:58+0800", "level": "INFO", "logger": "etl_logger", "message": "Download success (VFSC 2026-02-13): cc_withdraw_detail_report_20260216170055.csv, took 2.1s", "service": "cc_reconcile", "stage": "download_davinci", "status": "ok"}
{"timestamp": "2026-02-17T01:01:16+0800", "level": "INFO", "logger": "etl_logger", "message": "POST success (VFSC 2026-02-14): cc_withdraw_detail_report_20260216170115.csv, took 17.9s", "service": "cc_reconcile", "stage": "download_davinci", "status": "ok"}
{"timestamp": "2026-02-17T01:01:17+0800", "level": "INFO", "logger": "etl_logger", "message": "Download success (VFSC 2026-02-14): cc_withdraw_detail_report_20260216170115.csv, took 1.9s", "service": "cc_reconcile", "stage": "download_davinci", "status": "ok"}
{"timestamp": "2026-02-17T01:01:36+0800", "level": "INFO", "logger": "etl_logger", "message": "POST success (VFSC 2026-02-15): cc_withdraw_detail_report_20260216170136.csv, took 18.7s", "service": "cc_reconcile", "stage": "download_davinci", "status": "ok"}
{"timestamp": "2026-02-17T01:01:38+0800", "level": "INFO", "logger": "etl_logger", "message": "Download success (VFSC 2026-02-15): cc_withdraw_detail_report_20260216170136.csv, took 1.6s", "service": "cc_reconcile", "stage": "download_davinci", "status": "ok"}
{"timestamp": "2026-02-17T01:01:58+0800", "level": "INFO", "logger": "etl_logger", "message": "POST success (VFSC 2026-02-16): cc_withdraw_detail_report_20260216170158.csv, took 19.9s", "service": "cc_reconcile", "stage": "download_davinci", "status": "ok"}
{"timestamp": "2026-02-17T01:02:00+0800", "level": "INFO", "logger": "etl_logger", "message": "Download success (VFSC 2026-02-16): cc_withdraw_detail_report_20260216170158.csv, took 1.9s", "service": "cc_reconcile", "stage": "download_davinci", "status": "ok"}
{"timestamp": "2026-02-17T01:02:00+0800", "level": "INFO", "logger": "etl_logger", "message": "Finish downloading Davinci CC - VFSC Report", "service": "cc_reconcile", "stage": "download_davinci", "status": "ok"}
{"timestamp": "2026-02-17T01:02:00+0800", "level": "INFO", "logger": "etl_logger", "message": "Start downloading Davinci CC Report for brand: VFSC2...", "service": "cc_reconcile", "stage": "download_davinci", "status": "ok"}
{"timestamp": "2026-02-17T01:02:49+0800", "level": "INFO", "logger": "etl_logger", "message": "POST success (VFSC2 2026-02-13): cc_withdraw_detail_report_20260216170249.csv, took 49.7s", "service": "cc_reconcile", "stage": "download_davinci", "status": "ok"}
{"timestamp": "2026-02-17T01:02:52+0800", "level": "INFO", "logger": "etl_logger", "message": "Download success (VFSC2 2026-02-13): cc_withdraw_detail_report_20260216170249.csv, took 3.0s", "service": "cc_reconcile", "stage": "download_davinci", "status": "ok"}
{"timestamp": "2026-02-17T01:03:44+0800", "level": "INFO", "logger": "etl_logger", "message": "POST success (VFSC2 2026-02-14): cc_withdraw_detail_report_20260216170344.csv, took 51.8s", "service": "cc_reconcile", "stage": "download_davinci", "status": "ok"}
{"timestamp": "2026-02-17T01:03:46+0800", "level": "INFO", "logger": "etl_logger", "message": "Download success (VFSC2 2026-02-14): cc_withdraw_detail_report_20260216170344.csv, took 2.4s", "service": "cc_reconcile", "stage": "download_davinci", "status": "ok"}
{"timestamp": "2026-02-17T01:04:34+0800", "level": "INFO", "logger": "etl_logger", "message": "POST success (VFSC2 2026-02-15): cc_withdraw_detail_report_20260216170434.csv, took 47.9s", "service": "cc_reconcile", "stage": "download_davinci", "status": "ok"}
{"timestamp": "2026-02-17T01:04:37+0800", "level": "INFO", "logger": "etl_logger", "message": "Download success (VFSC2 2026-02-15): cc_withdraw_detail_report_20260216170434.csv, took 2.3s", "service": "cc_reconcile", "stage": "download_davinci", "status": "ok"}
{"timestamp": "2026-02-17T01:05:25+0800", "level": "INFO", "logger": "etl_logger", "message": "POST success (VFSC2 2026-02-16): cc_withdraw_detail_report_20260216170525.csv, took 48.1s", "service": "cc_reconcile", "stage": "download_davinci", "status": "ok"}
{"timestamp": "2026-02-17T01:05:27+0800", "level": "INFO", "logger": "etl_logger", "message": "Download success (VFSC2 2026-02-16): cc_withdraw_detail_report_20260216170525.csv, took 2.2s", "service": "cc_reconcile", "stage": "download_davinci", "status": "ok"}
{"timestamp": "2026-02-17T01:05:27+0800", "level": "INFO", "logger": "etl_logger", "message": "Finish downloading Davinci CC - VFSC2 Report", "service": "cc_reconcile", "stage": "download_davinci", "status": "ok"}
{"timestamp": "2026-02-17T01:05:27+0800", "level": "INFO", "logger": "etl_logger", "message": "Finish downloading Davinci CC Report for all brands, total rows: 27490", "service": "cc_reconcile", "stage": "download_davinci", "status": "ok"}
{"timestamp": "2026-02-17T01:05:27+0800", "level": "INFO", "logger": "etl_logger", "message": "Download CRM CC Report Finish ，Total: 27490", "service": "cc_reconcile", "stage": "download", "status": "ok"}
{"timestamp": "2026-02-17T01:05:27+0800", "level": "INFO", "logger": "etl_logger", "message": "Start reconcile...", "service": "cc_reconcile", "stage": "reconcile", "status": "ok"}
{"timestamp": "2026-02-17T01:05:27+0800", "level": "INFO", "logger": "etl_logger", "message": "Reconcile Finish ，Total Mismatch Case: 0", "service": "cc_reconcile", "stage": "reconcile", "status": "ok"}
{"timestamp": "2026-02-17T01:05:28+0800", "level": "INFO", "logger": "etl_logger", "message": "Connect Lark Finish", "service": "cc_reconcile", "stage": "lark", "status": "ok"}
{"timestamp": "2026-02-17T01:05:28+0800", "level": "INFO", "logger": "etl_logger", "message": "Start query existing data in LarkSheet...", "service": "cc_reconcile", "stage": "lark", "status": "ok"}
{"timestamp": "2026-02-17T01:05:29+0800", "level": "INFO", "logger": "etl_logger", "message": "Query existing data in LarkSheet Finish", "service": "cc_reconcile", "stage": "lark", "status": "ok"}
{"timestamp": "2026-02-17T01:05:29+0800", "level": "INFO", "logger": "etl_logger", "message": "Total unique keys in LarkSheet: 7, Total new mismatch cases to upload: 0", "service": "cc_reconcile", "stage": "lark", "status": "ok"}
{"timestamp": "2026-02-17T01:05:29+0800", "level": "INFO", "logger": "etl_logger", "message": "Append data to LarkSheet with range: Kalw4Y!A2:L3, rows: 1, columns: 12", "service": "cc_reconcile", "stage": "lark", "status": "ok"}
{"timestamp": "2026-02-17T01:05:29+0800", "level": "INFO", "logger": "etl_logger", "message": "✅ Successfully appended data to LarkSheet", "service": "cc_reconcile", "stage": "lark", "status": "ok"}
{"timestamp": "2026-02-17T01:05:31+0800", "level": "INFO", "logger": "etl_logger", "message": "Upload data to LarkSheet Finish", "service": "cc_reconcile", "stage": "lark", "status": "ok"}
{"timestamp": "2026-02-17T02:00:02+0800", "level": "INFO", "logger": "etl_logger", "message": "Start download reports...", "service": "cc_reconcile", "stage": "download", "status": "ok"}
{"timestamp": "2026-02-17T02:00:05+0800", "level": "INFO", "logger": "etl_logger", "message": "Payabl Login Success and Get Token Success", "service": "cc_reconcile", "stage": "download_payabl", "status": "ok"}
{"timestamp": "2026-02-17T02:00:05+0800", "level": "INFO", "logger": "etl_logger", "message": "Start downloading Payabl CC Report for date: 2026-02-16...", "service": "cc_reconcile", "stage": "download_payabl", "status": "ok"}
{"timestamp": "2026-02-17T02:00:32+0800", "level": "INFO", "logger": "etl_logger", "message": "Start downloading Payabl CC Report for date: 2026-02-17...", "service": "cc_reconcile", "stage": "download_payabl", "status": "ok"}
{"timestamp": "2026-02-17T02:00:38+0800", "level": "INFO", "logger": "etl_logger", "message": "Finish downloading Payabl CC Report", "service": "cc_reconcile", "stage": "download_payabl", "status": "ok"}
{"timestamp": "2026-02-17T02:00:38+0800", "level": "INFO", "logger": "etl_logger", "message": "Download Payabl CC Report Finish ，Total: 38178", "service": "cc_reconcile", "stage": "download", "status": "ok"}
{"timestamp": "2026-02-17T02:00:38+0800", "level": "INFO", "logger": "etl_logger", "message": "Login attempt 1/5", "service": "cc_reconcile", "stage": "download_davinci", "status": "ok"}
{"timestamp": "2026-02-17T02:00:39+0800", "level": "INFO", "logger": "etl_logger", "message": "Login response status=200, url=https://admin.vantagemarkets.com/admin/main, cookies=4", "service": "cc_reconcile", "stage": "download_davinci", "status": "ok"}
{"timestamp": "2026-02-17T02:00:39+0800", "level": "INFO", "logger": "etl_logger", "message": "Login successful", "service": "cc_reconcile", "stage": "download_davinci", "status": "ok"}
{"timestamp": "2026-02-17T02:00:39+0800", "level": "INFO", "logger": "etl_logger", "message": "Token obtained successfully", "service": "cc_reconcile", "stage": "download_davinci", "status": "ok"}
{"timestamp": "2026-02-17T02:00:39+0800", "level": "INFO", "logger": "etl_logger", "message": "Start downloading Davinci CC Report for brand: VFSC...", "service": "cc_reconcile", "stage": "download_davinci", "status": "ok"}
{"timestamp": "2026-02-17T02:01:00+0800", "level": "INFO", "logger": "etl_logger", "message": "POST success (VFSC 2026-02-13): cc_withdraw_detail_report_20260216180100.csv, took 21.0s", "service": "cc_reconcile", "stage": "download_davinci", "status": "ok"}
{"timestamp": "2026-02-17T02:01:02+0800", "level": "INFO", "logger": "etl_logger", "message": "Download success (VFSC 2026-02-13): cc_withdraw_detail_report_20260216180100.csv, took 2.2s", "service": "cc_reconcile", "stage": "download_davinci", "status": "ok"}
{"timestamp": "2026-02-17T02:01:22+0800", "level": "INFO", "logger": "etl_logger", "message": "POST success (VFSC 2026-02-14): cc_withdraw_detail_report_20260216180122.csv, took 19.8s", "service": "cc_reconcile", "stage": "download_davinci", "status": "ok"}
{"timestamp": "2026-02-17T02:01:24+0800", "level": "INFO", "logger": "etl_logger", "message": "Download success (VFSC 2026-02-14): cc_withdraw_detail_report_20260216180122.csv, took 1.9s", "service": "cc_reconcile", "stage": "download_davinci", "status": "ok"}
{"timestamp": "2026-02-17T02:01:41+0800", "level": "INFO", "logger": "etl_logger", "message": "POST success (VFSC 2026-02-15): cc_withdraw_detail_report_20260216180141.csv, took 16.9s", "service": "cc_reconcile", "stage": "download_davinci", "status": "ok"}
{"timestamp": "2026-02-17T02:01:43+0800", "level": "INFO", "logger": "etl_logger", "message": "Download success (VFSC 2026-02-15): cc_withdraw_detail_report_20260216180141.csv, took 1.7s", "service": "cc_reconcile", "stage": "download_davinci", "status": "ok"}
{"timestamp": "2026-02-17T02:02:00+0800", "level": "INFO", "logger": "etl_logger", "message": "POST success (VFSC 2026-02-16): cc_withdraw_detail_report_20260216180200.csv, took 17.2s", "service": "cc_reconcile", "stage": "download_davinci", "status": "ok"}
{"timestamp": "2026-02-17T02:02:02+0800", "level": "INFO", "logger": "etl_logger", "message": "Download success (VFSC 2026-02-16): cc_withdraw_detail_report_20260216180200.csv, took 1.9s", "service": "cc_reconcile", "stage": "download_davinci", "status": "ok"}
{"timestamp": "2026-02-17T02:02:02+0800", "level": "INFO", "logger": "etl_logger", "message": "Finish downloading Davinci CC - VFSC Report", "service": "cc_reconcile", "stage": "download_davinci", "status": "ok"}
{"timestamp": "2026-02-17T02:02:02+0800", "level": "INFO", "logger": "etl_logger", "message": "Start downloading Davinci CC Report for brand: VFSC2...", "service": "cc_reconcile", "stage": "download_davinci", "status": "ok"}
{"timestamp": "2026-02-17T02:02:53+0800", "level": "INFO", "logger": "etl_logger", "message": "POST success (VFSC2 2026-02-13): cc_withdraw_detail_report_20260216180252.csv, took 50.7s", "service": "cc_reconcile", "stage": "download_davinci", "status": "ok"}
{"timestamp": "2026-02-17T02:02:56+0800", "level": "INFO", "logger": "etl_logger", "message": "Download success (VFSC2 2026-02-13): cc_withdraw_detail_report_20260216180252.csv, took 3.1s", "service": "cc_reconcile", "stage": "download_davinci", "status": "ok"}
{"timestamp": "2026-02-17T02:03:43+0800", "level": "INFO", "logger": "etl_logger", "message": "POST success (VFSC2 2026-02-14): cc_withdraw_detail_report_20260216180343.csv, took 47.3s", "service": "cc_reconcile", "stage": "download_davinci", "status": "ok"}
{"timestamp": "2026-02-17T02:03:45+0800", "level": "INFO", "logger": "etl_logger", "message": "Download success (VFSC2 2026-02-14): cc_withdraw_detail_report_20260216180343.csv, took 2.4s", "service": "cc_reconcile", "stage": "download_davinci", "status": "ok"}
{"timestamp": "2026-02-17T02:04:33+0800", "level": "INFO", "logger": "etl_logger", "message": "POST success (VFSC2 2026-02-15): cc_withdraw_detail_report_20260216180433.csv, took 47.9s", "service": "cc_reconcile", "stage": "download_davinci", "status": "ok"}
{"timestamp": "2026-02-17T02:04:36+0800", "level": "INFO", "logger": "etl_logger", "message": "Download success (VFSC2 2026-02-15): cc_withdraw_detail_report_20260216180433.csv, took 2.4s", "service": "cc_reconcile", "stage": "download_davinci", "status": "ok"}
{"timestamp": "2026-02-17T02:05:25+0800", "level": "INFO", "logger": "etl_logger", "message": "POST success (VFSC2 2026-02-16): cc_withdraw_detail_report_20260216180525.csv, took 49.1s", "service": "cc_reconcile", "stage": "download_davinci", "status": "ok"}
{"timestamp": "2026-02-17T02:05:27+0800", "level": "INFO", "logger": "etl_logger", "message": "Download success (VFSC2 2026-02-16): cc_withdraw_detail_report_20260216180525.csv, took 2.6s", "service": "cc_reconcile", "stage": "download_davinci", "status": "ok"}
{"timestamp": "2026-02-17T02:05:28+0800", "level": "INFO", "logger": "etl_logger", "message": "Finish downloading Davinci CC - VFSC2 Report", "service": "cc_reconcile", "stage": "download_davinci", "status": "ok"}
{"timestamp": "2026-02-17T02:05:28+0800", "level": "INFO", "logger": "etl_logger", "message": "Finish downloading Davinci CC Report for all brands, total rows: 27940", "service": "cc_reconcile", "stage": "download_davinci", "status": "ok"}
{"timestamp": "2026-02-17T02:05:28+0800", "level": "INFO", "logger": "etl_logger", "message": "Download CRM CC Report Finish ，Total: 27940", "service": "cc_reconcile", "stage": "download", "status": "ok"}
{"timestamp": "2026-02-17T02:05:28+0800", "level": "INFO", "logger": "etl_logger", "message": "Start reconcile...", "service": "cc_reconcile", "stage": "reconcile", "status": "ok"}
{"timestamp": "2026-02-17T02:05:28+0800", "level": "INFO", "logger": "etl_logger", "message": "Reconcile Finish ，Total Mismatch Case: 0", "service": "cc_reconcile", "stage": "reconcile", "status": "ok"}
{"timestamp": "2026-02-17T02:05:28+0800", "level": "INFO", "logger": "etl_logger", "message": "Connect Lark Finish", "service": "cc_reconcile", "stage": "lark", "status": "ok"}
{"timestamp": "2026-02-17T02:05:28+0800", "level": "INFO", "logger": "etl_logger", "message": "Start query existing data in LarkSheet...", "service": "cc_reconcile", "stage": "lark", "status": "ok"}
{"timestamp": "2026-02-17T02:05:30+0800", "level": "INFO", "logger": "etl_logger", "message": "Query existing data in LarkSheet Finish", "service": "cc_reconcile", "stage": "lark", "status": "ok"}
{"timestamp": "2026-02-17T02:05:30+0800", "level": "INFO", "logger": "etl_logger", "message": "Total unique keys in LarkSheet: 7, Total new mismatch cases to upload: 0", "service": "cc_reconcile", "stage": "lark", "status": "ok"}
{"timestamp": "2026-02-17T02:05:30+0800", "level": "INFO", "logger": "etl_logger", "message": "Append data to LarkSheet with range: Kalw4Y!A2:L3, rows: 1, columns: 12", "service": "cc_reconcile", "stage": "lark", "status": "ok"}
{"timestamp": "2026-02-17T02:05:30+0800", "level": "INFO", "logger": "etl_logger", "message": "✅ Successfully appended data to LarkSheet", "service": "cc_reconcile", "stage": "lark", "status": "ok"}
{"timestamp": "2026-02-17T02:05:31+0800", "level": "INFO", "logger": "etl_logger", "message": "Upload data to LarkSheet Finish", "service": "cc_reconcile", "stage": "lark", "status": "ok"}
{"timestamp": "2026-02-17T03:00:02+0800", "level": "INFO", "logger": "etl_logger", "message": "Start download reports...", "service": "cc_reconcile", "stage": "download", "status": "ok"}
{"timestamp": "2026-02-17T03:00:05+0800", "level": "INFO", "logger": "etl_logger", "message": "Payabl Login Success and Get Token Success", "service": "cc_reconcile", "stage": "download_payabl", "status": "ok"}
{"timestamp": "2026-02-17T03:00:05+0800", "level": "INFO", "logger": "etl_logger", "message": "Start downloading Payabl CC Report for date: 2026-02-16...", "service": "cc_reconcile", "stage": "download_payabl", "status": "ok"}
{"timestamp": "2026-02-17T03:00:31+0800", "level": "INFO", "logger": "etl_logger", "message": "Start downloading Payabl CC Report for date: 2026-02-17...", "service": "cc_reconcile", "stage": "download_payabl", "status": "ok"}
{"timestamp": "2026-02-17T03:00:37+0800", "level": "INFO", "logger": "etl_logger", "message": "Finish downloading Payabl CC Report", "service": "cc_reconcile", "stage": "download_payabl", "status": "ok"}
{"timestamp": "2026-02-17T03:00:37+0800", "level": "INFO", "logger": "etl_logger", "message": "Download Payabl CC Report Finish ，Total: 39651", "service": "cc_reconcile", "stage": "download", "status": "ok"}
{"timestamp": "2026-02-17T03:00:37+0800", "level": "INFO", "logger": "etl_logger", "message": "Login attempt 1/5", "service": "cc_reconcile", "stage": "download_davinci", "status": "ok"}
{"timestamp": "2026-02-17T03:00:38+0800", "level": "INFO", "logger": "etl_logger", "message": "Login response status=200, url=https://admin.vantagemarkets.com/admin/main, cookies=4", "service": "cc_reconcile", "stage": "download_davinci", "status": "ok"}
{"timestamp": "2026-02-17T03:00:38+0800", "level": "INFO", "logger": "etl_logger", "message": "Login successful", "service": "cc_reconcile", "stage": "download_davinci", "status": "ok"}
{"timestamp": "2026-02-17T03:00:38+0800", "level": "INFO", "logger": "etl_logger", "message": "Token obtained successfully", "service": "cc_reconcile", "stage": "download_davinci", "status": "ok"}
{"timestamp": "2026-02-17T03:00:38+0800", "level": "INFO", "logger": "etl_logger", "message": "Start downloading Davinci CC Report for brand: VFSC...", "service": "cc_reconcile", "stage": "download_davinci", "status": "ok"}
{"timestamp": "2026-02-17T03:01:00+0800", "level": "INFO", "logger": "etl_logger", "message": "POST success (VFSC 2026-02-13): cc_withdraw_detail_report_20260216190100.csv, took 22.2s", "service": "cc_reconcile", "stage": "download_davinci", "status": "ok"}
{"timestamp": "2026-02-17T03:01:02+0800", "level": "INFO", "logger": "etl_logger", "message": "Download success (VFSC 2026-02-13): cc_withdraw_detail_report_20260216190100.csv, took 1.7s", "service": "cc_reconcile", "stage": "download_davinci", "status": "ok"}
{"timestamp": "2026-02-17T03:01:19+0800", "level": "INFO", "logger": "etl_logger", "message": "POST success (VFSC 2026-02-14): cc_withdraw_detail_report_20260216190119.csv, took 16.9s", "service": "cc_reconcile", "stage": "download_davinci", "status": "ok"}
{"timestamp": "2026-02-17T03:01:21+0800", "level": "INFO", "logger": "etl_logger", "message": "Download success (VFSC 2026-02-14): cc_withdraw_detail_report_20260216190119.csv, took 1.8s", "service": "cc_reconcile", "stage": "download_davinci", "status": "ok"}
{"timestamp": "2026-02-17T03:01:39+0800", "level": "INFO", "logger": "etl_logger", "message": "POST success (VFSC 2026-02-15): cc_withdraw_detail_report_20260216190139.csv, took 18.5s", "service": "cc_reconcile", "stage": "download_davinci", "status": "ok"}
{"timestamp": "2026-02-17T03:01:41+0800", "level": "INFO", "logger": "etl_logger", "message": "Download success (VFSC 2026-02-15): cc_withdraw_detail_report_20260216190139.csv, took 1.4s", "service": "cc_reconcile", "stage": "download_davinci", "status": "ok"}
{"timestamp": "2026-02-17T03:01:58+0800", "level": "INFO", "logger": "etl_logger", "message": "POST success (VFSC 2026-02-16): cc_withdraw_detail_report_20260216190158.csv, took 17.0s", "service": "cc_reconcile", "stage": "download_davinci", "status": "ok"}
{"timestamp": "2026-02-17T03:02:00+0800", "level": "INFO", "logger": "etl_logger", "message": "Download success (VFSC 2026-02-16): cc_withdraw_detail_report_20260216190158.csv, took 1.9s", "service": "cc_reconcile", "stage": "download_davinci", "status": "ok"}
{"timestamp": "2026-02-17T03:02:00+0800", "level": "INFO", "logger": "etl_logger", "message": "Finish downloading Davinci CC - VFSC Report", "service": "cc_reconcile", "stage": "download_davinci", "status": "ok"}
{"timestamp": "2026-02-17T03:02:00+0800", "level": "INFO", "logger": "etl_logger", "message": "Start downloading Davinci CC Report for brand: VFSC2...", "service": "cc_reconcile", "stage": "download_davinci", "status": "ok"}
{"timestamp": "2026-02-17T03:02:52+0800", "level": "INFO", "logger": "etl_logger", "message": "POST success (VFSC2 2026-02-13): cc_withdraw_detail_report_20260216190252.csv, took 52.3s", "service": "cc_reconcile", "stage": "download_davinci", "status": "ok"}
{"timestamp": "2026-02-17T03:02:55+0800", "level": "INFO", "logger": "etl_logger", "message": "Download success (VFSC2 2026-02-13): cc_withdraw_detail_report_20260216190252.csv, took 2.5s", "service": "cc_reconcile", "stage": "download_davinci", "status": "ok"}
{"timestamp": "2026-02-17T03:03:44+0800", "level": "INFO", "logger": "etl_logger", "message": "POST success (VFSC2 2026-02-14): cc_withdraw_detail_report_20260216190344.csv, took 49.4s", "service": "cc_reconcile", "stage": "download_davinci", "status": "ok"}
{"timestamp": "2026-02-17T03:03:46+0800", "level": "INFO", "logger": "etl_logger", "message": "Download success (VFSC2 2026-02-14): cc_withdraw_detail_report_20260216190344.csv, took 2.4s", "service": "cc_reconcile", "stage": "download_davinci", "status": "ok"}
{"timestamp": "2026-02-17T03:04:36+0800", "level": "INFO", "logger": "etl_logger", "message": "POST success (VFSC2 2026-02-15): cc_withdraw_detail_report_20260216190436.csv, took 49.5s", "service": "cc_reconcile", "stage": "download_davinci", "status": "ok"}
{"timestamp": "2026-02-17T03:04:38+0800", "level": "INFO", "logger": "etl_logger", "message": "Download success (VFSC2 2026-02-15): cc_withdraw_detail_report_20260216190436.csv, took 2.4s", "service": "cc_reconcile", "stage": "download_davinci", "status": "ok"}
{"timestamp": "2026-02-17T03:05:28+0800", "level": "INFO", "logger": "etl_logger", "message": "POST success (VFSC2 2026-02-16): cc_withdraw_detail_report_20260216190528.csv, took 49.5s", "service": "cc_reconcile", "stage": "download_davinci", "status": "ok"}
{"timestamp": "2026-02-17T03:05:31+0800", "level": "INFO", "logger": "etl_logger", "message": "Download success (VFSC2 2026-02-16): cc_withdraw_detail_report_20260216190528.csv, took 2.6s", "service": "cc_reconcile", "stage": "download_davinci", "status": "ok"}
{"timestamp": "2026-02-17T03:05:31+0800", "level": "INFO", "logger": "etl_logger", "message": "Finish downloading Davinci CC - VFSC2 Report", "service": "cc_reconcile", "stage": "download_davinci", "status": "ok"}
{"timestamp": "2026-02-17T03:05:31+0800", "level": "INFO", "logger": "etl_logger", "message": "Finish downloading Davinci CC Report for all brands, total rows: 28287", "service": "cc_reconcile", "stage": "download_davinci", "status": "ok"}
{"timestamp": "2026-02-17T03:05:31+0800", "level": "INFO", "logger": "etl_logger", "message": "Download CRM CC Report Finish ，Total: 28287", "service": "cc_reconcile", "stage": "download", "status": "ok"}
{"timestamp": "2026-02-17T03:05:31+0800", "level": "INFO", "logger": "etl_logger", "message": "Start reconcile...", "service": "cc_reconcile", "stage": "reconcile", "status": "ok"}
{"timestamp": "2026-02-17T03:05:31+0800", "level": "INFO", "logger": "etl_logger", "message": "Reconcile Finish ，Total Mismatch Case: 0", "service": "cc_reconcile", "stage": "reconcile", "status": "ok"}
{"timestamp": "2026-02-17T03:05:31+0800", "level": "INFO", "logger": "etl_logger", "message": "Connect Lark Finish", "service": "cc_reconcile", "stage": "lark", "status": "ok"}
{"timestamp": "2026-02-17T03:05:31+0800", "level": "INFO", "logger": "etl_logger", "message": "Start query existing data in LarkSheet...", "service": "cc_reconcile", "stage": "lark", "status": "ok"}
{"timestamp": "2026-02-17T03:05:33+0800", "level": "INFO", "logger": "etl_logger", "message": "Query existing data in LarkSheet Finish", "service": "cc_reconcile", "stage": "lark", "status": "ok"}
{"timestamp": "2026-02-17T03:05:33+0800", "level": "INFO", "logger": "etl_logger", "message": "Total unique keys in LarkSheet: 7, Total new mismatch cases to upload: 0", "service": "cc_reconcile", "stage": "lark", "status": "ok"}
{"timestamp": "2026-02-17T03:05:33+0800", "level": "INFO", "logger": "etl_logger", "message": "Append data to LarkSheet with range: Kalw4Y!A2:L3, rows: 1, columns: 12", "service": "cc_reconcile", "stage": "lark", "status": "ok"}
{"timestamp": "2026-02-17T03:05:33+0800", "level": "INFO", "logger": "etl_logger", "message": "✅ Successfully appended data to LarkSheet", "service": "cc_reconcile", "stage": "lark", "status": "ok"}
{"timestamp": "2026-02-17T03:05:35+0800", "level": "INFO", "logger": "etl_logger", "message": "Upload data to LarkSheet Finish", "service": "cc_reconcile", "stage": "lark", "status": "ok"}
{"timestamp": "2026-02-17T04:00:01+0800", "level": "INFO", "logger": "etl_logger", "message": "Start download reports...", "service": "cc_reconcile", "stage": "download", "status": "ok"}
{"timestamp": "2026-02-17T04:00:04+0800", "level": "INFO", "logger": "etl_logger", "message": "Payabl Login Success and Get Token Success", "service": "cc_reconcile", "stage": "download_payabl", "status": "ok"}
{"timestamp": "2026-02-17T04:00:04+0800", "level": "INFO", "logger": "etl_logger", "message": "Start downloading Payabl CC Report for date: 2026-02-16...", "service": "cc_reconcile", "stage": "download_payabl", "status": "ok"}
{"timestamp": "2026-02-17T04:00:32+0800", "level": "INFO", "logger": "etl_logger", "message": "Start downloading Payabl CC Report for date: 2026-02-17...", "service": "cc_reconcile", "stage": "download_payabl", "status": "ok"}
{"timestamp": "2026-02-17T04:00:38+0800", "level": "INFO", "logger": "etl_logger", "message": "Finish downloading Payabl CC Report", "service": "cc_reconcile", "stage": "download_payabl", "status": "ok"}
{"timestamp": "2026-02-17T04:00:38+0800", "level": "INFO", "logger": "etl_logger", "message": "Download Payabl CC Report Finish ，Total: 40830", "service": "cc_reconcile", "stage": "download", "status": "ok"}
{"timestamp": "2026-02-17T04:00:38+0800", "level": "INFO", "logger": "etl_logger", "message": "Login attempt 1/5", "service": "cc_reconcile", "stage": "download_davinci", "status": "ok"}
{"timestamp": "2026-02-17T04:00:40+0800", "level": "INFO", "logger": "etl_logger", "message": "Login response status=200, url=https://admin.vantagemarkets.com/admin/main, cookies=4", "service": "cc_reconcile", "stage": "download_davinci", "status": "ok"}
{"timestamp": "2026-02-17T04:00:40+0800", "level": "INFO", "logger": "etl_logger", "message": "Login successful", "service": "cc_reconcile", "stage": "download_davinci", "status": "ok"}
{"timestamp": "2026-02-17T04:00:40+0800", "level": "INFO", "logger": "etl_logger", "message": "Token obtained successfully", "service": "cc_reconcile", "stage": "download_davinci", "status": "ok"}
{"timestamp": "2026-02-17T04:00:40+0800", "level": "INFO", "logger": "etl_logger", "message": "Start downloading Davinci CC Report for brand: VFSC...", "service": "cc_reconcile", "stage": "download_davinci", "status": "ok"}
{"timestamp": "2026-02-17T04:00:59+0800", "level": "INFO", "logger": "etl_logger", "message": "POST success (VFSC 2026-02-13): cc_withdraw_detail_report_20260216200059.csv, took 19.2s", "service": "cc_reconcile", "stage": "download_davinci", "status": "ok"}
{"timestamp": "2026-02-17T04:01:01+0800", "level": "INFO", "logger": "etl_logger", "message": "Download success (VFSC 2026-02-13): cc_withdraw_detail_report_20260216200059.csv, took 2.1s", "service": "cc_reconcile", "stage": "download_davinci", "status": "ok"}
{"timestamp": "2026-02-17T04:01:18+0800", "level": "INFO", "logger": "etl_logger", "message": "POST success (VFSC 2026-02-14): cc_withdraw_detail_report_20260216200118.csv, took 16.9s", "service": "cc_reconcile", "stage": "download_davinci", "status": "ok"}
{"timestamp": "2026-02-17T04:01:20+0800", "level": "INFO", "logger": "etl_logger", "message": "Download success (VFSC 2026-02-14): cc_withdraw_detail_report_20260216200118.csv, took 1.8s", "service": "cc_reconcile", "stage": "download_davinci", "status": "ok"}
{"timestamp": "2026-02-17T04:01:37+0800", "level": "INFO", "logger": "etl_logger", "message": "POST success (VFSC 2026-02-15): cc_withdraw_detail_report_20260216200137.csv, took 17.1s", "service": "cc_reconcile", "stage": "download_davinci", "status": "ok"}
{"timestamp": "2026-02-17T04:01:39+0800", "level": "INFO", "logger": "etl_logger", "message": "Download success (VFSC 2026-02-15): cc_withdraw_detail_report_20260216200137.csv, took 1.6s", "service": "cc_reconcile", "stage": "download_davinci", "status": "ok"}
{"timestamp": "2026-02-17T04:01:55+0800", "level": "INFO", "logger": "etl_logger", "message": "POST success (VFSC 2026-02-16): cc_withdraw_detail_report_20260216200155.csv, took 16.4s", "service": "cc_reconcile", "stage": "download_davinci", "status": "ok"}
{"timestamp": "2026-02-17T04:01:56+0800", "level": "INFO", "logger": "etl_logger", "message": "Download success (VFSC 2026-02-16): cc_withdraw_detail_report_20260216200155.csv, took 1.2s", "service": "cc_reconcile", "stage": "download_davinci", "status": "ok"}
{"timestamp": "2026-02-17T04:01:56+0800", "level": "INFO", "logger": "etl_logger", "message": "Finish downloading Davinci CC - VFSC Report", "service": "cc_reconcile", "stage": "download_davinci", "status": "ok"}
{"timestamp": "2026-02-17T04:01:56+0800", "level": "INFO", "logger": "etl_logger", "message": "Start downloading Davinci CC Report for brand: VFSC2...", "service": "cc_reconcile", "stage": "download_davinci", "status": "ok"}
{"timestamp": "2026-02-17T04:02:47+0800", "level": "INFO", "logger": "etl_logger", "message": "POST success (VFSC2 2026-02-13): cc_withdraw_detail_report_20260216200247.csv, took 50.9s", "service": "cc_reconcile", "stage": "download_davinci", "status": "ok"}
{"timestamp": "2026-02-17T04:02:50+0800", "level": "INFO", "logger": "etl_logger", "message": "Download success (VFSC2 2026-02-13): cc_withdraw_detail_report_20260216200247.csv, took 3.0s", "service": "cc_reconcile", "stage": "download_davinci", "status": "ok"}
{"timestamp": "2026-02-17T04:03:38+0800", "level": "INFO", "logger": "etl_logger", "message": "POST success (VFSC2 2026-02-14): cc_withdraw_detail_report_20260216200338.csv, took 47.6s", "service": "cc_reconcile", "stage": "download_davinci", "status": "ok"}
{"timestamp": "2026-02-17T04:03:40+0800", "level": "INFO", "logger": "etl_logger", "message": "Download success (VFSC2 2026-02-14): cc_withdraw_detail_report_20260216200338.csv, took 2.4s", "service": "cc_reconcile", "stage": "download_davinci", "status": "ok"}
{"timestamp": "2026-02-17T04:04:28+0800", "level": "INFO", "logger": "etl_logger", "message": "POST success (VFSC2 2026-02-15): cc_withdraw_detail_report_20260216200428.csv, took 47.6s", "service": "cc_reconcile", "stage": "download_davinci", "status": "ok"}
{"timestamp": "2026-02-17T04:04:30+0800", "level": "INFO", "logger": "etl_logger", "message": "Download success (VFSC2 2026-02-15): cc_withdraw_detail_report_20260216200428.csv, took 2.4s", "service": "cc_reconcile", "stage": "download_davinci", "status": "ok"}
{"timestamp": "2026-02-17T04:05:18+0800", "level": "INFO", "logger": "etl_logger", "message": "POST success (VFSC2 2026-02-16): cc_withdraw_detail_report_20260216200518.csv, took 48.0s", "service": "cc_reconcile", "stage": "download_davinci", "status": "ok"}
{"timestamp": "2026-02-17T04:05:21+0800", "level": "INFO", "logger": "etl_logger", "message": "Download success (VFSC2 2026-02-16): cc_withdraw_detail_report_20260216200518.csv, took 2.8s", "service": "cc_reconcile", "stage": "download_davinci", "status": "ok"}
{"timestamp": "2026-02-17T04:05:21+0800", "level": "INFO", "logger": "etl_logger", "message": "Finish downloading Davinci CC - VFSC2 Report", "service": "cc_reconcile", "stage": "download_davinci", "status": "ok"}
{"timestamp": "2026-02-17T04:05:21+0800", "level": "INFO", "logger": "etl_logger", "message": "Finish downloading Davinci CC Report for all brands, total rows: 28627", "service": "cc_reconcile", "stage": "download_davinci", "status": "ok"}
{"timestamp": "2026-02-17T04:05:21+0800", "level": "INFO", "logger": "etl_logger", "message": "Download CRM CC Report Finish ，Total: 28627", "service": "cc_reconcile", "stage": "download", "status": "ok"}
{"timestamp": "2026-02-17T04:05:21+0800", "level": "INFO", "logger": "etl_logger", "message": "Start reconcile...", "service": "cc_reconcile", "stage": "reconcile", "status": "ok"}
{"timestamp": "2026-02-17T04:05:22+0800", "level": "INFO", "logger": "etl_logger", "message": "Reconcile Finish ，Total Mismatch Case: 0", "service": "cc_reconcile", "stage": "reconcile", "status": "ok"}
{"timestamp": "2026-02-17T04:05:22+0800", "level": "INFO", "logger": "etl_logger", "message": "Connect Lark Finish", "service": "cc_reconcile", "stage": "lark", "status": "ok"}
{"timestamp": "2026-02-17T04:05:22+0800", "level": "INFO", "logger": "etl_logger", "message": "Start query existing data in LarkSheet...", "service": "cc_reconcile", "stage": "lark", "status": "ok"}
{"timestamp": "2026-02-17T04:05:23+0800", "level": "INFO", "logger": "etl_logger", "message": "Query existing data in LarkSheet Finish", "service": "cc_reconcile", "stage": "lark", "status": "ok"}
{"timestamp": "2026-02-17T04:05:23+0800", "level": "INFO", "logger": "etl_logger", "message": "Total unique keys in LarkSheet: 7, Total new mismatch cases to upload: 0", "service": "cc_reconcile", "stage": "lark", "status": "ok"}
{"timestamp": "2026-02-17T04:05:23+0800", "level": "INFO", "logger": "etl_logger", "message": "Append data to LarkSheet with range: Kalw4Y!A2:L3, rows: 1, columns: 12", "service": "cc_reconcile", "stage": "lark", "status": "ok"}
{"timestamp": "2026-02-17T04:05:24+0800", "level": "INFO", "logger": "etl_logger", "message": "✅ Successfully appended data to LarkSheet", "service": "cc_reconcile", "stage": "lark", "status": "ok"}
{"timestamp": "2026-02-17T04:05:25+0800", "level": "INFO", "logger": "etl_logger", "message": "Upload data to LarkSheet Finish", "service": "cc_reconcile", "stage": "lark", "status": "ok"}
{"timestamp": "2026-02-17T05:00:02+0800", "level": "INFO", "logger": "etl_logger", "message": "Start download reports...", "service": "cc_reconcile", "stage": "download", "status": "ok"}
{"timestamp": "2026-02-17T05:00:05+0800", "level": "INFO", "logger": "etl_logger", "message": "Payabl Login Success and Get Token Success", "service": "cc_reconcile", "stage": "download_payabl", "status": "ok"}
{"timestamp": "2026-02-17T05:00:05+0800", "level": "INFO", "logger": "etl_logger", "message": "Start downloading Payabl CC Report for date: 2026-02-16...", "service": "cc_reconcile", "stage": "download_payabl", "status": "ok"}
{"timestamp": "2026-02-17T05:00:32+0800", "level": "INFO", "logger": "etl_logger", "message": "Start downloading Payabl CC Report for date: 2026-02-17...", "service": "cc_reconcile", "stage": "download_payabl", "status": "ok"}
{"timestamp": "2026-02-17T05:00:38+0800", "level": "INFO", "logger": "etl_logger", "message": "Finish downloading Payabl CC Report", "service": "cc_reconcile", "stage": "download_payabl", "status": "ok"}
{"timestamp": "2026-02-17T05:00:38+0800", "level": "INFO", "logger": "etl_logger", "message": "Download Payabl CC Report Finish ，Total: 41822", "service": "cc_reconcile", "stage": "download", "status": "ok"}
{"timestamp": "2026-02-17T05:00:38+0800", "level": "INFO", "logger": "etl_logger", "message": "Login attempt 1/5", "service": "cc_reconcile", "stage": "download_davinci", "status": "ok"}
{"timestamp": "2026-02-17T05:00:40+0800", "level": "INFO", "logger": "etl_logger", "message": "Login response status=200, url=https://admin.vantagemarkets.com/admin/main, cookies=4", "service": "cc_reconcile", "stage": "download_davinci", "status": "ok"}
{"timestamp": "2026-02-17T05:00:40+0800", "level": "INFO", "logger": "etl_logger", "message": "Login successful", "service": "cc_reconcile", "stage": "download_davinci", "status": "ok"}
{"timestamp": "2026-02-17T05:00:40+0800", "level": "INFO", "logger": "etl_logger", "message": "Token obtained successfully", "service": "cc_reconcile", "stage": "download_davinci", "status": "ok"}
{"timestamp": "2026-02-17T05:00:40+0800", "level": "INFO", "logger": "etl_logger", "message": "Start downloading Davinci CC Report for brand: VFSC...", "service": "cc_reconcile", "stage": "download_davinci", "status": "ok"}
{"timestamp": "2026-02-17T05:00:58+0800", "level": "INFO", "logger": "etl_logger", "message": "POST success (VFSC 2026-02-13): cc_withdraw_detail_report_20260216210058.csv, took 17.5s", "service": "cc_reconcile", "stage": "download_davinci", "status": "ok"}
{"timestamp": "2026-02-17T05:00:59+0800", "level": "INFO", "logger": "etl_logger", "message": "Download success (VFSC 2026-02-13): cc_withdraw_detail_report_20260216210058.csv, took 1.7s", "service": "cc_reconcile", "stage": "download_davinci", "status": "ok"}
{"timestamp": "2026-02-17T05:01:17+0800", "level": "INFO", "logger": "etl_logger", "message": "POST success (VFSC 2026-02-14): cc_withdraw_detail_report_20260216210117.csv, took 17.4s", "service": "cc_reconcile", "stage": "download_davinci", "status": "ok"}
{"timestamp": "2026-02-17T05:01:19+0800", "level": "INFO", "logger": "etl_logger", "message": "Download success (VFSC 2026-02-14): cc_withdraw_detail_report_20260216210117.csv, took 1.9s", "service": "cc_reconcile", "stage": "download_davinci", "status": "ok"}
{"timestamp": "2026-02-17T05:01:36+0800", "level": "INFO", "logger": "etl_logger", "message": "POST success (VFSC 2026-02-15): cc_withdraw_detail_report_20260216210136.csv, took 17.8s", "service": "cc_reconcile", "stage": "download_davinci", "status": "ok"}
{"timestamp": "2026-02-17T05:01:38+0800", "level": "INFO", "logger": "etl_logger", "message": "Download success (VFSC 2026-02-15): cc_withdraw_detail_report_20260216210136.csv, took 1.4s", "service": "cc_reconcile", "stage": "download_davinci", "status": "ok"}
{"timestamp": "2026-02-17T05:01:55+0800", "level": "INFO", "logger": "etl_logger", "message": "POST success (VFSC 2026-02-16): cc_withdraw_detail_report_20260216210155.csv, took 17.2s", "service": "cc_reconcile", "stage": "download_davinci", "status": "ok"}
{"timestamp": "2026-02-17T05:01:57+0800", "level": "INFO", "logger": "etl_logger", "message": "Download success (VFSC 2026-02-16): cc_withdraw_detail_report_20260216210155.csv, took 1.9s", "service": "cc_reconcile", "stage": "download_davinci", "status": "ok"}
{"timestamp": "2026-02-17T05:01:57+0800", "level": "INFO", "logger": "etl_logger", "message": "Finish downloading Davinci CC - VFSC Report", "service": "cc_reconcile", "stage": "download_davinci", "status": "ok"}
{"timestamp": "2026-02-17T05:01:57+0800", "level": "INFO", "logger": "etl_logger", "message": "Start downloading Davinci CC Report for brand: VFSC2...", "service": "cc_reconcile", "stage": "download_davinci", "status": "ok"}
{"timestamp": "2026-02-17T05:02:47+0800", "level": "INFO", "logger": "etl_logger", "message": "POST success (VFSC2 2026-02-13): cc_withdraw_detail_report_20260216210247.csv, took 50.3s", "service": "cc_reconcile", "stage": "download_davinci", "status": "ok"}
{"timestamp": "2026-02-17T05:02:50+0800", "level": "INFO", "logger": "etl_logger", "message": "Download success (VFSC2 2026-02-13): cc_withdraw_detail_report_20260216210247.csv, took 3.0s", "service": "cc_reconcile", "stage": "download_davinci", "status": "ok"}
{"timestamp": "2026-02-17T05:03:38+0800", "level": "INFO", "logger": "etl_logger", "message": "POST success (VFSC2 2026-02-14): cc_withdraw_detail_report_20260216210338.csv, took 47.9s", "service": "cc_reconcile", "stage": "download_davinci", "status": "ok"}
{"timestamp": "2026-02-17T05:03:41+0800", "level": "INFO", "logger": "etl_logger", "message": "Download success (VFSC2 2026-02-14): cc_withdraw_detail_report_20260216210338.csv, took 2.4s", "service": "cc_reconcile", "stage": "download_davinci", "status": "ok"}
{"timestamp": "2026-02-17T05:04:29+0800", "level": "INFO", "logger": "etl_logger", "message": "POST success (VFSC2 2026-02-15): cc_withdraw_detail_report_20260216210429.csv, took 48.5s", "service": "cc_reconcile", "stage": "download_davinci", "status": "ok"}
{"timestamp": "2026-02-17T05:04:31+0800", "level": "INFO", "logger": "etl_logger", "message": "Download success (VFSC2 2026-02-15): cc_withdraw_detail_report_20260216210429.csv, took 2.4s", "service": "cc_reconcile", "stage": "download_davinci", "status": "ok"}
{"timestamp": "2026-02-17T05:05:20+0800", "level": "INFO", "logger": "etl_logger", "message": "POST success (VFSC2 2026-02-16): cc_withdraw_detail_report_20260216210520.csv, took 48.9s", "service": "cc_reconcile", "stage": "download_davinci", "status": "ok"}
{"timestamp": "2026-02-17T05:05:23+0800", "level": "INFO", "logger": "etl_logger", "message": "Download success (VFSC2 2026-02-16): cc_withdraw_detail_report_20260216210520.csv, took 2.8s", "service": "cc_reconcile", "stage": "download_davinci", "status": "ok"}
{"timestamp": "2026-02-17T05:05:23+0800", "level": "INFO", "logger": "etl_logger", "message": "Finish downloading Davinci CC - VFSC2 Report", "service": "cc_reconcile", "stage": "download_davinci", "status": "ok"}
{"timestamp": "2026-02-17T05:05:23+0800", "level": "INFO", "logger": "etl_logger", "message": "Finish downloading Davinci CC Report for all brands, total rows: 28821", "service": "cc_reconcile", "stage": "download_davinci", "status": "ok"}
{"timestamp": "2026-02-17T05:05:23+0800", "level": "INFO", "logger": "etl_logger", "message": "Download CRM CC Report Finish ，Total: 28821", "service": "cc_reconcile", "stage": "download", "status": "ok"}
{"timestamp": "2026-02-17T05:05:23+0800", "level": "INFO", "logger": "etl_logger", "message": "Start reconcile...", "service": "cc_reconcile", "stage": "reconcile", "status": "ok"}
{"timestamp": "2026-02-17T05:05:24+0800", "level": "INFO", "logger": "etl_logger", "message": "Reconcile Finish ，Total Mismatch Case: 0", "service": "cc_reconcile", "stage": "reconcile", "status": "ok"}
{"timestamp": "2026-02-17T05:05:24+0800", "level": "INFO", "logger": "etl_logger", "message": "Connect Lark Finish", "service": "cc_reconcile", "stage": "lark", "status": "ok"}
{"timestamp": "2026-02-17T05:05:24+0800", "level": "INFO", "logger": "etl_logger", "message": "Start query existing data in LarkSheet...", "service": "cc_reconcile", "stage": "lark", "status": "ok"}
{"timestamp": "2026-02-17T05:05:25+0800", "level": "INFO", "logger": "etl_logger", "message": "Query existing data in LarkSheet Finish", "service": "cc_reconcile", "stage": "lark", "status": "ok"}
{"timestamp": "2026-02-17T05:05:25+0800", "level": "INFO", "logger": "etl_logger", "message": "Total unique keys in LarkSheet: 7, Total new mismatch cases to upload: 0", "service": "cc_reconcile", "stage": "lark", "status": "ok"}
{"timestamp": "2026-02-17T05:05:25+0800", "level": "INFO", "logger": "etl_logger", "message": "Append data to LarkSheet with range: Kalw4Y!A2:L3, rows: 1, columns: 12", "service": "cc_reconcile", "stage": "lark", "status": "ok"}
{"timestamp": "2026-02-17T05:05:26+0800", "level": "INFO", "logger": "etl_logger", "message": "✅ Successfully appended data to LarkSheet", "service": "cc_reconcile", "stage": "lark", "status": "ok"}
{"timestamp": "2026-02-17T05:05:27+0800", "level": "INFO", "logger": "etl_logger", "message": "Upload data to LarkSheet Finish", "service": "cc_reconcile", "stage": "lark", "status": "ok"}
{"timestamp": "2026-02-17T06:00:01+0800", "level": "INFO", "logger": "etl_logger", "message": "Start download reports...", "service": "cc_reconcile", "stage": "download", "status": "ok"}
{"timestamp": "2026-02-17T06:00:05+0800", "level": "INFO", "logger": "etl_logger", "message": "Payabl Login Success and Get Token Success", "service": "cc_reconcile", "stage": "download_payabl", "status": "ok"}
{"timestamp": "2026-02-17T06:00:05+0800", "level": "INFO", "logger": "etl_logger", "message": "Start downloading Payabl CC Report for date: 2026-02-16...", "service": "cc_reconcile", "stage": "download_payabl", "status": "ok"}
{"timestamp": "2026-02-17T06:00:33+0800", "level": "INFO", "logger": "etl_logger", "message": "Start downloading Payabl CC Report for date: 2026-02-17...", "service": "cc_reconcile", "stage": "download_payabl", "status": "ok"}
{"timestamp": "2026-02-17T06:00:39+0800", "level": "INFO", "logger": "etl_logger", "message": "Finish downloading Payabl CC Report", "service": "cc_reconcile", "stage": "download_payabl", "status": "ok"}
{"timestamp": "2026-02-17T06:00:39+0800", "level": "INFO", "logger": "etl_logger", "message": "Download Payabl CC Report Finish ，Total: 41848", "service": "cc_reconcile", "stage": "download", "status": "ok"}
{"timestamp": "2026-02-17T06:00:39+0800", "level": "INFO", "logger": "etl_logger", "message": "Login attempt 1/5", "service": "cc_reconcile", "stage": "download_davinci", "status": "ok"}
{"timestamp": "2026-02-17T06:00:40+0800", "level": "INFO", "logger": "etl_logger", "message": "Login response status=200, url=https://admin.vantagemarkets.com/admin/main, cookies=4", "service": "cc_reconcile", "stage": "download_davinci", "status": "ok"}
{"timestamp": "2026-02-17T06:00:40+0800", "level": "INFO", "logger": "etl_logger", "message": "Login successful", "service": "cc_reconcile", "stage": "download_davinci", "status": "ok"}
{"timestamp": "2026-02-17T06:00:40+0800", "level": "INFO", "logger": "etl_logger", "message": "Token obtained successfully", "service": "cc_reconcile", "stage": "download_davinci", "status": "ok"}
{"timestamp": "2026-02-17T06:00:40+0800", "level": "INFO", "logger": "etl_logger", "message": "Start downloading Davinci CC Report for brand: VFSC...", "service": "cc_reconcile", "stage": "download_davinci", "status": "ok"}
{"timestamp": "2026-02-17T06:01:01+0800", "level": "INFO", "logger": "etl_logger", "message": "POST success (VFSC 2026-02-14): cc_withdraw_detail_report_20260216220101.csv, took 20.5s", "service": "cc_reconcile", "stage": "download_davinci", "status": "ok"}
{"timestamp": "2026-02-17T06:01:03+0800", "level": "INFO", "logger": "etl_logger", "message": "Download success (VFSC 2026-02-14): cc_withdraw_detail_report_20260216220101.csv, took 1.9s", "service": "cc_reconcile", "stage": "download_davinci", "status": "ok"}
{"timestamp": "2026-02-17T06:01:20+0800", "level": "INFO", "logger": "etl_logger", "message": "POST success (VFSC 2026-02-15): cc_withdraw_detail_report_20260216220120.csv, took 17.0s", "service": "cc_reconcile", "stage": "download_davinci", "status": "ok"}
{"timestamp": "2026-02-17T06:01:21+0800", "level": "INFO", "logger": "etl_logger", "message": "Download success (VFSC 2026-02-15): cc_withdraw_detail_report_20260216220120.csv, took 1.7s", "service": "cc_reconcile", "stage": "download_davinci", "status": "ok"}
{"timestamp": "2026-02-17T06:01:39+0800", "level": "INFO", "logger": "etl_logger", "message": "POST success (VFSC 2026-02-16): cc_withdraw_detail_report_20260216220139.csv, took 17.4s", "service": "cc_reconcile", "stage": "download_davinci", "status": "ok"}
{"timestamp": "2026-02-17T06:01:41+0800", "level": "INFO", "logger": "etl_logger", "message": "Download success (VFSC 2026-02-16): cc_withdraw_detail_report_20260216220139.csv, took 1.9s", "service": "cc_reconcile", "stage": "download_davinci", "status": "ok"}
{"timestamp": "2026-02-17T06:01:58+0800", "level": "INFO", "logger": "etl_logger", "message": "POST success (VFSC 2026-02-17): cc_withdraw_detail_report_20260216220158.csv, took 17.5s", "service": "cc_reconcile", "stage": "download_davinci", "status": "ok"}
{"timestamp": "2026-02-17T06:01:58+0800", "level": "INFO", "logger": "etl_logger", "message": "Download success (VFSC 2026-02-17): cc_withdraw_detail_report_20260216220158.csv, took 0.3s", "service": "cc_reconcile", "stage": "download_davinci", "status": "ok"}
{"timestamp": "2026-02-17T06:01:59+0800", "level": "INFO", "logger": "etl_logger", "message": "Finish downloading Davinci CC - VFSC Report", "service": "cc_reconcile", "stage": "download_davinci", "status": "ok"}
{"timestamp": "2026-02-17T06:01:59+0800", "level": "INFO", "logger": "etl_logger", "message": "Start downloading Davinci CC Report for brand: VFSC2...", "service": "cc_reconcile", "stage": "download_davinci", "status": "ok"}
{"timestamp": "2026-02-17T06:02:49+0800", "level": "INFO", "logger": "etl_logger", "message": "POST success (VFSC2 2026-02-14): cc_withdraw_detail_report_20260216220249.csv, took 50.6s", "service": "cc_reconcile", "stage": "download_davinci", "status": "ok"}
{"timestamp": "2026-02-17T06:02:52+0800", "level": "INFO", "logger": "etl_logger", "message": "Download success (VFSC2 2026-02-14): cc_withdraw_detail_report_20260216220249.csv, took 2.5s", "service": "cc_reconcile", "stage": "download_davinci", "status": "ok"}
{"timestamp": "2026-02-17T06:03:40+0800", "level": "INFO", "logger": "etl_logger", "message": "POST success (VFSC2 2026-02-15): cc_withdraw_detail_report_20260216220340.csv, took 48.2s", "service": "cc_reconcile", "stage": "download_davinci", "status": "ok"}
{"timestamp": "2026-02-17T06:03:42+0800", "level": "INFO", "logger": "etl_logger", "message": "Download success (VFSC2 2026-02-15): cc_withdraw_detail_report_20260216220340.csv, took 2.4s", "service": "cc_reconcile", "stage": "download_davinci", "status": "ok"}
{"timestamp": "2026-02-17T06:04:30+0800", "level": "INFO", "logger": "etl_logger", "message": "POST success (VFSC2 2026-02-16): cc_withdraw_detail_report_20260216220430.csv, took 48.0s", "service": "cc_reconcile", "stage": "download_davinci", "status": "ok"}
{"timestamp": "2026-02-17T06:04:33+0800", "level": "INFO", "logger": "etl_logger", "message": "Download success (VFSC2 2026-02-16): cc_withdraw_detail_report_20260216220430.csv, took 2.6s", "service": "cc_reconcile", "stage": "download_davinci", "status": "ok"}
{"timestamp": "2026-02-17T06:05:20+0800", "level": "INFO", "logger": "etl_logger", "message": "POST success (VFSC2 2026-02-17): cc_withdraw_detail_report_20260216220520.csv, took 47.7s", "service": "cc_reconcile", "stage": "download_davinci", "status": "ok"}
{"timestamp": "2026-02-17T06:05:21+0800", "level": "INFO", "logger": "etl_logger", "message": "Download success (VFSC2 2026-02-17): cc_withdraw_detail_report_20260216220520.csv, took 0.8s", "service": "cc_reconcile", "stage": "download_davinci", "status": "ok"}
{"timestamp": "2026-02-17T06:05:21+0800", "level": "INFO", "logger": "etl_logger", "message": "Finish downloading Davinci CC - VFSC2 Report", "service": "cc_reconcile", "stage": "download_davinci", "status": "ok"}
{"timestamp": "2026-02-17T06:05:21+0800", "level": "INFO", "logger": "etl_logger", "message": "Finish downloading Davinci CC Report for all brands, total rows: 13732", "service": "cc_reconcile", "stage": "download_davinci", "status": "ok"}
{"timestamp": "2026-02-17T06:05:21+0800", "level": "INFO", "logger": "etl_logger", "message": "Download CRM CC Report Finish ，Total: 13732", "service": "cc_reconcile", "stage": "download", "status": "ok"}
{"timestamp": "2026-02-17T06:05:21+0800", "level": "INFO", "logger": "etl_logger", "message": "Start reconcile...", "service": "cc_reconcile", "stage": "reconcile", "status": "ok"}
{"timestamp": "2026-02-17T06:05:22+0800", "level": "INFO", "logger": "etl_logger", "message": "Reconcile Finish ，Total Mismatch Case: 0", "service": "cc_reconcile", "stage": "reconcile", "status": "ok"}
{"timestamp": "2026-02-17T06:05:22+0800", "level": "INFO", "logger": "etl_logger", "message": "Connect Lark Finish", "service": "cc_reconcile", "stage": "lark", "status": "ok"}
{"timestamp": "2026-02-17T06:05:22+0800", "level": "INFO", "logger": "etl_logger", "message": "Start query existing data in LarkSheet...", "service": "cc_reconcile", "stage": "lark", "status": "ok"}
{"timestamp": "2026-02-17T06:05:23+0800", "level": "INFO", "logger": "etl_logger", "message": "Query existing data in LarkSheet Finish", "service": "cc_reconcile", "stage": "lark", "status": "ok"}
{"timestamp": "2026-02-17T06:05:23+0800", "level": "INFO", "logger": "etl_logger", "message": "Total unique keys in LarkSheet: 7, Total new mismatch cases to upload: 0", "service": "cc_reconcile", "stage": "lark", "status": "ok"}
{"timestamp": "2026-02-17T06:05:23+0800", "level": "INFO", "logger": "etl_logger", "message": "Append data to LarkSheet with range: Kalw4Y!A2:L3, rows: 1, columns: 12", "service": "cc_reconcile", "stage": "lark", "status": "ok"}
{"timestamp": "2026-02-17T06:05:24+0800", "level": "INFO", "logger": "etl_logger", "message": "✅ Successfully appended data to LarkSheet", "service": "cc_reconcile", "stage": "lark", "status": "ok"}
{"timestamp": "2026-02-17T06:05:25+0800", "level": "INFO", "logger": "etl_logger", "message": "Upload data to LarkSheet Finish", "service": "cc_reconcile", "stage": "lark", "status": "ok"}
{"timestamp": "2026-02-17T07:00:02+0800", "level": "INFO", "logger": "etl_logger", "message": "Start download reports...", "service": "cc_reconcile", "stage": "download", "status": "ok"}
{"timestamp": "2026-02-17T07:00:05+0800", "level": "INFO", "logger": "etl_logger", "message": "Payabl Login Success and Get Token Success", "service": "cc_reconcile", "stage": "download_payabl", "status": "ok"}
{"timestamp": "2026-02-17T07:00:05+0800", "level": "INFO", "logger": "etl_logger", "message": "Start downloading Payabl CC Report for date: 2026-02-16...", "service": "cc_reconcile", "stage": "download_payabl", "status": "ok"}
{"timestamp": "2026-02-17T07:00:33+0800", "level": "INFO", "logger": "etl_logger", "message": "Start downloading Payabl CC Report for date: 2026-02-17...", "service": "cc_reconcile", "stage": "download_payabl", "status": "ok"}
{"timestamp": "2026-02-17T07:00:42+0800", "level": "INFO", "logger": "etl_logger", "message": "Finish downloading Payabl CC Report", "service": "cc_reconcile", "stage": "download_payabl", "status": "ok"}
{"timestamp": "2026-02-17T07:00:42+0800", "level": "INFO", "logger": "etl_logger", "message": "Download Payabl CC Report Finish ，Total: 42799", "service": "cc_reconcile", "stage": "download", "status": "ok"}
{"timestamp": "2026-02-17T07:00:42+0800", "level": "INFO", "logger": "etl_logger", "message": "Login attempt 1/5", "service": "cc_reconcile", "stage": "download_davinci", "status": "ok"}
{"timestamp": "2026-02-17T07:00:43+0800", "level": "INFO", "logger": "etl_logger", "message": "Login response status=200, url=https://admin.vantagemarkets.com/admin/main, cookies=4", "service": "cc_reconcile", "stage": "download_davinci", "status": "ok"}
{"timestamp": "2026-02-17T07:00:43+0800", "level": "INFO", "logger": "etl_logger", "message": "Login successful", "service": "cc_reconcile", "stage": "download_davinci", "status": "ok"}
{"timestamp": "2026-02-17T07:00:43+0800", "level": "INFO", "logger": "etl_logger", "message": "Token obtained successfully", "service": "cc_reconcile", "stage": "download_davinci", "status": "ok"}
{"timestamp": "2026-02-17T07:00:43+0800", "level": "INFO", "logger": "etl_logger", "message": "Start downloading Davinci CC Report for brand: VFSC...", "service": "cc_reconcile", "stage": "download_davinci", "status": "ok"}
{"timestamp": "2026-02-17T07:01:01+0800", "level": "INFO", "logger": "etl_logger", "message": "POST success (VFSC 2026-02-14): cc_withdraw_detail_report_20260216230101.csv, took 18.3s", "service": "cc_reconcile", "stage": "download_davinci", "status": "ok"}
{"timestamp": "2026-02-17T07:01:03+0800", "level": "INFO", "logger": "etl_logger", "message": "Download success (VFSC 2026-02-14): cc_withdraw_detail_report_20260216230101.csv, took 1.9s", "service": "cc_reconcile", "stage": "download_davinci", "status": "ok"}
{"timestamp": "2026-02-17T07:01:21+0800", "level": "INFO", "logger": "etl_logger", "message": "POST success (VFSC 2026-02-15): cc_withdraw_detail_report_20260216230121.csv, took 17.4s", "service": "cc_reconcile", "stage": "download_davinci", "status": "ok"}
{"timestamp": "2026-02-17T07:01:22+0800", "level": "INFO", "logger": "etl_logger", "message": "Download success (VFSC 2026-02-15): cc_withdraw_detail_report_20260216230121.csv, took 1.6s", "service": "cc_reconcile", "stage": "download_davinci", "status": "ok"}
{"timestamp": "2026-02-17T07:01:42+0800", "level": "INFO", "logger": "etl_logger", "message": "POST success (VFSC 2026-02-16): cc_withdraw_detail_report_20260216230142.csv, took 19.4s", "service": "cc_reconcile", "stage": "download_davinci", "status": "ok"}
{"timestamp": "2026-02-17T07:01:44+0800", "level": "INFO", "logger": "etl_logger", "message": "Download success (VFSC 2026-02-16): cc_withdraw_detail_report_20260216230142.csv, took 1.9s", "service": "cc_reconcile", "stage": "download_davinci", "status": "ok"}
{"timestamp": "2026-02-17T07:02:11+0800", "level": "INFO", "logger": "etl_logger", "message": "POST success (VFSC 2026-02-17): cc_withdraw_detail_report_20260216230211.csv, took 26.9s", "service": "cc_reconcile", "stage": "download_davinci", "status": "ok"}
{"timestamp": "2026-02-17T07:02:12+0800", "level": "INFO", "logger": "etl_logger", "message": "Download success (VFSC 2026-02-17): cc_withdraw_detail_report_20260216230211.csv, took 1.0s", "service": "cc_reconcile", "stage": "download_davinci", "status": "ok"}
{"timestamp": "2026-02-17T07:02:12+0800", "level": "INFO", "logger": "etl_logger", "message": "Finish downloading Davinci CC - VFSC Report", "service": "cc_reconcile", "stage": "download_davinci", "status": "ok"}
{"timestamp": "2026-02-17T07:02:12+0800", "level": "INFO", "logger": "etl_logger", "message": "Start downloading Davinci CC Report for brand: VFSC2...", "service": "cc_reconcile", "stage": "download_davinci", "status": "ok"}
{"timestamp": "2026-02-17T07:03:02+0800", "level": "INFO", "logger": "etl_logger", "message": "POST success (VFSC2 2026-02-14): cc_withdraw_detail_report_20260216230302.csv, took 50.3s", "service": "cc_reconcile", "stage": "download_davinci", "status": "ok"}
{"timestamp": "2026-02-17T07:03:04+0800", "level": "INFO", "logger": "etl_logger", "message": "Download success (VFSC2 2026-02-14): cc_withdraw_detail_report_20260216230302.csv, took 2.4s", "service": "cc_reconcile", "stage": "download_davinci", "status": "ok"}
{"timestamp": "2026-02-17T07:03:52+0800", "level": "INFO", "logger": "etl_logger", "message": "POST success (VFSC2 2026-02-15): cc_withdraw_detail_report_20260216230352.csv, took 48.2s", "service": "cc_reconcile", "stage": "download_davinci", "status": "ok"}
{"timestamp": "2026-02-17T07:03:55+0800", "level": "INFO", "logger": "etl_logger", "message": "Download success (VFSC2 2026-02-15): cc_withdraw_detail_report_20260216230352.csv, took 2.3s", "service": "cc_reconcile", "stage": "download_davinci", "status": "ok"}
{"timestamp": "2026-02-17T07:04:43+0800", "level": "INFO", "logger": "etl_logger", "message": "POST success (VFSC2 2026-02-16): cc_withdraw_detail_report_20260216230443.csv, took 48.1s", "service": "cc_reconcile", "stage": "download_davinci", "status": "ok"}
{"timestamp": "2026-02-17T07:04:46+0800", "level": "INFO", "logger": "etl_logger", "message": "Download success (VFSC2 2026-02-16): cc_withdraw_detail_report_20260216230443.csv, took 2.7s", "service": "cc_reconcile", "stage": "download_davinci", "status": "ok"}
{"timestamp": "2026-02-17T07:05:34+0800", "level": "INFO", "logger": "etl_logger", "message": "POST success (VFSC2 2026-02-17): cc_withdraw_detail_report_20260216230534.csv, took 48.1s", "service": "cc_reconcile", "stage": "download_davinci", "status": "ok"}
{"timestamp": "2026-02-17T07:05:35+0800", "level": "INFO", "logger": "etl_logger", "message": "Download success (VFSC2 2026-02-17): cc_withdraw_detail_report_20260216230534.csv, took 1.4s", "service": "cc_reconcile", "stage": "download_davinci", "status": "ok"}
{"timestamp": "2026-02-17T07:05:35+0800", "level": "INFO", "logger": "etl_logger", "message": "Finish downloading Davinci CC - VFSC2 Report", "service": "cc_reconcile", "stage": "download_davinci", "status": "ok"}
{"timestamp": "2026-02-17T07:05:35+0800", "level": "INFO", "logger": "etl_logger", "message": "Finish downloading Davinci CC Report for all brands, total rows: 13883", "service": "cc_reconcile", "stage": "download_davinci", "status": "ok"}
{"timestamp": "2026-02-17T07:05:35+0800", "level": "INFO", "logger": "etl_logger", "message": "Download CRM CC Report Finish ，Total: 13883", "service": "cc_reconcile", "stage": "download", "status": "ok"}
{"timestamp": "2026-02-17T07:05:35+0800", "level": "INFO", "logger": "etl_logger", "message": "Start reconcile...", "service": "cc_reconcile", "stage": "reconcile", "status": "ok"}
{"timestamp": "2026-02-17T07:05:36+0800", "level": "INFO", "logger": "etl_logger", "message": "Reconcile Finish ，Total Mismatch Case: 0", "service": "cc_reconcile", "stage": "reconcile", "status": "ok"}
{"timestamp": "2026-02-17T07:05:36+0800", "level": "INFO", "logger": "etl_logger", "message": "Connect Lark Finish", "service": "cc_reconcile", "stage": "lark", "status": "ok"}
{"timestamp": "2026-02-17T07:05:36+0800", "level": "INFO", "logger": "etl_logger", "message": "Start query existing data in LarkSheet...", "service": "cc_reconcile", "stage": "lark", "status": "ok"}
{"timestamp": "2026-02-17T07:05:37+0800", "level": "INFO", "logger": "etl_logger", "message": "Query existing data in LarkSheet Finish", "service": "cc_reconcile", "stage": "lark", "status": "ok"}
{"timestamp": "2026-02-17T07:05:37+0800", "level": "INFO", "logger": "etl_logger", "message": "Total unique keys in LarkSheet: 7, Total new mismatch cases to upload: 0", "service": "cc_reconcile", "stage": "lark", "status": "ok"}
{"timestamp": "2026-02-17T07:05:37+0800", "level": "INFO", "logger": "etl_logger", "message": "Append data to LarkSheet with range: Kalw4Y!A2:L3, rows: 1, columns: 12", "service": "cc_reconcile", "stage": "lark", "status": "ok"}
{"timestamp": "2026-02-17T07:05:37+0800", "level": "INFO", "logger": "etl_logger", "message": "✅ Successfully appended data to LarkSheet", "service": "cc_reconcile", "stage": "lark", "status": "ok"}
{"timestamp": "2026-02-17T07:05:39+0800", "level": "INFO", "logger": "etl_logger", "message": "Upload data to LarkSheet Finish", "service": "cc_reconcile", "stage": "lark", "status": "ok"}
{"timestamp": "2026-02-17T08:00:01+0800", "level": "INFO", "logger": "etl_logger", "message": "Start download reports...", "service": "cc_reconcile", "stage": "download", "status": "ok"}
{"timestamp": "2026-02-17T08:00:04+0800", "level": "INFO", "logger": "etl_logger", "message": "Payabl Login Success and Get Token Success", "service": "cc_reconcile", "stage": "download_payabl", "status": "ok"}
{"timestamp": "2026-02-17T08:00:04+0800", "level": "INFO", "logger": "etl_logger", "message": "Start downloading Payabl CC Report for date: 2026-02-16...", "service": "cc_reconcile", "stage": "download_payabl", "status": "ok"}
{"timestamp": "2026-02-17T08:00:30+0800", "level": "INFO", "logger": "etl_logger", "message": "Start downloading Payabl CC Report for date: 2026-02-17...", "service": "cc_reconcile", "stage": "download_payabl", "status": "ok"}
{"timestamp": "2026-02-17T08:00:39+0800", "level": "INFO", "logger": "etl_logger", "message": "Finish downloading Payabl CC Report", "service": "cc_reconcile", "stage": "download_payabl", "status": "ok"}
{"timestamp": "2026-02-17T08:00:39+0800", "level": "INFO", "logger": "etl_logger", "message": "Download Payabl CC Report Finish ，Total: 45256", "service": "cc_reconcile", "stage": "download", "status": "ok"}
{"timestamp": "2026-02-17T08:00:39+0800", "level": "INFO", "logger": "etl_logger", "message": "Login attempt 1/5", "service": "cc_reconcile", "stage": "download_davinci", "status": "ok"}
{"timestamp": "2026-02-17T08:00:41+0800", "level": "INFO", "logger": "etl_logger", "message": "Login response status=200, url=https://admin.vantagemarkets.com/admin/main, cookies=4", "service": "cc_reconcile", "stage": "download_davinci", "status": "ok"}
{"timestamp": "2026-02-17T08:00:41+0800", "level": "INFO", "logger": "etl_logger", "message": "Login successful", "service": "cc_reconcile", "stage": "download_davinci", "status": "ok"}
{"timestamp": "2026-02-17T08:00:41+0800", "level": "INFO", "logger": "etl_logger", "message": "Token obtained successfully", "service": "cc_reconcile", "stage": "download_davinci", "status": "ok"}
{"timestamp": "2026-02-17T08:00:41+0800", "level": "INFO", "logger": "etl_logger", "message": "Start downloading Davinci CC Report for brand: VFSC...", "service": "cc_reconcile", "stage": "download_davinci", "status": "ok"}
{"timestamp": "2026-02-17T08:01:01+0800", "level": "INFO", "logger": "etl_logger", "message": "POST success (VFSC 2026-02-14): cc_withdraw_detail_report_20260217000101.csv, took 19.8s", "service": "cc_reconcile", "stage": "download_davinci", "status": "ok"}
{"timestamp": "2026-02-17T08:01:02+0800", "level": "INFO", "logger": "etl_logger", "message": "Download success (VFSC 2026-02-14): cc_withdraw_detail_report_20260217000101.csv, took 1.9s", "service": "cc_reconcile", "stage": "download_davinci", "status": "ok"}
{"timestamp": "2026-02-17T08:01:20+0800", "level": "INFO", "logger": "etl_logger", "message": "POST success (VFSC 2026-02-15): cc_withdraw_detail_report_20260217000120.csv, took 17.8s", "service": "cc_reconcile", "stage": "download_davinci", "status": "ok"}
{"timestamp": "2026-02-17T08:01:22+0800", "level": "INFO", "logger": "etl_logger", "message": "Download success (VFSC 2026-02-15): cc_withdraw_detail_report_20260217000120.csv, took 1.6s", "service": "cc_reconcile", "stage": "download_davinci", "status": "ok"}
{"timestamp": "2026-02-17T08:01:39+0800", "level": "INFO", "logger": "etl_logger", "message": "POST success (VFSC 2026-02-16): cc_withdraw_detail_report_20260217000139.csv, took 16.9s", "service": "cc_reconcile", "stage": "download_davinci", "status": "ok"}
{"timestamp": "2026-02-17T08:01:41+0800", "level": "INFO", "logger": "etl_logger", "message": "Download success (VFSC 2026-02-16): cc_withdraw_detail_report_20260217000139.csv, took 1.9s", "service": "cc_reconcile", "stage": "download_davinci", "status": "ok"}
{"timestamp": "2026-02-17T08:01:58+0800", "level": "INFO", "logger": "etl_logger", "message": "POST success (VFSC 2026-02-17): cc_withdraw_detail_report_20260217000158.csv, took 17.3s", "service": "cc_reconcile", "stage": "download_davinci", "status": "ok"}
{"timestamp": "2026-02-17T08:01:59+0800", "level": "INFO", "logger": "etl_logger", "message": "Download success (VFSC 2026-02-17): cc_withdraw_detail_report_20260217000158.csv, took 0.8s", "service": "cc_reconcile", "stage": "download_davinci", "status": "ok"}
{"timestamp": "2026-02-17T08:01:59+0800", "level": "INFO", "logger": "etl_logger", "message": "Finish downloading Davinci CC - VFSC Report", "service": "cc_reconcile", "stage": "download_davinci", "status": "ok"}
{"timestamp": "2026-02-17T08:01:59+0800", "level": "INFO", "logger": "etl_logger", "message": "Start downloading Davinci CC Report for brand: VFSC2...", "service": "cc_reconcile", "stage": "download_davinci", "status": "ok"}
{"timestamp": "2026-02-17T08:02:47+0800", "level": "INFO", "logger": "etl_logger", "message": "POST success (VFSC2 2026-02-14): cc_withdraw_detail_report_20260217000246.csv, took 47.8s", "service": "cc_reconcile", "stage": "download_davinci", "status": "ok"}
{"timestamp": "2026-02-17T08:02:49+0800", "level": "INFO", "logger": "etl_logger", "message": "Download success (VFSC2 2026-02-14): cc_withdraw_detail_report_20260217000246.csv, took 2.5s", "service": "cc_reconcile", "stage": "download_davinci", "status": "ok"}
{"timestamp": "2026-02-17T08:03:38+0800", "level": "INFO", "logger": "etl_logger", "message": "POST success (VFSC2 2026-02-15): cc_withdraw_detail_report_20260217000338.csv, took 49.2s", "service": "cc_reconcile", "stage": "download_davinci", "status": "ok"}
{"timestamp": "2026-02-17T08:03:41+0800", "level": "INFO", "logger": "etl_logger", "message": "Download success (VFSC2 2026-02-15): cc_withdraw_detail_report_20260217000338.csv, took 2.4s", "service": "cc_reconcile", "stage": "download_davinci", "status": "ok"}
{"timestamp": "2026-02-17T08:04:30+0800", "level": "INFO", "logger": "etl_logger", "message": "POST success (VFSC2 2026-02-16): cc_withdraw_detail_report_20260217000430.csv, took 49.0s", "service": "cc_reconcile", "stage": "download_davinci", "status": "ok"}
{"timestamp": "2026-02-17T08:04:32+0800", "level": "INFO", "logger": "etl_logger", "message": "Download success (VFSC2 2026-02-16): cc_withdraw_detail_report_20260217000430.csv, took 2.6s", "service": "cc_reconcile", "stage": "download_davinci", "status": "ok"}
{"timestamp": "2026-02-17T08:05:21+0800", "level": "INFO", "logger": "etl_logger", "message": "POST success (VFSC2 2026-02-17): cc_withdraw_detail_report_20260217000521.csv, took 48.8s", "service": "cc_reconcile", "stage": "download_davinci", "status": "ok"}
{"timestamp": "2026-02-17T08:05:23+0800", "level": "INFO", "logger": "etl_logger", "message": "Download success (VFSC2 2026-02-17): cc_withdraw_detail_report_20260217000521.csv, took 1.7s", "service": "cc_reconcile", "stage": "download_davinci", "status": "ok"}
{"timestamp": "2026-02-17T08:05:23+0800", "level": "INFO", "logger": "etl_logger", "message": "Finish downloading Davinci CC - VFSC2 Report", "service": "cc_reconcile", "stage": "download_davinci", "status": "ok"}
{"timestamp": "2026-02-17T08:05:23+0800", "level": "INFO", "logger": "etl_logger", "message": "Finish downloading Davinci CC Report for all brands, total rows: 14148", "service": "cc_reconcile", "stage": "download_davinci", "status": "ok"}
{"timestamp": "2026-02-17T08:05:23+0800", "level": "INFO", "logger": "etl_logger", "message": "Download CRM CC Report Finish ，Total: 14148", "service": "cc_reconcile", "stage": "download", "status": "ok"}
{"timestamp": "2026-02-17T08:05:23+0800", "level": "INFO", "logger": "etl_logger", "message": "Start reconcile...", "service": "cc_reconcile", "stage": "reconcile", "status": "ok"}
{"timestamp": "2026-02-17T08:05:23+0800", "level": "INFO", "logger": "etl_logger", "message": "Reconcile Finish ，Total Mismatch Case: 0", "service": "cc_reconcile", "stage": "reconcile", "status": "ok"}
{"timestamp": "2026-02-17T08:05:24+0800", "level": "INFO", "logger": "etl_logger", "message": "Connect Lark Finish", "service": "cc_reconcile", "stage": "lark", "status": "ok"}
{"timestamp": "2026-02-17T08:05:24+0800", "level": "INFO", "logger": "etl_logger", "message": "Start query existing data in LarkSheet...", "service": "cc_reconcile", "stage": "lark", "status": "ok"}
{"timestamp": "2026-02-17T08:05:25+0800", "level": "INFO", "logger": "etl_logger", "message": "Query existing data in LarkSheet Finish", "service": "cc_reconcile", "stage": "lark", "status": "ok"}
{"timestamp": "2026-02-17T08:05:25+0800", "level": "INFO", "logger": "etl_logger", "message": "Total unique keys in LarkSheet: 7, Total new mismatch cases to upload: 0", "service": "cc_reconcile", "stage": "lark", "status": "ok"}
{"timestamp": "2026-02-17T08:05:25+0800", "level": "INFO", "logger": "etl_logger", "message": "Append data to LarkSheet with range: Kalw4Y!A2:L3, rows: 1, columns: 12", "service": "cc_reconcile", "stage": "lark", "status": "ok"}
{"timestamp": "2026-02-17T08:05:26+0800", "level": "INFO", "logger": "etl_logger", "message": "✅ Successfully appended data to LarkSheet", "service": "cc_reconcile", "stage": "lark", "status": "ok"}
{"timestamp": "2026-02-17T08:05:27+0800", "level": "INFO", "logger": "etl_logger", "message": "Upload data to LarkSheet Finish", "service": "cc_reconcile", "stage": "lark", "status": "ok"}
{"timestamp": "2026-02-17T09:00:01+0800", "level": "INFO", "logger": "etl_logger", "message": "Start download reports...", "service": "cc_reconcile", "stage": "download", "status": "ok"}
{"timestamp": "2026-02-17T09:00:04+0800", "level": "INFO", "logger": "etl_logger", "message": "Payabl Login Success and Get Token Success", "service": "cc_reconcile", "stage": "download_payabl", "status": "ok"}
{"timestamp": "2026-02-17T09:00:04+0800", "level": "INFO", "logger": "etl_logger", "message": "Start downloading Payabl CC Report for date: 2026-02-16...", "service": "cc_reconcile", "stage": "download_payabl", "status": "ok"}
{"timestamp": "2026-02-17T09:00:33+0800", "level": "INFO", "logger": "etl_logger", "message": "Start downloading Payabl CC Report for date: 2026-02-17...", "service": "cc_reconcile", "stage": "download_payabl", "status": "ok"}
{"timestamp": "2026-02-17T09:00:42+0800", "level": "INFO", "logger": "etl_logger", "message": "Finish downloading Payabl CC Report", "service": "cc_reconcile", "stage": "download_payabl", "status": "ok"}
{"timestamp": "2026-02-17T09:00:42+0800", "level": "INFO", "logger": "etl_logger", "message": "Download Payabl CC Report Finish ，Total: 47605", "service": "cc_reconcile", "stage": "download", "status": "ok"}
{"timestamp": "2026-02-17T09:00:42+0800", "level": "INFO", "logger": "etl_logger", "message": "Login attempt 1/5", "service": "cc_reconcile", "stage": "download_davinci", "status": "ok"}
{"timestamp": "2026-02-17T09:00:44+0800", "level": "INFO", "logger": "etl_logger", "message": "Login response status=200, url=https://admin.vantagemarkets.com/admin/main, cookies=4", "service": "cc_reconcile", "stage": "download_davinci", "status": "ok"}
{"timestamp": "2026-02-17T09:00:44+0800", "level": "INFO", "logger": "etl_logger", "message": "Login successful", "service": "cc_reconcile", "stage": "download_davinci", "status": "ok"}
{"timestamp": "2026-02-17T09:00:44+0800", "level": "INFO", "logger": "etl_logger", "message": "Token obtained successfully", "service": "cc_reconcile", "stage": "download_davinci", "status": "ok"}
{"timestamp": "2026-02-17T09:00:44+0800", "level": "INFO", "logger": "etl_logger", "message": "Start downloading Davinci CC Report for brand: VFSC...", "service": "cc_reconcile", "stage": "download_davinci", "status": "ok"}
{"timestamp": "2026-02-17T09:01:02+0800", "level": "INFO", "logger": "etl_logger", "message": "POST success (VFSC 2026-02-14): cc_withdraw_detail_report_20260217010102.csv, took 17.8s", "service": "cc_reconcile", "stage": "download_davinci", "status": "ok"}
{"timestamp": "2026-02-17T09:01:04+0800", "level": "INFO", "logger": "etl_logger", "message": "Download success (VFSC 2026-02-14): cc_withdraw_detail_report_20260217010102.csv, took 1.9s", "service": "cc_reconcile", "stage": "download_davinci", "status": "ok"}
{"timestamp": "2026-02-17T09:01:20+0800", "level": "INFO", "logger": "etl_logger", "message": "POST success (VFSC 2026-02-15): cc_withdraw_detail_report_20260217010120.csv, took 16.7s", "service": "cc_reconcile", "stage": "download_davinci", "status": "ok"}
{"timestamp": "2026-02-17T09:01:22+0800", "level": "INFO", "logger": "etl_logger", "message": "Download success (VFSC 2026-02-15): cc_withdraw_detail_report_20260217010120.csv, took 1.6s", "service": "cc_reconcile", "stage": "download_davinci", "status": "ok"}
{"timestamp": "2026-02-17T09:01:39+0800", "level": "INFO", "logger": "etl_logger", "message": "POST success (VFSC 2026-02-16): cc_withdraw_detail_report_20260217010139.csv, took 17.1s", "service": "cc_reconcile", "stage": "download_davinci", "status": "ok"}
{"timestamp": "2026-02-17T09:01:41+0800", "level": "INFO", "logger": "etl_logger", "message": "Download success (VFSC 2026-02-16): cc_withdraw_detail_report_20260217010139.csv, took 1.9s", "service": "cc_reconcile", "stage": "download_davinci", "status": "ok"}
{"timestamp": "2026-02-17T09:01:58+0800", "level": "INFO", "logger": "etl_logger", "message": "POST success (VFSC 2026-02-17): cc_withdraw_detail_report_20260217010158.csv, took 17.2s", "service": "cc_reconcile", "stage": "download_davinci", "status": "ok"}
{"timestamp": "2026-02-17T09:01:59+0800", "level": "INFO", "logger": "etl_logger", "message": "Download success (VFSC 2026-02-17): cc_withdraw_detail_report_20260217010158.csv, took 1.2s", "service": "cc_reconcile", "stage": "download_davinci", "status": "ok"}
{"timestamp": "2026-02-17T09:01:59+0800", "level": "INFO", "logger": "etl_logger", "message": "Finish downloading Davinci CC - VFSC Report", "service": "cc_reconcile", "stage": "download_davinci", "status": "ok"}
{"timestamp": "2026-02-17T09:01:59+0800", "level": "INFO", "logger": "etl_logger", "message": "Start downloading Davinci CC Report for brand: VFSC2...", "service": "cc_reconcile", "stage": "download_davinci", "status": "ok"}
{"timestamp": "2026-02-17T09:02:49+0800", "level": "INFO", "logger": "etl_logger", "message": "POST success (VFSC2 2026-02-14): cc_withdraw_detail_report_20260217010249.csv, took 49.5s", "service": "cc_reconcile", "stage": "download_davinci", "status": "ok"}
{"timestamp": "2026-02-17T09:02:51+0800", "level": "INFO", "logger": "etl_logger", "message": "Download success (VFSC2 2026-02-14): cc_withdraw_detail_report_20260217010249.csv, took 2.4s", "service": "cc_reconcile", "stage": "download_davinci", "status": "ok"}
{"timestamp": "2026-02-17T09:03:40+0800", "level": "INFO", "logger": "etl_logger", "message": "POST success (VFSC2 2026-02-15): cc_withdraw_detail_report_20260217010340.csv, took 49.0s", "service": "cc_reconcile", "stage": "download_davinci", "status": "ok"}
{"timestamp": "2026-02-17T09:03:43+0800", "level": "INFO", "logger": "etl_logger", "message": "Download success (VFSC2 2026-02-15): cc_withdraw_detail_report_20260217010340.csv, took 2.4s", "service": "cc_reconcile", "stage": "download_davinci", "status": "ok"}
{"timestamp": "2026-02-17T09:04:31+0800", "level": "INFO", "logger": "etl_logger", "message": "POST success (VFSC2 2026-02-16): cc_withdraw_detail_report_20260217010431.csv, took 48.7s", "service": "cc_reconcile", "stage": "download_davinci", "status": "ok"}
{"timestamp": "2026-02-17T09:04:34+0800", "level": "INFO", "logger": "etl_logger", "message": "Download success (VFSC2 2026-02-16): cc_withdraw_detail_report_20260217010431.csv, took 2.7s", "service": "cc_reconcile", "stage": "download_davinci", "status": "ok"}
{"timestamp": "2026-02-17T09:05:23+0800", "level": "INFO", "logger": "etl_logger", "message": "POST success (VFSC2 2026-02-17): cc_withdraw_detail_report_20260217010523.csv, took 49.4s", "service": "cc_reconcile", "stage": "download_davinci", "status": "ok"}
{"timestamp": "2026-02-17T09:05:25+0800", "level": "INFO", "logger": "etl_logger", "message": "Download success (VFSC2 2026-02-17): cc_withdraw_detail_report_20260217010523.csv, took 1.9s", "service": "cc_reconcile", "stage": "download_davinci", "status": "ok"}
{"timestamp": "2026-02-17T09:05:25+0800", "level": "INFO", "logger": "etl_logger", "message": "Finish downloading Davinci CC - VFSC2 Report", "service": "cc_reconcile", "stage": "download_davinci", "status": "ok"}
{"timestamp": "2026-02-17T09:05:25+0800", "level": "INFO", "logger": "etl_logger", "message": "Finish downloading Davinci CC Report for all brands, total rows: 14431", "service": "cc_reconcile", "stage": "download_davinci", "status": "ok"}
{"timestamp": "2026-02-17T09:05:25+0800", "level": "INFO", "logger": "etl_logger", "message": "Download CRM CC Report Finish ，Total: 14431", "service": "cc_reconcile", "stage": "download", "status": "ok"}
{"timestamp": "2026-02-17T09:05:25+0800", "level": "INFO", "logger": "etl_logger", "message": "Start reconcile...", "service": "cc_reconcile", "stage": "reconcile", "status": "ok"}
{"timestamp": "2026-02-17T09:05:26+0800", "level": "INFO", "logger": "etl_logger", "message": "Reconcile Finish ，Total Mismatch Case: 0", "service": "cc_reconcile", "stage": "reconcile", "status": "ok"}
{"timestamp": "2026-02-17T09:05:26+0800", "level": "INFO", "logger": "etl_logger", "message": "Connect Lark Finish", "service": "cc_reconcile", "stage": "lark", "status": "ok"}
{"timestamp": "2026-02-17T09:05:26+0800", "level": "INFO", "logger": "etl_logger", "message": "Start query existing data in LarkSheet...", "service": "cc_reconcile", "stage": "lark", "status": "ok"}
{"timestamp": "2026-02-17T09:05:27+0800", "level": "INFO", "logger": "etl_logger", "message": "Query existing data in LarkSheet Finish", "service": "cc_reconcile", "stage": "lark", "status": "ok"}
{"timestamp": "2026-02-17T09:05:27+0800", "level": "INFO", "logger": "etl_logger", "message": "Total unique keys in LarkSheet: 7, Total new mismatch cases to upload: 0", "service": "cc_reconcile", "stage": "lark", "status": "ok"}
{"timestamp": "2026-02-17T09:05:27+0800", "level": "INFO", "logger": "etl_logger", "message": "Append data to LarkSheet with range: Kalw4Y!A2:L3, rows: 1, columns: 12", "service": "cc_reconcile", "stage": "lark", "status": "ok"}
{"timestamp": "2026-02-17T09:05:27+0800", "level": "INFO", "logger": "etl_logger", "message": "✅ Successfully appended data to LarkSheet", "service": "cc_reconcile", "stage": "lark", "status": "ok"}
{"timestamp": "2026-02-17T09:05:29+0800", "level": "INFO", "logger": "etl_logger", "message": "Upload data to LarkSheet Finish", "service": "cc_reconcile", "stage": "lark", "status": "ok"}
{"timestamp": "2026-02-17T10:00:01+0800", "level": "INFO", "logger": "etl_logger", "message": "Start download reports...", "service": "cc_reconcile", "stage": "download", "status": "ok"}
{"timestamp": "2026-02-17T10:00:04+0800", "level": "INFO", "logger": "etl_logger", "message": "Payabl Login Success and Get Token Success", "service": "cc_reconcile", "stage": "download_payabl", "status": "ok"}
{"timestamp": "2026-02-17T10:00:04+0800", "level": "INFO", "logger": "etl_logger", "message": "Start downloading Payabl CC Report for date: 2026-02-16...", "service": "cc_reconcile", "stage": "download_payabl", "status": "ok"}
{"timestamp": "2026-02-17T10:00:32+0800", "level": "INFO", "logger": "etl_logger", "message": "Start downloading Payabl CC Report for date: 2026-02-17...", "service": "cc_reconcile", "stage": "download_payabl", "status": "ok"}
{"timestamp": "2026-02-17T10:00:42+0800", "level": "INFO", "logger": "etl_logger", "message": "Finish downloading Payabl CC Report", "service": "cc_reconcile", "stage": "download_payabl", "status": "ok"}
{"timestamp": "2026-02-17T10:00:42+0800", "level": "INFO", "logger": "etl_logger", "message": "Download Payabl CC Report Finish ，Total: 49468", "service": "cc_reconcile", "stage": "download", "status": "ok"}
{"timestamp": "2026-02-17T10:00:42+0800", "level": "INFO", "logger": "etl_logger", "message": "Login attempt 1/5", "service": "cc_reconcile", "stage": "download_davinci", "status": "ok"}
{"timestamp": "2026-02-17T10:00:43+0800", "level": "INFO", "logger": "etl_logger", "message": "Login response status=200, url=https://admin.vantagemarkets.com/admin/main, cookies=4", "service": "cc_reconcile", "stage": "download_davinci", "status": "ok"}
{"timestamp": "2026-02-17T10:00:43+0800", "level": "INFO", "logger": "etl_logger", "message": "Login successful", "service": "cc_reconcile", "stage": "download_davinci", "status": "ok"}
{"timestamp": "2026-02-17T10:00:43+0800", "level": "INFO", "logger": "etl_logger", "message": "Token obtained successfully", "service": "cc_reconcile", "stage": "download_davinci", "status": "ok"}
{"timestamp": "2026-02-17T10:00:43+0800", "level": "INFO", "logger": "etl_logger", "message": "Start downloading Davinci CC Report for brand: VFSC...", "service": "cc_reconcile", "stage": "download_davinci", "status": "ok"}
{"timestamp": "2026-02-17T10:01:02+0800", "level": "INFO", "logger": "etl_logger", "message": "POST success (VFSC 2026-02-14): cc_withdraw_detail_report_20260217020102.csv, took 18.4s", "service": "cc_reconcile", "stage": "download_davinci", "status": "ok"}
{"timestamp": "2026-02-17T10:01:04+0800", "level": "INFO", "logger": "etl_logger", "message": "Download success (VFSC 2026-02-14): cc_withdraw_detail_report_20260217020102.csv, took 1.9s", "service": "cc_reconcile", "stage": "download_davinci", "status": "ok"}
{"timestamp": "2026-02-17T10:01:21+0800", "level": "INFO", "logger": "etl_logger", "message": "POST success (VFSC 2026-02-15): cc_withdraw_detail_report_20260217020121.csv, took 17.5s", "service": "cc_reconcile", "stage": "download_davinci", "status": "ok"}
{"timestamp": "2026-02-17T10:01:23+0800", "level": "INFO", "logger": "etl_logger", "message": "Download success (VFSC 2026-02-15): cc_withdraw_detail_report_20260217020121.csv, took 1.6s", "service": "cc_reconcile", "stage": "download_davinci", "status": "ok"}
{"timestamp": "2026-02-17T10:01:41+0800", "level": "INFO", "logger": "etl_logger", "message": "POST success (VFSC 2026-02-16): cc_withdraw_detail_report_20260217020141.csv, took 18.2s", "service": "cc_reconcile", "stage": "download_davinci", "status": "ok"}
{"timestamp": "2026-02-17T10:01:43+0800", "level": "INFO", "logger": "etl_logger", "message": "Download success (VFSC 2026-02-16): cc_withdraw_detail_report_20260217020141.csv, took 1.8s", "service": "cc_reconcile", "stage": "download_davinci", "status": "ok"}
{"timestamp": "2026-02-17T10:02:01+0800", "level": "INFO", "logger": "etl_logger", "message": "POST success (VFSC 2026-02-17): cc_withdraw_detail_report_20260217020201.csv, took 18.0s", "service": "cc_reconcile", "stage": "download_davinci", "status": "ok"}
{"timestamp": "2026-02-17T10:02:02+0800", "level": "INFO", "logger": "etl_logger", "message": "Download success (VFSC 2026-02-17): cc_withdraw_detail_report_20260217020201.csv, took 1.3s", "service": "cc_reconcile", "stage": "download_davinci", "status": "ok"}
{"timestamp": "2026-02-17T10:02:02+0800", "level": "INFO", "logger": "etl_logger", "message": "Finish downloading Davinci CC - VFSC Report", "service": "cc_reconcile", "stage": "download_davinci", "status": "ok"}
{"timestamp": "2026-02-17T10:02:02+0800", "level": "INFO", "logger": "etl_logger", "message": "Start downloading Davinci CC Report for brand: VFSC2...", "service": "cc_reconcile", "stage": "download_davinci", "status": "ok"}
{"timestamp": "2026-02-17T10:02:50+0800", "level": "INFO", "logger": "etl_logger", "message": "POST success (VFSC2 2026-02-14): cc_withdraw_detail_report_20260217020250.csv, took 47.7s", "service": "cc_reconcile", "stage": "download_davinci", "status": "ok"}
{"timestamp": "2026-02-17T10:02:52+0800", "level": "INFO", "logger": "etl_logger", "message": "Download success (VFSC2 2026-02-14): cc_withdraw_detail_report_20260217020250.csv, took 2.4s", "service": "cc_reconcile", "stage": "download_davinci", "status": "ok"}
{"timestamp": "2026-02-17T10:03:43+0800", "level": "INFO", "logger": "etl_logger", "message": "POST success (VFSC2 2026-02-15): cc_withdraw_detail_report_20260217020343.csv, took 51.1s", "service": "cc_reconcile", "stage": "download_davinci", "status": "ok"}
{"timestamp": "2026-02-17T10:03:46+0800", "level": "INFO", "logger": "etl_logger", "message": "Download success (VFSC2 2026-02-15): cc_withdraw_detail_report_20260217020343.csv, took 2.3s", "service": "cc_reconcile", "stage": "download_davinci", "status": "ok"}
{"timestamp": "2026-02-17T10:04:36+0800", "level": "INFO", "logger": "etl_logger", "message": "POST success (VFSC2 2026-02-16): cc_withdraw_detail_report_20260217020436.csv, took 50.7s", "service": "cc_reconcile", "stage": "download_davinci", "status": "ok"}
{"timestamp": "2026-02-17T10:04:39+0800", "level": "INFO", "logger": "etl_logger", "message": "Download success (VFSC2 2026-02-16): cc_withdraw_detail_report_20260217020436.csv, took 2.7s", "service": "cc_reconcile", "stage": "download_davinci", "status": "ok"}
{"timestamp": "2026-02-17T10:05:28+0800", "level": "INFO", "logger": "etl_logger", "message": "POST success (VFSC2 2026-02-17): cc_withdraw_detail_report_20260217020528.csv, took 48.9s", "service": "cc_reconcile", "stage": "download_davinci", "status": "ok"}
{"timestamp": "2026-02-17T10:05:30+0800", "level": "INFO", "logger": "etl_logger", "message": "Download success (VFSC2 2026-02-17): cc_withdraw_detail_report_20260217020528.csv, took 2.1s", "service": "cc_reconcile", "stage": "download_davinci", "status": "ok"}
{"timestamp": "2026-02-17T10:05:30+0800", "level": "INFO", "logger": "etl_logger", "message": "Finish downloading Davinci CC - VFSC2 Report", "service": "cc_reconcile", "stage": "download_davinci", "status": "ok"}
{"timestamp": "2026-02-17T10:05:30+0800", "level": "INFO", "logger": "etl_logger", "message": "Finish downloading Davinci CC Report for all brands, total rows: 14745", "service": "cc_reconcile", "stage": "download_davinci", "status": "ok"}
{"timestamp": "2026-02-17T10:05:30+0800", "level": "INFO", "logger": "etl_logger", "message": "Download CRM CC Report Finish ，Total: 14745", "service": "cc_reconcile", "stage": "download", "status": "ok"}
{"timestamp": "2026-02-17T10:05:30+0800", "level": "INFO", "logger": "etl_logger", "message": "Start reconcile...", "service": "cc_reconcile", "stage": "reconcile", "status": "ok"}
{"timestamp": "2026-02-17T10:05:30+0800", "level": "INFO", "logger": "etl_logger", "message": "Reconcile Finish ，Total Mismatch Case: 0", "service": "cc_reconcile", "stage": "reconcile", "status": "ok"}
{"timestamp": "2026-02-17T10:05:31+0800", "level": "INFO", "logger": "etl_logger", "message": "Connect Lark Finish", "service": "cc_reconcile", "stage": "lark", "status": "ok"}
{"timestamp": "2026-02-17T10:05:31+0800", "level": "INFO", "logger": "etl_logger", "message": "Start query existing data in LarkSheet...", "service": "cc_reconcile", "stage": "lark", "status": "ok"}
{"timestamp": "2026-02-17T10:05:32+0800", "level": "INFO", "logger": "etl_logger", "message": "Query existing data in LarkSheet Finish", "service": "cc_reconcile", "stage": "lark", "status": "ok"}
{"timestamp": "2026-02-17T10:05:32+0800", "level": "INFO", "logger": "etl_logger", "message": "Total unique keys in LarkSheet: 7, Total new mismatch cases to upload: 0", "service": "cc_reconcile", "stage": "lark", "status": "ok"}
{"timestamp": "2026-02-17T10:05:32+0800", "level": "INFO", "logger": "etl_logger", "message": "Append data to LarkSheet with range: Kalw4Y!A2:L3, rows: 1, columns: 12", "service": "cc_reconcile", "stage": "lark", "status": "ok"}
{"timestamp": "2026-02-17T10:05:32+0800", "level": "INFO", "logger": "etl_logger", "message": "✅ Successfully appended data to LarkSheet", "service": "cc_reconcile", "stage": "lark", "status": "ok"}
{"timestamp": "2026-02-17T10:05:35+0800", "level": "INFO", "logger": "etl_logger", "message": "Upload data to LarkSheet Finish", "service": "cc_reconcile", "stage": "lark", "status": "ok"}
{"timestamp": "2026-02-17T11:00:02+0800", "level": "INFO", "logger": "etl_logger", "message": "Start download reports...", "service": "cc_reconcile", "stage": "download", "status": "ok"}
{"timestamp": "2026-02-17T11:00:05+0800", "level": "INFO", "logger": "etl_logger", "message": "Payabl Login Success and Get Token Success", "service": "cc_reconcile", "stage": "download_payabl", "status": "ok"}
{"timestamp": "2026-02-17T11:00:05+0800", "level": "INFO", "logger": "etl_logger", "message": "Start downloading Payabl CC Report for date: 2026-02-16...", "service": "cc_reconcile", "stage": "download_payabl", "status": "ok"}
{"timestamp": "2026-02-17T11:00:33+0800", "level": "INFO", "logger": "etl_logger", "message": "Start downloading Payabl CC Report for date: 2026-02-17...", "service": "cc_reconcile", "stage": "download_payabl", "status": "ok"}
{"timestamp": "2026-02-17T11:00:42+0800", "level": "INFO", "logger": "etl_logger", "message": "Finish downloading Payabl CC Report", "service": "cc_reconcile", "stage": "download_payabl", "status": "ok"}
{"timestamp": "2026-02-17T11:00:42+0800", "level": "INFO", "logger": "etl_logger", "message": "Download Payabl CC Report Finish ，Total: 50139", "service": "cc_reconcile", "stage": "download", "status": "ok"}
{"timestamp": "2026-02-17T11:00:42+0800", "level": "INFO", "logger": "etl_logger", "message": "Login attempt 1/5", "service": "cc_reconcile", "stage": "download_davinci", "status": "ok"}
{"timestamp": "2026-02-17T11:00:43+0800", "level": "INFO", "logger": "etl_logger", "message": "Login response status=200, url=https://admin.vantagemarkets.com/admin/main, cookies=4", "service": "cc_reconcile", "stage": "download_davinci", "status": "ok"}
{"timestamp": "2026-02-17T11:00:43+0800", "level": "INFO", "logger": "etl_logger", "message": "Login successful", "service": "cc_reconcile", "stage": "download_davinci", "status": "ok"}
{"timestamp": "2026-02-17T11:00:44+0800", "level": "INFO", "logger": "etl_logger", "message": "Token obtained successfully", "service": "cc_reconcile", "stage": "download_davinci", "status": "ok"}
{"timestamp": "2026-02-17T11:00:44+0800", "level": "INFO", "logger": "etl_logger", "message": "Start downloading Davinci CC Report for brand: VFSC...", "service": "cc_reconcile", "stage": "download_davinci", "status": "ok"}
{"timestamp": "2026-02-17T11:01:02+0800", "level": "INFO", "logger": "etl_logger", "message": "POST success (VFSC 2026-02-14): cc_withdraw_detail_report_20260217030102.csv, took 18.8s", "service": "cc_reconcile", "stage": "download_davinci", "status": "ok"}
{"timestamp": "2026-02-17T11:01:04+0800", "level": "INFO", "logger": "etl_logger", "message": "Download success (VFSC 2026-02-14): cc_withdraw_detail_report_20260217030102.csv, took 1.9s", "service": "cc_reconcile", "stage": "download_davinci", "status": "ok"}
{"timestamp": "2026-02-17T11:01:21+0800", "level": "INFO", "logger": "etl_logger", "message": "POST success (VFSC 2026-02-15): cc_withdraw_detail_report_20260217030121.csv, took 16.8s", "service": "cc_reconcile", "stage": "download_davinci", "status": "ok"}
{"timestamp": "2026-02-17T11:01:23+0800", "level": "INFO", "logger": "etl_logger", "message": "Download success (VFSC 2026-02-15): cc_withdraw_detail_report_20260217030121.csv, took 1.6s", "service": "cc_reconcile", "stage": "download_davinci", "status": "ok"}
{"timestamp": "2026-02-17T11:01:39+0800", "level": "INFO", "logger": "etl_logger", "message": "POST success (VFSC 2026-02-16): cc_withdraw_detail_report_20260217030139.csv, took 16.7s", "service": "cc_reconcile", "stage": "download_davinci", "status": "ok"}
{"timestamp": "2026-02-17T11:01:41+0800", "level": "INFO", "logger": "etl_logger", "message": "Download success (VFSC 2026-02-16): cc_withdraw_detail_report_20260217030139.csv, took 1.9s", "service": "cc_reconcile", "stage": "download_davinci", "status": "ok"}
{"timestamp": "2026-02-17T11:01:58+0800", "level": "INFO", "logger": "etl_logger", "message": "POST success (VFSC 2026-02-17): cc_withdraw_detail_report_20260217030158.csv, took 16.4s", "service": "cc_reconcile", "stage": "download_davinci", "status": "ok"}
{"timestamp": "2026-02-17T11:01:59+0800", "level": "INFO", "logger": "etl_logger", "message": "Download success (VFSC 2026-02-17): cc_withdraw_detail_report_20260217030158.csv, took 1.5s", "service": "cc_reconcile", "stage": "download_davinci", "status": "ok"}
{"timestamp": "2026-02-17T11:01:59+0800", "level": "INFO", "logger": "etl_logger", "message": "Finish downloading Davinci CC - VFSC Report", "service": "cc_reconcile", "stage": "download_davinci", "status": "ok"}
{"timestamp": "2026-02-17T11:01:59+0800", "level": "INFO", "logger": "etl_logger", "message": "Start downloading Davinci CC Report for brand: VFSC2...", "service": "cc_reconcile", "stage": "download_davinci", "status": "ok"}
{"timestamp": "2026-02-17T11:02:47+0800", "level": "INFO", "logger": "etl_logger", "message": "POST success (VFSC2 2026-02-14): cc_withdraw_detail_report_20260217030247.csv, took 47.5s", "service": "cc_reconcile", "stage": "download_davinci", "status": "ok"}
{"timestamp": "2026-02-17T11:02:49+0800", "level": "INFO", "logger": "etl_logger", "message": "Download success (VFSC2 2026-02-14): cc_withdraw_detail_report_20260217030247.csv, took 2.4s", "service": "cc_reconcile", "stage": "download_davinci", "status": "ok"}
{"timestamp": "2026-02-17T11:03:37+0800", "level": "INFO", "logger": "etl_logger", "message": "POST success (VFSC2 2026-02-15): cc_withdraw_detail_report_20260217030336.csv, took 47.5s", "service": "cc_reconcile", "stage": "download_davinci", "status": "ok"}
{"timestamp": "2026-02-17T11:03:39+0800", "level": "INFO", "logger": "etl_logger", "message": "Download success (VFSC2 2026-02-15): cc_withdraw_detail_report_20260217030336.csv, took 2.3s", "service": "cc_reconcile", "stage": "download_davinci", "status": "ok"}
{"timestamp": "2026-02-17T11:04:27+0800", "level": "INFO", "logger": "etl_logger", "message": "POST success (VFSC2 2026-02-16): cc_withdraw_detail_report_20260217030427.csv, took 48.1s", "service": "cc_reconcile", "stage": "download_davinci", "status": "ok"}
{"timestamp": "2026-02-17T11:04:30+0800", "level": "INFO", "logger": "etl_logger", "message": "Download success (VFSC2 2026-02-16): cc_withdraw_detail_report_20260217030427.csv, took 2.7s", "service": "cc_reconcile", "stage": "download_davinci", "status": "ok"}
{"timestamp": "2026-02-17T11:05:17+0800", "level": "INFO", "logger": "etl_logger", "message": "POST success (VFSC2 2026-02-17): cc_withdraw_detail_report_20260217030517.csv, took 47.5s", "service": "cc_reconcile", "stage": "download_davinci", "status": "ok"}
{"timestamp": "2026-02-17T11:05:19+0800", "level": "INFO", "logger": "etl_logger", "message": "Download success (VFSC2 2026-02-17): cc_withdraw_detail_report_20260217030517.csv, took 2.1s", "service": "cc_reconcile", "stage": "download_davinci", "status": "ok"}
{"timestamp": "2026-02-17T11:05:20+0800", "level": "INFO", "logger": "etl_logger", "message": "Finish downloading Davinci CC - VFSC2 Report", "service": "cc_reconcile", "stage": "download_davinci", "status": "ok"}
{"timestamp": "2026-02-17T11:05:20+0800", "level": "INFO", "logger": "etl_logger", "message": "Finish downloading Davinci CC Report for all brands, total rows: 14910", "service": "cc_reconcile", "stage": "download_davinci", "status": "ok"}
{"timestamp": "2026-02-17T11:05:20+0800", "level": "INFO", "logger": "etl_logger", "message": "Download CRM CC Report Finish ，Total: 14910", "service": "cc_reconcile", "stage": "download", "status": "ok"}
{"timestamp": "2026-02-17T11:05:20+0800", "level": "INFO", "logger": "etl_logger", "message": "Start reconcile...", "service": "cc_reconcile", "stage": "reconcile", "status": "ok"}
{"timestamp": "2026-02-17T11:05:20+0800", "level": "INFO", "logger": "etl_logger", "message": "Reconcile Finish ，Total Mismatch Case: 0", "service": "cc_reconcile", "stage": "reconcile", "status": "ok"}
{"timestamp": "2026-02-17T11:05:20+0800", "level": "INFO", "logger": "etl_logger", "message": "Connect Lark Finish", "service": "cc_reconcile", "stage": "lark", "status": "ok"}
{"timestamp": "2026-02-17T11:05:20+0800", "level": "INFO", "logger": "etl_logger", "message": "Start query existing data in LarkSheet...", "service": "cc_reconcile", "stage": "lark", "status": "ok"}
{"timestamp": "2026-02-17T11:05:29+0800", "level": "INFO", "logger": "etl_logger", "message": "Query existing data in LarkSheet Finish", "service": "cc_reconcile", "stage": "lark", "status": "ok"}
{"timestamp": "2026-02-17T11:05:29+0800", "level": "INFO", "logger": "etl_logger", "message": "Total unique keys in LarkSheet: 7, Total new mismatch cases to upload: 0", "service": "cc_reconcile", "stage": "lark", "status": "ok"}
{"timestamp": "2026-02-17T11:05:29+0800", "level": "INFO", "logger": "etl_logger", "message": "Append data to LarkSheet with range: Kalw4Y!A2:L3, rows: 1, columns: 12", "service": "cc_reconcile", "stage": "lark", "status": "ok"}
{"timestamp": "2026-02-17T11:05:29+0800", "level": "INFO", "logger": "etl_logger", "message": "✅ Successfully appended data to LarkSheet", "service": "cc_reconcile", "stage": "lark", "status": "ok"}
{"timestamp": "2026-02-17T11:05:32+0800", "level": "INFO", "logger": "etl_logger", "message": "Upload data to LarkSheet Finish", "service": "cc_reconcile", "stage": "lark", "status": "ok"}
{"timestamp": "2026-02-17T12:00:02+0800", "level": "INFO", "logger": "etl_logger", "message": "Start download reports...", "service": "cc_reconcile", "stage": "download", "status": "ok"}
{"timestamp": "2026-02-17T12:00:05+0800", "level": "INFO", "logger": "etl_logger", "message": "Payabl Login Success and Get Token Success", "service": "cc_reconcile", "stage": "download_payabl", "status": "ok"}
{"timestamp": "2026-02-17T12:00:05+0800", "level": "INFO", "logger": "etl_logger", "message": "Start downloading Payabl CC Report for date: 2026-02-16...", "service": "cc_reconcile", "stage": "download_payabl", "status": "ok"}
{"timestamp": "2026-02-17T12:00:33+0800", "level": "INFO", "logger": "etl_logger", "message": "Start downloading Payabl CC Report for date: 2026-02-17...", "service": "cc_reconcile", "stage": "download_payabl", "status": "ok"}
{"timestamp": "2026-02-17T12:00:42+0800", "level": "INFO", "logger": "etl_logger", "message": "Finish downloading Payabl CC Report", "service": "cc_reconcile", "stage": "download_payabl", "status": "ok"}
{"timestamp": "2026-02-17T12:00:42+0800", "level": "INFO", "logger": "etl_logger", "message": "Download Payabl CC Report Finish ，Total: 50792", "service": "cc_reconcile", "stage": "download", "status": "ok"}
{"timestamp": "2026-02-17T12:00:42+0800", "level": "INFO", "logger": "etl_logger", "message": "Login attempt 1/5", "service": "cc_reconcile", "stage": "download_davinci", "status": "ok"}
{"timestamp": "2026-02-17T12:00:44+0800", "level": "INFO", "logger": "etl_logger", "message": "Login response status=200, url=https://admin.vantagemarkets.com/admin/main, cookies=4", "service": "cc_reconcile", "stage": "download_davinci", "status": "ok"}
{"timestamp": "2026-02-17T12:00:44+0800", "level": "INFO", "logger": "etl_logger", "message": "Login successful", "service": "cc_reconcile", "stage": "download_davinci", "status": "ok"}
{"timestamp": "2026-02-17T12:00:44+0800", "level": "INFO", "logger": "etl_logger", "message": "Token obtained successfully", "service": "cc_reconcile", "stage": "download_davinci", "status": "ok"}
{"timestamp": "2026-02-17T12:00:44+0800", "level": "INFO", "logger": "etl_logger", "message": "Start downloading Davinci CC Report for brand: VFSC...", "service": "cc_reconcile", "stage": "download_davinci", "status": "ok"}
{"timestamp": "2026-02-17T12:01:02+0800", "level": "INFO", "logger": "etl_logger", "message": "POST success (VFSC 2026-02-14): cc_withdraw_detail_report_20260217040102.csv, took 18.5s", "service": "cc_reconcile", "stage": "download_davinci", "status": "ok"}
{"timestamp": "2026-02-17T12:01:04+0800", "level": "INFO", "logger": "etl_logger", "message": "Download success (VFSC 2026-02-14): cc_withdraw_detail_report_20260217040102.csv, took 1.9s", "service": "cc_reconcile", "stage": "download_davinci", "status": "ok"}
{"timestamp": "2026-02-17T12:01:21+0800", "level": "INFO", "logger": "etl_logger", "message": "POST success (VFSC 2026-02-15): cc_withdraw_detail_report_20260217040121.csv, took 16.8s", "service": "cc_reconcile", "stage": "download_davinci", "status": "ok"}
{"timestamp": "2026-02-17T12:01:23+0800", "level": "INFO", "logger": "etl_logger", "message": "Download success (VFSC 2026-02-15): cc_withdraw_detail_report_20260217040121.csv, took 1.7s", "service": "cc_reconcile", "stage": "download_davinci", "status": "ok"}
{"timestamp": "2026-02-17T12:01:40+0800", "level": "INFO", "logger": "etl_logger", "message": "POST success (VFSC 2026-02-16): cc_withdraw_detail_report_20260217040140.csv, took 17.6s", "service": "cc_reconcile", "stage": "download_davinci", "status": "ok"}
{"timestamp": "2026-02-17T12:01:42+0800", "level": "INFO", "logger": "etl_logger", "message": "Download success (VFSC 2026-02-16): cc_withdraw_detail_report_20260217040140.csv, took 1.9s", "service": "cc_reconcile", "stage": "download_davinci", "status": "ok"}
{"timestamp": "2026-02-17T12:02:00+0800", "level": "INFO", "logger": "etl_logger", "message": "POST success (VFSC 2026-02-17): cc_withdraw_detail_report_20260217040200.csv, took 17.5s", "service": "cc_reconcile", "stage": "download_davinci", "status": "ok"}
{"timestamp": "2026-02-17T12:02:01+0800", "level": "INFO", "logger": "etl_logger", "message": "Download success (VFSC 2026-02-17): cc_withdraw_detail_report_20260217040200.csv, took 1.2s", "service": "cc_reconcile", "stage": "download_davinci", "status": "ok"}
{"timestamp": "2026-02-17T12:02:01+0800", "level": "INFO", "logger": "etl_logger", "message": "Finish downloading Davinci CC - VFSC Report", "service": "cc_reconcile", "stage": "download_davinci", "status": "ok"}
{"timestamp": "2026-02-17T12:02:01+0800", "level": "INFO", "logger": "etl_logger", "message": "Start downloading Davinci CC Report for brand: VFSC2...", "service": "cc_reconcile", "stage": "download_davinci", "status": "ok"}
{"timestamp": "2026-02-17T12:02:49+0800", "level": "INFO", "logger": "etl_logger", "message": "POST success (VFSC2 2026-02-14): cc_withdraw_detail_report_20260217040249.csv, took 47.8s", "service": "cc_reconcile", "stage": "download_davinci", "status": "ok"}
{"timestamp": "2026-02-17T12:02:51+0800", "level": "INFO", "logger": "etl_logger", "message": "Download success (VFSC2 2026-02-14): cc_withdraw_detail_report_20260217040249.csv, took 2.4s", "service": "cc_reconcile", "stage": "download_davinci", "status": "ok"}
{"timestamp": "2026-02-17T12:03:40+0800", "level": "INFO", "logger": "etl_logger", "message": "POST success (VFSC2 2026-02-15): cc_withdraw_detail_report_20260217040340.csv, took 48.6s", "service": "cc_reconcile", "stage": "download_davinci", "status": "ok"}
{"timestamp": "2026-02-17T12:03:42+0800", "level": "INFO", "logger": "etl_logger", "message": "Download success (VFSC2 2026-02-15): cc_withdraw_detail_report_20260217040340.csv, took 2.4s", "service": "cc_reconcile", "stage": "download_davinci", "status": "ok"}
{"timestamp": "2026-02-17T12:04:31+0800", "level": "INFO", "logger": "etl_logger", "message": "POST success (VFSC2 2026-02-16): cc_withdraw_detail_report_20260217040431.csv, took 49.0s", "service": "cc_reconcile", "stage": "download_davinci", "status": "ok"}
{"timestamp": "2026-02-17T12:04:34+0800", "level": "INFO", "logger": "etl_logger", "message": "Download success (VFSC2 2026-02-16): cc_withdraw_detail_report_20260217040431.csv, took 2.8s", "service": "cc_reconcile", "stage": "download_davinci", "status": "ok"}
{"timestamp": "2026-02-17T12:05:21+0800", "level": "INFO", "logger": "etl_logger", "message": "POST success (VFSC2 2026-02-17): cc_withdraw_detail_report_20260217040521.csv, took 47.4s", "service": "cc_reconcile", "stage": "download_davinci", "status": "ok"}
{"timestamp": "2026-02-17T12:05:23+0800", "level": "INFO", "logger": "etl_logger", "message": "Download success (VFSC2 2026-02-17): cc_withdraw_detail_report_20260217040521.csv, took 2.2s", "service": "cc_reconcile", "stage": "download_davinci", "status": "ok"}
{"timestamp": "2026-02-17T12:05:24+0800", "level": "INFO", "logger": "etl_logger", "message": "Finish downloading Davinci CC - VFSC2 Report", "service": "cc_reconcile", "stage": "download_davinci", "status": "ok"}
{"timestamp": "2026-02-17T12:05:24+0800", "level": "INFO", "logger": "etl_logger", "message": "Finish downloading Davinci CC Report for all brands, total rows: 15036", "service": "cc_reconcile", "stage": "download_davinci", "status": "ok"}
{"timestamp": "2026-02-17T12:05:24+0800", "level": "INFO", "logger": "etl_logger", "message": "Download CRM CC Report Finish ，Total: 15036", "service": "cc_reconcile", "stage": "download", "status": "ok"}
{"timestamp": "2026-02-17T12:05:24+0800", "level": "INFO", "logger": "etl_logger", "message": "Start reconcile...", "service": "cc_reconcile", "stage": "reconcile", "status": "ok"}
{"timestamp": "2026-02-17T12:05:24+0800", "level": "INFO", "logger": "etl_logger", "message": "Reconcile Finish ，Total Mismatch Case: 0", "service": "cc_reconcile", "stage": "reconcile", "status": "ok"}
{"timestamp": "2026-02-17T12:05:24+0800", "level": "INFO", "logger": "etl_logger", "message": "Connect Lark Finish", "service": "cc_reconcile", "stage": "lark", "status": "ok"}
{"timestamp": "2026-02-17T12:05:24+0800", "level": "INFO", "logger": "etl_logger", "message": "Start query existing data in LarkSheet...", "service": "cc_reconcile", "stage": "lark", "status": "ok"}
{"timestamp": "2026-02-17T12:05:25+0800", "level": "INFO", "logger": "etl_logger", "message": "Query existing data in LarkSheet Finish", "service": "cc_reconcile", "stage": "lark", "status": "ok"}
{"timestamp": "2026-02-17T12:05:25+0800", "level": "INFO", "logger": "etl_logger", "message": "Total unique keys in LarkSheet: 7, Total new mismatch cases to upload: 0", "service": "cc_reconcile", "stage": "lark", "status": "ok"}
{"timestamp": "2026-02-17T12:05:25+0800", "level": "INFO", "logger": "etl_logger", "message": "Append data to LarkSheet with range: Kalw4Y!A2:L3, rows: 1, columns: 12", "service": "cc_reconcile", "stage": "lark", "status": "ok"}
{"timestamp": "2026-02-17T12:05:25+0800", "level": "INFO", "logger": "etl_logger", "message": "✅ Successfully appended data to LarkSheet", "service": "cc_reconcile", "stage": "lark", "status": "ok"}
{"timestamp": "2026-02-17T12:05:26+0800", "level": "INFO", "logger": "etl_logger", "message": "Upload data to LarkSheet Finish", "service": "cc_reconcile", "stage": "lark", "status": "ok"}
{"timestamp": "2026-02-17T13:00:01+0800", "level": "INFO", "logger": "etl_logger", "message": "Start download reports...", "service": "cc_reconcile", "stage": "download", "status": "ok"}
{"timestamp": "2026-02-17T13:00:05+0800", "level": "INFO", "logger": "etl_logger", "message": "Payabl Login Success and Get Token Success", "service": "cc_reconcile", "stage": "download_payabl", "status": "ok"}
{"timestamp": "2026-02-17T13:00:05+0800", "level": "INFO", "logger": "etl_logger", "message": "Start downloading Payabl CC Report for date: 2026-02-16...", "service": "cc_reconcile", "stage": "download_payabl", "status": "ok"}
{"timestamp": "2026-02-17T13:00:33+0800", "level": "INFO", "logger": "etl_logger", "message": "Start downloading Payabl CC Report for date: 2026-02-17...", "service": "cc_reconcile", "stage": "download_payabl", "status": "ok"}
{"timestamp": "2026-02-17T13:00:43+0800", "level": "INFO", "logger": "etl_logger", "message": "Finish downloading Payabl CC Report", "service": "cc_reconcile", "stage": "download_payabl", "status": "ok"}
{"timestamp": "2026-02-17T13:00:43+0800", "level": "INFO", "logger": "etl_logger", "message": "Download Payabl CC Report Finish ，Total: 51399", "service": "cc_reconcile", "stage": "download", "status": "ok"}
{"timestamp": "2026-02-17T13:00:43+0800", "level": "INFO", "logger": "etl_logger", "message": "Login attempt 1/5", "service": "cc_reconcile", "stage": "download_davinci", "status": "ok"}
{"timestamp": "2026-02-17T13:00:44+0800", "level": "INFO", "logger": "etl_logger", "message": "Login response status=200, url=https://admin.vantagemarkets.com/admin/main, cookies=4", "service": "cc_reconcile", "stage": "download_davinci", "status": "ok"}
{"timestamp": "2026-02-17T13:00:44+0800", "level": "INFO", "logger": "etl_logger", "message": "Login successful", "service": "cc_reconcile", "stage": "download_davinci", "status": "ok"}
{"timestamp": "2026-02-17T13:00:45+0800", "level": "INFO", "logger": "etl_logger", "message": "Token obtained successfully", "service": "cc_reconcile", "stage": "download_davinci", "status": "ok"}
{"timestamp": "2026-02-17T13:00:45+0800", "level": "INFO", "logger": "etl_logger", "message": "Start downloading Davinci CC Report for brand: VFSC...", "service": "cc_reconcile", "stage": "download_davinci", "status": "ok"}
{"timestamp": "2026-02-17T13:01:03+0800", "level": "INFO", "logger": "etl_logger", "message": "POST success (VFSC 2026-02-14): cc_withdraw_detail_report_20260217050103.csv, took 18.6s", "service": "cc_reconcile", "stage": "download_davinci", "status": "ok"}
{"timestamp": "2026-02-17T13:01:05+0800", "level": "INFO", "logger": "etl_logger", "message": "Download success (VFSC 2026-02-14): cc_withdraw_detail_report_20260217050103.csv, took 1.9s", "service": "cc_reconcile", "stage": "download_davinci", "status": "ok"}
{"timestamp": "2026-02-17T13:01:23+0800", "level": "INFO", "logger": "etl_logger", "message": "POST success (VFSC 2026-02-15): cc_withdraw_detail_report_20260217050123.csv, took 17.7s", "service": "cc_reconcile", "stage": "download_davinci", "status": "ok"}
{"timestamp": "2026-02-17T13:01:24+0800", "level": "INFO", "logger": "etl_logger", "message": "Download success (VFSC 2026-02-15): cc_withdraw_detail_report_20260217050123.csv, took 1.7s", "service": "cc_reconcile", "stage": "download_davinci", "status": "ok"}
{"timestamp": "2026-02-17T13:01:43+0800", "level": "INFO", "logger": "etl_logger", "message": "POST success (VFSC 2026-02-16): cc_withdraw_detail_report_20260217050143.csv, took 18.3s", "service": "cc_reconcile", "stage": "download_davinci", "status": "ok"}
{"timestamp": "2026-02-17T13:01:45+0800", "level": "INFO", "logger": "etl_logger", "message": "Download success (VFSC 2026-02-16): cc_withdraw_detail_report_20260217050143.csv, took 1.9s", "service": "cc_reconcile", "stage": "download_davinci", "status": "ok"}
{"timestamp": "2026-02-17T13:02:02+0800", "level": "INFO", "logger": "etl_logger", "message": "POST success (VFSC 2026-02-17): cc_withdraw_detail_report_20260217050202.csv, took 17.8s", "service": "cc_reconcile", "stage": "download_davinci", "status": "ok"}
{"timestamp": "2026-02-17T13:02:04+0800", "level": "INFO", "logger": "etl_logger", "message": "Download success (VFSC 2026-02-17): cc_withdraw_detail_report_20260217050202.csv, took 1.4s", "service": "cc_reconcile", "stage": "download_davinci", "status": "ok"}
{"timestamp": "2026-02-17T13:02:04+0800", "level": "INFO", "logger": "etl_logger", "message": "Finish downloading Davinci CC - VFSC Report", "service": "cc_reconcile", "stage": "download_davinci", "status": "ok"}
{"timestamp": "2026-02-17T13:02:04+0800", "level": "INFO", "logger": "etl_logger", "message": "Start downloading Davinci CC Report for brand: VFSC2...", "service": "cc_reconcile", "stage": "download_davinci", "status": "ok"}
{"timestamp": "2026-02-17T13:02:56+0800", "level": "INFO", "logger": "etl_logger", "message": "POST success (VFSC2 2026-02-14): cc_withdraw_detail_report_20260217050256.csv, took 52.1s", "service": "cc_reconcile", "stage": "download_davinci", "status": "ok"}
{"timestamp": "2026-02-17T13:02:58+0800", "level": "INFO", "logger": "etl_logger", "message": "Download success (VFSC2 2026-02-14): cc_withdraw_detail_report_20260217050256.csv, took 2.4s", "service": "cc_reconcile", "stage": "download_davinci", "status": "ok"}
{"timestamp": "2026-02-17T13:03:49+0800", "level": "INFO", "logger": "etl_logger", "message": "POST success (VFSC2 2026-02-15): cc_withdraw_detail_report_20260217050348.csv, took 50.3s", "service": "cc_reconcile", "stage": "download_davinci", "status": "ok"}
{"timestamp": "2026-02-17T13:03:51+0800", "level": "INFO", "logger": "etl_logger", "message": "Download success (VFSC2 2026-02-15): cc_withdraw_detail_report_20260217050348.csv, took 2.4s", "service": "cc_reconcile", "stage": "download_davinci", "status": "ok"}
{"timestamp": "2026-02-17T13:05:56+0800", "level": "WARNING", "logger": "etl_logger", "message": "POST failed (VFSC2 2026-02-16) attempt 1: 524 Server Error:  for url: https://report.vantagemarkets.com/api/cc-detail/download, took 125.0s", "service": "cc_reconcile", "stage": "download_davinci", "status": "ok"}
{"timestamp": "2026-02-17T13:06:52+0800", "level": "INFO", "logger": "etl_logger", "message": "POST success (VFSC2 2026-02-16): cc_withdraw_detail_report_20260217050652.csv, took 50.9s", "service": "cc_reconcile", "stage": "download_davinci", "status": "ok"}
{"timestamp": "2026-02-17T13:06:55+0800", "level": "INFO", "logger": "etl_logger", "message": "Download success (VFSC2 2026-02-16): cc_withdraw_detail_report_20260217050652.csv, took 2.6s", "service": "cc_reconcile", "stage": "download_davinci", "status": "ok"}
{"timestamp": "2026-02-17T13:07:44+0800", "level": "INFO", "logger": "etl_logger", "message": "POST success (VFSC2 2026-02-17): cc_withdraw_detail_report_20260217050744.csv, took 49.4s", "service": "cc_reconcile", "stage": "download_davinci", "status": "ok"}
{"timestamp": "2026-02-17T13:07:46+0800", "level": "INFO", "logger": "etl_logger", "message": "Download success (VFSC2 2026-02-17): cc_withdraw_detail_report_20260217050744.csv, took 2.2s", "service": "cc_reconcile", "stage": "download_davinci", "status": "ok"}
{"timestamp": "2026-02-17T13:07:46+0800", "level": "INFO", "logger": "etl_logger", "message": "Finish downloading Davinci CC - VFSC2 Report", "service": "cc_reconcile", "stage": "download_davinci", "status": "ok"}
{"timestamp": "2026-02-17T13:07:46+0800", "level": "INFO", "logger": "etl_logger", "message": "Finish downloading Davinci CC Report for all brands, total rows: 15186", "service": "cc_reconcile", "stage": "download_davinci", "status": "ok"}
{"timestamp": "2026-02-17T13:07:46+0800", "level": "INFO", "logger": "etl_logger", "message": "Download CRM CC Report Finish ，Total: 15186", "service": "cc_reconcile", "stage": "download", "status": "ok"}
{"timestamp": "2026-02-17T13:07:46+0800", "level": "INFO", "logger": "etl_logger", "message": "Start reconcile...", "service": "cc_reconcile", "stage": "reconcile", "status": "ok"}
{"timestamp": "2026-02-17T13:07:47+0800", "level": "INFO", "logger": "etl_logger", "message": "Reconcile Finish ，Total Mismatch Case: 0", "service": "cc_reconcile", "stage": "reconcile", "status": "ok"}
{"timestamp": "2026-02-17T13:07:47+0800", "level": "INFO", "logger": "etl_logger", "message": "Connect Lark Finish", "service": "cc_reconcile", "stage": "lark", "status": "ok"}
{"timestamp": "2026-02-17T13:07:47+0800", "level": "INFO", "logger": "etl_logger", "message": "Start query existing data in LarkSheet...", "service": "cc_reconcile", "stage": "lark", "status": "ok"}
{"timestamp": "2026-02-17T13:07:48+0800", "level": "INFO", "logger": "etl_logger", "message": "Query existing data in LarkSheet Finish", "service": "cc_reconcile", "stage": "lark", "status": "ok"}
{"timestamp": "2026-02-17T13:07:48+0800", "level": "INFO", "logger": "etl_logger", "message": "Total unique keys in LarkSheet: 7, Total new mismatch cases to upload: 0", "service": "cc_reconcile", "stage": "lark", "status": "ok"}
{"timestamp": "2026-02-17T13:07:48+0800", "level": "INFO", "logger": "etl_logger", "message": "Append data to LarkSheet with range: Kalw4Y!A2:L3, rows: 1, columns: 12", "service": "cc_reconcile", "stage": "lark", "status": "ok"}
{"timestamp": "2026-02-17T13:07:48+0800", "level": "INFO", "logger": "etl_logger", "message": "✅ Successfully appended data to LarkSheet", "service": "cc_reconcile", "stage": "lark", "status": "ok"}
{"timestamp": "2026-02-17T13:07:49+0800", "level": "INFO", "logger": "etl_logger", "message": "Upload data to LarkSheet Finish", "service": "cc_reconcile", "stage": "lark", "status": "ok"}
{"timestamp": "2026-02-17T14:00:02+0800", "level": "INFO", "logger": "etl_logger", "message": "Start download reports...", "service": "cc_reconcile", "stage": "download", "status": "ok"}
{"timestamp": "2026-02-17T14:00:05+0800", "level": "INFO", "logger": "etl_logger", "message": "Payabl Login Success and Get Token Success", "service": "cc_reconcile", "stage": "download_payabl", "status": "ok"}
{"timestamp": "2026-02-17T14:00:05+0800", "level": "INFO", "logger": "etl_logger", "message": "Start downloading Payabl CC Report for date: 2026-02-16...", "service": "cc_reconcile", "stage": "download_payabl", "status": "ok"}
{"timestamp": "2026-02-17T14:00:33+0800", "level": "INFO", "logger": "etl_logger", "message": "Start downloading Payabl CC Report for date: 2026-02-17...", "service": "cc_reconcile", "stage": "download_payabl", "status": "ok"}
{"timestamp": "2026-02-17T14:00:44+0800", "level": "INFO", "logger": "etl_logger", "message": "Finish downloading Payabl CC Report", "service": "cc_reconcile", "stage": "download_payabl", "status": "ok"}
{"timestamp": "2026-02-17T14:00:44+0800", "level": "INFO", "logger": "etl_logger", "message": "Download Payabl CC Report Finish ，Total: 54506", "service": "cc_reconcile", "stage": "download", "status": "ok"}
{"timestamp": "2026-02-17T14:00:44+0800", "level": "INFO", "logger": "etl_logger", "message": "Login attempt 1/5", "service": "cc_reconcile", "stage": "download_davinci", "status": "ok"}
{"timestamp": "2026-02-17T14:00:45+0800", "level": "INFO", "logger": "etl_logger", "message": "Login response status=200, url=https://admin.vantagemarkets.com/admin/main, cookies=4", "service": "cc_reconcile", "stage": "download_davinci", "status": "ok"}
{"timestamp": "2026-02-17T14:00:45+0800", "level": "INFO", "logger": "etl_logger", "message": "Login successful", "service": "cc_reconcile", "stage": "download_davinci", "status": "ok"}
{"timestamp": "2026-02-17T14:00:46+0800", "level": "INFO", "logger": "etl_logger", "message": "Token obtained successfully", "service": "cc_reconcile", "stage": "download_davinci", "status": "ok"}
{"timestamp": "2026-02-17T14:00:46+0800", "level": "INFO", "logger": "etl_logger", "message": "Start downloading Davinci CC Report for brand: VFSC...", "service": "cc_reconcile", "stage": "download_davinci", "status": "ok"}
{"timestamp": "2026-02-17T14:01:07+0800", "level": "INFO", "logger": "etl_logger", "message": "POST success (VFSC 2026-02-14): cc_withdraw_detail_report_20260217060107.csv, took 21.1s", "service": "cc_reconcile", "stage": "download_davinci", "status": "ok"}
{"timestamp": "2026-02-17T14:01:09+0800", "level": "INFO", "logger": "etl_logger", "message": "Download success (VFSC 2026-02-14): cc_withdraw_detail_report_20260217060107.csv, took 1.9s", "service": "cc_reconcile", "stage": "download_davinci", "status": "ok"}
{"timestamp": "2026-02-17T14:01:26+0800", "level": "INFO", "logger": "etl_logger", "message": "POST success (VFSC 2026-02-15): cc_withdraw_detail_report_20260217060126.csv, took 17.0s", "service": "cc_reconcile", "stage": "download_davinci", "status": "ok"}
{"timestamp": "2026-02-17T14:01:28+0800", "level": "INFO", "logger": "etl_logger", "message": "Download success (VFSC 2026-02-15): cc_withdraw_detail_report_20260217060126.csv, took 1.7s", "service": "cc_reconcile", "stage": "download_davinci", "status": "ok"}
{"timestamp": "2026-02-17T14:01:45+0800", "level": "INFO", "logger": "etl_logger", "message": "POST success (VFSC 2026-02-16): cc_withdraw_detail_report_20260217060145.csv, took 17.4s", "service": "cc_reconcile", "stage": "download_davinci", "status": "ok"}
{"timestamp": "2026-02-17T14:01:47+0800", "level": "INFO", "logger": "etl_logger", "message": "Download success (VFSC 2026-02-16): cc_withdraw_detail_report_20260217060145.csv, took 1.9s", "service": "cc_reconcile", "stage": "download_davinci", "status": "ok"}
{"timestamp": "2026-02-17T14:02:05+0800", "level": "INFO", "logger": "etl_logger", "message": "POST success (VFSC 2026-02-17): cc_withdraw_detail_report_20260217060205.csv, took 17.8s", "service": "cc_reconcile", "stage": "download_davinci", "status": "ok"}
{"timestamp": "2026-02-17T14:02:06+0800", "level": "INFO", "logger": "etl_logger", "message": "Download success (VFSC 2026-02-17): cc_withdraw_detail_report_20260217060205.csv, took 1.5s", "service": "cc_reconcile", "stage": "download_davinci", "status": "ok"}
{"timestamp": "2026-02-17T14:02:06+0800", "level": "INFO", "logger": "etl_logger", "message": "Finish downloading Davinci CC - VFSC Report", "service": "cc_reconcile", "stage": "download_davinci", "status": "ok"}
{"timestamp": "2026-02-17T14:02:06+0800", "level": "INFO", "logger": "etl_logger", "message": "Start downloading Davinci CC Report for brand: VFSC2...", "service": "cc_reconcile", "stage": "download_davinci", "status": "ok"}
{"timestamp": "2026-02-17T14:02:54+0800", "level": "INFO", "logger": "etl_logger", "message": "POST success (VFSC2 2026-02-14): cc_withdraw_detail_report_20260217060254.csv, took 47.8s", "service": "cc_reconcile", "stage": "download_davinci", "status": "ok"}
{"timestamp": "2026-02-17T14:02:56+0800", "level": "INFO", "logger": "etl_logger", "message": "Download success (VFSC2 2026-02-14): cc_withdraw_detail_report_20260217060254.csv, took 2.4s", "service": "cc_reconcile", "stage": "download_davinci", "status": "ok"}
{"timestamp": "2026-02-17T14:03:47+0800", "level": "INFO", "logger": "etl_logger", "message": "POST success (VFSC2 2026-02-15): cc_withdraw_detail_report_20260217060346.csv, took 50.3s", "service": "cc_reconcile", "stage": "download_davinci", "status": "ok"}
{"timestamp": "2026-02-17T14:03:49+0800", "level": "INFO", "logger": "etl_logger", "message": "Download success (VFSC2 2026-02-15): cc_withdraw_detail_report_20260217060346.csv, took 2.5s", "service": "cc_reconcile", "stage": "download_davinci", "status": "ok"}
{"timestamp": "2026-02-17T14:04:39+0800", "level": "INFO", "logger": "etl_logger", "message": "POST success (VFSC2 2026-02-16): cc_withdraw_detail_report_20260217060439.csv, took 50.3s", "service": "cc_reconcile", "stage": "download_davinci", "status": "ok"}
{"timestamp": "2026-02-17T14:04:42+0800", "level": "INFO", "logger": "etl_logger", "message": "Download success (VFSC2 2026-02-16): cc_withdraw_detail_report_20260217060439.csv, took 2.7s", "service": "cc_reconcile", "stage": "download_davinci", "status": "ok"}
{"timestamp": "2026-02-17T14:05:30+0800", "level": "INFO", "logger": "etl_logger", "message": "POST success (VFSC2 2026-02-17): cc_withdraw_detail_report_20260217060530.csv, took 48.1s", "service": "cc_reconcile", "stage": "download_davinci", "status": "ok"}
{"timestamp": "2026-02-17T14:05:32+0800", "level": "INFO", "logger": "etl_logger", "message": "Download success (VFSC2 2026-02-17): cc_withdraw_detail_report_20260217060530.csv, took 1.7s", "service": "cc_reconcile", "stage": "download_davinci", "status": "ok"}
{"timestamp": "2026-02-17T14:05:32+0800", "level": "INFO", "logger": "etl_logger", "message": "Finish downloading Davinci CC - VFSC2 Report", "service": "cc_reconcile", "stage": "download_davinci", "status": "ok"}
{"timestamp": "2026-02-17T14:05:32+0800", "level": "INFO", "logger": "etl_logger", "message": "Finish downloading Davinci CC Report for all brands, total rows: 15696", "service": "cc_reconcile", "stage": "download_davinci", "status": "ok"}
{"timestamp": "2026-02-17T14:05:32+0800", "level": "INFO", "logger": "etl_logger", "message": "Download CRM CC Report Finish ，Total: 15696", "service": "cc_reconcile", "stage": "download", "status": "ok"}
{"timestamp": "2026-02-17T14:05:32+0800", "level": "INFO", "logger": "etl_logger", "message": "Start reconcile...", "service": "cc_reconcile", "stage": "reconcile", "status": "ok"}
{"timestamp": "2026-02-17T14:05:32+0800", "level": "INFO", "logger": "etl_logger", "message": "Reconcile Finish ，Total Mismatch Case: 0", "service": "cc_reconcile", "stage": "reconcile", "status": "ok"}
{"timestamp": "2026-02-17T14:05:33+0800", "level": "INFO", "logger": "etl_logger", "message": "Connect Lark Finish", "service": "cc_reconcile", "stage": "lark", "status": "ok"}
{"timestamp": "2026-02-17T14:05:33+0800", "level": "INFO", "logger": "etl_logger", "message": "Start query existing data in LarkSheet...", "service": "cc_reconcile", "stage": "lark", "status": "ok"}
{"timestamp": "2026-02-17T14:05:33+0800", "level": "INFO", "logger": "etl_logger", "message": "Query existing data in LarkSheet Finish", "service": "cc_reconcile", "stage": "lark", "status": "ok"}
{"timestamp": "2026-02-17T14:05:33+0800", "level": "INFO", "logger": "etl_logger", "message": "Total unique keys in LarkSheet: 7, Total new mismatch cases to upload: 0", "service": "cc_reconcile", "stage": "lark", "status": "ok"}
{"timestamp": "2026-02-17T14:05:33+0800", "level": "INFO", "logger": "etl_logger", "message": "Append data to LarkSheet with range: Kalw4Y!A2:L3, rows: 1, columns: 12", "service": "cc_reconcile", "stage": "lark", "status": "ok"}
{"timestamp": "2026-02-17T14:05:34+0800", "level": "INFO", "logger": "etl_logger", "message": "✅ Successfully appended data to LarkSheet", "service": "cc_reconcile", "stage": "lark", "status": "ok"}
{"timestamp": "2026-02-17T14:05:35+0800", "level": "INFO", "logger": "etl_logger", "message": "Upload data to LarkSheet Finish", "service": "cc_reconcile", "stage": "lark", "status": "ok"}
{"timestamp": "2026-02-17T15:00:01+0800", "level": "INFO", "logger": "etl_logger", "message": "Start download reports...", "service": "cc_reconcile", "stage": "download", "status": "ok"}
{"timestamp": "2026-02-17T15:00:04+0800", "level": "INFO", "logger": "etl_logger", "message": "Payabl Login Success and Get Token Success", "service": "cc_reconcile", "stage": "download_payabl", "status": "ok"}
{"timestamp": "2026-02-17T15:00:04+0800", "level": "INFO", "logger": "etl_logger", "message": "Start downloading Payabl CC Report for date: 2026-02-16...", "service": "cc_reconcile", "stage": "download_payabl", "status": "ok"}
{"timestamp": "2026-02-17T15:00:35+0800", "level": "INFO", "logger": "etl_logger", "message": "Start downloading Payabl CC Report for date: 2026-02-17...", "service": "cc_reconcile", "stage": "download_payabl", "status": "ok"}
{"timestamp": "2026-02-17T15:00:48+0800", "level": "INFO", "logger": "etl_logger", "message": "Finish downloading Payabl CC Report", "service": "cc_reconcile", "stage": "download_payabl", "status": "ok"}
{"timestamp": "2026-02-17T15:00:48+0800", "level": "INFO", "logger": "etl_logger", "message": "Download Payabl CC Report Finish ，Total: 56192", "service": "cc_reconcile", "stage": "download", "status": "ok"}
{"timestamp": "2026-02-17T15:00:48+0800", "level": "INFO", "logger": "etl_logger", "message": "Login attempt 1/5", "service": "cc_reconcile", "stage": "download_davinci", "status": "ok"}
{"timestamp": "2026-02-17T15:00:49+0800", "level": "INFO", "logger": "etl_logger", "message": "Login response status=200, url=https://admin.vantagemarkets.com/admin/main, cookies=4", "service": "cc_reconcile", "stage": "download_davinci", "status": "ok"}
{"timestamp": "2026-02-17T15:00:49+0800", "level": "INFO", "logger": "etl_logger", "message": "Login successful", "service": "cc_reconcile", "stage": "download_davinci", "status": "ok"}
{"timestamp": "2026-02-17T15:00:49+0800", "level": "INFO", "logger": "etl_logger", "message": "Token obtained successfully", "service": "cc_reconcile", "stage": "download_davinci", "status": "ok"}
{"timestamp": "2026-02-17T15:00:49+0800", "level": "INFO", "logger": "etl_logger", "message": "Start downloading Davinci CC Report for brand: VFSC...", "service": "cc_reconcile", "stage": "download_davinci", "status": "ok"}
{"timestamp": "2026-02-17T15:01:08+0800", "level": "INFO", "logger": "etl_logger", "message": "POST success (VFSC 2026-02-14): cc_withdraw_detail_report_20260217070108.csv, took 18.4s", "service": "cc_reconcile", "stage": "download_davinci", "status": "ok"}
{"timestamp": "2026-02-17T15:01:10+0800", "level": "INFO", "logger": "etl_logger", "message": "Download success (VFSC 2026-02-14): cc_withdraw_detail_report_20260217070108.csv, took 1.9s", "service": "cc_reconcile", "stage": "download_davinci", "status": "ok"}
{"timestamp": "2026-02-17T15:01:30+0800", "level": "INFO", "logger": "etl_logger", "message": "POST success (VFSC 2026-02-15): cc_withdraw_detail_report_20260217070130.csv, took 19.8s", "service": "cc_reconcile", "stage": "download_davinci", "status": "ok"}
{"timestamp": "2026-02-17T15:01:31+0800", "level": "INFO", "logger": "etl_logger", "message": "Download success (VFSC 2026-02-15): cc_withdraw_detail_report_20260217070130.csv, took 1.6s", "service": "cc_reconcile", "stage": "download_davinci", "status": "ok"}
{"timestamp": "2026-02-17T15:01:52+0800", "level": "INFO", "logger": "etl_logger", "message": "POST success (VFSC 2026-02-16): cc_withdraw_detail_report_20260217070152.csv, took 20.7s", "service": "cc_reconcile", "stage": "download_davinci", "status": "ok"}
{"timestamp": "2026-02-17T15:01:54+0800", "level": "INFO", "logger": "etl_logger", "message": "Download success (VFSC 2026-02-16): cc_withdraw_detail_report_20260217070152.csv, took 1.9s", "service": "cc_reconcile", "stage": "download_davinci", "status": "ok"}
{"timestamp": "2026-02-17T15:02:13+0800", "level": "INFO", "logger": "etl_logger", "message": "POST success (VFSC 2026-02-17): cc_withdraw_detail_report_20260217070213.csv, took 18.9s", "service": "cc_reconcile", "stage": "download_davinci", "status": "ok"}
{"timestamp": "2026-02-17T15:02:14+0800", "level": "INFO", "logger": "etl_logger", "message": "Download success (VFSC 2026-02-17): cc_withdraw_detail_report_20260217070213.csv, took 1.7s", "service": "cc_reconcile", "stage": "download_davinci", "status": "ok"}
{"timestamp": "2026-02-17T15:02:14+0800", "level": "INFO", "logger": "etl_logger", "message": "Finish downloading Davinci CC - VFSC Report", "service": "cc_reconcile", "stage": "download_davinci", "status": "ok"}
{"timestamp": "2026-02-17T15:02:14+0800", "level": "INFO", "logger": "etl_logger", "message": "Start downloading Davinci CC Report for brand: VFSC2...", "service": "cc_reconcile", "stage": "download_davinci", "status": "ok"}
{"timestamp": "2026-02-17T15:03:06+0800", "level": "INFO", "logger": "etl_logger", "message": "POST success (VFSC2 2026-02-14): cc_withdraw_detail_report_20260217070305.csv, took 51.1s", "service": "cc_reconcile", "stage": "download_davinci", "status": "ok"}
{"timestamp": "2026-02-17T15:03:08+0800", "level": "INFO", "logger": "etl_logger", "message": "Download success (VFSC2 2026-02-14): cc_withdraw_detail_report_20260217070305.csv, took 2.4s", "service": "cc_reconcile", "stage": "download_davinci", "status": "ok"}
{"timestamp": "2026-02-17T15:03:59+0800", "level": "INFO", "logger": "etl_logger", "message": "POST success (VFSC2 2026-02-15): cc_withdraw_detail_report_20260217070359.csv, took 51.1s", "service": "cc_reconcile", "stage": "download_davinci", "status": "ok"}
{"timestamp": "2026-02-17T15:04:01+0800", "level": "INFO", "logger": "etl_logger", "message": "Download success (VFSC2 2026-02-15): cc_withdraw_detail_report_20260217070359.csv, took 2.4s", "service": "cc_reconcile", "stage": "download_davinci", "status": "ok"}
{"timestamp": "2026-02-17T15:04:52+0800", "level": "INFO", "logger": "etl_logger", "message": "POST success (VFSC2 2026-02-16): cc_withdraw_detail_report_20260217070452.csv, took 50.8s", "service": "cc_reconcile", "stage": "download_davinci", "status": "ok"}
{"timestamp": "2026-02-17T15:04:55+0800", "level": "INFO", "logger": "etl_logger", "message": "Download success (VFSC2 2026-02-16): cc_withdraw_detail_report_20260217070452.csv, took 2.6s", "service": "cc_reconcile", "stage": "download_davinci", "status": "ok"}
{"timestamp": "2026-02-17T15:05:46+0800", "level": "INFO", "logger": "etl_logger", "message": "POST success (VFSC2 2026-02-17): cc_withdraw_detail_report_20260217070546.csv, took 50.8s", "service": "cc_reconcile", "stage": "download_davinci", "status": "ok"}
{"timestamp": "2026-02-17T15:05:48+0800", "level": "INFO", "logger": "etl_logger", "message": "Download success (VFSC2 2026-02-17): cc_withdraw_detail_report_20260217070546.csv, took 2.3s", "service": "cc_reconcile", "stage": "download_davinci", "status": "ok"}
{"timestamp": "2026-02-17T15:05:48+0800", "level": "INFO", "logger": "etl_logger", "message": "Finish downloading Davinci CC - VFSC2 Report", "service": "cc_reconcile", "stage": "download_davinci", "status": "ok"}
{"timestamp": "2026-02-17T15:05:48+0800", "level": "INFO", "logger": "etl_logger", "message": "Finish downloading Davinci CC Report for all brands, total rows: 16078", "service": "cc_reconcile", "stage": "download_davinci", "status": "ok"}
{"timestamp": "2026-02-17T15:05:48+0800", "level": "INFO", "logger": "etl_logger", "message": "Download CRM CC Report Finish ，Total: 16078", "service": "cc_reconcile", "stage": "download", "status": "ok"}
{"timestamp": "2026-02-17T15:05:48+0800", "level": "INFO", "logger": "etl_logger", "message": "Start reconcile...", "service": "cc_reconcile", "stage": "reconcile", "status": "ok"}
{"timestamp": "2026-02-17T15:05:48+0800", "level": "INFO", "logger": "etl_logger", "message": "Reconcile Finish ，Total Mismatch Case: 0", "service": "cc_reconcile", "stage": "reconcile", "status": "ok"}
{"timestamp": "2026-02-17T15:05:49+0800", "level": "INFO", "logger": "etl_logger", "message": "Connect Lark Finish", "service": "cc_reconcile", "stage": "lark", "status": "ok"}
{"timestamp": "2026-02-17T15:05:49+0800", "level": "INFO", "logger": "etl_logger", "message": "Start query existing data in LarkSheet...", "service": "cc_reconcile", "stage": "lark", "status": "ok"}
{"timestamp": "2026-02-17T15:05:50+0800", "level": "INFO", "logger": "etl_logger", "message": "Query existing data in LarkSheet Finish", "service": "cc_reconcile", "stage": "lark", "status": "ok"}
{"timestamp": "2026-02-17T15:05:50+0800", "level": "INFO", "logger": "etl_logger", "message": "Total unique keys in LarkSheet: 7, Total new mismatch cases to upload: 0", "service": "cc_reconcile", "stage": "lark", "status": "ok"}
{"timestamp": "2026-02-17T15:05:50+0800", "level": "INFO", "logger": "etl_logger", "message": "Append data to LarkSheet with range: Kalw4Y!A2:L3, rows: 1, columns: 12", "service": "cc_reconcile", "stage": "lark", "status": "ok"}
{"timestamp": "2026-02-17T15:05:50+0800", "level": "INFO", "logger": "etl_logger", "message": "✅ Successfully appended data to LarkSheet", "service": "cc_reconcile", "stage": "lark", "status": "ok"}
{"timestamp": "2026-02-17T15:05:52+0800", "level": "INFO", "logger": "etl_logger", "message": "Upload data to LarkSheet Finish", "service": "cc_reconcile", "stage": "lark", "status": "ok"}
{"timestamp": "2026-02-17T16:00:01+0800", "level": "INFO", "logger": "etl_logger", "message": "Start download reports...", "service": "cc_reconcile", "stage": "download", "status": "ok"}
{"timestamp": "2026-02-17T16:00:05+0800", "level": "INFO", "logger": "etl_logger", "message": "Payabl Login Success and Get Token Success", "service": "cc_reconcile", "stage": "download_payabl", "status": "ok"}
{"timestamp": "2026-02-17T16:00:05+0800", "level": "INFO", "logger": "etl_logger", "message": "Start downloading Payabl CC Report for date: 2026-02-16...", "service": "cc_reconcile", "stage": "download_payabl", "status": "ok"}
{"timestamp": "2026-02-17T16:00:34+0800", "level": "INFO", "logger": "etl_logger", "message": "Start downloading Payabl CC Report for date: 2026-02-17...", "service": "cc_reconcile", "stage": "download_payabl", "status": "ok"}
{"timestamp": "2026-02-17T16:00:46+0800", "level": "INFO", "logger": "etl_logger", "message": "Finish downloading Payabl CC Report", "service": "cc_reconcile", "stage": "download_payabl", "status": "ok"}
{"timestamp": "2026-02-17T16:00:46+0800", "level": "INFO", "logger": "etl_logger", "message": "Download Payabl CC Report Finish ，Total: 58085", "service": "cc_reconcile", "stage": "download", "status": "ok"}
{"timestamp": "2026-02-17T16:00:46+0800", "level": "INFO", "logger": "etl_logger", "message": "Login attempt 1/5", "service": "cc_reconcile", "stage": "download_davinci", "status": "ok"}
{"timestamp": "2026-02-17T16:00:47+0800", "level": "INFO", "logger": "etl_logger", "message": "Login response status=200, url=https://admin.vantagemarkets.com/admin/main, cookies=4", "service": "cc_reconcile", "stage": "download_davinci", "status": "ok"}
{"timestamp": "2026-02-17T16:00:47+0800", "level": "INFO", "logger": "etl_logger", "message": "Login successful", "service": "cc_reconcile", "stage": "download_davinci", "status": "ok"}
{"timestamp": "2026-02-17T16:00:48+0800", "level": "INFO", "logger": "etl_logger", "message": "Token obtained successfully", "service": "cc_reconcile", "stage": "download_davinci", "status": "ok"}
{"timestamp": "2026-02-17T16:00:48+0800", "level": "INFO", "logger": "etl_logger", "message": "Start downloading Davinci CC Report for brand: VFSC...", "service": "cc_reconcile", "stage": "download_davinci", "status": "ok"}
{"timestamp": "2026-02-17T16:01:06+0800", "level": "INFO", "logger": "etl_logger", "message": "POST success (VFSC 2026-02-14): cc_withdraw_detail_report_20260217080106.csv, took 18.4s", "service": "cc_reconcile", "stage": "download_davinci", "status": "ok"}
{"timestamp": "2026-02-17T16:01:10+0800", "level": "INFO", "logger": "etl_logger", "message": "Download success (VFSC 2026-02-14): cc_withdraw_detail_report_20260217080106.csv, took 4.4s", "service": "cc_reconcile", "stage": "download_davinci", "status": "ok"}
{"timestamp": "2026-02-17T16:01:28+0800", "level": "INFO", "logger": "etl_logger", "message": "POST success (VFSC 2026-02-15): cc_withdraw_detail_report_20260217080128.csv, took 17.9s", "service": "cc_reconcile", "stage": "download_davinci", "status": "ok"}
{"timestamp": "2026-02-17T16:01:30+0800", "level": "INFO", "logger": "etl_logger", "message": "Download success (VFSC 2026-02-15): cc_withdraw_detail_report_20260217080128.csv, took 1.7s", "service": "cc_reconcile", "stage": "download_davinci", "status": "ok"}
{"timestamp": "2026-02-17T16:01:48+0800", "level": "INFO", "logger": "etl_logger", "message": "POST success (VFSC 2026-02-16): cc_withdraw_detail_report_20260217080148.csv, took 18.0s", "service": "cc_reconcile", "stage": "download_davinci", "status": "ok"}
{"timestamp": "2026-02-17T16:01:50+0800", "level": "INFO", "logger": "etl_logger", "message": "Download success (VFSC 2026-02-16): cc_withdraw_detail_report_20260217080148.csv, took 1.9s", "service": "cc_reconcile", "stage": "download_davinci", "status": "ok"}
{"timestamp": "2026-02-17T16:02:08+0800", "level": "INFO", "logger": "etl_logger", "message": "POST success (VFSC 2026-02-17): cc_withdraw_detail_report_20260217080207.csv, took 17.6s", "service": "cc_reconcile", "stage": "download_davinci", "status": "ok"}
{"timestamp": "2026-02-17T16:02:09+0800", "level": "INFO", "logger": "etl_logger", "message": "Download success (VFSC 2026-02-17): cc_withdraw_detail_report_20260217080207.csv, took 1.6s", "service": "cc_reconcile", "stage": "download_davinci", "status": "ok"}
{"timestamp": "2026-02-17T16:02:09+0800", "level": "INFO", "logger": "etl_logger", "message": "Finish downloading Davinci CC - VFSC Report", "service": "cc_reconcile", "stage": "download_davinci", "status": "ok"}
{"timestamp": "2026-02-17T16:02:09+0800", "level": "INFO", "logger": "etl_logger", "message": "Start downloading Davinci CC Report for brand: VFSC2...", "service": "cc_reconcile", "stage": "download_davinci", "status": "ok"}
{"timestamp": "2026-02-17T16:02:50+0800", "level": "WARNING", "logger": "etl_logger", "message": "POST failed (VFSC2 2026-02-14) attempt 1: 520 Server Error:  for url: https://report.vantagemarkets.com/api/cc-detail/download, took 40.6s", "service": "cc_reconcile", "stage": "download_davinci", "status": "ok"}
{"timestamp": "2026-02-17T16:03:43+0800", "level": "INFO", "logger": "etl_logger", "message": "POST success (VFSC2 2026-02-14): cc_withdraw_detail_report_20260217080343.csv, took 48.3s", "service": "cc_reconcile", "stage": "download_davinci", "status": "ok"}
{"timestamp": "2026-02-17T16:03:45+0800", "level": "INFO", "logger": "etl_logger", "message": "Download success (VFSC2 2026-02-14): cc_withdraw_detail_report_20260217080343.csv, took 1.9s", "service": "cc_reconcile", "stage": "download_davinci", "status": "ok"}
{"timestamp": "2026-02-17T16:04:34+0800", "level": "INFO", "logger": "etl_logger", "message": "POST success (VFSC2 2026-02-15): cc_withdraw_detail_report_20260217080433.csv, took 48.5s", "service": "cc_reconcile", "stage": "download_davinci", "status": "ok"}
{"timestamp": "2026-02-17T16:04:36+0800", "level": "INFO", "logger": "etl_logger", "message": "Download success (VFSC2 2026-02-15): cc_withdraw_detail_report_20260217080433.csv, took 2.3s", "service": "cc_reconcile", "stage": "download_davinci", "status": "ok"}
{"timestamp": "2026-02-17T16:05:24+0800", "level": "INFO", "logger": "etl_logger", "message": "POST success (VFSC2 2026-02-16): cc_withdraw_detail_report_20260217080524.csv, took 48.3s", "service": "cc_reconcile", "stage": "download_davinci", "status": "ok"}
{"timestamp": "2026-02-17T16:05:26+0800", "level": "INFO", "logger": "etl_logger", "message": "Download success (VFSC2 2026-02-16): cc_withdraw_detail_report_20260217080524.csv, took 2.0s", "service": "cc_reconcile", "stage": "download_davinci", "status": "ok"}
{"timestamp": "2026-02-17T16:06:15+0800", "level": "INFO", "logger": "etl_logger", "message": "POST success (VFSC2 2026-02-17): cc_withdraw_detail_report_20260217080615.csv, took 48.8s", "service": "cc_reconcile", "stage": "download_davinci", "status": "ok"}
{"timestamp": "2026-02-17T16:06:17+0800", "level": "INFO", "logger": "etl_logger", "message": "Download success (VFSC2 2026-02-17): cc_withdraw_detail_report_20260217080615.csv, took 2.4s", "service": "cc_reconcile", "stage": "download_davinci", "status": "ok"}
{"timestamp": "2026-02-17T16:06:18+0800", "level": "INFO", "logger": "etl_logger", "message": "Finish downloading Davinci CC - VFSC2 Report", "service": "cc_reconcile", "stage": "download_davinci", "status": "ok"}
{"timestamp": "2026-02-17T16:06:18+0800", "level": "INFO", "logger": "etl_logger", "message": "Finish downloading Davinci CC Report for all brands, total rows: 16500", "service": "cc_reconcile", "stage": "download_davinci", "status": "ok"}
{"timestamp": "2026-02-17T16:06:18+0800", "level": "INFO", "logger": "etl_logger", "message": "Download CRM CC Report Finish ，Total: 16500", "service": "cc_reconcile", "stage": "download", "status": "ok"}
{"timestamp": "2026-02-17T16:06:18+0800", "level": "INFO", "logger": "etl_logger", "message": "Start reconcile...", "service": "cc_reconcile", "stage": "reconcile", "status": "ok"}
{"timestamp": "2026-02-17T16:06:18+0800", "level": "INFO", "logger": "etl_logger", "message": "Reconcile Finish ，Total Mismatch Case: 0", "service": "cc_reconcile", "stage": "reconcile", "status": "ok"}
{"timestamp": "2026-02-17T16:06:18+0800", "level": "INFO", "logger": "etl_logger", "message": "Connect Lark Finish", "service": "cc_reconcile", "stage": "lark", "status": "ok"}
{"timestamp": "2026-02-17T16:06:18+0800", "level": "INFO", "logger": "etl_logger", "message": "Start query existing data in LarkSheet...", "service": "cc_reconcile", "stage": "lark", "status": "ok"}
{"timestamp": "2026-02-17T16:06:19+0800", "level": "INFO", "logger": "etl_logger", "message": "Query existing data in LarkSheet Finish", "service": "cc_reconcile", "stage": "lark", "status": "ok"}
{"timestamp": "2026-02-17T16:06:19+0800", "level": "INFO", "logger": "etl_logger", "message": "Total unique keys in LarkSheet: 7, Total new mismatch cases to upload: 0", "service": "cc_reconcile", "stage": "lark", "status": "ok"}
{"timestamp": "2026-02-17T16:06:19+0800", "level": "INFO", "logger": "etl_logger", "message": "Append data to LarkSheet with range: Kalw4Y!A2:L3, rows: 1, columns: 12", "service": "cc_reconcile", "stage": "lark", "status": "ok"}
{"timestamp": "2026-02-17T16:06:20+0800", "level": "INFO", "logger": "etl_logger", "message": "✅ Successfully appended data to LarkSheet", "service": "cc_reconcile", "stage": "lark", "status": "ok"}
{"timestamp": "2026-02-17T16:06:21+0800", "level": "INFO", "logger": "etl_logger", "message": "Upload data to LarkSheet Finish", "service": "cc_reconcile", "stage": "lark", "status": "ok"}
{"timestamp": "2026-02-17T17:00:01+0800", "level": "INFO", "logger": "etl_logger", "message": "Start download reports...", "service": "cc_reconcile", "stage": "download", "status": "ok"}
{"timestamp": "2026-02-17T17:00:05+0800", "level": "INFO", "logger": "etl_logger", "message": "Payabl Login Success and Get Token Success", "service": "cc_reconcile", "stage": "download_payabl", "status": "ok"}
{"timestamp": "2026-02-17T17:00:05+0800", "level": "INFO", "logger": "etl_logger", "message": "Start downloading Payabl CC Report for date: 2026-02-16...", "service": "cc_reconcile", "stage": "download_payabl", "status": "ok"}
{"timestamp": "2026-02-17T17:00:33+0800", "level": "INFO", "logger": "etl_logger", "message": "Start downloading Payabl CC Report for date: 2026-02-17...", "service": "cc_reconcile", "stage": "download_payabl", "status": "ok"}
{"timestamp": "2026-02-17T17:00:47+0800", "level": "INFO", "logger": "etl_logger", "message": "Finish downloading Payabl CC Report", "service": "cc_reconcile", "stage": "download_payabl", "status": "ok"}
{"timestamp": "2026-02-17T17:00:47+0800", "level": "INFO", "logger": "etl_logger", "message": "Download Payabl CC Report Finish ，Total: 60063", "service": "cc_reconcile", "stage": "download", "status": "ok"}
{"timestamp": "2026-02-17T17:00:47+0800", "level": "INFO", "logger": "etl_logger", "message": "Login attempt 1/5", "service": "cc_reconcile", "stage": "download_davinci", "status": "ok"}
{"timestamp": "2026-02-17T17:00:48+0800", "level": "INFO", "logger": "etl_logger", "message": "Login response status=200, url=https://admin.vantagemarkets.com/admin/main, cookies=4", "service": "cc_reconcile", "stage": "download_davinci", "status": "ok"}
{"timestamp": "2026-02-17T17:00:48+0800", "level": "INFO", "logger": "etl_logger", "message": "Login successful", "service": "cc_reconcile", "stage": "download_davinci", "status": "ok"}
{"timestamp": "2026-02-17T17:00:48+0800", "level": "INFO", "logger": "etl_logger", "message": "Token obtained successfully", "service": "cc_reconcile", "stage": "download_davinci", "status": "ok"}
{"timestamp": "2026-02-17T17:00:48+0800", "level": "INFO", "logger": "etl_logger", "message": "Start downloading Davinci CC Report for brand: VFSC...", "service": "cc_reconcile", "stage": "download_davinci", "status": "ok"}
{"timestamp": "2026-02-17T17:01:06+0800", "level": "INFO", "logger": "etl_logger", "message": "POST success (VFSC 2026-02-14): cc_withdraw_detail_report_20260217090106.csv, took 18.4s", "service": "cc_reconcile", "stage": "download_davinci", "status": "ok"}
{"timestamp": "2026-02-17T17:01:08+0800", "level": "INFO", "logger": "etl_logger", "message": "Download success (VFSC 2026-02-14): cc_withdraw_detail_report_20260217090106.csv, took 1.9s", "service": "cc_reconcile", "stage": "download_davinci", "status": "ok"}
{"timestamp": "2026-02-17T17:01:27+0800", "level": "INFO", "logger": "etl_logger", "message": "POST success (VFSC 2026-02-15): cc_withdraw_detail_report_20260217090127.csv, took 18.5s", "service": "cc_reconcile", "stage": "download_davinci", "status": "ok"}
{"timestamp": "2026-02-17T17:01:28+0800", "level": "INFO", "logger": "etl_logger", "message": "Download success (VFSC 2026-02-15): cc_withdraw_detail_report_20260217090127.csv, took 1.6s", "service": "cc_reconcile", "stage": "download_davinci", "status": "ok"}
{"timestamp": "2026-02-17T17:01:46+0800", "level": "INFO", "logger": "etl_logger", "message": "POST success (VFSC 2026-02-16): cc_withdraw_detail_report_20260217090145.csv, took 17.1s", "service": "cc_reconcile", "stage": "download_davinci", "status": "ok"}
{"timestamp": "2026-02-17T17:01:47+0800", "level": "INFO", "logger": "etl_logger", "message": "Download success (VFSC 2026-02-16): cc_withdraw_detail_report_20260217090145.csv, took 1.9s", "service": "cc_reconcile", "stage": "download_davinci", "status": "ok"}
{"timestamp": "2026-02-17T17:02:05+0800", "level": "INFO", "logger": "etl_logger", "message": "POST success (VFSC 2026-02-17): cc_withdraw_detail_report_20260217090204.csv, took 17.2s", "service": "cc_reconcile", "stage": "download_davinci", "status": "ok"}
{"timestamp": "2026-02-17T17:02:06+0800", "level": "INFO", "logger": "etl_logger", "message": "Download success (VFSC 2026-02-17): cc_withdraw_detail_report_20260217090204.csv, took 1.7s", "service": "cc_reconcile", "stage": "download_davinci", "status": "ok"}
{"timestamp": "2026-02-17T17:02:06+0800", "level": "INFO", "logger": "etl_logger", "message": "Finish downloading Davinci CC - VFSC Report", "service": "cc_reconcile", "stage": "download_davinci", "status": "ok"}
{"timestamp": "2026-02-17T17:02:06+0800", "level": "INFO", "logger": "etl_logger", "message": "Start downloading Davinci CC Report for brand: VFSC2...", "service": "cc_reconcile", "stage": "download_davinci", "status": "ok"}
{"timestamp": "2026-02-17T17:02:54+0800", "level": "INFO", "logger": "etl_logger", "message": "POST success (VFSC2 2026-02-14): cc_withdraw_detail_report_20260217090254.csv, took 47.7s", "service": "cc_reconcile", "stage": "download_davinci", "status": "ok"}
{"timestamp": "2026-02-17T17:02:56+0800", "level": "INFO", "logger": "etl_logger", "message": "Download success (VFSC2 2026-02-14): cc_withdraw_detail_report_20260217090254.csv, took 2.4s", "service": "cc_reconcile", "stage": "download_davinci", "status": "ok"}
{"timestamp": "2026-02-17T17:03:44+0800", "level": "INFO", "logger": "etl_logger", "message": "POST success (VFSC2 2026-02-15): cc_withdraw_detail_report_20260217090344.csv, took 47.3s", "service": "cc_reconcile", "stage": "download_davinci", "status": "ok"}
{"timestamp": "2026-02-17T17:03:46+0800", "level": "INFO", "logger": "etl_logger", "message": "Download success (VFSC2 2026-02-15): cc_withdraw_detail_report_20260217090344.csv, took 2.4s", "service": "cc_reconcile", "stage": "download_davinci", "status": "ok"}
{"timestamp": "2026-02-17T17:04:36+0800", "level": "INFO", "logger": "etl_logger", "message": "POST success (VFSC2 2026-02-16): cc_withdraw_detail_report_20260217090435.csv, took 49.4s", "service": "cc_reconcile", "stage": "download_davinci", "status": "ok"}
{"timestamp": "2026-02-17T17:04:38+0800", "level": "INFO", "logger": "etl_logger", "message": "Download success (VFSC2 2026-02-16): cc_withdraw_detail_report_20260217090435.csv, took 2.7s", "service": "cc_reconcile", "stage": "download_davinci", "status": "ok"}
{"timestamp": "2026-02-17T17:05:28+0800", "level": "INFO", "logger": "etl_logger", "message": "POST success (VFSC2 2026-02-17): cc_withdraw_detail_report_20260217090528.csv, took 49.9s", "service": "cc_reconcile", "stage": "download_davinci", "status": "ok"}
{"timestamp": "2026-02-17T17:05:30+0800", "level": "INFO", "logger": "etl_logger", "message": "Download success (VFSC2 2026-02-17): cc_withdraw_detail_report_20260217090528.csv, took 2.0s", "service": "cc_reconcile", "stage": "download_davinci", "status": "ok"}
{"timestamp": "2026-02-17T17:05:30+0800", "level": "INFO", "logger": "etl_logger", "message": "Finish downloading Davinci CC - VFSC2 Report", "service": "cc_reconcile", "stage": "download_davinci", "status": "ok"}
{"timestamp": "2026-02-17T17:05:30+0800", "level": "INFO", "logger": "etl_logger", "message": "Finish downloading Davinci CC Report for all brands, total rows: 16893", "service": "cc_reconcile", "stage": "download_davinci", "status": "ok"}
{"timestamp": "2026-02-17T17:05:30+0800", "level": "INFO", "logger": "etl_logger", "message": "Download CRM CC Report Finish ，Total: 16893", "service": "cc_reconcile", "stage": "download", "status": "ok"}
{"timestamp": "2026-02-17T17:05:30+0800", "level": "INFO", "logger": "etl_logger", "message": "Start reconcile...", "service": "cc_reconcile", "stage": "reconcile", "status": "ok"}
{"timestamp": "2026-02-17T17:05:30+0800", "level": "INFO", "logger": "etl_logger", "message": "Reconcile Finish ，Total Mismatch Case: 0", "service": "cc_reconcile", "stage": "reconcile", "status": "ok"}
{"timestamp": "2026-02-17T17:05:31+0800", "level": "INFO", "logger": "etl_logger", "message": "Connect Lark Finish", "service": "cc_reconcile", "stage": "lark", "status": "ok"}
{"timestamp": "2026-02-17T17:05:31+0800", "level": "INFO", "logger": "etl_logger", "message": "Start query existing data in LarkSheet...", "service": "cc_reconcile", "stage": "lark", "status": "ok"}
{"timestamp": "2026-02-17T17:05:32+0800", "level": "INFO", "logger": "etl_logger", "message": "Query existing data in LarkSheet Finish", "service": "cc_reconcile", "stage": "lark", "status": "ok"}
{"timestamp": "2026-02-17T17:05:32+0800", "level": "INFO", "logger": "etl_logger", "message": "Total unique keys in LarkSheet: 7, Total new mismatch cases to upload: 0", "service": "cc_reconcile", "stage": "lark", "status": "ok"}
{"timestamp": "2026-02-17T17:05:32+0800", "level": "INFO", "logger": "etl_logger", "message": "Append data to LarkSheet with range: Kalw4Y!A2:L3, rows: 1, columns: 12", "service": "cc_reconcile", "stage": "lark", "status": "ok"}
{"timestamp": "2026-02-17T17:05:32+0800", "level": "INFO", "logger": "etl_logger", "message": "✅ Successfully appended data to LarkSheet", "service": "cc_reconcile", "stage": "lark", "status": "ok"}
{"timestamp": "2026-02-17T17:05:34+0800", "level": "INFO", "logger": "etl_logger", "message": "Upload data to LarkSheet Finish", "service": "cc_reconcile", "stage": "lark", "status": "ok"}
{"timestamp": "2026-02-17T18:00:01+0800", "level": "INFO", "logger": "etl_logger", "message": "Start download reports...", "service": "cc_reconcile", "stage": "download", "status": "ok"}
{"timestamp": "2026-02-17T18:00:04+0800", "level": "INFO", "logger": "etl_logger", "message": "Payabl Login Success and Get Token Success", "service": "cc_reconcile", "stage": "download_payabl", "status": "ok"}
{"timestamp": "2026-02-17T18:00:04+0800", "level": "INFO", "logger": "etl_logger", "message": "Start downloading Payabl CC Report for date: 2026-02-16...", "service": "cc_reconcile", "stage": "download_payabl", "status": "ok"}
{"timestamp": "2026-02-17T18:00:31+0800", "level": "INFO", "logger": "etl_logger", "message": "Start downloading Payabl CC Report for date: 2026-02-17...", "service": "cc_reconcile", "stage": "download_payabl", "status": "ok"}
{"timestamp": "2026-02-17T18:00:45+0800", "level": "INFO", "logger": "etl_logger", "message": "Finish downloading Payabl CC Report", "service": "cc_reconcile", "stage": "download_payabl", "status": "ok"}
{"timestamp": "2026-02-17T18:00:45+0800", "level": "INFO", "logger": "etl_logger", "message": "Download Payabl CC Report Finish ，Total: 61989", "service": "cc_reconcile", "stage": "download", "status": "ok"}
{"timestamp": "2026-02-17T18:00:45+0800", "level": "INFO", "logger": "etl_logger", "message": "Login attempt 1/5", "service": "cc_reconcile", "stage": "download_davinci", "status": "ok"}
{"timestamp": "2026-02-17T18:00:46+0800", "level": "INFO", "logger": "etl_logger", "message": "Login response status=200, url=https://admin.vantagemarkets.com/admin/main, cookies=4", "service": "cc_reconcile", "stage": "download_davinci", "status": "ok"}
{"timestamp": "2026-02-17T18:00:46+0800", "level": "INFO", "logger": "etl_logger", "message": "Login successful", "service": "cc_reconcile", "stage": "download_davinci", "status": "ok"}
{"timestamp": "2026-02-17T18:00:46+0800", "level": "INFO", "logger": "etl_logger", "message": "Token obtained successfully", "service": "cc_reconcile", "stage": "download_davinci", "status": "ok"}
{"timestamp": "2026-02-17T18:00:46+0800", "level": "INFO", "logger": "etl_logger", "message": "Start downloading Davinci CC Report for brand: VFSC...", "service": "cc_reconcile", "stage": "download_davinci", "status": "ok"}
{"timestamp": "2026-02-17T18:01:06+0800", "level": "INFO", "logger": "etl_logger", "message": "POST success (VFSC 2026-02-14): cc_withdraw_detail_report_20260217100106.csv, took 20.0s", "service": "cc_reconcile", "stage": "download_davinci", "status": "ok"}
{"timestamp": "2026-02-17T18:01:08+0800", "level": "INFO", "logger": "etl_logger", "message": "Download success (VFSC 2026-02-14): cc_withdraw_detail_report_20260217100106.csv, took 1.9s", "service": "cc_reconcile", "stage": "download_davinci", "status": "ok"}
{"timestamp": "2026-02-17T18:01:25+0800", "level": "INFO", "logger": "etl_logger", "message": "POST success (VFSC 2026-02-15): cc_withdraw_detail_report_20260217100125.csv, took 17.4s", "service": "cc_reconcile", "stage": "download_davinci", "status": "ok"}
{"timestamp": "2026-02-17T18:01:27+0800", "level": "INFO", "logger": "etl_logger", "message": "Download success (VFSC 2026-02-15): cc_withdraw_detail_report_20260217100125.csv, took 1.7s", "service": "cc_reconcile", "stage": "download_davinci", "status": "ok"}
{"timestamp": "2026-02-17T18:01:47+0800", "level": "INFO", "logger": "etl_logger", "message": "POST success (VFSC 2026-02-16): cc_withdraw_detail_report_20260217100147.csv, took 20.0s", "service": "cc_reconcile", "stage": "download_davinci", "status": "ok"}
{"timestamp": "2026-02-17T18:01:49+0800", "level": "INFO", "logger": "etl_logger", "message": "Download success (VFSC 2026-02-16): cc_withdraw_detail_report_20260217100147.csv, took 2.0s", "service": "cc_reconcile", "stage": "download_davinci", "status": "ok"}
{"timestamp": "2026-02-17T18:02:08+0800", "level": "INFO", "logger": "etl_logger", "message": "POST success (VFSC 2026-02-17): cc_withdraw_detail_report_20260217100208.csv, took 18.8s", "service": "cc_reconcile", "stage": "download_davinci", "status": "ok"}
{"timestamp": "2026-02-17T18:02:10+0800", "level": "INFO", "logger": "etl_logger", "message": "Download success (VFSC 2026-02-17): cc_withdraw_detail_report_20260217100208.csv, took 1.7s", "service": "cc_reconcile", "stage": "download_davinci", "status": "ok"}
{"timestamp": "2026-02-17T18:02:10+0800", "level": "INFO", "logger": "etl_logger", "message": "Finish downloading Davinci CC - VFSC Report", "service": "cc_reconcile", "stage": "download_davinci", "status": "ok"}
{"timestamp": "2026-02-17T18:02:10+0800", "level": "INFO", "logger": "etl_logger", "message": "Start downloading Davinci CC Report for brand: VFSC2...", "service": "cc_reconcile", "stage": "download_davinci", "status": "ok"}
{"timestamp": "2026-02-17T18:02:57+0800", "level": "INFO", "logger": "etl_logger", "message": "POST success (VFSC2 2026-02-14): cc_withdraw_detail_report_20260217100257.csv, took 47.4s", "service": "cc_reconcile", "stage": "download_davinci", "status": "ok"}
{"timestamp": "2026-02-17T18:02:59+0800", "level": "INFO", "logger": "etl_logger", "message": "Download success (VFSC2 2026-02-14): cc_withdraw_detail_report_20260217100257.csv, took 2.4s", "service": "cc_reconcile", "stage": "download_davinci", "status": "ok"}
{"timestamp": "2026-02-17T18:03:50+0800", "level": "INFO", "logger": "etl_logger", "message": "POST success (VFSC2 2026-02-15): cc_withdraw_detail_report_20260217100350.csv, took 50.3s", "service": "cc_reconcile", "stage": "download_davinci", "status": "ok"}
{"timestamp": "2026-02-17T18:03:52+0800", "level": "INFO", "logger": "etl_logger", "message": "Download success (VFSC2 2026-02-15): cc_withdraw_detail_report_20260217100350.csv, took 2.4s", "service": "cc_reconcile", "stage": "download_davinci", "status": "ok"}
{"timestamp": "2026-02-17T18:04:40+0800", "level": "INFO", "logger": "etl_logger", "message": "POST success (VFSC2 2026-02-16): cc_withdraw_detail_report_20260217100440.csv, took 48.2s", "service": "cc_reconcile", "stage": "download_davinci", "status": "ok"}
{"timestamp": "2026-02-17T18:04:43+0800", "level": "INFO", "logger": "etl_logger", "message": "Download success (VFSC2 2026-02-16): cc_withdraw_detail_report_20260217100440.csv, took 2.2s", "service": "cc_reconcile", "stage": "download_davinci", "status": "ok"}
{"timestamp": "2026-02-17T18:05:32+0800", "level": "INFO", "logger": "etl_logger", "message": "POST success (VFSC2 2026-02-17): cc_withdraw_detail_report_20260217100531.csv, took 49.0s", "service": "cc_reconcile", "stage": "download_davinci", "status": "ok"}
{"timestamp": "2026-02-17T18:05:34+0800", "level": "INFO", "logger": "etl_logger", "message": "Download success (VFSC2 2026-02-17): cc_withdraw_detail_report_20260217100531.csv, took 2.4s", "service": "cc_reconcile", "stage": "download_davinci", "status": "ok"}
{"timestamp": "2026-02-17T18:05:34+0800", "level": "INFO", "logger": "etl_logger", "message": "Finish downloading Davinci CC - VFSC2 Report", "service": "cc_reconcile", "stage": "download_davinci", "status": "ok"}
{"timestamp": "2026-02-17T18:05:34+0800", "level": "INFO", "logger": "etl_logger", "message": "Finish downloading Davinci CC Report for all brands, total rows: 17229", "service": "cc_reconcile", "stage": "download_davinci", "status": "ok"}
{"timestamp": "2026-02-17T18:05:34+0800", "level": "INFO", "logger": "etl_logger", "message": "Download CRM CC Report Finish ，Total: 17229", "service": "cc_reconcile", "stage": "download", "status": "ok"}
{"timestamp": "2026-02-17T18:05:34+0800", "level": "INFO", "logger": "etl_logger", "message": "Start reconcile...", "service": "cc_reconcile", "stage": "reconcile", "status": "ok"}
{"timestamp": "2026-02-17T18:05:34+0800", "level": "INFO", "logger": "etl_logger", "message": "Reconcile Finish ，Total Mismatch Case: 0", "service": "cc_reconcile", "stage": "reconcile", "status": "ok"}
{"timestamp": "2026-02-17T18:05:35+0800", "level": "INFO", "logger": "etl_logger", "message": "Connect Lark Finish", "service": "cc_reconcile", "stage": "lark", "status": "ok"}
{"timestamp": "2026-02-17T18:05:35+0800", "level": "INFO", "logger": "etl_logger", "message": "Start query existing data in LarkSheet...", "service": "cc_reconcile", "stage": "lark", "status": "ok"}
{"timestamp": "2026-02-17T18:05:38+0800", "level": "INFO", "logger": "etl_logger", "message": "Query existing data in LarkSheet Finish", "service": "cc_reconcile", "stage": "lark", "status": "ok"}
{"timestamp": "2026-02-17T18:05:38+0800", "level": "INFO", "logger": "etl_logger", "message": "Total unique keys in LarkSheet: 7, Total new mismatch cases to upload: 0", "service": "cc_reconcile", "stage": "lark", "status": "ok"}
{"timestamp": "2026-02-17T18:05:38+0800", "level": "INFO", "logger": "etl_logger", "message": "Append data to LarkSheet with range: Kalw4Y!A2:L3, rows: 1, columns: 12", "service": "cc_reconcile", "stage": "lark", "status": "ok"}
{"timestamp": "2026-02-17T18:05:38+0800", "level": "INFO", "logger": "etl_logger", "message": "✅ Successfully appended data to LarkSheet", "service": "cc_reconcile", "stage": "lark", "status": "ok"}
{"timestamp": "2026-02-17T18:05:38+0800", "level": "INFO", "logger": "etl_logger", "message": "Upload data to LarkSheet Finish", "service": "cc_reconcile", "stage": "lark", "status": "ok"}
{"timestamp": "2026-02-17T19:00:02+0800", "level": "INFO", "logger": "etl_logger", "message": "Start download reports...", "service": "cc_reconcile", "stage": "download", "status": "ok"}
{"timestamp": "2026-02-17T19:00:05+0800", "level": "INFO", "logger": "etl_logger", "message": "Payabl Login Success and Get Token Success", "service": "cc_reconcile", "stage": "download_payabl", "status": "ok"}
{"timestamp": "2026-02-17T19:00:05+0800", "level": "INFO", "logger": "etl_logger", "message": "Start downloading Payabl CC Report for date: 2026-02-16...", "service": "cc_reconcile", "stage": "download_payabl", "status": "ok"}
{"timestamp": "2026-02-17T19:00:35+0800", "level": "INFO", "logger": "etl_logger", "message": "Start downloading Payabl CC Report for date: 2026-02-17...", "service": "cc_reconcile", "stage": "download_payabl", "status": "ok"}
{"timestamp": "2026-02-17T19:00:50+0800", "level": "INFO", "logger": "etl_logger", "message": "Finish downloading Payabl CC Report", "service": "cc_reconcile", "stage": "download_payabl", "status": "ok"}
{"timestamp": "2026-02-17T19:00:50+0800", "level": "INFO", "logger": "etl_logger", "message": "Download Payabl CC Report Finish ，Total: 64848", "service": "cc_reconcile", "stage": "download", "status": "ok"}
{"timestamp": "2026-02-17T19:00:50+0800", "level": "INFO", "logger": "etl_logger", "message": "Login attempt 1/5", "service": "cc_reconcile", "stage": "download_davinci", "status": "ok"}
{"timestamp": "2026-02-17T19:00:51+0800", "level": "INFO", "logger": "etl_logger", "message": "Login response status=200, url=https://admin.vantagemarkets.com/admin/main, cookies=4", "service": "cc_reconcile", "stage": "download_davinci", "status": "ok"}
{"timestamp": "2026-02-17T19:00:51+0800", "level": "INFO", "logger": "etl_logger", "message": "Login successful", "service": "cc_reconcile", "stage": "download_davinci", "status": "ok"}
{"timestamp": "2026-02-17T19:00:51+0800", "level": "INFO", "logger": "etl_logger", "message": "Token obtained successfully", "service": "cc_reconcile", "stage": "download_davinci", "status": "ok"}
{"timestamp": "2026-02-17T19:00:51+0800", "level": "INFO", "logger": "etl_logger", "message": "Start downloading Davinci CC Report for brand: VFSC...", "service": "cc_reconcile", "stage": "download_davinci", "status": "ok"}
{"timestamp": "2026-02-17T19:01:09+0800", "level": "INFO", "logger": "etl_logger", "message": "POST success (VFSC 2026-02-14): cc_withdraw_detail_report_20260217110109.csv, took 18.0s", "service": "cc_reconcile", "stage": "download_davinci", "status": "ok"}
{"timestamp": "2026-02-17T19:01:11+0800", "level": "INFO", "logger": "etl_logger", "message": "Download success (VFSC 2026-02-14): cc_withdraw_detail_report_20260217110109.csv, took 1.9s", "service": "cc_reconcile", "stage": "download_davinci", "status": "ok"}
{"timestamp": "2026-02-17T19:01:29+0800", "level": "INFO", "logger": "etl_logger", "message": "POST success (VFSC 2026-02-15): cc_withdraw_detail_report_20260217110129.csv, took 18.1s", "service": "cc_reconcile", "stage": "download_davinci", "status": "ok"}
{"timestamp": "2026-02-17T19:01:31+0800", "level": "INFO", "logger": "etl_logger", "message": "Download success (VFSC 2026-02-15): cc_withdraw_detail_report_20260217110129.csv, took 1.7s", "service": "cc_reconcile", "stage": "download_davinci", "status": "ok"}
{"timestamp": "2026-02-17T19:01:47+0800", "level": "INFO", "logger": "etl_logger", "message": "POST success (VFSC 2026-02-16): cc_withdraw_detail_report_20260217110147.csv, took 16.5s", "service": "cc_reconcile", "stage": "download_davinci", "status": "ok"}
{"timestamp": "2026-02-17T19:01:49+0800", "level": "INFO", "logger": "etl_logger", "message": "Download success (VFSC 2026-02-16): cc_withdraw_detail_report_20260217110147.csv, took 1.9s", "service": "cc_reconcile", "stage": "download_davinci", "status": "ok"}
{"timestamp": "2026-02-17T19:02:06+0800", "level": "INFO", "logger": "etl_logger", "message": "POST success (VFSC 2026-02-17): cc_withdraw_detail_report_20260217110206.csv, took 16.5s", "service": "cc_reconcile", "stage": "download_davinci", "status": "ok"}
{"timestamp": "2026-02-17T19:02:07+0800", "level": "INFO", "logger": "etl_logger", "message": "Download success (VFSC 2026-02-17): cc_withdraw_detail_report_20260217110206.csv, took 1.7s", "service": "cc_reconcile", "stage": "download_davinci", "status": "ok"}
{"timestamp": "2026-02-17T19:02:07+0800", "level": "INFO", "logger": "etl_logger", "message": "Finish downloading Davinci CC - VFSC Report", "service": "cc_reconcile", "stage": "download_davinci", "status": "ok"}
{"timestamp": "2026-02-17T19:02:07+0800", "level": "INFO", "logger": "etl_logger", "message": "Start downloading Davinci CC Report for brand: VFSC2...", "service": "cc_reconcile", "stage": "download_davinci", "status": "ok"}
{"timestamp": "2026-02-17T19:02:56+0800", "level": "INFO", "logger": "etl_logger", "message": "POST success (VFSC2 2026-02-14): cc_withdraw_detail_report_20260217110256.csv, took 49.1s", "service": "cc_reconcile", "stage": "download_davinci", "status": "ok"}
{"timestamp": "2026-02-17T19:02:59+0800", "level": "INFO", "logger": "etl_logger", "message": "Download success (VFSC2 2026-02-14): cc_withdraw_detail_report_20260217110256.csv, took 2.3s", "service": "cc_reconcile", "stage": "download_davinci", "status": "ok"}
{"timestamp": "2026-02-17T19:03:48+0800", "level": "INFO", "logger": "etl_logger", "message": "POST success (VFSC2 2026-02-15): cc_withdraw_detail_report_20260217110347.csv, took 48.8s", "service": "cc_reconcile", "stage": "download_davinci", "status": "ok"}
{"timestamp": "2026-02-17T19:03:50+0800", "level": "INFO", "logger": "etl_logger", "message": "Download success (VFSC2 2026-02-15): cc_withdraw_detail_report_20260217110347.csv, took 2.4s", "service": "cc_reconcile", "stage": "download_davinci", "status": "ok"}
{"timestamp": "2026-02-17T19:04:40+0800", "level": "INFO", "logger": "etl_logger", "message": "POST success (VFSC2 2026-02-16): cc_withdraw_detail_report_20260217110439.csv, took 49.6s", "service": "cc_reconcile", "stage": "download_davinci", "status": "ok"}
{"timestamp": "2026-02-17T19:04:42+0800", "level": "INFO", "logger": "etl_logger", "message": "Download success (VFSC2 2026-02-16): cc_withdraw_detail_report_20260217110439.csv, took 2.7s", "service": "cc_reconcile", "stage": "download_davinci", "status": "ok"}
{"timestamp": "2026-02-17T19:05:32+0800", "level": "INFO", "logger": "etl_logger", "message": "POST success (VFSC2 2026-02-17): cc_withdraw_detail_report_20260217110531.csv, took 49.3s", "service": "cc_reconcile", "stage": "download_davinci", "status": "ok"}
{"timestamp": "2026-02-17T19:05:34+0800", "level": "INFO", "logger": "etl_logger", "message": "Download success (VFSC2 2026-02-17): cc_withdraw_detail_report_20260217110531.csv, took 2.4s", "service": "cc_reconcile", "stage": "download_davinci", "status": "ok"}
{"timestamp": "2026-02-17T19:05:34+0800", "level": "INFO", "logger": "etl_logger", "message": "Finish downloading Davinci CC - VFSC2 Report", "service": "cc_reconcile", "stage": "download_davinci", "status": "ok"}
{"timestamp": "2026-02-17T19:05:34+0800", "level": "INFO", "logger": "etl_logger", "message": "Finish downloading Davinci CC Report for all brands, total rows: 17701", "service": "cc_reconcile", "stage": "download_davinci", "status": "ok"}
{"timestamp": "2026-02-17T19:05:34+0800", "level": "INFO", "logger": "etl_logger", "message": "Download CRM CC Report Finish ，Total: 17701", "service": "cc_reconcile", "stage": "download", "status": "ok"}
{"timestamp": "2026-02-17T19:05:34+0800", "level": "INFO", "logger": "etl_logger", "message": "Start reconcile...", "service": "cc_reconcile", "stage": "reconcile", "status": "ok"}
{"timestamp": "2026-02-17T19:05:34+0800", "level": "INFO", "logger": "etl_logger", "message": "Reconcile Finish ，Total Mismatch Case: 0", "service": "cc_reconcile", "stage": "reconcile", "status": "ok"}
{"timestamp": "2026-02-17T19:05:35+0800", "level": "INFO", "logger": "etl_logger", "message": "Connect Lark Finish", "service": "cc_reconcile", "stage": "lark", "status": "ok"}
{"timestamp": "2026-02-17T19:05:35+0800", "level": "INFO", "logger": "etl_logger", "message": "Start query existing data in LarkSheet...", "service": "cc_reconcile", "stage": "lark", "status": "ok"}
{"timestamp": "2026-02-17T19:05:36+0800", "level": "INFO", "logger": "etl_logger", "message": "Query existing data in LarkSheet Finish", "service": "cc_reconcile", "stage": "lark", "status": "ok"}
{"timestamp": "2026-02-17T19:05:36+0800", "level": "INFO", "logger": "etl_logger", "message": "Total unique keys in LarkSheet: 7, Total new mismatch cases to upload: 0", "service": "cc_reconcile", "stage": "lark", "status": "ok"}
{"timestamp": "2026-02-17T19:05:36+0800", "level": "INFO", "logger": "etl_logger", "message": "Append data to LarkSheet with range: Kalw4Y!A2:L3, rows: 1, columns: 12", "service": "cc_reconcile", "stage": "lark", "status": "ok"}
{"timestamp": "2026-02-17T19:05:36+0800", "level": "INFO", "logger": "etl_logger", "message": "✅ Successfully appended data to LarkSheet", "service": "cc_reconcile", "stage": "lark", "status": "ok"}
{"timestamp": "2026-02-17T19:05:37+0800", "level": "INFO", "logger": "etl_logger", "message": "Upload data to LarkSheet Finish", "service": "cc_reconcile", "stage": "lark", "status": "ok"}
{"timestamp": "2026-02-17T20:00:01+0800", "level": "INFO", "logger": "etl_logger", "message": "Start download reports...", "service": "cc_reconcile", "stage": "download", "status": "ok"}
{"timestamp": "2026-02-17T20:00:05+0800", "level": "INFO", "logger": "etl_logger", "message": "Payabl Login Success and Get Token Success", "service": "cc_reconcile", "stage": "download_payabl", "status": "ok"}
{"timestamp": "2026-02-17T20:00:05+0800", "level": "INFO", "logger": "etl_logger", "message": "Start downloading Payabl CC Report for date: 2026-02-16...", "service": "cc_reconcile", "stage": "download_payabl", "status": "ok"}
{"timestamp": "2026-02-17T20:00:33+0800", "level": "INFO", "logger": "etl_logger", "message": "Start downloading Payabl CC Report for date: 2026-02-17...", "service": "cc_reconcile", "stage": "download_payabl", "status": "ok"}
{"timestamp": "2026-02-17T20:00:47+0800", "level": "INFO", "logger": "etl_logger", "message": "Finish downloading Payabl CC Report", "service": "cc_reconcile", "stage": "download_payabl", "status": "ok"}
{"timestamp": "2026-02-17T20:00:47+0800", "level": "INFO", "logger": "etl_logger", "message": "Download Payabl CC Report Finish ，Total: 64368", "service": "cc_reconcile", "stage": "download", "status": "ok"}
{"timestamp": "2026-02-17T20:00:47+0800", "level": "INFO", "logger": "etl_logger", "message": "Login attempt 1/5", "service": "cc_reconcile", "stage": "download_davinci", "status": "ok"}
{"timestamp": "2026-02-17T20:00:48+0800", "level": "INFO", "logger": "etl_logger", "message": "Login response status=200, url=https://admin.vantagemarkets.com/admin/main, cookies=4", "service": "cc_reconcile", "stage": "download_davinci", "status": "ok"}
{"timestamp": "2026-02-17T20:00:48+0800", "level": "INFO", "logger": "etl_logger", "message": "Login successful", "service": "cc_reconcile", "stage": "download_davinci", "status": "ok"}
{"timestamp": "2026-02-17T20:00:49+0800", "level": "INFO", "logger": "etl_logger", "message": "Token obtained successfully", "service": "cc_reconcile", "stage": "download_davinci", "status": "ok"}
{"timestamp": "2026-02-17T20:00:49+0800", "level": "INFO", "logger": "etl_logger", "message": "Start downloading Davinci CC Report for brand: VFSC...", "service": "cc_reconcile", "stage": "download_davinci", "status": "ok"}
{"timestamp": "2026-02-17T20:01:07+0800", "level": "INFO", "logger": "etl_logger", "message": "POST success (VFSC 2026-02-14): cc_withdraw_detail_report_20260217120107.csv, took 18.3s", "service": "cc_reconcile", "stage": "download_davinci", "status": "ok"}
{"timestamp": "2026-02-17T20:01:09+0800", "level": "INFO", "logger": "etl_logger", "message": "Download success (VFSC 2026-02-14): cc_withdraw_detail_report_20260217120107.csv, took 1.9s", "service": "cc_reconcile", "stage": "download_davinci", "status": "ok"}
{"timestamp": "2026-02-17T20:01:26+0800", "level": "INFO", "logger": "etl_logger", "message": "POST success (VFSC 2026-02-15): cc_withdraw_detail_report_20260217120126.csv, took 17.3s", "service": "cc_reconcile", "stage": "download_davinci", "status": "ok"}
{"timestamp": "2026-02-17T20:01:28+0800", "level": "INFO", "logger": "etl_logger", "message": "Download success (VFSC 2026-02-15): cc_withdraw_detail_report_20260217120126.csv, took 1.4s", "service": "cc_reconcile", "stage": "download_davinci", "status": "ok"}
{"timestamp": "2026-02-17T20:01:45+0800", "level": "INFO", "logger": "etl_logger", "message": "POST success (VFSC 2026-02-16): cc_withdraw_detail_report_20260217120145.csv, took 17.6s", "service": "cc_reconcile", "stage": "download_davinci", "status": "ok"}
{"timestamp": "2026-02-17T20:01:47+0800", "level": "INFO", "logger": "etl_logger", "message": "Download success (VFSC 2026-02-16): cc_withdraw_detail_report_20260217120145.csv, took 1.9s", "service": "cc_reconcile", "stage": "download_davinci", "status": "ok"}
{"timestamp": "2026-02-17T20:02:04+0800", "level": "INFO", "logger": "etl_logger", "message": "POST success (VFSC 2026-02-17): cc_withdraw_detail_report_20260217120204.csv, took 17.0s", "service": "cc_reconcile", "stage": "download_davinci", "status": "ok"}
{"timestamp": "2026-02-17T20:02:06+0800", "level": "INFO", "logger": "etl_logger", "message": "Download success (VFSC 2026-02-17): cc_withdraw_detail_report_20260217120204.csv, took 1.7s", "service": "cc_reconcile", "stage": "download_davinci", "status": "ok"}
{"timestamp": "2026-02-17T20:02:06+0800", "level": "INFO", "logger": "etl_logger", "message": "Finish downloading Davinci CC - VFSC Report", "service": "cc_reconcile", "stage": "download_davinci", "status": "ok"}
{"timestamp": "2026-02-17T20:02:06+0800", "level": "INFO", "logger": "etl_logger", "message": "Start downloading Davinci CC Report for brand: VFSC2...", "service": "cc_reconcile", "stage": "download_davinci", "status": "ok"}
{"timestamp": "2026-02-17T20:02:54+0800", "level": "INFO", "logger": "etl_logger", "message": "POST success (VFSC2 2026-02-14): cc_withdraw_detail_report_20260217120254.csv, took 47.9s", "service": "cc_reconcile", "stage": "download_davinci", "status": "ok"}
{"timestamp": "2026-02-17T20:02:56+0800", "level": "INFO", "logger": "etl_logger", "message": "Download success (VFSC2 2026-02-14): cc_withdraw_detail_report_20260217120254.csv, took 2.4s", "service": "cc_reconcile", "stage": "download_davinci", "status": "ok"}
{"timestamp": "2026-02-17T20:03:44+0800", "level": "INFO", "logger": "etl_logger", "message": "POST success (VFSC2 2026-02-15): cc_withdraw_detail_report_20260217120344.csv, took 47.8s", "service": "cc_reconcile", "stage": "download_davinci", "status": "ok"}
{"timestamp": "2026-02-17T20:03:47+0800", "level": "INFO", "logger": "etl_logger", "message": "Download success (VFSC2 2026-02-15): cc_withdraw_detail_report_20260217120344.csv, took 2.3s", "service": "cc_reconcile", "stage": "download_davinci", "status": "ok"}
{"timestamp": "2026-02-17T20:04:34+0800", "level": "INFO", "logger": "etl_logger", "message": "POST success (VFSC2 2026-02-16): cc_withdraw_detail_report_20260217120434.csv, took 47.7s", "service": "cc_reconcile", "stage": "download_davinci", "status": "ok"}
{"timestamp": "2026-02-17T20:04:37+0800", "level": "INFO", "logger": "etl_logger", "message": "Download success (VFSC2 2026-02-16): cc_withdraw_detail_report_20260217120434.csv, took 2.6s", "service": "cc_reconcile", "stage": "download_davinci", "status": "ok"}
{"timestamp": "2026-02-17T20:05:24+0800", "level": "INFO", "logger": "etl_logger", "message": "POST success (VFSC2 2026-02-17): cc_withdraw_detail_report_20260217120524.csv, took 47.6s", "service": "cc_reconcile", "stage": "download_davinci", "status": "ok"}
{"timestamp": "2026-02-17T20:05:27+0800", "level": "INFO", "logger": "etl_logger", "message": "Download success (VFSC2 2026-02-17): cc_withdraw_detail_report_20260217120524.csv, took 2.6s", "service": "cc_reconcile", "stage": "download_davinci", "status": "ok"}
{"timestamp": "2026-02-17T20:05:27+0800", "level": "INFO", "logger": "etl_logger", "message": "Finish downloading Davinci CC - VFSC2 Report", "service": "cc_reconcile", "stage": "download_davinci", "status": "ok"}
{"timestamp": "2026-02-17T20:05:27+0800", "level": "INFO", "logger": "etl_logger", "message": "Finish downloading Davinci CC Report for all brands, total rows: 18127", "service": "cc_reconcile", "stage": "download_davinci", "status": "ok"}
{"timestamp": "2026-02-17T20:05:27+0800", "level": "INFO", "logger": "etl_logger", "message": "Download CRM CC Report Finish ，Total: 18127", "service": "cc_reconcile", "stage": "download", "status": "ok"}
{"timestamp": "2026-02-17T20:05:27+0800", "level": "INFO", "logger": "etl_logger", "message": "Start reconcile...", "service": "cc_reconcile", "stage": "reconcile", "status": "ok"}
{"timestamp": "2026-02-17T20:05:27+0800", "level": "INFO", "logger": "etl_logger", "message": "Reconcile Finish ，Total Mismatch Case: 0", "service": "cc_reconcile", "stage": "reconcile", "status": "ok"}
{"timestamp": "2026-02-17T20:05:28+0800", "level": "INFO", "logger": "etl_logger", "message": "Connect Lark Finish", "service": "cc_reconcile", "stage": "lark", "status": "ok"}
{"timestamp": "2026-02-17T20:05:28+0800", "level": "INFO", "logger": "etl_logger", "message": "Start query existing data in LarkSheet...", "service": "cc_reconcile", "stage": "lark", "status": "ok"}
{"timestamp": "2026-02-17T20:05:30+0800", "level": "INFO", "logger": "etl_logger", "message": "Query existing data in LarkSheet Finish", "service": "cc_reconcile", "stage": "lark", "status": "ok"}
{"timestamp": "2026-02-17T20:05:30+0800", "level": "INFO", "logger": "etl_logger", "message": "Total unique keys in LarkSheet: 7, Total new mismatch cases to upload: 0", "service": "cc_reconcile", "stage": "lark", "status": "ok"}
{"timestamp": "2026-02-17T20:05:30+0800", "level": "INFO", "logger": "etl_logger", "message": "Append data to LarkSheet with range: Kalw4Y!A2:L3, rows: 1, columns: 12", "service": "cc_reconcile", "stage": "lark", "status": "ok"}
{"timestamp": "2026-02-17T20:05:30+0800", "level": "INFO", "logger": "etl_logger", "message": "✅ Successfully appended data to LarkSheet", "service": "cc_reconcile", "stage": "lark", "status": "ok"}
{"timestamp": "2026-02-17T20:05:31+0800", "level": "INFO", "logger": "etl_logger", "message": "Upload data to LarkSheet Finish", "service": "cc_reconcile", "stage": "lark", "status": "ok"}
{"timestamp": "2026-02-17T21:00:02+0800", "level": "INFO", "logger": "etl_logger", "message": "Start download reports...", "service": "cc_reconcile", "stage": "download", "status": "ok"}
{"timestamp": "2026-02-17T21:00:05+0800", "level": "INFO", "logger": "etl_logger", "message": "Payabl Login Success and Get Token Success", "service": "cc_reconcile", "stage": "download_payabl", "status": "ok"}
{"timestamp": "2026-02-17T21:00:05+0800", "level": "INFO", "logger": "etl_logger", "message": "Start downloading Payabl CC Report for date: 2026-02-16...", "service": "cc_reconcile", "stage": "download_payabl", "status": "ok"}
{"timestamp": "2026-02-17T21:00:37+0800", "level": "INFO", "logger": "etl_logger", "message": "Start downloading Payabl CC Report for date: 2026-02-17...", "service": "cc_reconcile", "stage": "download_payabl", "status": "ok"}
{"timestamp": "2026-02-17T21:00:52+0800", "level": "INFO", "logger": "etl_logger", "message": "Finish downloading Payabl CC Report", "service": "cc_reconcile", "stage": "download_payabl", "status": "ok"}
{"timestamp": "2026-02-17T21:00:52+0800", "level": "INFO", "logger": "etl_logger", "message": "Download Payabl CC Report Finish ，Total: 67152", "service": "cc_reconcile", "stage": "download", "status": "ok"}
{"timestamp": "2026-02-17T21:00:52+0800", "level": "INFO", "logger": "etl_logger", "message": "Login attempt 1/5", "service": "cc_reconcile", "stage": "download_davinci", "status": "ok"}
{"timestamp": "2026-02-17T21:00:53+0800", "level": "INFO", "logger": "etl_logger", "message": "Login response status=200, url=https://admin.vantagemarkets.com/admin/main, cookies=4", "service": "cc_reconcile", "stage": "download_davinci", "status": "ok"}
{"timestamp": "2026-02-17T21:00:53+0800", "level": "INFO", "logger": "etl_logger", "message": "Login successful", "service": "cc_reconcile", "stage": "download_davinci", "status": "ok"}
{"timestamp": "2026-02-17T21:00:54+0800", "level": "INFO", "logger": "etl_logger", "message": "Token obtained successfully", "service": "cc_reconcile", "stage": "download_davinci", "status": "ok"}
{"timestamp": "2026-02-17T21:00:54+0800", "level": "INFO", "logger": "etl_logger", "message": "Start downloading Davinci CC Report for brand: VFSC...", "service": "cc_reconcile", "stage": "download_davinci", "status": "ok"}
{"timestamp": "2026-02-17T21:01:12+0800", "level": "INFO", "logger": "etl_logger", "message": "POST success (VFSC 2026-02-14): cc_withdraw_detail_report_20260217130112.csv, took 18.2s", "service": "cc_reconcile", "stage": "download_davinci", "status": "ok"}
{"timestamp": "2026-02-17T21:01:14+0800", "level": "INFO", "logger": "etl_logger", "message": "Download success (VFSC 2026-02-14): cc_withdraw_detail_report_20260217130112.csv, took 1.9s", "service": "cc_reconcile", "stage": "download_davinci", "status": "ok"}
{"timestamp": "2026-02-17T21:01:32+0800", "level": "INFO", "logger": "etl_logger", "message": "POST success (VFSC 2026-02-15): cc_withdraw_detail_report_20260217130132.csv, took 18.3s", "service": "cc_reconcile", "stage": "download_davinci", "status": "ok"}
{"timestamp": "2026-02-17T21:01:34+0800", "level": "INFO", "logger": "etl_logger", "message": "Download success (VFSC 2026-02-15): cc_withdraw_detail_report_20260217130132.csv, took 1.7s", "service": "cc_reconcile", "stage": "download_davinci", "status": "ok"}
{"timestamp": "2026-02-17T21:01:52+0800", "level": "INFO", "logger": "etl_logger", "message": "POST success (VFSC 2026-02-16): cc_withdraw_detail_report_20260217130152.csv, took 17.8s", "service": "cc_reconcile", "stage": "download_davinci", "status": "ok"}
{"timestamp": "2026-02-17T21:01:53+0800", "level": "INFO", "logger": "etl_logger", "message": "Download success (VFSC 2026-02-16): cc_withdraw_detail_report_20260217130152.csv, took 1.6s", "service": "cc_reconcile", "stage": "download_davinci", "status": "ok"}
{"timestamp": "2026-02-17T21:02:11+0800", "level": "INFO", "logger": "etl_logger", "message": "POST success (VFSC 2026-02-17): cc_withdraw_detail_report_20260217130211.csv, took 17.6s", "service": "cc_reconcile", "stage": "download_davinci", "status": "ok"}
{"timestamp": "2026-02-17T21:02:13+0800", "level": "INFO", "logger": "etl_logger", "message": "Download success (VFSC 2026-02-17): cc_withdraw_detail_report_20260217130211.csv, took 1.9s", "service": "cc_reconcile", "stage": "download_davinci", "status": "ok"}
{"timestamp": "2026-02-17T21:02:13+0800", "level": "INFO", "logger": "etl_logger", "message": "Finish downloading Davinci CC - VFSC Report", "service": "cc_reconcile", "stage": "download_davinci", "status": "ok"}
{"timestamp": "2026-02-17T21:02:13+0800", "level": "INFO", "logger": "etl_logger", "message": "Start downloading Davinci CC Report for brand: VFSC2...", "service": "cc_reconcile", "stage": "download_davinci", "status": "ok"}
{"timestamp": "2026-02-17T21:03:19+0800", "level": "INFO", "logger": "etl_logger", "message": "POST success (VFSC2 2026-02-14): cc_withdraw_detail_report_20260217130319.csv, took 66.0s", "service": "cc_reconcile", "stage": "download_davinci", "status": "ok"}
{"timestamp": "2026-02-17T21:03:21+0800", "level": "INFO", "logger": "etl_logger", "message": "Download success (VFSC2 2026-02-14): cc_withdraw_detail_report_20260217130319.csv, took 2.4s", "service": "cc_reconcile", "stage": "download_davinci", "status": "ok"}
{"timestamp": "2026-02-17T21:04:09+0800", "level": "INFO", "logger": "etl_logger", "message": "POST success (VFSC2 2026-02-15): cc_withdraw_detail_report_20260217130409.csv, took 47.7s", "service": "cc_reconcile", "stage": "download_davinci", "status": "ok"}
{"timestamp": "2026-02-17T21:04:11+0800", "level": "INFO", "logger": "etl_logger", "message": "Download success (VFSC2 2026-02-15): cc_withdraw_detail_report_20260217130409.csv, took 2.1s", "service": "cc_reconcile", "stage": "download_davinci", "status": "ok"}
{"timestamp": "2026-02-17T21:05:00+0800", "level": "INFO", "logger": "etl_logger", "message": "POST success (VFSC2 2026-02-16): cc_withdraw_detail_report_20260217130500.csv, took 49.3s", "service": "cc_reconcile", "stage": "download_davinci", "status": "ok"}
{"timestamp": "2026-02-17T21:05:03+0800", "level": "INFO", "logger": "etl_logger", "message": "Download success (VFSC2 2026-02-16): cc_withdraw_detail_report_20260217130500.csv, took 2.7s", "service": "cc_reconcile", "stage": "download_davinci", "status": "ok"}
{"timestamp": "2026-02-17T21:05:51+0800", "level": "INFO", "logger": "etl_logger", "message": "POST success (VFSC2 2026-02-17): cc_withdraw_detail_report_20260217130551.csv, took 48.2s", "service": "cc_reconcile", "stage": "download_davinci", "status": "ok"}
{"timestamp": "2026-02-17T21:05:54+0800", "level": "INFO", "logger": "etl_logger", "message": "Download success (VFSC2 2026-02-17): cc_withdraw_detail_report_20260217130551.csv, took 2.6s", "service": "cc_reconcile", "stage": "download_davinci", "status": "ok"}
{"timestamp": "2026-02-17T21:05:54+0800", "level": "INFO", "logger": "etl_logger", "message": "Finish downloading Davinci CC - VFSC2 Report", "service": "cc_reconcile", "stage": "download_davinci", "status": "ok"}
{"timestamp": "2026-02-17T21:05:54+0800", "level": "INFO", "logger": "etl_logger", "message": "Finish downloading Davinci CC Report for all brands, total rows: 18701", "service": "cc_reconcile", "stage": "download_davinci", "status": "ok"}
{"timestamp": "2026-02-17T21:05:54+0800", "level": "INFO", "logger": "etl_logger", "message": "Download CRM CC Report Finish ，Total: 18701", "service": "cc_reconcile", "stage": "download", "status": "ok"}
{"timestamp": "2026-02-17T21:05:54+0800", "level": "INFO", "logger": "etl_logger", "message": "Start reconcile...", "service": "cc_reconcile", "stage": "reconcile", "status": "ok"}
{"timestamp": "2026-02-17T21:05:54+0800", "level": "INFO", "logger": "etl_logger", "message": "Reconcile Finish ，Total Mismatch Case: 0", "service": "cc_reconcile", "stage": "reconcile", "status": "ok"}
{"timestamp": "2026-02-17T21:05:55+0800", "level": "INFO", "logger": "etl_logger", "message": "Connect Lark Finish", "service": "cc_reconcile", "stage": "lark", "status": "ok"}
{"timestamp": "2026-02-17T21:05:55+0800", "level": "INFO", "logger": "etl_logger", "message": "Start query existing data in LarkSheet...", "service": "cc_reconcile", "stage": "lark", "status": "ok"}
{"timestamp": "2026-02-17T21:05:56+0800", "level": "INFO", "logger": "etl_logger", "message": "Query existing data in LarkSheet Finish", "service": "cc_reconcile", "stage": "lark", "status": "ok"}
{"timestamp": "2026-02-17T21:05:56+0800", "level": "INFO", "logger": "etl_logger", "message": "Total unique keys in LarkSheet: 7, Total new mismatch cases to upload: 0", "service": "cc_reconcile", "stage": "lark", "status": "ok"}
{"timestamp": "2026-02-17T21:05:56+0800", "level": "INFO", "logger": "etl_logger", "message": "Append data to LarkSheet with range: Kalw4Y!A2:L3, rows: 1, columns: 12", "service": "cc_reconcile", "stage": "lark", "status": "ok"}
{"timestamp": "2026-02-17T21:05:56+0800", "level": "INFO", "logger": "etl_logger", "message": "✅ Successfully appended data to LarkSheet", "service": "cc_reconcile", "stage": "lark", "status": "ok"}
{"timestamp": "2026-02-17T21:05:57+0800", "level": "INFO", "logger": "etl_logger", "message": "Upload data to LarkSheet Finish", "service": "cc_reconcile", "stage": "lark", "status": "ok"}
{"timestamp": "2026-02-17T22:00:02+0800", "level": "INFO", "logger": "etl_logger", "message": "Start download reports...", "service": "cc_reconcile", "stage": "download", "status": "ok"}
{"timestamp": "2026-02-17T22:00:05+0800", "level": "INFO", "logger": "etl_logger", "message": "Payabl Login Success and Get Token Success", "service": "cc_reconcile", "stage": "download_payabl", "status": "ok"}
{"timestamp": "2026-02-17T22:00:05+0800", "level": "INFO", "logger": "etl_logger", "message": "Start downloading Payabl CC Report for date: 2026-02-16...", "service": "cc_reconcile", "stage": "download_payabl", "status": "ok"}
{"timestamp": "2026-02-17T22:00:33+0800", "level": "INFO", "logger": "etl_logger", "message": "Start downloading Payabl CC Report for date: 2026-02-17...", "service": "cc_reconcile", "stage": "download_payabl", "status": "ok"}
{"timestamp": "2026-02-17T22:00:58+0800", "level": "INFO", "logger": "etl_logger", "message": "Finish downloading Payabl CC Report", "service": "cc_reconcile", "stage": "download_payabl", "status": "ok"}
{"timestamp": "2026-02-17T22:00:58+0800", "level": "INFO", "logger": "etl_logger", "message": "Download Payabl CC Report Finish ，Total: 74762", "service": "cc_reconcile", "stage": "download", "status": "ok"}
{"timestamp": "2026-02-17T22:00:58+0800", "level": "INFO", "logger": "etl_logger", "message": "Login attempt 1/5", "service": "cc_reconcile", "stage": "download_davinci", "status": "ok"}
{"timestamp": "2026-02-17T22:00:59+0800", "level": "INFO", "logger": "etl_logger", "message": "Login response status=200, url=https://admin.vantagemarkets.com/admin/main, cookies=4", "service": "cc_reconcile", "stage": "download_davinci", "status": "ok"}
{"timestamp": "2026-02-17T22:00:59+0800", "level": "INFO", "logger": "etl_logger", "message": "Login successful", "service": "cc_reconcile", "stage": "download_davinci", "status": "ok"}
{"timestamp": "2026-02-17T22:01:00+0800", "level": "INFO", "logger": "etl_logger", "message": "Token obtained successfully", "service": "cc_reconcile", "stage": "download_davinci", "status": "ok"}
{"timestamp": "2026-02-17T22:01:00+0800", "level": "INFO", "logger": "etl_logger", "message": "Start downloading Davinci CC Report for brand: VFSC...", "service": "cc_reconcile", "stage": "download_davinci", "status": "ok"}
{"timestamp": "2026-02-17T22:01:17+0800", "level": "INFO", "logger": "etl_logger", "message": "POST success (VFSC 2026-02-14): cc_withdraw_detail_report_20260217140117.csv, took 17.6s", "service": "cc_reconcile", "stage": "download_davinci", "status": "ok"}
{"timestamp": "2026-02-17T22:01:19+0800", "level": "INFO", "logger": "etl_logger", "message": "Download success (VFSC 2026-02-14): cc_withdraw_detail_report_20260217140117.csv, took 1.6s", "service": "cc_reconcile", "stage": "download_davinci", "status": "ok"}
{"timestamp": "2026-02-17T22:01:36+0800", "level": "INFO", "logger": "etl_logger", "message": "POST success (VFSC 2026-02-15): cc_withdraw_detail_report_20260217140136.csv, took 17.3s", "service": "cc_reconcile", "stage": "download_davinci", "status": "ok"}
{"timestamp": "2026-02-17T22:01:38+0800", "level": "INFO", "logger": "etl_logger", "message": "Download success (VFSC 2026-02-15): cc_withdraw_detail_report_20260217140136.csv, took 1.7s", "service": "cc_reconcile", "stage": "download_davinci", "status": "ok"}
{"timestamp": "2026-02-17T22:01:55+0800", "level": "INFO", "logger": "etl_logger", "message": "POST success (VFSC 2026-02-16): cc_withdraw_detail_report_20260217140155.csv, took 17.1s", "service": "cc_reconcile", "stage": "download_davinci", "status": "ok"}
{"timestamp": "2026-02-17T22:01:57+0800", "level": "INFO", "logger": "etl_logger", "message": "Download success (VFSC 2026-02-16): cc_withdraw_detail_report_20260217140155.csv, took 1.9s", "service": "cc_reconcile", "stage": "download_davinci", "status": "ok"}
{"timestamp": "2026-02-17T22:02:14+0800", "level": "INFO", "logger": "etl_logger", "message": "POST success (VFSC 2026-02-17): cc_withdraw_detail_report_20260217140214.csv, took 17.4s", "service": "cc_reconcile", "stage": "download_davinci", "status": "ok"}
{"timestamp": "2026-02-17T22:02:16+0800", "level": "INFO", "logger": "etl_logger", "message": "Download success (VFSC 2026-02-17): cc_withdraw_detail_report_20260217140214.csv, took 1.9s", "service": "cc_reconcile", "stage": "download_davinci", "status": "ok"}
{"timestamp": "2026-02-17T22:02:16+0800", "level": "INFO", "logger": "etl_logger", "message": "Finish downloading Davinci CC - VFSC Report", "service": "cc_reconcile", "stage": "download_davinci", "status": "ok"}
{"timestamp": "2026-02-17T22:02:16+0800", "level": "INFO", "logger": "etl_logger", "message": "Start downloading Davinci CC Report for brand: VFSC2...", "service": "cc_reconcile", "stage": "download_davinci", "status": "ok"}
{"timestamp": "2026-02-17T22:03:05+0800", "level": "INFO", "logger": "etl_logger", "message": "POST success (VFSC2 2026-02-14): cc_withdraw_detail_report_20260217140304.csv, took 48.1s", "service": "cc_reconcile", "stage": "download_davinci", "status": "ok"}
{"timestamp": "2026-02-17T22:03:06+0800", "level": "INFO", "logger": "etl_logger", "message": "Download success (VFSC2 2026-02-14): cc_withdraw_detail_report_20260217140304.csv, took 2.0s", "service": "cc_reconcile", "stage": "download_davinci", "status": "ok"}
{"timestamp": "2026-02-17T22:03:54+0800", "level": "INFO", "logger": "etl_logger", "message": "POST success (VFSC2 2026-02-15): cc_withdraw_detail_report_20260217140354.csv, took 48.0s", "service": "cc_reconcile", "stage": "download_davinci", "status": "ok"}
{"timestamp": "2026-02-17T22:03:57+0800", "level": "INFO", "logger": "etl_logger", "message": "Download success (VFSC2 2026-02-15): cc_withdraw_detail_report_20260217140354.csv, took 2.5s", "service": "cc_reconcile", "stage": "download_davinci", "status": "ok"}
{"timestamp": "2026-02-17T22:04:47+0800", "level": "INFO", "logger": "etl_logger", "message": "POST success (VFSC2 2026-02-16): cc_withdraw_detail_report_20260217140447.csv, took 50.5s", "service": "cc_reconcile", "stage": "download_davinci", "status": "ok"}
{"timestamp": "2026-02-17T22:04:50+0800", "level": "INFO", "logger": "etl_logger", "message": "Download success (VFSC2 2026-02-16): cc_withdraw_detail_report_20260217140447.csv, took 2.7s", "service": "cc_reconcile", "stage": "download_davinci", "status": "ok"}
{"timestamp": "2026-02-17T22:05:40+0800", "level": "INFO", "logger": "etl_logger", "message": "POST success (VFSC2 2026-02-17): cc_withdraw_detail_report_20260217140539.csv, took 49.5s", "service": "cc_reconcile", "stage": "download_davinci", "status": "ok"}
{"timestamp": "2026-02-17T22:05:42+0800", "level": "INFO", "logger": "etl_logger", "message": "Download success (VFSC2 2026-02-17): cc_withdraw_detail_report_20260217140539.csv, took 2.7s", "service": "cc_reconcile", "stage": "download_davinci", "status": "ok"}
{"timestamp": "2026-02-17T22:05:43+0800", "level": "INFO", "logger": "etl_logger", "message": "Finish downloading Davinci CC - VFSC2 Report", "service": "cc_reconcile", "stage": "download_davinci", "status": "ok"}
{"timestamp": "2026-02-17T22:05:43+0800", "level": "INFO", "logger": "etl_logger", "message": "Finish downloading Davinci CC Report for all brands, total rows: 19493", "service": "cc_reconcile", "stage": "download_davinci", "status": "ok"}
{"timestamp": "2026-02-17T22:05:43+0800", "level": "INFO", "logger": "etl_logger", "message": "Download CRM CC Report Finish ，Total: 19493", "service": "cc_reconcile", "stage": "download", "status": "ok"}
{"timestamp": "2026-02-17T22:05:43+0800", "level": "INFO", "logger": "etl_logger", "message": "Start reconcile...", "service": "cc_reconcile", "stage": "reconcile", "status": "ok"}
{"timestamp": "2026-02-17T22:05:43+0800", "level": "INFO", "logger": "etl_logger", "message": "Reconcile Finish ，Total Mismatch Case: 0", "service": "cc_reconcile", "stage": "reconcile", "status": "ok"}
{"timestamp": "2026-02-17T22:05:43+0800", "level": "INFO", "logger": "etl_logger", "message": "Connect Lark Finish", "service": "cc_reconcile", "stage": "lark", "status": "ok"}
{"timestamp": "2026-02-17T22:05:43+0800", "level": "INFO", "logger": "etl_logger", "message": "Start query existing data in LarkSheet...", "service": "cc_reconcile", "stage": "lark", "status": "ok"}
{"timestamp": "2026-02-17T22:05:44+0800", "level": "INFO", "logger": "etl_logger", "message": "Query existing data in LarkSheet Finish", "service": "cc_reconcile", "stage": "lark", "status": "ok"}
{"timestamp": "2026-02-17T22:05:44+0800", "level": "INFO", "logger": "etl_logger", "message": "Total unique keys in LarkSheet: 7, Total new mismatch cases to upload: 0", "service": "cc_reconcile", "stage": "lark", "status": "ok"}
{"timestamp": "2026-02-17T22:05:44+0800", "level": "INFO", "logger": "etl_logger", "message": "Append data to LarkSheet with range: Kalw4Y!A2:L3, rows: 1, columns: 12", "service": "cc_reconcile", "stage": "lark", "status": "ok"}
{"timestamp": "2026-02-17T22:05:44+0800", "level": "INFO", "logger": "etl_logger", "message": "✅ Successfully appended data to LarkSheet", "service": "cc_reconcile", "stage": "lark", "status": "ok"}
{"timestamp": "2026-02-17T22:05:46+0800", "level": "INFO", "logger": "etl_logger", "message": "Upload data to LarkSheet Finish", "service": "cc_reconcile", "stage": "lark", "status": "ok"}
{"timestamp": "2026-02-17T23:00:01+0800", "level": "INFO", "logger": "etl_logger", "message": "Start download reports...", "service": "cc_reconcile", "stage": "download", "status": "ok"}
{"timestamp": "2026-02-17T23:00:05+0800", "level": "INFO", "logger": "etl_logger", "message": "Payabl Login Success and Get Token Success", "service": "cc_reconcile", "stage": "download_payabl", "status": "ok"}
{"timestamp": "2026-02-17T23:00:05+0800", "level": "INFO", "logger": "etl_logger", "message": "Start downloading Payabl CC Report for date: 2026-02-16...", "service": "cc_reconcile", "stage": "download_payabl", "status": "ok"}
{"timestamp": "2026-02-17T23:00:35+0800", "level": "INFO", "logger": "etl_logger", "message": "Start downloading Payabl CC Report for date: 2026-02-17...", "service": "cc_reconcile", "stage": "download_payabl", "status": "ok"}
{"timestamp": "2026-02-17T23:01:01+0800", "level": "INFO", "logger": "etl_logger", "message": "Finish downloading Payabl CC Report", "service": "cc_reconcile", "stage": "download_payabl", "status": "ok"}
{"timestamp": "2026-02-17T23:01:01+0800", "level": "INFO", "logger": "etl_logger", "message": "Download Payabl CC Report Finish ，Total: 83064", "service": "cc_reconcile", "stage": "download", "status": "ok"}
{"timestamp": "2026-02-17T23:01:01+0800", "level": "INFO", "logger": "etl_logger", "message": "Login attempt 1/5", "service": "cc_reconcile", "stage": "download_davinci", "status": "ok"}
{"timestamp": "2026-02-17T23:01:03+0800", "level": "INFO", "logger": "etl_logger", "message": "Login response status=200, url=https://admin.vantagemarkets.com/admin/main, cookies=4", "service": "cc_reconcile", "stage": "download_davinci", "status": "ok"}
{"timestamp": "2026-02-17T23:01:03+0800", "level": "INFO", "logger": "etl_logger", "message": "Login successful", "service": "cc_reconcile", "stage": "download_davinci", "status": "ok"}
{"timestamp": "2026-02-17T23:01:03+0800", "level": "INFO", "logger": "etl_logger", "message": "Token obtained successfully", "service": "cc_reconcile", "stage": "download_davinci", "status": "ok"}
{"timestamp": "2026-02-17T23:01:03+0800", "level": "INFO", "logger": "etl_logger", "message": "Start downloading Davinci CC Report for brand: VFSC...", "service": "cc_reconcile", "stage": "download_davinci", "status": "ok"}
{"timestamp": "2026-02-17T23:01:23+0800", "level": "INFO", "logger": "etl_logger", "message": "POST success (VFSC 2026-02-14): cc_withdraw_detail_report_20260217150123.csv, took 19.8s", "service": "cc_reconcile", "stage": "download_davinci", "status": "ok"}
{"timestamp": "2026-02-17T23:01:25+0800", "level": "INFO", "logger": "etl_logger", "message": "Download success (VFSC 2026-02-14): cc_withdraw_detail_report_20260217150123.csv, took 1.9s", "service": "cc_reconcile", "stage": "download_davinci", "status": "ok"}
{"timestamp": "2026-02-17T23:01:42+0800", "level": "INFO", "logger": "etl_logger", "message": "POST success (VFSC 2026-02-15): cc_withdraw_detail_report_20260217150142.csv, took 17.7s", "service": "cc_reconcile", "stage": "download_davinci", "status": "ok"}
{"timestamp": "2026-02-17T23:01:44+0800", "level": "INFO", "logger": "etl_logger", "message": "Download success (VFSC 2026-02-15): cc_withdraw_detail_report_20260217150142.csv, took 1.7s", "service": "cc_reconcile", "stage": "download_davinci", "status": "ok"}
{"timestamp": "2026-02-17T23:02:01+0800", "level": "INFO", "logger": "etl_logger", "message": "POST success (VFSC 2026-02-16): cc_withdraw_detail_report_20260217150201.csv, took 16.9s", "service": "cc_reconcile", "stage": "download_davinci", "status": "ok"}
{"timestamp": "2026-02-17T23:02:03+0800", "level": "INFO", "logger": "etl_logger", "message": "Download success (VFSC 2026-02-16): cc_withdraw_detail_report_20260217150201.csv, took 1.9s", "service": "cc_reconcile", "stage": "download_davinci", "status": "ok"}
{"timestamp": "2026-02-17T23:02:20+0800", "level": "INFO", "logger": "etl_logger", "message": "POST success (VFSC 2026-02-17): cc_withdraw_detail_report_20260217150220.csv, took 17.4s", "service": "cc_reconcile", "stage": "download_davinci", "status": "ok"}
{"timestamp": "2026-02-17T23:02:22+0800", "level": "INFO", "logger": "etl_logger", "message": "Download success (VFSC 2026-02-17): cc_withdraw_detail_report_20260217150220.csv, took 1.9s", "service": "cc_reconcile", "stage": "download_davinci", "status": "ok"}
{"timestamp": "2026-02-17T23:02:22+0800", "level": "INFO", "logger": "etl_logger", "message": "Finish downloading Davinci CC - VFSC Report", "service": "cc_reconcile", "stage": "download_davinci", "status": "ok"}
{"timestamp": "2026-02-17T23:02:22+0800", "level": "INFO", "logger": "etl_logger", "message": "Start downloading Davinci CC Report for brand: VFSC2...", "service": "cc_reconcile", "stage": "download_davinci", "status": "ok"}
{"timestamp": "2026-02-17T23:03:12+0800", "level": "INFO", "logger": "etl_logger", "message": "POST success (VFSC2 2026-02-14): cc_withdraw_detail_report_20260217150312.csv, took 49.5s", "service": "cc_reconcile", "stage": "download_davinci", "status": "ok"}
{"timestamp": "2026-02-17T23:03:14+0800", "level": "INFO", "logger": "etl_logger", "message": "Download success (VFSC2 2026-02-14): cc_withdraw_detail_report_20260217150312.csv, took 2.4s", "service": "cc_reconcile", "stage": "download_davinci", "status": "ok"}
{"timestamp": "2026-02-17T23:04:02+0800", "level": "INFO", "logger": "etl_logger", "message": "POST success (VFSC2 2026-02-15): cc_withdraw_detail_report_20260217150402.csv, took 48.3s", "service": "cc_reconcile", "stage": "download_davinci", "status": "ok"}
{"timestamp": "2026-02-17T23:04:05+0800", "level": "INFO", "logger": "etl_logger", "message": "Download success (VFSC2 2026-02-15): cc_withdraw_detail_report_20260217150402.csv, took 2.3s", "service": "cc_reconcile", "stage": "download_davinci", "status": "ok"}
{"timestamp": "2026-02-17T23:04:53+0800", "level": "INFO", "logger": "etl_logger", "message": "POST success (VFSC2 2026-02-16): cc_withdraw_detail_report_20260217150453.csv, took 48.6s", "service": "cc_reconcile", "stage": "download_davinci", "status": "ok"}
{"timestamp": "2026-02-17T23:04:56+0800", "level": "INFO", "logger": "etl_logger", "message": "Download success (VFSC2 2026-02-16): cc_withdraw_detail_report_20260217150453.csv, took 2.8s", "service": "cc_reconcile", "stage": "download_davinci", "status": "ok"}
{"timestamp": "2026-02-17T23:05:45+0800", "level": "INFO", "logger": "etl_logger", "message": "POST success (VFSC2 2026-02-17): cc_withdraw_detail_report_20260217150545.csv, took 48.9s", "service": "cc_reconcile", "stage": "download_davinci", "status": "ok"}
{"timestamp": "2026-02-17T23:05:48+0800", "level": "INFO", "logger": "etl_logger", "message": "Download success (VFSC2 2026-02-17): cc_withdraw_detail_report_20260217150545.csv, took 2.8s", "service": "cc_reconcile", "stage": "download_davinci", "status": "ok"}
{"timestamp": "2026-02-17T23:05:48+0800", "level": "INFO", "logger": "etl_logger", "message": "Finish downloading Davinci CC - VFSC2 Report", "service": "cc_reconcile", "stage": "download_davinci", "status": "ok"}
{"timestamp": "2026-02-17T23:05:48+0800", "level": "INFO", "logger": "etl_logger", "message": "Finish downloading Davinci CC Report for all brands, total rows: 21012", "service": "cc_reconcile", "stage": "download_davinci", "status": "ok"}
{"timestamp": "2026-02-17T23:05:48+0800", "level": "INFO", "logger": "etl_logger", "message": "Download CRM CC Report Finish ，Total: 21012", "service": "cc_reconcile", "stage": "download", "status": "ok"}
{"timestamp": "2026-02-17T23:05:48+0800", "level": "INFO", "logger": "etl_logger", "message": "Start reconcile...", "service": "cc_reconcile", "stage": "reconcile", "status": "ok"}
{"timestamp": "2026-02-17T23:05:48+0800", "level": "INFO", "logger": "etl_logger", "message": "Reconcile Finish ，Total Mismatch Case: 0", "service": "cc_reconcile", "stage": "reconcile", "status": "ok"}
{"timestamp": "2026-02-17T23:05:49+0800", "level": "INFO", "logger": "etl_logger", "message": "Connect Lark Finish", "service": "cc_reconcile", "stage": "lark", "status": "ok"}
{"timestamp": "2026-02-17T23:05:49+0800", "level": "INFO", "logger": "etl_logger", "message": "Start query existing data in LarkSheet...", "service": "cc_reconcile", "stage": "lark", "status": "ok"}
{"timestamp": "2026-02-17T23:05:49+0800", "level": "INFO", "logger": "etl_logger", "message": "Query existing data in LarkSheet Finish", "service": "cc_reconcile", "stage": "lark", "status": "ok"}
{"timestamp": "2026-02-17T23:05:49+0800", "level": "INFO", "logger": "etl_logger", "message": "Total unique keys in LarkSheet: 7, Total new mismatch cases to upload: 0", "service": "cc_reconcile", "stage": "lark", "status": "ok"}
{"timestamp": "2026-02-17T23:05:49+0800", "level": "INFO", "logger": "etl_logger", "message": "Append data to LarkSheet with range: Kalw4Y!A2:L3, rows: 1, columns: 12", "service": "cc_reconcile", "stage": "lark", "status": "ok"}
{"timestamp": "2026-02-17T23:05:50+0800", "level": "INFO", "logger": "etl_logger", "message": "✅ Successfully appended data to LarkSheet", "service": "cc_reconcile", "stage": "lark", "status": "ok"}
{"timestamp": "2026-02-17T23:05:51+0800", "level": "INFO", "logger": "etl_logger", "message": "Upload data to LarkSheet Finish", "service": "cc_reconcile", "stage": "lark", "status": "ok"}
