{"timestamp": "2026-02-25T00:00:01+0800", "level": "INFO", "logger": "etl_logger", "message": "Start download reports...", "service": "cc_reconcile", "stage": "download", "status": "ok"}
{"timestamp": "2026-02-25T00:00:04+0800", "level": "INFO", "logger": "etl_logger", "message": "Payabl Login Success and Get Token Success", "service": "cc_reconcile", "stage": "download_payabl", "status": "ok"}
{"timestamp": "2026-02-25T00:00:04+0800", "level": "INFO", "logger": "etl_logger", "message": "Start downloading Payabl CC Report for date: 2026-02-24...", "service": "cc_reconcile", "stage": "download_payabl", "status": "ok"}
{"timestamp": "2026-02-25T00:00:27+0800", "level": "INFO", "logger": "etl_logger", "message": "Start downloading Payabl CC Report for date: 2026-02-25...", "service": "cc_reconcile", "stage": "download_payabl", "status": "ok"}
{"timestamp": "2026-02-25T00:00:33+0800", "level": "INFO", "logger": "etl_logger", "message": "Finish downloading Payabl CC Report", "service": "cc_reconcile", "stage": "download_payabl", "status": "ok"}
{"timestamp": "2026-02-25T00:00:33+0800", "level": "INFO", "logger": "etl_logger", "message": "Download Payabl CC Report Finish ，Total: 35094", "service": "cc_reconcile", "stage": "download", "status": "ok"}
{"timestamp": "2026-02-25T00:00:33+0800", "level": "INFO", "logger": "etl_logger", "message": "Login attempt 1/5", "service": "cc_reconcile", "stage": "download_davinci", "status": "ok"}
{"timestamp": "2026-02-25T00:00:34+0800", "level": "INFO", "logger": "etl_logger", "message": "Login response status=200, url=https://admin.vantagemarkets.com/admin/main, cookies=4", "service": "cc_reconcile", "stage": "download_davinci", "status": "ok"}
{"timestamp": "2026-02-25T00:00:34+0800", "level": "INFO", "logger": "etl_logger", "message": "Login successful", "service": "cc_reconcile", "stage": "download_davinci", "status": "ok"}
{"timestamp": "2026-02-25T00:00:35+0800", "level": "INFO", "logger": "etl_logger", "message": "Token obtained successfully", "service": "cc_reconcile", "stage": "download_davinci", "status": "ok"}
{"timestamp": "2026-02-25T00:00:35+0800", "level": "INFO", "logger": "etl_logger", "message": "Start downloading Davinci CC Report for brand: VFSC...", "service": "cc_reconcile", "stage": "download_davinci", "status": "ok"}
{"timestamp": "2026-02-25T00:00:53+0800", "level": "INFO", "logger": "etl_logger", "message": "POST success (VFSC 2026-02-21): cc_withdraw_detail_report_20260224160053.csv, took 17.8s", "service": "cc_reconcile", "stage": "download_davinci", "status": "ok"}
{"timestamp": "2026-02-25T00:00:55+0800", "level": "INFO", "logger": "etl_logger", "message": "Download success (VFSC 2026-02-21): cc_withdraw_detail_report_20260224160053.csv, took 2.5s", "service": "cc_reconcile", "stage": "download_davinci", "status": "ok"}
{"timestamp": "2026-02-25T00:01:13+0800", "level": "INFO", "logger": "etl_logger", "message": "POST success (VFSC 2026-02-22): cc_withdraw_detail_report_20260224160113.csv, took 17.7s", "service": "cc_reconcile", "stage": "download_davinci", "status": "ok"}
{"timestamp": "2026-02-25T00:01:15+0800", "level": "INFO", "logger": "etl_logger", "message": "Download success (VFSC 2026-02-22): cc_withdraw_detail_report_20260224160113.csv, took 2.4s", "service": "cc_reconcile", "stage": "download_davinci", "status": "ok"}
{"timestamp": "2026-02-25T00:01:33+0800", "level": "INFO", "logger": "etl_logger", "message": "POST success (VFSC 2026-02-23): cc_withdraw_detail_report_20260224160133.csv, took 17.9s", "service": "cc_reconcile", "stage": "download_davinci", "status": "ok"}
{"timestamp": "2026-02-25T00:01:37+0800", "level": "INFO", "logger": "etl_logger", "message": "Download success (VFSC 2026-02-23): cc_withdraw_detail_report_20260224160133.csv, took 3.6s", "service": "cc_reconcile", "stage": "download_davinci", "status": "ok"}
{"timestamp": "2026-02-25T00:01:54+0800", "level": "INFO", "logger": "etl_logger", "message": "POST success (VFSC 2026-02-24): cc_withdraw_detail_report_20260224160154.csv, took 17.3s", "service": "cc_reconcile", "stage": "download_davinci", "status": "ok"}
{"timestamp": "2026-02-25T00:02:47+0800", "level": "INFO", "logger": "etl_logger", "message": "Download success (VFSC 2026-02-24): cc_withdraw_detail_report_20260224160154.csv, took 53.0s", "service": "cc_reconcile", "stage": "download_davinci", "status": "ok"}
{"timestamp": "2026-02-25T00:02:47+0800", "level": "INFO", "logger": "etl_logger", "message": "Finish downloading Davinci CC - VFSC Report", "service": "cc_reconcile", "stage": "download_davinci", "status": "ok"}
{"timestamp": "2026-02-25T00:02:47+0800", "level": "INFO", "logger": "etl_logger", "message": "Start downloading Davinci CC Report for brand: VFSC2...", "service": "cc_reconcile", "stage": "download_davinci", "status": "ok"}
{"timestamp": "2026-02-25T00:03:36+0800", "level": "INFO", "logger": "etl_logger", "message": "POST success (VFSC2 2026-02-21): cc_withdraw_detail_report_20260224160336.csv, took 48.8s", "service": "cc_reconcile", "stage": "download_davinci", "status": "ok"}
{"timestamp": "2026-02-25T00:03:41+0800", "level": "INFO", "logger": "etl_logger", "message": "Download success (VFSC2 2026-02-21): cc_withdraw_detail_report_20260224160336.csv, took 4.8s", "service": "cc_reconcile", "stage": "download_davinci", "status": "ok"}
{"timestamp": "2026-02-25T00:04:30+0800", "level": "INFO", "logger": "etl_logger", "message": "POST success (VFSC2 2026-02-22): cc_withdraw_detail_report_20260224160430.csv, took 48.8s", "service": "cc_reconcile", "stage": "download_davinci", "status": "ok"}
{"timestamp": "2026-02-25T00:04:51+0800", "level": "INFO", "logger": "etl_logger", "message": "Download success (VFSC2 2026-02-22): cc_withdraw_detail_report_20260224160430.csv, took 21.7s", "service": "cc_reconcile", "stage": "download_davinci", "status": "ok"}
{"timestamp": "2026-02-25T00:05:41+0800", "level": "INFO", "logger": "etl_logger", "message": "POST success (VFSC2 2026-02-23): cc_withdraw_detail_report_20260224160541.csv, took 49.8s", "service": "cc_reconcile", "stage": "download_davinci", "status": "ok"}
{"timestamp": "2026-02-25T00:05:48+0800", "level": "INFO", "logger": "etl_logger", "message": "Download success (VFSC2 2026-02-23): cc_withdraw_detail_report_20260224160541.csv, took 7.1s", "service": "cc_reconcile", "stage": "download_davinci", "status": "ok"}
{"timestamp": "2026-02-25T00:06:37+0800", "level": "INFO", "logger": "etl_logger", "message": "POST success (VFSC2 2026-02-24): cc_withdraw_detail_report_20260224160637.csv, took 49.0s", "service": "cc_reconcile", "stage": "download_davinci", "status": "ok"}
{"timestamp": "2026-02-25T00:06:46+0800", "level": "INFO", "logger": "etl_logger", "message": "Download success (VFSC2 2026-02-24): cc_withdraw_detail_report_20260224160637.csv, took 8.2s", "service": "cc_reconcile", "stage": "download_davinci", "status": "ok"}
{"timestamp": "2026-02-25T00:06:46+0800", "level": "INFO", "logger": "etl_logger", "message": "Finish downloading Davinci CC - VFSC2 Report", "service": "cc_reconcile", "stage": "download_davinci", "status": "ok"}
{"timestamp": "2026-02-25T00:06:46+0800", "level": "INFO", "logger": "etl_logger", "message": "Finish downloading Davinci CC Report for all brands, total rows: 25867", "service": "cc_reconcile", "stage": "download_davinci", "status": "ok"}
{"timestamp": "2026-02-25T00:06:46+0800", "level": "INFO", "logger": "etl_logger", "message": "Download CRM CC Report Finish ，Total: 25867", "service": "cc_reconcile", "stage": "download", "status": "ok"}
{"timestamp": "2026-02-25T00:06:46+0800", "level": "INFO", "logger": "etl_logger", "message": "Start reconcile...", "service": "cc_reconcile", "stage": "reconcile", "status": "ok"}
{"timestamp": "2026-02-25T00:06:46+0800", "level": "INFO", "logger": "etl_logger", "message": "Reconcile Finish ，Total Mismatch Case: 0", "service": "cc_reconcile", "stage": "reconcile", "status": "ok"}
{"timestamp": "2026-02-25T00:06:46+0800", "level": "INFO", "logger": "etl_logger", "message": "Connect Lark Finish", "service": "cc_reconcile", "stage": "lark", "status": "ok"}
{"timestamp": "2026-02-25T00:06:46+0800", "level": "INFO", "logger": "etl_logger", "message": "Start query existing data in LarkSheet...", "service": "cc_reconcile", "stage": "lark", "status": "ok"}
{"timestamp": "2026-02-25T00:06:48+0800", "level": "INFO", "logger": "etl_logger", "message": "Query existing data in LarkSheet Finish", "service": "cc_reconcile", "stage": "lark", "status": "ok"}
{"timestamp": "2026-02-25T00:06:48+0800", "level": "INFO", "logger": "etl_logger", "message": "Total unique keys in LarkSheet: 56, Total new mismatch cases to upload: 0", "service": "cc_reconcile", "stage": "lark", "status": "ok"}
{"timestamp": "2026-02-25T00:06:48+0800", "level": "INFO", "logger": "etl_logger", "message": "Append data to LarkSheet with range: Kalw4Y!A2:L3, rows: 1, columns: 12", "service": "cc_reconcile", "stage": "lark", "status": "ok"}
{"timestamp": "2026-02-25T00:06:48+0800", "level": "INFO", "logger": "etl_logger", "message": "✅ Successfully appended data to LarkSheet", "service": "cc_reconcile", "stage": "lark", "status": "ok"}
{"timestamp": "2026-02-25T00:06:49+0800", "level": "INFO", "logger": "etl_logger", "message": "Upload data to LarkSheet Finish", "service": "cc_reconcile", "stage": "lark", "status": "ok"}
{"timestamp": "2026-02-25T01:00:02+0800", "level": "INFO", "logger": "etl_logger", "message": "Start download reports...", "service": "cc_reconcile", "stage": "download", "status": "ok"}
{"timestamp": "2026-02-25T01:00:05+0800", "level": "INFO", "logger": "etl_logger", "message": "Payabl Login Success and Get Token Success", "service": "cc_reconcile", "stage": "download_payabl", "status": "ok"}
{"timestamp": "2026-02-25T01:00:05+0800", "level": "INFO", "logger": "etl_logger", "message": "Start downloading Payabl CC Report for date: 2026-02-24...", "service": "cc_reconcile", "stage": "download_payabl", "status": "ok"}
{"timestamp": "2026-02-25T01:00:30+0800", "level": "INFO", "logger": "etl_logger", "message": "Start downloading Payabl CC Report for date: 2026-02-25...", "service": "cc_reconcile", "stage": "download_payabl", "status": "ok"}
{"timestamp": "2026-02-25T01:00:36+0800", "level": "INFO", "logger": "etl_logger", "message": "Finish downloading Payabl CC Report", "service": "cc_reconcile", "stage": "download_payabl", "status": "ok"}
{"timestamp": "2026-02-25T01:00:36+0800", "level": "INFO", "logger": "etl_logger", "message": "Download Payabl CC Report Finish ，Total: 37338", "service": "cc_reconcile", "stage": "download", "status": "ok"}
{"timestamp": "2026-02-25T01:00:36+0800", "level": "INFO", "logger": "etl_logger", "message": "Login attempt 1/5", "service": "cc_reconcile", "stage": "download_davinci", "status": "ok"}
{"timestamp": "2026-02-25T01:00:37+0800", "level": "INFO", "logger": "etl_logger", "message": "Login response status=200, url=https://admin.vantagemarkets.com/admin/main, cookies=4", "service": "cc_reconcile", "stage": "download_davinci", "status": "ok"}
{"timestamp": "2026-02-25T01:00:37+0800", "level": "INFO", "logger": "etl_logger", "message": "Login successful", "service": "cc_reconcile", "stage": "download_davinci", "status": "ok"}
{"timestamp": "2026-02-25T01:00:37+0800", "level": "INFO", "logger": "etl_logger", "message": "Token obtained successfully", "service": "cc_reconcile", "stage": "download_davinci", "status": "ok"}
{"timestamp": "2026-02-25T01:00:37+0800", "level": "INFO", "logger": "etl_logger", "message": "Start downloading Davinci CC Report for brand: VFSC...", "service": "cc_reconcile", "stage": "download_davinci", "status": "ok"}
{"timestamp": "2026-02-25T01:00:56+0800", "level": "INFO", "logger": "etl_logger", "message": "POST success (VFSC 2026-02-21): cc_withdraw_detail_report_20260224170056.csv, took 18.5s", "service": "cc_reconcile", "stage": "download_davinci", "status": "ok"}
{"timestamp": "2026-02-25T01:00:59+0800", "level": "INFO", "logger": "etl_logger", "message": "Download success (VFSC 2026-02-21): cc_withdraw_detail_report_20260224170056.csv, took 2.7s", "service": "cc_reconcile", "stage": "download_davinci", "status": "ok"}
{"timestamp": "2026-02-25T01:01:16+0800", "level": "INFO", "logger": "etl_logger", "message": "POST success (VFSC 2026-02-22): cc_withdraw_detail_report_20260224170116.csv, took 17.9s", "service": "cc_reconcile", "stage": "download_davinci", "status": "ok"}
{"timestamp": "2026-02-25T01:01:18+0800", "level": "INFO", "logger": "etl_logger", "message": "Download success (VFSC 2026-02-22): cc_withdraw_detail_report_20260224170116.csv, took 1.6s", "service": "cc_reconcile", "stage": "download_davinci", "status": "ok"}
{"timestamp": "2026-02-25T01:01:37+0800", "level": "INFO", "logger": "etl_logger", "message": "POST success (VFSC 2026-02-23): cc_withdraw_detail_report_20260224170137.csv, took 18.6s", "service": "cc_reconcile", "stage": "download_davinci", "status": "ok"}
{"timestamp": "2026-02-25T01:01:47+0800", "level": "INFO", "logger": "etl_logger", "message": "Download success (VFSC 2026-02-23): cc_withdraw_detail_report_20260224170137.csv, took 10.8s", "service": "cc_reconcile", "stage": "download_davinci", "status": "ok"}
{"timestamp": "2026-02-25T01:02:04+0800", "level": "INFO", "logger": "etl_logger", "message": "POST success (VFSC 2026-02-24): cc_withdraw_detail_report_20260224170204.csv, took 17.1s", "service": "cc_reconcile", "stage": "download_davinci", "status": "ok"}
{"timestamp": "2026-02-25T01:02:09+0800", "level": "INFO", "logger": "etl_logger", "message": "Download success (VFSC 2026-02-24): cc_withdraw_detail_report_20260224170204.csv, took 4.1s", "service": "cc_reconcile", "stage": "download_davinci", "status": "ok"}
{"timestamp": "2026-02-25T01:02:09+0800", "level": "INFO", "logger": "etl_logger", "message": "Finish downloading Davinci CC - VFSC Report", "service": "cc_reconcile", "stage": "download_davinci", "status": "ok"}
{"timestamp": "2026-02-25T01:02:09+0800", "level": "INFO", "logger": "etl_logger", "message": "Start downloading Davinci CC Report for brand: VFSC2...", "service": "cc_reconcile", "stage": "download_davinci", "status": "ok"}
{"timestamp": "2026-02-25T01:02:57+0800", "level": "INFO", "logger": "etl_logger", "message": "POST success (VFSC2 2026-02-21): cc_withdraw_detail_report_20260224170257.csv, took 48.2s", "service": "cc_reconcile", "stage": "download_davinci", "status": "ok"}
{"timestamp": "2026-02-25T01:02:59+0800", "level": "INFO", "logger": "etl_logger", "message": "Download success (VFSC2 2026-02-21): cc_withdraw_detail_report_20260224170257.csv, took 2.5s", "service": "cc_reconcile", "stage": "download_davinci", "status": "ok"}
{"timestamp": "2026-02-25T01:03:47+0800", "level": "INFO", "logger": "etl_logger", "message": "POST success (VFSC2 2026-02-22): cc_withdraw_detail_report_20260224170347.csv, took 47.9s", "service": "cc_reconcile", "stage": "download_davinci", "status": "ok"}
{"timestamp": "2026-02-25T01:03:50+0800", "level": "INFO", "logger": "etl_logger", "message": "Download success (VFSC2 2026-02-22): cc_withdraw_detail_report_20260224170347.csv, took 2.6s", "service": "cc_reconcile", "stage": "download_davinci", "status": "ok"}
{"timestamp": "2026-02-25T01:04:39+0800", "level": "INFO", "logger": "etl_logger", "message": "POST success (VFSC2 2026-02-23): cc_withdraw_detail_report_20260224170439.csv, took 49.5s", "service": "cc_reconcile", "stage": "download_davinci", "status": "ok"}
{"timestamp": "2026-02-25T01:04:49+0800", "level": "INFO", "logger": "etl_logger", "message": "Download success (VFSC2 2026-02-23): cc_withdraw_detail_report_20260224170439.csv, took 9.9s", "service": "cc_reconcile", "stage": "download_davinci", "status": "ok"}
{"timestamp": "2026-02-25T01:05:40+0800", "level": "INFO", "logger": "etl_logger", "message": "POST success (VFSC2 2026-02-24): cc_withdraw_detail_report_20260224170540.csv, took 50.9s", "service": "cc_reconcile", "stage": "download_davinci", "status": "ok"}
{"timestamp": "2026-02-25T01:05:42+0800", "level": "INFO", "logger": "etl_logger", "message": "Download success (VFSC2 2026-02-24): cc_withdraw_detail_report_20260224170540.csv, took 2.2s", "service": "cc_reconcile", "stage": "download_davinci", "status": "ok"}
{"timestamp": "2026-02-25T01:05:43+0800", "level": "INFO", "logger": "etl_logger", "message": "Finish downloading Davinci CC - VFSC2 Report", "service": "cc_reconcile", "stage": "download_davinci", "status": "ok"}
{"timestamp": "2026-02-25T01:05:43+0800", "level": "INFO", "logger": "etl_logger", "message": "Finish downloading Davinci CC Report for all brands, total rows: 26489", "service": "cc_reconcile", "stage": "download_davinci", "status": "ok"}
{"timestamp": "2026-02-25T01:05:43+0800", "level": "INFO", "logger": "etl_logger", "message": "Download CRM CC Report Finish ，Total: 26489", "service": "cc_reconcile", "stage": "download", "status": "ok"}
{"timestamp": "2026-02-25T01:05:43+0800", "level": "INFO", "logger": "etl_logger", "message": "Start reconcile...", "service": "cc_reconcile", "stage": "reconcile", "status": "ok"}
{"timestamp": "2026-02-25T01:05:43+0800", "level": "INFO", "logger": "etl_logger", "message": "Reconcile Finish ，Total Mismatch Case: 0", "service": "cc_reconcile", "stage": "reconcile", "status": "ok"}
{"timestamp": "2026-02-25T01:05:43+0800", "level": "INFO", "logger": "etl_logger", "message": "Connect Lark Finish", "service": "cc_reconcile", "stage": "lark", "status": "ok"}
{"timestamp": "2026-02-25T01:05:43+0800", "level": "INFO", "logger": "etl_logger", "message": "Start query existing data in LarkSheet...", "service": "cc_reconcile", "stage": "lark", "status": "ok"}
{"timestamp": "2026-02-25T01:05:44+0800", "level": "INFO", "logger": "etl_logger", "message": "Query existing data in LarkSheet Finish", "service": "cc_reconcile", "stage": "lark", "status": "ok"}
{"timestamp": "2026-02-25T01:05:44+0800", "level": "INFO", "logger": "etl_logger", "message": "Total unique keys in LarkSheet: 56, Total new mismatch cases to upload: 0", "service": "cc_reconcile", "stage": "lark", "status": "ok"}
{"timestamp": "2026-02-25T01:05:44+0800", "level": "INFO", "logger": "etl_logger", "message": "Append data to LarkSheet with range: Kalw4Y!A2:L3, rows: 1, columns: 12", "service": "cc_reconcile", "stage": "lark", "status": "ok"}
{"timestamp": "2026-02-25T01:05:45+0800", "level": "INFO", "logger": "etl_logger", "message": "✅ Successfully appended data to LarkSheet", "service": "cc_reconcile", "stage": "lark", "status": "ok"}
{"timestamp": "2026-02-25T01:05:46+0800", "level": "INFO", "logger": "etl_logger", "message": "Upload data to LarkSheet Finish", "service": "cc_reconcile", "stage": "lark", "status": "ok"}
{"timestamp": "2026-02-25T02:00:02+0800", "level": "INFO", "logger": "etl_logger", "message": "Start download reports...", "service": "cc_reconcile", "stage": "download", "status": "ok"}
{"timestamp": "2026-02-25T02:00:05+0800", "level": "INFO", "logger": "etl_logger", "message": "Payabl Login Success and Get Token Success", "service": "cc_reconcile", "stage": "download_payabl", "status": "ok"}
{"timestamp": "2026-02-25T02:00:05+0800", "level": "INFO", "logger": "etl_logger", "message": "Start downloading Payabl CC Report for date: 2026-02-24...", "service": "cc_reconcile", "stage": "download_payabl", "status": "ok"}
{"timestamp": "2026-02-25T02:00:30+0800", "level": "INFO", "logger": "etl_logger", "message": "Start downloading Payabl CC Report for date: 2026-02-25...", "service": "cc_reconcile", "stage": "download_payabl", "status": "ok"}
{"timestamp": "2026-02-25T02:00:36+0800", "level": "INFO", "logger": "etl_logger", "message": "Finish downloading Payabl CC Report", "service": "cc_reconcile", "stage": "download_payabl", "status": "ok"}
{"timestamp": "2026-02-25T02:00:36+0800", "level": "INFO", "logger": "etl_logger", "message": "Download Payabl CC Report Finish ，Total: 39258", "service": "cc_reconcile", "stage": "download", "status": "ok"}
{"timestamp": "2026-02-25T02:00:36+0800", "level": "INFO", "logger": "etl_logger", "message": "Login attempt 1/5", "service": "cc_reconcile", "stage": "download_davinci", "status": "ok"}
{"timestamp": "2026-02-25T02:00:38+0800", "level": "INFO", "logger": "etl_logger", "message": "Login response status=200, url=https://admin.vantagemarkets.com/admin/main, cookies=4", "service": "cc_reconcile", "stage": "download_davinci", "status": "ok"}
{"timestamp": "2026-02-25T02:00:38+0800", "level": "INFO", "logger": "etl_logger", "message": "Login successful", "service": "cc_reconcile", "stage": "download_davinci", "status": "ok"}
{"timestamp": "2026-02-25T02:00:39+0800", "level": "INFO", "logger": "etl_logger", "message": "Token obtained successfully", "service": "cc_reconcile", "stage": "download_davinci", "status": "ok"}
{"timestamp": "2026-02-25T02:00:39+0800", "level": "INFO", "logger": "etl_logger", "message": "Start downloading Davinci CC Report for brand: VFSC...", "service": "cc_reconcile", "stage": "download_davinci", "status": "ok"}
{"timestamp": "2026-02-25T02:01:00+0800", "level": "INFO", "logger": "etl_logger", "message": "POST success (VFSC 2026-02-21): cc_withdraw_detail_report_20260224180100.csv, took 21.2s", "service": "cc_reconcile", "stage": "download_davinci", "status": "ok"}
{"timestamp": "2026-02-25T02:01:02+0800", "level": "INFO", "logger": "etl_logger", "message": "Download success (VFSC 2026-02-21): cc_withdraw_detail_report_20260224180100.csv, took 2.3s", "service": "cc_reconcile", "stage": "download_davinci", "status": "ok"}
{"timestamp": "2026-02-25T02:01:19+0800", "level": "INFO", "logger": "etl_logger", "message": "POST success (VFSC 2026-02-22): cc_withdraw_detail_report_20260224180119.csv, took 17.1s", "service": "cc_reconcile", "stage": "download_davinci", "status": "ok"}
{"timestamp": "2026-02-25T02:01:21+0800", "level": "INFO", "logger": "etl_logger", "message": "Download success (VFSC 2026-02-22): cc_withdraw_detail_report_20260224180119.csv, took 1.6s", "service": "cc_reconcile", "stage": "download_davinci", "status": "ok"}
{"timestamp": "2026-02-25T02:01:39+0800", "level": "INFO", "logger": "etl_logger", "message": "POST success (VFSC 2026-02-23): cc_withdraw_detail_report_20260224180139.csv, took 18.2s", "service": "cc_reconcile", "stage": "download_davinci", "status": "ok"}
{"timestamp": "2026-02-25T02:01:42+0800", "level": "INFO", "logger": "etl_logger", "message": "Download success (VFSC 2026-02-23): cc_withdraw_detail_report_20260224180139.csv, took 2.5s", "service": "cc_reconcile", "stage": "download_davinci", "status": "ok"}
{"timestamp": "2026-02-25T02:01:59+0800", "level": "INFO", "logger": "etl_logger", "message": "POST success (VFSC 2026-02-24): cc_withdraw_detail_report_20260224180159.csv, took 17.6s", "service": "cc_reconcile", "stage": "download_davinci", "status": "ok"}
{"timestamp": "2026-02-25T02:02:03+0800", "level": "INFO", "logger": "etl_logger", "message": "Download success (VFSC 2026-02-24): cc_withdraw_detail_report_20260224180159.csv, took 3.4s", "service": "cc_reconcile", "stage": "download_davinci", "status": "ok"}
{"timestamp": "2026-02-25T02:02:03+0800", "level": "INFO", "logger": "etl_logger", "message": "Finish downloading Davinci CC - VFSC Report", "service": "cc_reconcile", "stage": "download_davinci", "status": "ok"}
{"timestamp": "2026-02-25T02:02:03+0800", "level": "INFO", "logger": "etl_logger", "message": "Start downloading Davinci CC Report for brand: VFSC2...", "service": "cc_reconcile", "stage": "download_davinci", "status": "ok"}
{"timestamp": "2026-02-25T02:02:54+0800", "level": "INFO", "logger": "etl_logger", "message": "POST success (VFSC2 2026-02-21): cc_withdraw_detail_report_20260224180253.csv, took 50.8s", "service": "cc_reconcile", "stage": "download_davinci", "status": "ok"}
{"timestamp": "2026-02-25T02:02:57+0800", "level": "INFO", "logger": "etl_logger", "message": "Download success (VFSC2 2026-02-21): cc_withdraw_detail_report_20260224180253.csv, took 3.5s", "service": "cc_reconcile", "stage": "download_davinci", "status": "ok"}
{"timestamp": "2026-02-25T02:03:45+0800", "level": "INFO", "logger": "etl_logger", "message": "POST success (VFSC2 2026-02-22): cc_withdraw_detail_report_20260224180345.csv, took 48.3s", "service": "cc_reconcile", "stage": "download_davinci", "status": "ok"}
{"timestamp": "2026-02-25T02:03:47+0800", "level": "INFO", "logger": "etl_logger", "message": "Download success (VFSC2 2026-02-22): cc_withdraw_detail_report_20260224180345.csv, took 2.2s", "service": "cc_reconcile", "stage": "download_davinci", "status": "ok"}
{"timestamp": "2026-02-25T02:04:41+0800", "level": "INFO", "logger": "etl_logger", "message": "POST success (VFSC2 2026-02-23): cc_withdraw_detail_report_20260224180441.csv, took 53.8s", "service": "cc_reconcile", "stage": "download_davinci", "status": "ok"}
{"timestamp": "2026-02-25T02:04:45+0800", "level": "INFO", "logger": "etl_logger", "message": "Download success (VFSC2 2026-02-23): cc_withdraw_detail_report_20260224180441.csv, took 3.4s", "service": "cc_reconcile", "stage": "download_davinci", "status": "ok"}
{"timestamp": "2026-02-25T02:05:34+0800", "level": "INFO", "logger": "etl_logger", "message": "POST success (VFSC2 2026-02-24): cc_withdraw_detail_report_20260224180534.csv, took 49.3s", "service": "cc_reconcile", "stage": "download_davinci", "status": "ok"}
{"timestamp": "2026-02-25T02:05:36+0800", "level": "INFO", "logger": "etl_logger", "message": "Download success (VFSC2 2026-02-24): cc_withdraw_detail_report_20260224180534.csv, took 2.4s", "service": "cc_reconcile", "stage": "download_davinci", "status": "ok"}
{"timestamp": "2026-02-25T02:05:37+0800", "level": "INFO", "logger": "etl_logger", "message": "Finish downloading Davinci CC - VFSC2 Report", "service": "cc_reconcile", "stage": "download_davinci", "status": "ok"}
{"timestamp": "2026-02-25T02:05:37+0800", "level": "INFO", "logger": "etl_logger", "message": "Finish downloading Davinci CC Report for all brands, total rows: 27055", "service": "cc_reconcile", "stage": "download_davinci", "status": "ok"}
{"timestamp": "2026-02-25T02:05:37+0800", "level": "INFO", "logger": "etl_logger", "message": "Download CRM CC Report Finish ，Total: 27055", "service": "cc_reconcile", "stage": "download", "status": "ok"}
{"timestamp": "2026-02-25T02:05:37+0800", "level": "INFO", "logger": "etl_logger", "message": "Start reconcile...", "service": "cc_reconcile", "stage": "reconcile", "status": "ok"}
{"timestamp": "2026-02-25T02:05:37+0800", "level": "INFO", "logger": "etl_logger", "message": "Reconcile Finish ，Total Mismatch Case: 0", "service": "cc_reconcile", "stage": "reconcile", "status": "ok"}
{"timestamp": "2026-02-25T02:05:37+0800", "level": "INFO", "logger": "etl_logger", "message": "Connect Lark Finish", "service": "cc_reconcile", "stage": "lark", "status": "ok"}
{"timestamp": "2026-02-25T02:05:37+0800", "level": "INFO", "logger": "etl_logger", "message": "Start query existing data in LarkSheet...", "service": "cc_reconcile", "stage": "lark", "status": "ok"}
{"timestamp": "2026-02-25T02:05:38+0800", "level": "INFO", "logger": "etl_logger", "message": "Query existing data in LarkSheet Finish", "service": "cc_reconcile", "stage": "lark", "status": "ok"}
{"timestamp": "2026-02-25T02:05:38+0800", "level": "INFO", "logger": "etl_logger", "message": "Total unique keys in LarkSheet: 56, Total new mismatch cases to upload: 0", "service": "cc_reconcile", "stage": "lark", "status": "ok"}
{"timestamp": "2026-02-25T02:05:38+0800", "level": "INFO", "logger": "etl_logger", "message": "Append data to LarkSheet with range: Kalw4Y!A2:L3, rows: 1, columns: 12", "service": "cc_reconcile", "stage": "lark", "status": "ok"}
{"timestamp": "2026-02-25T02:05:39+0800", "level": "INFO", "logger": "etl_logger", "message": "✅ Successfully appended data to LarkSheet", "service": "cc_reconcile", "stage": "lark", "status": "ok"}
{"timestamp": "2026-02-25T02:05:40+0800", "level": "INFO", "logger": "etl_logger", "message": "Upload data to LarkSheet Finish", "service": "cc_reconcile", "stage": "lark", "status": "ok"}
{"timestamp": "2026-02-25T03:00:02+0800", "level": "INFO", "logger": "etl_logger", "message": "Start download reports...", "service": "cc_reconcile", "stage": "download", "status": "ok"}
{"timestamp": "2026-02-25T03:00:05+0800", "level": "INFO", "logger": "etl_logger", "message": "Payabl Login Success and Get Token Success", "service": "cc_reconcile", "stage": "download_payabl", "status": "ok"}
{"timestamp": "2026-02-25T03:00:05+0800", "level": "INFO", "logger": "etl_logger", "message": "Start downloading Payabl CC Report for date: 2026-02-24...", "service": "cc_reconcile", "stage": "download_payabl", "status": "ok"}
{"timestamp": "2026-02-25T03:00:32+0800", "level": "INFO", "logger": "etl_logger", "message": "Start downloading Payabl CC Report for date: 2026-02-25...", "service": "cc_reconcile", "stage": "download_payabl", "status": "ok"}
{"timestamp": "2026-02-25T03:00:39+0800", "level": "INFO", "logger": "etl_logger", "message": "Finish downloading Payabl CC Report", "service": "cc_reconcile", "stage": "download_payabl", "status": "ok"}
{"timestamp": "2026-02-25T03:00:39+0800", "level": "INFO", "logger": "etl_logger", "message": "Download Payabl CC Report Finish ，Total: 41059", "service": "cc_reconcile", "stage": "download", "status": "ok"}
{"timestamp": "2026-02-25T03:00:39+0800", "level": "INFO", "logger": "etl_logger", "message": "Login attempt 1/5", "service": "cc_reconcile", "stage": "download_davinci", "status": "ok"}
{"timestamp": "2026-02-25T03:00:40+0800", "level": "INFO", "logger": "etl_logger", "message": "Login response status=200, url=https://admin.vantagemarkets.com/admin/main, cookies=4", "service": "cc_reconcile", "stage": "download_davinci", "status": "ok"}
{"timestamp": "2026-02-25T03:00:40+0800", "level": "INFO", "logger": "etl_logger", "message": "Login successful", "service": "cc_reconcile", "stage": "download_davinci", "status": "ok"}
{"timestamp": "2026-02-25T03:00:41+0800", "level": "INFO", "logger": "etl_logger", "message": "Token obtained successfully", "service": "cc_reconcile", "stage": "download_davinci", "status": "ok"}
{"timestamp": "2026-02-25T03:00:41+0800", "level": "INFO", "logger": "etl_logger", "message": "Start downloading Davinci CC Report for brand: VFSC...", "service": "cc_reconcile", "stage": "download_davinci", "status": "ok"}
{"timestamp": "2026-02-25T03:00:58+0800", "level": "INFO", "logger": "etl_logger", "message": "POST success (VFSC 2026-02-21): cc_withdraw_detail_report_20260224190058.csv, took 17.8s", "service": "cc_reconcile", "stage": "download_davinci", "status": "ok"}
{"timestamp": "2026-02-25T03:01:00+0800", "level": "INFO", "logger": "etl_logger", "message": "Download success (VFSC 2026-02-21): cc_withdraw_detail_report_20260224190058.csv, took 1.4s", "service": "cc_reconcile", "stage": "download_davinci", "status": "ok"}
{"timestamp": "2026-02-25T03:01:17+0800", "level": "INFO", "logger": "etl_logger", "message": "POST success (VFSC 2026-02-22): cc_withdraw_detail_report_20260224190117.csv, took 17.2s", "service": "cc_reconcile", "stage": "download_davinci", "status": "ok"}
{"timestamp": "2026-02-25T03:01:19+0800", "level": "INFO", "logger": "etl_logger", "message": "Download success (VFSC 2026-02-22): cc_withdraw_detail_report_20260224190117.csv, took 1.4s", "service": "cc_reconcile", "stage": "download_davinci", "status": "ok"}
{"timestamp": "2026-02-25T03:01:36+0800", "level": "INFO", "logger": "etl_logger", "message": "POST success (VFSC 2026-02-23): cc_withdraw_detail_report_20260224190136.csv, took 17.5s", "service": "cc_reconcile", "stage": "download_davinci", "status": "ok"}
{"timestamp": "2026-02-25T03:01:38+0800", "level": "INFO", "logger": "etl_logger", "message": "Download success (VFSC 2026-02-23): cc_withdraw_detail_report_20260224190136.csv, took 1.7s", "service": "cc_reconcile", "stage": "download_davinci", "status": "ok"}
{"timestamp": "2026-02-25T03:01:55+0800", "level": "INFO", "logger": "etl_logger", "message": "POST success (VFSC 2026-02-24): cc_withdraw_detail_report_20260224190155.csv, took 17.5s", "service": "cc_reconcile", "stage": "download_davinci", "status": "ok"}
{"timestamp": "2026-02-25T03:01:58+0800", "level": "INFO", "logger": "etl_logger", "message": "Download success (VFSC 2026-02-24): cc_withdraw_detail_report_20260224190155.csv, took 2.3s", "service": "cc_reconcile", "stage": "download_davinci", "status": "ok"}
{"timestamp": "2026-02-25T03:01:58+0800", "level": "INFO", "logger": "etl_logger", "message": "Finish downloading Davinci CC - VFSC Report", "service": "cc_reconcile", "stage": "download_davinci", "status": "ok"}
{"timestamp": "2026-02-25T03:01:58+0800", "level": "INFO", "logger": "etl_logger", "message": "Start downloading Davinci CC Report for brand: VFSC2...", "service": "cc_reconcile", "stage": "download_davinci", "status": "ok"}
{"timestamp": "2026-02-25T03:02:46+0800", "level": "INFO", "logger": "etl_logger", "message": "POST success (VFSC2 2026-02-21): cc_withdraw_detail_report_20260224190246.csv, took 48.0s", "service": "cc_reconcile", "stage": "download_davinci", "status": "ok"}
{"timestamp": "2026-02-25T03:02:48+0800", "level": "INFO", "logger": "etl_logger", "message": "Download success (VFSC2 2026-02-21): cc_withdraw_detail_report_20260224190246.csv, took 2.4s", "service": "cc_reconcile", "stage": "download_davinci", "status": "ok"}
{"timestamp": "2026-02-25T03:03:36+0800", "level": "INFO", "logger": "etl_logger", "message": "POST success (VFSC2 2026-02-22): cc_withdraw_detail_report_20260224190336.csv, took 48.2s", "service": "cc_reconcile", "stage": "download_davinci", "status": "ok"}
{"timestamp": "2026-02-25T03:03:38+0800", "level": "INFO", "logger": "etl_logger", "message": "Download success (VFSC2 2026-02-22): cc_withdraw_detail_report_20260224190336.csv, took 2.2s", "service": "cc_reconcile", "stage": "download_davinci", "status": "ok"}
{"timestamp": "2026-02-25T03:04:29+0800", "level": "INFO", "logger": "etl_logger", "message": "POST success (VFSC2 2026-02-23): cc_withdraw_detail_report_20260224190429.csv, took 50.8s", "service": "cc_reconcile", "stage": "download_davinci", "status": "ok"}
{"timestamp": "2026-02-25T03:04:32+0800", "level": "INFO", "logger": "etl_logger", "message": "Download success (VFSC2 2026-02-23): cc_withdraw_detail_report_20260224190429.csv, took 3.0s", "service": "cc_reconcile", "stage": "download_davinci", "status": "ok"}
{"timestamp": "2026-02-25T03:05:24+0800", "level": "INFO", "logger": "etl_logger", "message": "POST success (VFSC2 2026-02-24): cc_withdraw_detail_report_20260224190524.csv, took 51.6s", "service": "cc_reconcile", "stage": "download_davinci", "status": "ok"}
{"timestamp": "2026-02-25T03:05:27+0800", "level": "INFO", "logger": "etl_logger", "message": "Download success (VFSC2 2026-02-24): cc_withdraw_detail_report_20260224190524.csv, took 2.9s", "service": "cc_reconcile", "stage": "download_davinci", "status": "ok"}
{"timestamp": "2026-02-25T03:05:27+0800", "level": "INFO", "logger": "etl_logger", "message": "Finish downloading Davinci CC - VFSC2 Report", "service": "cc_reconcile", "stage": "download_davinci", "status": "ok"}
{"timestamp": "2026-02-25T03:05:27+0800", "level": "INFO", "logger": "etl_logger", "message": "Finish downloading Davinci CC Report for all brands, total rows: 27605", "service": "cc_reconcile", "stage": "download_davinci", "status": "ok"}
{"timestamp": "2026-02-25T03:05:27+0800", "level": "INFO", "logger": "etl_logger", "message": "Download CRM CC Report Finish ，Total: 27605", "service": "cc_reconcile", "stage": "download", "status": "ok"}
{"timestamp": "2026-02-25T03:05:27+0800", "level": "INFO", "logger": "etl_logger", "message": "Start reconcile...", "service": "cc_reconcile", "stage": "reconcile", "status": "ok"}
{"timestamp": "2026-02-25T03:05:27+0800", "level": "INFO", "logger": "etl_logger", "message": "Reconcile Finish ，Total Mismatch Case: 0", "service": "cc_reconcile", "stage": "reconcile", "status": "ok"}
{"timestamp": "2026-02-25T03:05:28+0800", "level": "INFO", "logger": "etl_logger", "message": "Connect Lark Finish", "service": "cc_reconcile", "stage": "lark", "status": "ok"}
{"timestamp": "2026-02-25T03:05:28+0800", "level": "INFO", "logger": "etl_logger", "message": "Start query existing data in LarkSheet...", "service": "cc_reconcile", "stage": "lark", "status": "ok"}
{"timestamp": "2026-02-25T03:05:29+0800", "level": "INFO", "logger": "etl_logger", "message": "Query existing data in LarkSheet Finish", "service": "cc_reconcile", "stage": "lark", "status": "ok"}
{"timestamp": "2026-02-25T03:05:29+0800", "level": "INFO", "logger": "etl_logger", "message": "Total unique keys in LarkSheet: 56, Total new mismatch cases to upload: 0", "service": "cc_reconcile", "stage": "lark", "status": "ok"}
{"timestamp": "2026-02-25T03:05:29+0800", "level": "INFO", "logger": "etl_logger", "message": "Append data to LarkSheet with range: Kalw4Y!A2:L3, rows: 1, columns: 12", "service": "cc_reconcile", "stage": "lark", "status": "ok"}
{"timestamp": "2026-02-25T03:05:29+0800", "level": "INFO", "logger": "etl_logger", "message": "✅ Successfully appended data to LarkSheet", "service": "cc_reconcile", "stage": "lark", "status": "ok"}
{"timestamp": "2026-02-25T03:05:31+0800", "level": "INFO", "logger": "etl_logger", "message": "Upload data to LarkSheet Finish", "service": "cc_reconcile", "stage": "lark", "status": "ok"}
{"timestamp": "2026-02-25T04:00:01+0800", "level": "INFO", "logger": "etl_logger", "message": "Start download reports...", "service": "cc_reconcile", "stage": "download", "status": "ok"}
{"timestamp": "2026-02-25T04:00:04+0800", "level": "INFO", "logger": "etl_logger", "message": "Payabl Login Success and Get Token Success", "service": "cc_reconcile", "stage": "download_payabl", "status": "ok"}
{"timestamp": "2026-02-25T04:00:04+0800", "level": "INFO", "logger": "etl_logger", "message": "Start downloading Payabl CC Report for date: 2026-02-24...", "service": "cc_reconcile", "stage": "download_payabl", "status": "ok"}
{"timestamp": "2026-02-25T04:00:30+0800", "level": "INFO", "logger": "etl_logger", "message": "Start downloading Payabl CC Report for date: 2026-02-25...", "service": "cc_reconcile", "stage": "download_payabl", "status": "ok"}
{"timestamp": "2026-02-25T04:00:36+0800", "level": "INFO", "logger": "etl_logger", "message": "Finish downloading Payabl CC Report", "service": "cc_reconcile", "stage": "download_payabl", "status": "ok"}
{"timestamp": "2026-02-25T04:00:36+0800", "level": "INFO", "logger": "etl_logger", "message": "Download Payabl CC Report Finish ，Total: 42890", "service": "cc_reconcile", "stage": "download", "status": "ok"}
{"timestamp": "2026-02-25T04:00:36+0800", "level": "INFO", "logger": "etl_logger", "message": "Login attempt 1/5", "service": "cc_reconcile", "stage": "download_davinci", "status": "ok"}
{"timestamp": "2026-02-25T04:00:37+0800", "level": "INFO", "logger": "etl_logger", "message": "Login response status=200, url=https://admin.vantagemarkets.com/admin/main, cookies=4", "service": "cc_reconcile", "stage": "download_davinci", "status": "ok"}
{"timestamp": "2026-02-25T04:00:37+0800", "level": "INFO", "logger": "etl_logger", "message": "Login successful", "service": "cc_reconcile", "stage": "download_davinci", "status": "ok"}
{"timestamp": "2026-02-25T04:00:39+0800", "level": "INFO", "logger": "etl_logger", "message": "Token obtained successfully", "service": "cc_reconcile", "stage": "download_davinci", "status": "ok"}
{"timestamp": "2026-02-25T04:00:39+0800", "level": "INFO", "logger": "etl_logger", "message": "Start downloading Davinci CC Report for brand: VFSC...", "service": "cc_reconcile", "stage": "download_davinci", "status": "ok"}
{"timestamp": "2026-02-25T04:00:58+0800", "level": "INFO", "logger": "etl_logger", "message": "POST success (VFSC 2026-02-21): cc_withdraw_detail_report_20260224200058.csv, took 19.0s", "service": "cc_reconcile", "stage": "download_davinci", "status": "ok"}
{"timestamp": "2026-02-25T04:00:59+0800", "level": "INFO", "logger": "etl_logger", "message": "Download success (VFSC 2026-02-21): cc_withdraw_detail_report_20260224200058.csv, took 1.7s", "service": "cc_reconcile", "stage": "download_davinci", "status": "ok"}
{"timestamp": "2026-02-25T04:01:19+0800", "level": "INFO", "logger": "etl_logger", "message": "POST success (VFSC 2026-02-22): cc_withdraw_detail_report_20260224200119.csv, took 19.4s", "service": "cc_reconcile", "stage": "download_davinci", "status": "ok"}
{"timestamp": "2026-02-25T04:01:20+0800", "level": "INFO", "logger": "etl_logger", "message": "Download success (VFSC 2026-02-22): cc_withdraw_detail_report_20260224200119.csv, took 1.5s", "service": "cc_reconcile", "stage": "download_davinci", "status": "ok"}
{"timestamp": "2026-02-25T04:01:38+0800", "level": "INFO", "logger": "etl_logger", "message": "POST success (VFSC 2026-02-23): cc_withdraw_detail_report_20260224200138.csv, took 17.5s", "service": "cc_reconcile", "stage": "download_davinci", "status": "ok"}
{"timestamp": "2026-02-25T04:01:40+0800", "level": "INFO", "logger": "etl_logger", "message": "Download success (VFSC 2026-02-23): cc_withdraw_detail_report_20260224200138.csv, took 2.1s", "service": "cc_reconcile", "stage": "download_davinci", "status": "ok"}
{"timestamp": "2026-02-25T04:01:58+0800", "level": "INFO", "logger": "etl_logger", "message": "POST success (VFSC 2026-02-24): cc_withdraw_detail_report_20260224200158.csv, took 18.0s", "service": "cc_reconcile", "stage": "download_davinci", "status": "ok"}
{"timestamp": "2026-02-25T04:02:00+0800", "level": "INFO", "logger": "etl_logger", "message": "Download success (VFSC 2026-02-24): cc_withdraw_detail_report_20260224200158.csv, took 2.1s", "service": "cc_reconcile", "stage": "download_davinci", "status": "ok"}
{"timestamp": "2026-02-25T04:02:00+0800", "level": "INFO", "logger": "etl_logger", "message": "Finish downloading Davinci CC - VFSC Report", "service": "cc_reconcile", "stage": "download_davinci", "status": "ok"}
{"timestamp": "2026-02-25T04:02:00+0800", "level": "INFO", "logger": "etl_logger", "message": "Start downloading Davinci CC Report for brand: VFSC2...", "service": "cc_reconcile", "stage": "download_davinci", "status": "ok"}
{"timestamp": "2026-02-25T04:02:48+0800", "level": "INFO", "logger": "etl_logger", "message": "POST success (VFSC2 2026-02-21): cc_withdraw_detail_report_20260224200248.csv, took 48.1s", "service": "cc_reconcile", "stage": "download_davinci", "status": "ok"}
{"timestamp": "2026-02-25T04:02:51+0800", "level": "INFO", "logger": "etl_logger", "message": "Download success (VFSC2 2026-02-21): cc_withdraw_detail_report_20260224200248.csv, took 2.4s", "service": "cc_reconcile", "stage": "download_davinci", "status": "ok"}
{"timestamp": "2026-02-25T04:03:39+0800", "level": "INFO", "logger": "etl_logger", "message": "POST success (VFSC2 2026-02-22): cc_withdraw_detail_report_20260224200339.csv, took 48.8s", "service": "cc_reconcile", "stage": "download_davinci", "status": "ok"}
{"timestamp": "2026-02-25T04:03:42+0800", "level": "INFO", "logger": "etl_logger", "message": "Download success (VFSC2 2026-02-22): cc_withdraw_detail_report_20260224200339.csv, took 2.2s", "service": "cc_reconcile", "stage": "download_davinci", "status": "ok"}
{"timestamp": "2026-02-25T04:04:42+0800", "level": "INFO", "logger": "etl_logger", "message": "POST success (VFSC2 2026-02-23): cc_withdraw_detail_report_20260224200441.csv, took 60.0s", "service": "cc_reconcile", "stage": "download_davinci", "status": "ok"}
{"timestamp": "2026-02-25T04:04:45+0800", "level": "INFO", "logger": "etl_logger", "message": "Download success (VFSC2 2026-02-23): cc_withdraw_detail_report_20260224200441.csv, took 3.0s", "service": "cc_reconcile", "stage": "download_davinci", "status": "ok"}
{"timestamp": "2026-02-25T04:05:35+0800", "level": "INFO", "logger": "etl_logger", "message": "POST success (VFSC2 2026-02-24): cc_withdraw_detail_report_20260224200535.csv, took 50.2s", "service": "cc_reconcile", "stage": "download_davinci", "status": "ok"}
{"timestamp": "2026-02-25T04:05:38+0800", "level": "INFO", "logger": "etl_logger", "message": "Download success (VFSC2 2026-02-24): cc_withdraw_detail_report_20260224200535.csv, took 3.0s", "service": "cc_reconcile", "stage": "download_davinci", "status": "ok"}
{"timestamp": "2026-02-25T04:05:38+0800", "level": "INFO", "logger": "etl_logger", "message": "Finish downloading Davinci CC - VFSC2 Report", "service": "cc_reconcile", "stage": "download_davinci", "status": "ok"}
{"timestamp": "2026-02-25T04:05:38+0800", "level": "INFO", "logger": "etl_logger", "message": "Finish downloading Davinci CC Report for all brands, total rows: 28082", "service": "cc_reconcile", "stage": "download_davinci", "status": "ok"}
{"timestamp": "2026-02-25T04:05:38+0800", "level": "INFO", "logger": "etl_logger", "message": "Download CRM CC Report Finish ，Total: 28082", "service": "cc_reconcile", "stage": "download", "status": "ok"}
{"timestamp": "2026-02-25T04:05:38+0800", "level": "INFO", "logger": "etl_logger", "message": "Start reconcile...", "service": "cc_reconcile", "stage": "reconcile", "status": "ok"}
{"timestamp": "2026-02-25T04:05:38+0800", "level": "INFO", "logger": "etl_logger", "message": "Reconcile Finish ，Total Mismatch Case: 0", "service": "cc_reconcile", "stage": "reconcile", "status": "ok"}
{"timestamp": "2026-02-25T04:05:39+0800", "level": "INFO", "logger": "etl_logger", "message": "Connect Lark Finish", "service": "cc_reconcile", "stage": "lark", "status": "ok"}
{"timestamp": "2026-02-25T04:05:39+0800", "level": "INFO", "logger": "etl_logger", "message": "Start query existing data in LarkSheet...", "service": "cc_reconcile", "stage": "lark", "status": "ok"}
{"timestamp": "2026-02-25T04:05:40+0800", "level": "INFO", "logger": "etl_logger", "message": "Query existing data in LarkSheet Finish", "service": "cc_reconcile", "stage": "lark", "status": "ok"}
{"timestamp": "2026-02-25T04:05:40+0800", "level": "INFO", "logger": "etl_logger", "message": "Total unique keys in LarkSheet: 56, Total new mismatch cases to upload: 0", "service": "cc_reconcile", "stage": "lark", "status": "ok"}
{"timestamp": "2026-02-25T04:05:40+0800", "level": "INFO", "logger": "etl_logger", "message": "Append data to LarkSheet with range: Kalw4Y!A2:L3, rows: 1, columns: 12", "service": "cc_reconcile", "stage": "lark", "status": "ok"}
{"timestamp": "2026-02-25T04:05:40+0800", "level": "INFO", "logger": "etl_logger", "message": "✅ Successfully appended data to LarkSheet", "service": "cc_reconcile", "stage": "lark", "status": "ok"}
{"timestamp": "2026-02-25T04:05:41+0800", "level": "INFO", "logger": "etl_logger", "message": "Upload data to LarkSheet Finish", "service": "cc_reconcile", "stage": "lark", "status": "ok"}
{"timestamp": "2026-02-25T05:00:01+0800", "level": "INFO", "logger": "etl_logger", "message": "Start download reports...", "service": "cc_reconcile", "stage": "download", "status": "ok"}
{"timestamp": "2026-02-25T05:00:04+0800", "level": "INFO", "logger": "etl_logger", "message": "Payabl Login Success and Get Token Success", "service": "cc_reconcile", "stage": "download_payabl", "status": "ok"}
{"timestamp": "2026-02-25T05:00:04+0800", "level": "INFO", "logger": "etl_logger", "message": "Start downloading Payabl CC Report for date: 2026-02-24...", "service": "cc_reconcile", "stage": "download_payabl", "status": "ok"}
{"timestamp": "2026-02-25T05:00:31+0800", "level": "INFO", "logger": "etl_logger", "message": "Start downloading Payabl CC Report for date: 2026-02-25...", "service": "cc_reconcile", "stage": "download_payabl", "status": "ok"}
{"timestamp": "2026-02-25T05:00:38+0800", "level": "INFO", "logger": "etl_logger", "message": "Finish downloading Payabl CC Report", "service": "cc_reconcile", "stage": "download_payabl", "status": "ok"}
{"timestamp": "2026-02-25T05:00:38+0800", "level": "INFO", "logger": "etl_logger", "message": "Download Payabl CC Report Finish ，Total: 44479", "service": "cc_reconcile", "stage": "download", "status": "ok"}
{"timestamp": "2026-02-25T05:00:38+0800", "level": "INFO", "logger": "etl_logger", "message": "Login attempt 1/5", "service": "cc_reconcile", "stage": "download_davinci", "status": "ok"}
{"timestamp": "2026-02-25T05:00:39+0800", "level": "INFO", "logger": "etl_logger", "message": "Login response status=200, url=https://admin.vantagemarkets.com/admin/main, cookies=4", "service": "cc_reconcile", "stage": "download_davinci", "status": "ok"}
{"timestamp": "2026-02-25T05:00:39+0800", "level": "INFO", "logger": "etl_logger", "message": "Login successful", "service": "cc_reconcile", "stage": "download_davinci", "status": "ok"}
{"timestamp": "2026-02-25T05:00:39+0800", "level": "INFO", "logger": "etl_logger", "message": "Token obtained successfully", "service": "cc_reconcile", "stage": "download_davinci", "status": "ok"}
{"timestamp": "2026-02-25T05:00:39+0800", "level": "INFO", "logger": "etl_logger", "message": "Start downloading Davinci CC Report for brand: VFSC...", "service": "cc_reconcile", "stage": "download_davinci", "status": "ok"}
{"timestamp": "2026-02-25T05:00:57+0800", "level": "INFO", "logger": "etl_logger", "message": "POST success (VFSC 2026-02-21): cc_withdraw_detail_report_20260224210057.csv, took 17.7s", "service": "cc_reconcile", "stage": "download_davinci", "status": "ok"}
{"timestamp": "2026-02-25T05:00:58+0800", "level": "INFO", "logger": "etl_logger", "message": "Download success (VFSC 2026-02-21): cc_withdraw_detail_report_20260224210057.csv, took 1.5s", "service": "cc_reconcile", "stage": "download_davinci", "status": "ok"}
{"timestamp": "2026-02-25T05:01:15+0800", "level": "INFO", "logger": "etl_logger", "message": "POST success (VFSC 2026-02-22): cc_withdraw_detail_report_20260224210115.csv, took 16.6s", "service": "cc_reconcile", "stage": "download_davinci", "status": "ok"}
{"timestamp": "2026-02-25T05:01:16+0800", "level": "INFO", "logger": "etl_logger", "message": "Download success (VFSC 2026-02-22): cc_withdraw_detail_report_20260224210115.csv, took 1.4s", "service": "cc_reconcile", "stage": "download_davinci", "status": "ok"}
{"timestamp": "2026-02-25T05:01:34+0800", "level": "INFO", "logger": "etl_logger", "message": "POST success (VFSC 2026-02-23): cc_withdraw_detail_report_20260224210134.csv, took 17.7s", "service": "cc_reconcile", "stage": "download_davinci", "status": "ok"}
{"timestamp": "2026-02-25T05:01:36+0800", "level": "INFO", "logger": "etl_logger", "message": "Download success (VFSC 2026-02-23): cc_withdraw_detail_report_20260224210134.csv, took 2.2s", "service": "cc_reconcile", "stage": "download_davinci", "status": "ok"}
{"timestamp": "2026-02-25T05:01:54+0800", "level": "INFO", "logger": "etl_logger", "message": "POST success (VFSC 2026-02-24): cc_withdraw_detail_report_20260224210154.csv, took 18.1s", "service": "cc_reconcile", "stage": "download_davinci", "status": "ok"}
{"timestamp": "2026-02-25T05:01:57+0800", "level": "INFO", "logger": "etl_logger", "message": "Download success (VFSC 2026-02-24): cc_withdraw_detail_report_20260224210154.csv, took 2.2s", "service": "cc_reconcile", "stage": "download_davinci", "status": "ok"}
{"timestamp": "2026-02-25T05:01:57+0800", "level": "INFO", "logger": "etl_logger", "message": "Finish downloading Davinci CC - VFSC Report", "service": "cc_reconcile", "stage": "download_davinci", "status": "ok"}
{"timestamp": "2026-02-25T05:01:57+0800", "level": "INFO", "logger": "etl_logger", "message": "Start downloading Davinci CC Report for brand: VFSC2...", "service": "cc_reconcile", "stage": "download_davinci", "status": "ok"}
{"timestamp": "2026-02-25T05:02:47+0800", "level": "INFO", "logger": "etl_logger", "message": "POST success (VFSC2 2026-02-21): cc_withdraw_detail_report_20260224210247.csv, took 50.3s", "service": "cc_reconcile", "stage": "download_davinci", "status": "ok"}
{"timestamp": "2026-02-25T05:02:49+0800", "level": "INFO", "logger": "etl_logger", "message": "Download success (VFSC2 2026-02-21): cc_withdraw_detail_report_20260224210247.csv, took 2.4s", "service": "cc_reconcile", "stage": "download_davinci", "status": "ok"}
{"timestamp": "2026-02-25T05:03:40+0800", "level": "INFO", "logger": "etl_logger", "message": "POST success (VFSC2 2026-02-22): cc_withdraw_detail_report_20260224210340.csv, took 50.9s", "service": "cc_reconcile", "stage": "download_davinci", "status": "ok"}
{"timestamp": "2026-02-25T05:03:42+0800", "level": "INFO", "logger": "etl_logger", "message": "Download success (VFSC2 2026-02-22): cc_withdraw_detail_report_20260224210340.csv, took 2.0s", "service": "cc_reconcile", "stage": "download_davinci", "status": "ok"}
{"timestamp": "2026-02-25T05:04:32+0800", "level": "INFO", "logger": "etl_logger", "message": "POST success (VFSC2 2026-02-23): cc_withdraw_detail_report_20260224210432.csv, took 50.0s", "service": "cc_reconcile", "stage": "download_davinci", "status": "ok"}
{"timestamp": "2026-02-25T05:04:35+0800", "level": "INFO", "logger": "etl_logger", "message": "Download success (VFSC2 2026-02-23): cc_withdraw_detail_report_20260224210432.csv, took 3.1s", "service": "cc_reconcile", "stage": "download_davinci", "status": "ok"}
{"timestamp": "2026-02-25T05:05:25+0800", "level": "INFO", "logger": "etl_logger", "message": "POST success (VFSC2 2026-02-24): cc_withdraw_detail_report_20260224210525.csv, took 49.8s", "service": "cc_reconcile", "stage": "download_davinci", "status": "ok"}
{"timestamp": "2026-02-25T05:05:28+0800", "level": "INFO", "logger": "etl_logger", "message": "Download success (VFSC2 2026-02-24): cc_withdraw_detail_report_20260224210525.csv, took 2.4s", "service": "cc_reconcile", "stage": "download_davinci", "status": "ok"}
{"timestamp": "2026-02-25T05:05:28+0800", "level": "INFO", "logger": "etl_logger", "message": "Finish downloading Davinci CC - VFSC2 Report", "service": "cc_reconcile", "stage": "download_davinci", "status": "ok"}
{"timestamp": "2026-02-25T05:05:28+0800", "level": "INFO", "logger": "etl_logger", "message": "Finish downloading Davinci CC Report for all brands, total rows: 28639", "service": "cc_reconcile", "stage": "download_davinci", "status": "ok"}
{"timestamp": "2026-02-25T05:05:28+0800", "level": "INFO", "logger": "etl_logger", "message": "Download CRM CC Report Finish ，Total: 28639", "service": "cc_reconcile", "stage": "download", "status": "ok"}
{"timestamp": "2026-02-25T05:05:28+0800", "level": "INFO", "logger": "etl_logger", "message": "Start reconcile...", "service": "cc_reconcile", "stage": "reconcile", "status": "ok"}
{"timestamp": "2026-02-25T05:05:28+0800", "level": "INFO", "logger": "etl_logger", "message": "Reconcile Finish ，Total Mismatch Case: 0", "service": "cc_reconcile", "stage": "reconcile", "status": "ok"}
{"timestamp": "2026-02-25T05:05:28+0800", "level": "INFO", "logger": "etl_logger", "message": "Connect Lark Finish", "service": "cc_reconcile", "stage": "lark", "status": "ok"}
{"timestamp": "2026-02-25T05:05:28+0800", "level": "INFO", "logger": "etl_logger", "message": "Start query existing data in LarkSheet...", "service": "cc_reconcile", "stage": "lark", "status": "ok"}
{"timestamp": "2026-02-25T05:05:30+0800", "level": "INFO", "logger": "etl_logger", "message": "Query existing data in LarkSheet Finish", "service": "cc_reconcile", "stage": "lark", "status": "ok"}
{"timestamp": "2026-02-25T05:05:30+0800", "level": "INFO", "logger": "etl_logger", "message": "Total unique keys in LarkSheet: 56, Total new mismatch cases to upload: 0", "service": "cc_reconcile", "stage": "lark", "status": "ok"}
{"timestamp": "2026-02-25T05:05:30+0800", "level": "INFO", "logger": "etl_logger", "message": "Append data to LarkSheet with range: Kalw4Y!A2:L3, rows: 1, columns: 12", "service": "cc_reconcile", "stage": "lark", "status": "ok"}
{"timestamp": "2026-02-25T05:05:30+0800", "level": "INFO", "logger": "etl_logger", "message": "✅ Successfully appended data to LarkSheet", "service": "cc_reconcile", "stage": "lark", "status": "ok"}
{"timestamp": "2026-02-25T05:05:31+0800", "level": "INFO", "logger": "etl_logger", "message": "Upload data to LarkSheet Finish", "service": "cc_reconcile", "stage": "lark", "status": "ok"}
{"timestamp": "2026-02-25T06:00:01+0800", "level": "INFO", "logger": "etl_logger", "message": "Start download reports...", "service": "cc_reconcile", "stage": "download", "status": "ok"}
{"timestamp": "2026-02-25T06:00:05+0800", "level": "INFO", "logger": "etl_logger", "message": "Payabl Login Success and Get Token Success", "service": "cc_reconcile", "stage": "download_payabl", "status": "ok"}
{"timestamp": "2026-02-25T06:00:05+0800", "level": "INFO", "logger": "etl_logger", "message": "Start downloading Payabl CC Report for date: 2026-02-24...", "service": "cc_reconcile", "stage": "download_payabl", "status": "ok"}
{"timestamp": "2026-02-25T06:00:32+0800", "level": "INFO", "logger": "etl_logger", "message": "Start downloading Payabl CC Report for date: 2026-02-25...", "service": "cc_reconcile", "stage": "download_payabl", "status": "ok"}
{"timestamp": "2026-02-25T06:00:38+0800", "level": "INFO", "logger": "etl_logger", "message": "Finish downloading Payabl CC Report", "service": "cc_reconcile", "stage": "download_payabl", "status": "ok"}
{"timestamp": "2026-02-25T06:00:38+0800", "level": "INFO", "logger": "etl_logger", "message": "Download Payabl CC Report Finish ，Total: 46105", "service": "cc_reconcile", "stage": "download", "status": "ok"}
{"timestamp": "2026-02-25T06:00:38+0800", "level": "INFO", "logger": "etl_logger", "message": "Login attempt 1/5", "service": "cc_reconcile", "stage": "download_davinci", "status": "ok"}
{"timestamp": "2026-02-25T06:00:39+0800", "level": "INFO", "logger": "etl_logger", "message": "Login response status=200, url=https://admin.vantagemarkets.com/admin/main, cookies=4", "service": "cc_reconcile", "stage": "download_davinci", "status": "ok"}
{"timestamp": "2026-02-25T06:00:39+0800", "level": "INFO", "logger": "etl_logger", "message": "Login successful", "service": "cc_reconcile", "stage": "download_davinci", "status": "ok"}
{"timestamp": "2026-02-25T06:00:40+0800", "level": "INFO", "logger": "etl_logger", "message": "Token obtained successfully", "service": "cc_reconcile", "stage": "download_davinci", "status": "ok"}
{"timestamp": "2026-02-25T06:00:40+0800", "level": "INFO", "logger": "etl_logger", "message": "Start downloading Davinci CC Report for brand: VFSC...", "service": "cc_reconcile", "stage": "download_davinci", "status": "ok"}
{"timestamp": "2026-02-25T06:00:58+0800", "level": "INFO", "logger": "etl_logger", "message": "POST success (VFSC 2026-02-22): cc_withdraw_detail_report_20260224220058.csv, took 18.5s", "service": "cc_reconcile", "stage": "download_davinci", "status": "ok"}
{"timestamp": "2026-02-25T06:00:59+0800", "level": "INFO", "logger": "etl_logger", "message": "Download success (VFSC 2026-02-22): cc_withdraw_detail_report_20260224220058.csv, took 1.5s", "service": "cc_reconcile", "stage": "download_davinci", "status": "ok"}
{"timestamp": "2026-02-25T06:01:17+0800", "level": "INFO", "logger": "etl_logger", "message": "POST success (VFSC 2026-02-23): cc_withdraw_detail_report_20260224220117.csv, took 18.0s", "service": "cc_reconcile", "stage": "download_davinci", "status": "ok"}
{"timestamp": "2026-02-25T06:01:20+0800", "level": "INFO", "logger": "etl_logger", "message": "Download success (VFSC 2026-02-23): cc_withdraw_detail_report_20260224220117.csv, took 2.2s", "service": "cc_reconcile", "stage": "download_davinci", "status": "ok"}
{"timestamp": "2026-02-25T06:01:38+0800", "level": "INFO", "logger": "etl_logger", "message": "POST success (VFSC 2026-02-24): cc_withdraw_detail_report_20260224220138.csv, took 18.3s", "service": "cc_reconcile", "stage": "download_davinci", "status": "ok"}
{"timestamp": "2026-02-25T06:01:40+0800", "level": "INFO", "logger": "etl_logger", "message": "Download success (VFSC 2026-02-24): cc_withdraw_detail_report_20260224220138.csv, took 2.2s", "service": "cc_reconcile", "stage": "download_davinci", "status": "ok"}
Traceback (most recent call last):
  File "/app/main.py", line 72, in <module>
    main()
  File "/app/main.py", line 24, in main
    crm_cc    = download_davinci_cc_reports()
  File "/app/cc_withdraw_crawler.py", line 276, in download_davinci_cc_reports
    filename = response.json()['data']['file']
KeyError: 'file'
{"timestamp": "2026-02-25T07:00:01+0800", "level": "INFO", "logger": "etl_logger", "message": "Start download reports...", "service": "cc_reconcile", "stage": "download", "status": "ok"}
{"timestamp": "2026-02-25T07:00:04+0800", "level": "INFO", "logger": "etl_logger", "message": "Payabl Login Success and Get Token Success", "service": "cc_reconcile", "stage": "download_payabl", "status": "ok"}
{"timestamp": "2026-02-25T07:00:04+0800", "level": "INFO", "logger": "etl_logger", "message": "Start downloading Payabl CC Report for date: 2026-02-24...", "service": "cc_reconcile", "stage": "download_payabl", "status": "ok"}
{"timestamp": "2026-02-25T07:00:36+0800", "level": "INFO", "logger": "etl_logger", "message": "Start downloading Payabl CC Report for date: 2026-02-25...", "service": "cc_reconcile", "stage": "download_payabl", "status": "ok"}
{"timestamp": "2026-02-25T07:00:43+0800", "level": "INFO", "logger": "etl_logger", "message": "Finish downloading Payabl CC Report", "service": "cc_reconcile", "stage": "download_payabl", "status": "ok"}
{"timestamp": "2026-02-25T07:00:43+0800", "level": "INFO", "logger": "etl_logger", "message": "Download Payabl CC Report Finish ，Total: 47198", "service": "cc_reconcile", "stage": "download", "status": "ok"}
{"timestamp": "2026-02-25T07:00:43+0800", "level": "INFO", "logger": "etl_logger", "message": "Login attempt 1/5", "service": "cc_reconcile", "stage": "download_davinci", "status": "ok"}
{"timestamp": "2026-02-25T07:00:44+0800", "level": "INFO", "logger": "etl_logger", "message": "Login response status=200, url=https://admin.vantagemarkets.com/admin/main, cookies=4", "service": "cc_reconcile", "stage": "download_davinci", "status": "ok"}
{"timestamp": "2026-02-25T07:00:44+0800", "level": "INFO", "logger": "etl_logger", "message": "Login successful", "service": "cc_reconcile", "stage": "download_davinci", "status": "ok"}
{"timestamp": "2026-02-25T07:00:45+0800", "level": "INFO", "logger": "etl_logger", "message": "Token obtained successfully", "service": "cc_reconcile", "stage": "download_davinci", "status": "ok"}
{"timestamp": "2026-02-25T07:00:45+0800", "level": "INFO", "logger": "etl_logger", "message": "Start downloading Davinci CC Report for brand: VFSC...", "service": "cc_reconcile", "stage": "download_davinci", "status": "ok"}
{"timestamp": "2026-02-25T07:01:04+0800", "level": "INFO", "logger": "etl_logger", "message": "POST success (VFSC 2026-02-22): cc_withdraw_detail_report_20260224230104.csv, took 18.9s", "service": "cc_reconcile", "stage": "download_davinci", "status": "ok"}
{"timestamp": "2026-02-25T07:01:05+0800", "level": "INFO", "logger": "etl_logger", "message": "Download success (VFSC 2026-02-22): cc_withdraw_detail_report_20260224230104.csv, took 1.2s", "service": "cc_reconcile", "stage": "download_davinci", "status": "ok"}
{"timestamp": "2026-02-25T07:01:23+0800", "level": "INFO", "logger": "etl_logger", "message": "POST success (VFSC 2026-02-23): cc_withdraw_detail_report_20260224230123.csv, took 17.9s", "service": "cc_reconcile", "stage": "download_davinci", "status": "ok"}
{"timestamp": "2026-02-25T07:01:25+0800", "level": "INFO", "logger": "etl_logger", "message": "Download success (VFSC 2026-02-23): cc_withdraw_detail_report_20260224230123.csv, took 2.2s", "service": "cc_reconcile", "stage": "download_davinci", "status": "ok"}
{"timestamp": "2026-02-25T07:01:42+0800", "level": "INFO", "logger": "etl_logger", "message": "POST success (VFSC 2026-02-24): cc_withdraw_detail_report_20260224230142.csv, took 16.9s", "service": "cc_reconcile", "stage": "download_davinci", "status": "ok"}
{"timestamp": "2026-02-25T07:01:44+0800", "level": "INFO", "logger": "etl_logger", "message": "Download success (VFSC 2026-02-24): cc_withdraw_detail_report_20260224230142.csv, took 2.1s", "service": "cc_reconcile", "stage": "download_davinci", "status": "ok"}
{"timestamp": "2026-02-25T07:02:01+0800", "level": "INFO", "logger": "etl_logger", "message": "POST success (VFSC 2026-02-25): cc_withdraw_detail_report_20260224230201.csv, took 17.4s", "service": "cc_reconcile", "stage": "download_davinci", "status": "ok"}
{"timestamp": "2026-02-25T07:02:02+0800", "level": "INFO", "logger": "etl_logger", "message": "Download success (VFSC 2026-02-25): cc_withdraw_detail_report_20260224230201.csv, took 1.0s", "service": "cc_reconcile", "stage": "download_davinci", "status": "ok"}
{"timestamp": "2026-02-25T07:02:02+0800", "level": "INFO", "logger": "etl_logger", "message": "Finish downloading Davinci CC - VFSC Report", "service": "cc_reconcile", "stage": "download_davinci", "status": "ok"}
{"timestamp": "2026-02-25T07:02:02+0800", "level": "INFO", "logger": "etl_logger", "message": "Start downloading Davinci CC Report for brand: VFSC2...", "service": "cc_reconcile", "stage": "download_davinci", "status": "ok"}
{"timestamp": "2026-02-25T07:02:51+0800", "level": "INFO", "logger": "etl_logger", "message": "POST success (VFSC2 2026-02-22): cc_withdraw_detail_report_20260224230251.csv, took 48.5s", "service": "cc_reconcile", "stage": "download_davinci", "status": "ok"}
{"timestamp": "2026-02-25T07:02:53+0800", "level": "INFO", "logger": "etl_logger", "message": "Download success (VFSC2 2026-02-22): cc_withdraw_detail_report_20260224230251.csv, took 2.2s", "service": "cc_reconcile", "stage": "download_davinci", "status": "ok"}
{"timestamp": "2026-02-25T07:03:43+0800", "level": "INFO", "logger": "etl_logger", "message": "POST success (VFSC2 2026-02-23): cc_withdraw_detail_report_20260224230343.csv, took 49.7s", "service": "cc_reconcile", "stage": "download_davinci", "status": "ok"}
{"timestamp": "2026-02-25T07:03:46+0800", "level": "INFO", "logger": "etl_logger", "message": "Download success (VFSC2 2026-02-23): cc_withdraw_detail_report_20260224230343.csv, took 3.0s", "service": "cc_reconcile", "stage": "download_davinci", "status": "ok"}
{"timestamp": "2026-02-25T07:04:36+0800", "level": "INFO", "logger": "etl_logger", "message": "POST success (VFSC2 2026-02-24): cc_withdraw_detail_report_20260224230436.csv, took 50.4s", "service": "cc_reconcile", "stage": "download_davinci", "status": "ok"}
{"timestamp": "2026-02-25T07:04:39+0800", "level": "INFO", "logger": "etl_logger", "message": "Download success (VFSC2 2026-02-24): cc_withdraw_detail_report_20260224230436.csv, took 3.0s", "service": "cc_reconcile", "stage": "download_davinci", "status": "ok"}
{"timestamp": "2026-02-25T07:05:27+0800", "level": "INFO", "logger": "etl_logger", "message": "POST success (VFSC2 2026-02-25): cc_withdraw_detail_report_20260224230527.csv, took 48.1s", "service": "cc_reconcile", "stage": "download_davinci", "status": "ok"}
{"timestamp": "2026-02-25T07:05:29+0800", "level": "INFO", "logger": "etl_logger", "message": "Download success (VFSC2 2026-02-25): cc_withdraw_detail_report_20260224230527.csv, took 1.2s", "service": "cc_reconcile", "stage": "download_davinci", "status": "ok"}
{"timestamp": "2026-02-25T07:05:29+0800", "level": "INFO", "logger": "etl_logger", "message": "Finish downloading Davinci CC - VFSC2 Report", "service": "cc_reconcile", "stage": "download_davinci", "status": "ok"}
{"timestamp": "2026-02-25T07:05:29+0800", "level": "INFO", "logger": "etl_logger", "message": "Finish downloading Davinci CC Report for all brands, total rows: 26479", "service": "cc_reconcile", "stage": "download_davinci", "status": "ok"}
{"timestamp": "2026-02-25T07:05:29+0800", "level": "INFO", "logger": "etl_logger", "message": "Download CRM CC Report Finish ，Total: 26479", "service": "cc_reconcile", "stage": "download", "status": "ok"}
{"timestamp": "2026-02-25T07:05:29+0800", "level": "INFO", "logger": "etl_logger", "message": "Start reconcile...", "service": "cc_reconcile", "stage": "reconcile", "status": "ok"}
{"timestamp": "2026-02-25T07:05:29+0800", "level": "INFO", "logger": "etl_logger", "message": "Reconcile Finish ，Total Mismatch Case: 0", "service": "cc_reconcile", "stage": "reconcile", "status": "ok"}
{"timestamp": "2026-02-25T07:05:29+0800", "level": "INFO", "logger": "etl_logger", "message": "Connect Lark Finish", "service": "cc_reconcile", "stage": "lark", "status": "ok"}
{"timestamp": "2026-02-25T07:05:29+0800", "level": "INFO", "logger": "etl_logger", "message": "Start query existing data in LarkSheet...", "service": "cc_reconcile", "stage": "lark", "status": "ok"}
{"timestamp": "2026-02-25T07:05:30+0800", "level": "INFO", "logger": "etl_logger", "message": "Query existing data in LarkSheet Finish", "service": "cc_reconcile", "stage": "lark", "status": "ok"}
{"timestamp": "2026-02-25T07:05:30+0800", "level": "INFO", "logger": "etl_logger", "message": "Total unique keys in LarkSheet: 56, Total new mismatch cases to upload: 0", "service": "cc_reconcile", "stage": "lark", "status": "ok"}
{"timestamp": "2026-02-25T07:05:30+0800", "level": "INFO", "logger": "etl_logger", "message": "Append data to LarkSheet with range: Kalw4Y!A2:L3, rows: 1, columns: 12", "service": "cc_reconcile", "stage": "lark", "status": "ok"}
{"timestamp": "2026-02-25T07:05:31+0800", "level": "INFO", "logger": "etl_logger", "message": "✅ Successfully appended data to LarkSheet", "service": "cc_reconcile", "stage": "lark", "status": "ok"}
{"timestamp": "2026-02-25T07:05:32+0800", "level": "INFO", "logger": "etl_logger", "message": "Upload data to LarkSheet Finish", "service": "cc_reconcile", "stage": "lark", "status": "ok"}
{"timestamp": "2026-02-25T08:00:02+0800", "level": "INFO", "logger": "etl_logger", "message": "Start download reports...", "service": "cc_reconcile", "stage": "download", "status": "ok"}
{"timestamp": "2026-02-25T08:00:05+0800", "level": "INFO", "logger": "etl_logger", "message": "Payabl Login Success and Get Token Success", "service": "cc_reconcile", "stage": "download_payabl", "status": "ok"}
{"timestamp": "2026-02-25T08:00:05+0800", "level": "INFO", "logger": "etl_logger", "message": "Start downloading Payabl CC Report for date: 2026-02-24...", "service": "cc_reconcile", "stage": "download_payabl", "status": "ok"}
{"timestamp": "2026-02-25T08:00:33+0800", "level": "INFO", "logger": "etl_logger", "message": "Start downloading Payabl CC Report for date: 2026-02-25...", "service": "cc_reconcile", "stage": "download_payabl", "status": "ok"}
{"timestamp": "2026-02-25T08:00:42+0800", "level": "INFO", "logger": "etl_logger", "message": "Finish downloading Payabl CC Report", "service": "cc_reconcile", "stage": "download_payabl", "status": "ok"}
{"timestamp": "2026-02-25T08:00:42+0800", "level": "INFO", "logger": "etl_logger", "message": "Download Payabl CC Report Finish ，Total: 48994", "service": "cc_reconcile", "stage": "download", "status": "ok"}
{"timestamp": "2026-02-25T08:00:42+0800", "level": "INFO", "logger": "etl_logger", "message": "Login attempt 1/5", "service": "cc_reconcile", "stage": "download_davinci", "status": "ok"}
{"timestamp": "2026-02-25T08:00:43+0800", "level": "INFO", "logger": "etl_logger", "message": "Login response status=200, url=https://admin.vantagemarkets.com/admin/main, cookies=4", "service": "cc_reconcile", "stage": "download_davinci", "status": "ok"}
{"timestamp": "2026-02-25T08:00:43+0800", "level": "INFO", "logger": "etl_logger", "message": "Login successful", "service": "cc_reconcile", "stage": "download_davinci", "status": "ok"}
{"timestamp": "2026-02-25T08:00:43+0800", "level": "INFO", "logger": "etl_logger", "message": "Token obtained successfully", "service": "cc_reconcile", "stage": "download_davinci", "status": "ok"}
{"timestamp": "2026-02-25T08:00:43+0800", "level": "INFO", "logger": "etl_logger", "message": "Start downloading Davinci CC Report for brand: VFSC...", "service": "cc_reconcile", "stage": "download_davinci", "status": "ok"}
{"timestamp": "2026-02-25T08:01:02+0800", "level": "INFO", "logger": "etl_logger", "message": "POST success (VFSC 2026-02-22): cc_withdraw_detail_report_20260225000102.csv, took 18.7s", "service": "cc_reconcile", "stage": "download_davinci", "status": "ok"}
{"timestamp": "2026-02-25T08:01:03+0800", "level": "INFO", "logger": "etl_logger", "message": "Download success (VFSC 2026-02-22): cc_withdraw_detail_report_20260225000102.csv, took 1.2s", "service": "cc_reconcile", "stage": "download_davinci", "status": "ok"}
{"timestamp": "2026-02-25T08:01:21+0800", "level": "INFO", "logger": "etl_logger", "message": "POST success (VFSC 2026-02-23): cc_withdraw_detail_report_20260225000121.csv, took 18.4s", "service": "cc_reconcile", "stage": "download_davinci", "status": "ok"}
{"timestamp": "2026-02-25T08:01:24+0800", "level": "INFO", "logger": "etl_logger", "message": "Download success (VFSC 2026-02-23): cc_withdraw_detail_report_20260225000121.csv, took 2.2s", "service": "cc_reconcile", "stage": "download_davinci", "status": "ok"}
{"timestamp": "2026-02-25T08:01:41+0800", "level": "INFO", "logger": "etl_logger", "message": "POST success (VFSC 2026-02-24): cc_withdraw_detail_report_20260225000141.csv, took 17.6s", "service": "cc_reconcile", "stage": "download_davinci", "status": "ok"}
{"timestamp": "2026-02-25T08:01:43+0800", "level": "INFO", "logger": "etl_logger", "message": "Download success (VFSC 2026-02-24): cc_withdraw_detail_report_20260225000141.csv, took 1.8s", "service": "cc_reconcile", "stage": "download_davinci", "status": "ok"}
{"timestamp": "2026-02-25T08:02:00+0800", "level": "INFO", "logger": "etl_logger", "message": "POST success (VFSC 2026-02-25): cc_withdraw_detail_report_20260225000200.csv, took 17.3s", "service": "cc_reconcile", "stage": "download_davinci", "status": "ok"}
{"timestamp": "2026-02-25T08:02:01+0800", "level": "INFO", "logger": "etl_logger", "message": "Download success (VFSC 2026-02-25): cc_withdraw_detail_report_20260225000200.csv, took 1.2s", "service": "cc_reconcile", "stage": "download_davinci", "status": "ok"}
{"timestamp": "2026-02-25T08:02:02+0800", "level": "INFO", "logger": "etl_logger", "message": "Finish downloading Davinci CC - VFSC Report", "service": "cc_reconcile", "stage": "download_davinci", "status": "ok"}
{"timestamp": "2026-02-25T08:02:02+0800", "level": "INFO", "logger": "etl_logger", "message": "Start downloading Davinci CC Report for brand: VFSC2...", "service": "cc_reconcile", "stage": "download_davinci", "status": "ok"}
{"timestamp": "2026-02-25T08:02:51+0800", "level": "INFO", "logger": "etl_logger", "message": "POST success (VFSC2 2026-02-22): cc_withdraw_detail_report_20260225000251.csv, took 49.3s", "service": "cc_reconcile", "stage": "download_davinci", "status": "ok"}
{"timestamp": "2026-02-25T08:02:53+0800", "level": "INFO", "logger": "etl_logger", "message": "Download success (VFSC2 2026-02-22): cc_withdraw_detail_report_20260225000251.csv, took 2.2s", "service": "cc_reconcile", "stage": "download_davinci", "status": "ok"}
{"timestamp": "2026-02-25T08:03:46+0800", "level": "INFO", "logger": "etl_logger", "message": "POST success (VFSC2 2026-02-23): cc_withdraw_detail_report_20260225000346.csv, took 52.7s", "service": "cc_reconcile", "stage": "download_davinci", "status": "ok"}
{"timestamp": "2026-02-25T08:03:49+0800", "level": "INFO", "logger": "etl_logger", "message": "Download success (VFSC2 2026-02-23): cc_withdraw_detail_report_20260225000346.csv, took 3.1s", "service": "cc_reconcile", "stage": "download_davinci", "status": "ok"}
{"timestamp": "2026-02-25T08:04:40+0800", "level": "INFO", "logger": "etl_logger", "message": "POST success (VFSC2 2026-02-24): cc_withdraw_detail_report_20260225000440.csv, took 51.5s", "service": "cc_reconcile", "stage": "download_davinci", "status": "ok"}
{"timestamp": "2026-02-25T08:04:43+0800", "level": "INFO", "logger": "etl_logger", "message": "Download success (VFSC2 2026-02-24): cc_withdraw_detail_report_20260225000440.csv, took 2.9s", "service": "cc_reconcile", "stage": "download_davinci", "status": "ok"}
{"timestamp": "2026-02-25T08:05:31+0800", "level": "INFO", "logger": "etl_logger", "message": "POST success (VFSC2 2026-02-25): cc_withdraw_detail_report_20260225000531.csv, took 47.9s", "service": "cc_reconcile", "stage": "download_davinci", "status": "ok"}
{"timestamp": "2026-02-25T08:05:33+0800", "level": "INFO", "logger": "etl_logger", "message": "Download success (VFSC2 2026-02-25): cc_withdraw_detail_report_20260225000531.csv, took 1.6s", "service": "cc_reconcile", "stage": "download_davinci", "status": "ok"}
{"timestamp": "2026-02-25T08:05:33+0800", "level": "INFO", "logger": "etl_logger", "message": "Finish downloading Davinci CC - VFSC2 Report", "service": "cc_reconcile", "stage": "download_davinci", "status": "ok"}
{"timestamp": "2026-02-25T08:05:33+0800", "level": "INFO", "logger": "etl_logger", "message": "Finish downloading Davinci CC Report for all brands, total rows: 26816", "service": "cc_reconcile", "stage": "download_davinci", "status": "ok"}
{"timestamp": "2026-02-25T08:05:33+0800", "level": "INFO", "logger": "etl_logger", "message": "Download CRM CC Report Finish ，Total: 26816", "service": "cc_reconcile", "stage": "download", "status": "ok"}
{"timestamp": "2026-02-25T08:05:33+0800", "level": "INFO", "logger": "etl_logger", "message": "Start reconcile...", "service": "cc_reconcile", "stage": "reconcile", "status": "ok"}
{"timestamp": "2026-02-25T08:05:33+0800", "level": "INFO", "logger": "etl_logger", "message": "Reconcile Finish ，Total Mismatch Case: 0", "service": "cc_reconcile", "stage": "reconcile", "status": "ok"}
{"timestamp": "2026-02-25T08:05:34+0800", "level": "INFO", "logger": "etl_logger", "message": "Connect Lark Finish", "service": "cc_reconcile", "stage": "lark", "status": "ok"}
{"timestamp": "2026-02-25T08:05:34+0800", "level": "INFO", "logger": "etl_logger", "message": "Start query existing data in LarkSheet...", "service": "cc_reconcile", "stage": "lark", "status": "ok"}
{"timestamp": "2026-02-25T08:05:35+0800", "level": "INFO", "logger": "etl_logger", "message": "Query existing data in LarkSheet Finish", "service": "cc_reconcile", "stage": "lark", "status": "ok"}
{"timestamp": "2026-02-25T08:05:35+0800", "level": "INFO", "logger": "etl_logger", "message": "Total unique keys in LarkSheet: 56, Total new mismatch cases to upload: 0", "service": "cc_reconcile", "stage": "lark", "status": "ok"}
{"timestamp": "2026-02-25T08:05:35+0800", "level": "INFO", "logger": "etl_logger", "message": "Append data to LarkSheet with range: Kalw4Y!A2:L3, rows: 1, columns: 12", "service": "cc_reconcile", "stage": "lark", "status": "ok"}
{"timestamp": "2026-02-25T08:05:35+0800", "level": "INFO", "logger": "etl_logger", "message": "✅ Successfully appended data to LarkSheet", "service": "cc_reconcile", "stage": "lark", "status": "ok"}
{"timestamp": "2026-02-25T08:05:36+0800", "level": "INFO", "logger": "etl_logger", "message": "Upload data to LarkSheet Finish", "service": "cc_reconcile", "stage": "lark", "status": "ok"}
{"timestamp": "2026-02-25T09:00:01+0800", "level": "INFO", "logger": "etl_logger", "message": "Start download reports...", "service": "cc_reconcile", "stage": "download", "status": "ok"}
{"timestamp": "2026-02-25T09:00:04+0800", "level": "INFO", "logger": "etl_logger", "message": "Payabl Login Success and Get Token Success", "service": "cc_reconcile", "stage": "download_payabl", "status": "ok"}
{"timestamp": "2026-02-25T09:00:04+0800", "level": "INFO", "logger": "etl_logger", "message": "Start downloading Payabl CC Report for date: 2026-02-24...", "service": "cc_reconcile", "stage": "download_payabl", "status": "ok"}
{"timestamp": "2026-02-25T09:00:33+0800", "level": "INFO", "logger": "etl_logger", "message": "Start downloading Payabl CC Report for date: 2026-02-25...", "service": "cc_reconcile", "stage": "download_payabl", "status": "ok"}
{"timestamp": "2026-02-25T09:00:42+0800", "level": "INFO", "logger": "etl_logger", "message": "Finish downloading Payabl CC Report", "service": "cc_reconcile", "stage": "download_payabl", "status": "ok"}
{"timestamp": "2026-02-25T09:00:42+0800", "level": "INFO", "logger": "etl_logger", "message": "Download Payabl CC Report Finish ，Total: 49996", "service": "cc_reconcile", "stage": "download", "status": "ok"}
{"timestamp": "2026-02-25T09:00:42+0800", "level": "INFO", "logger": "etl_logger", "message": "Login attempt 1/5", "service": "cc_reconcile", "stage": "download_davinci", "status": "ok"}
{"timestamp": "2026-02-25T09:00:43+0800", "level": "INFO", "logger": "etl_logger", "message": "Login response status=200, url=https://admin.vantagemarkets.com/admin/main, cookies=4", "service": "cc_reconcile", "stage": "download_davinci", "status": "ok"}
{"timestamp": "2026-02-25T09:00:43+0800", "level": "INFO", "logger": "etl_logger", "message": "Login successful", "service": "cc_reconcile", "stage": "download_davinci", "status": "ok"}
{"timestamp": "2026-02-25T09:00:43+0800", "level": "INFO", "logger": "etl_logger", "message": "Token obtained successfully", "service": "cc_reconcile", "stage": "download_davinci", "status": "ok"}
{"timestamp": "2026-02-25T09:00:43+0800", "level": "INFO", "logger": "etl_logger", "message": "Start downloading Davinci CC Report for brand: VFSC...", "service": "cc_reconcile", "stage": "download_davinci", "status": "ok"}
{"timestamp": "2026-02-25T09:01:02+0800", "level": "INFO", "logger": "etl_logger", "message": "POST success (VFSC 2026-02-22): cc_withdraw_detail_report_20260225010102.csv, took 18.2s", "service": "cc_reconcile", "stage": "download_davinci", "status": "ok"}
{"timestamp": "2026-02-25T09:01:03+0800", "level": "INFO", "logger": "etl_logger", "message": "Download success (VFSC 2026-02-22): cc_withdraw_detail_report_20260225010102.csv, took 1.5s", "service": "cc_reconcile", "stage": "download_davinci", "status": "ok"}
{"timestamp": "2026-02-25T09:01:21+0800", "level": "INFO", "logger": "etl_logger", "message": "POST success (VFSC 2026-02-23): cc_withdraw_detail_report_20260225010121.csv, took 17.5s", "service": "cc_reconcile", "stage": "download_davinci", "status": "ok"}
{"timestamp": "2026-02-25T09:01:23+0800", "level": "INFO", "logger": "etl_logger", "message": "Download success (VFSC 2026-02-23): cc_withdraw_detail_report_20260225010121.csv, took 2.2s", "service": "cc_reconcile", "stage": "download_davinci", "status": "ok"}
{"timestamp": "2026-02-25T09:01:40+0800", "level": "INFO", "logger": "etl_logger", "message": "POST success (VFSC 2026-02-24): cc_withdraw_detail_report_20260225010140.csv, took 17.4s", "service": "cc_reconcile", "stage": "download_davinci", "status": "ok"}
{"timestamp": "2026-02-25T09:01:42+0800", "level": "INFO", "logger": "etl_logger", "message": "Download success (VFSC 2026-02-24): cc_withdraw_detail_report_20260225010140.csv, took 2.1s", "service": "cc_reconcile", "stage": "download_davinci", "status": "ok"}
{"timestamp": "2026-02-25T09:02:00+0800", "level": "INFO", "logger": "etl_logger", "message": "POST success (VFSC 2026-02-25): cc_withdraw_detail_report_20260225010200.csv, took 17.3s", "service": "cc_reconcile", "stage": "download_davinci", "status": "ok"}
{"timestamp": "2026-02-25T09:02:01+0800", "level": "INFO", "logger": "etl_logger", "message": "Download success (VFSC 2026-02-25): cc_withdraw_detail_report_20260225010200.csv, took 1.2s", "service": "cc_reconcile", "stage": "download_davinci", "status": "ok"}
{"timestamp": "2026-02-25T09:02:01+0800", "level": "INFO", "logger": "etl_logger", "message": "Finish downloading Davinci CC - VFSC Report", "service": "cc_reconcile", "stage": "download_davinci", "status": "ok"}
{"timestamp": "2026-02-25T09:02:01+0800", "level": "INFO", "logger": "etl_logger", "message": "Start downloading Davinci CC Report for brand: VFSC2...", "service": "cc_reconcile", "stage": "download_davinci", "status": "ok"}
{"timestamp": "2026-02-25T09:02:51+0800", "level": "INFO", "logger": "etl_logger", "message": "POST success (VFSC2 2026-02-22): cc_withdraw_detail_report_20260225010251.csv, took 50.0s", "service": "cc_reconcile", "stage": "download_davinci", "status": "ok"}
{"timestamp": "2026-02-25T09:02:53+0800", "level": "INFO", "logger": "etl_logger", "message": "Download success (VFSC2 2026-02-22): cc_withdraw_detail_report_20260225010251.csv, took 2.2s", "service": "cc_reconcile", "stage": "download_davinci", "status": "ok"}
{"timestamp": "2026-02-25T09:03:44+0800", "level": "INFO", "logger": "etl_logger", "message": "POST success (VFSC2 2026-02-23): cc_withdraw_detail_report_20260225010344.csv, took 51.3s", "service": "cc_reconcile", "stage": "download_davinci", "status": "ok"}
{"timestamp": "2026-02-25T09:03:47+0800", "level": "INFO", "logger": "etl_logger", "message": "Download success (VFSC2 2026-02-23): cc_withdraw_detail_report_20260225010344.csv, took 3.0s", "service": "cc_reconcile", "stage": "download_davinci", "status": "ok"}
{"timestamp": "2026-02-25T09:04:39+0800", "level": "INFO", "logger": "etl_logger", "message": "POST success (VFSC2 2026-02-24): cc_withdraw_detail_report_20260225010439.csv, took 52.0s", "service": "cc_reconcile", "stage": "download_davinci", "status": "ok"}
{"timestamp": "2026-02-25T09:04:42+0800", "level": "INFO", "logger": "etl_logger", "message": "Download success (VFSC2 2026-02-24): cc_withdraw_detail_report_20260225010439.csv, took 2.9s", "service": "cc_reconcile", "stage": "download_davinci", "status": "ok"}
{"timestamp": "2026-02-25T09:05:32+0800", "level": "INFO", "logger": "etl_logger", "message": "POST success (VFSC2 2026-02-25): cc_withdraw_detail_report_20260225010532.csv, took 49.3s", "service": "cc_reconcile", "stage": "download_davinci", "status": "ok"}
{"timestamp": "2026-02-25T09:05:34+0800", "level": "INFO", "logger": "etl_logger", "message": "Download success (VFSC2 2026-02-25): cc_withdraw_detail_report_20260225010532.csv, took 2.0s", "service": "cc_reconcile", "stage": "download_davinci", "status": "ok"}
{"timestamp": "2026-02-25T09:05:34+0800", "level": "INFO", "logger": "etl_logger", "message": "Finish downloading Davinci CC - VFSC2 Report", "service": "cc_reconcile", "stage": "download_davinci", "status": "ok"}
{"timestamp": "2026-02-25T09:05:34+0800", "level": "INFO", "logger": "etl_logger", "message": "Finish downloading Davinci CC Report for all brands, total rows: 27051", "service": "cc_reconcile", "stage": "download_davinci", "status": "ok"}
{"timestamp": "2026-02-25T09:05:34+0800", "level": "INFO", "logger": "etl_logger", "message": "Download CRM CC Report Finish ，Total: 27051", "service": "cc_reconcile", "stage": "download", "status": "ok"}
{"timestamp": "2026-02-25T09:05:34+0800", "level": "INFO", "logger": "etl_logger", "message": "Start reconcile...", "service": "cc_reconcile", "stage": "reconcile", "status": "ok"}
{"timestamp": "2026-02-25T09:05:34+0800", "level": "INFO", "logger": "etl_logger", "message": "Reconcile Finish ，Total Mismatch Case: 0", "service": "cc_reconcile", "stage": "reconcile", "status": "ok"}
{"timestamp": "2026-02-25T09:05:35+0800", "level": "INFO", "logger": "etl_logger", "message": "Connect Lark Finish", "service": "cc_reconcile", "stage": "lark", "status": "ok"}
{"timestamp": "2026-02-25T09:05:35+0800", "level": "INFO", "logger": "etl_logger", "message": "Start query existing data in LarkSheet...", "service": "cc_reconcile", "stage": "lark", "status": "ok"}
{"timestamp": "2026-02-25T09:05:36+0800", "level": "INFO", "logger": "etl_logger", "message": "Query existing data in LarkSheet Finish", "service": "cc_reconcile", "stage": "lark", "status": "ok"}
{"timestamp": "2026-02-25T09:05:36+0800", "level": "INFO", "logger": "etl_logger", "message": "Total unique keys in LarkSheet: 56, Total new mismatch cases to upload: 0", "service": "cc_reconcile", "stage": "lark", "status": "ok"}
{"timestamp": "2026-02-25T09:05:36+0800", "level": "INFO", "logger": "etl_logger", "message": "Append data to LarkSheet with range: Kalw4Y!A2:L3, rows: 1, columns: 12", "service": "cc_reconcile", "stage": "lark", "status": "ok"}
{"timestamp": "2026-02-25T09:05:36+0800", "level": "INFO", "logger": "etl_logger", "message": "✅ Successfully appended data to LarkSheet", "service": "cc_reconcile", "stage": "lark", "status": "ok"}
{"timestamp": "2026-02-25T09:05:38+0800", "level": "INFO", "logger": "etl_logger", "message": "Upload data to LarkSheet Finish", "service": "cc_reconcile", "stage": "lark", "status": "ok"}
{"timestamp": "2026-02-25T10:00:02+0800", "level": "INFO", "logger": "etl_logger", "message": "Start download reports...", "service": "cc_reconcile", "stage": "download", "status": "ok"}
{"timestamp": "2026-02-25T10:00:05+0800", "level": "INFO", "logger": "etl_logger", "message": "Payabl Login Success and Get Token Success", "service": "cc_reconcile", "stage": "download_payabl", "status": "ok"}
{"timestamp": "2026-02-25T10:00:05+0800", "level": "INFO", "logger": "etl_logger", "message": "Start downloading Payabl CC Report for date: 2026-02-24...", "service": "cc_reconcile", "stage": "download_payabl", "status": "ok"}
{"timestamp": "2026-02-25T10:00:33+0800", "level": "INFO", "logger": "etl_logger", "message": "Start downloading Payabl CC Report for date: 2026-02-25...", "service": "cc_reconcile", "stage": "download_payabl", "status": "ok"}
{"timestamp": "2026-02-25T10:00:43+0800", "level": "INFO", "logger": "etl_logger", "message": "Finish downloading Payabl CC Report", "service": "cc_reconcile", "stage": "download_payabl", "status": "ok"}
{"timestamp": "2026-02-25T10:00:43+0800", "level": "INFO", "logger": "etl_logger", "message": "Download Payabl CC Report Finish ，Total: 51532", "service": "cc_reconcile", "stage": "download", "status": "ok"}
{"timestamp": "2026-02-25T10:00:43+0800", "level": "INFO", "logger": "etl_logger", "message": "Login attempt 1/5", "service": "cc_reconcile", "stage": "download_davinci", "status": "ok"}
{"timestamp": "2026-02-25T10:00:44+0800", "level": "INFO", "logger": "etl_logger", "message": "Login response status=200, url=https://admin.vantagemarkets.com/admin/main, cookies=4", "service": "cc_reconcile", "stage": "download_davinci", "status": "ok"}
{"timestamp": "2026-02-25T10:00:44+0800", "level": "INFO", "logger": "etl_logger", "message": "Login successful", "service": "cc_reconcile", "stage": "download_davinci", "status": "ok"}
{"timestamp": "2026-02-25T10:00:44+0800", "level": "INFO", "logger": "etl_logger", "message": "Token obtained successfully", "service": "cc_reconcile", "stage": "download_davinci", "status": "ok"}
{"timestamp": "2026-02-25T10:00:44+0800", "level": "INFO", "logger": "etl_logger", "message": "Start downloading Davinci CC Report for brand: VFSC...", "service": "cc_reconcile", "stage": "download_davinci", "status": "ok"}
{"timestamp": "2026-02-25T10:01:01+0800", "level": "INFO", "logger": "etl_logger", "message": "POST success (VFSC 2026-02-22): cc_withdraw_detail_report_20260225020102.csv, took 17.5s", "service": "cc_reconcile", "stage": "download_davinci", "status": "ok"}
{"timestamp": "2026-02-25T10:01:03+0800", "level": "INFO", "logger": "etl_logger", "message": "Download success (VFSC 2026-02-22): cc_withdraw_detail_report_20260225020102.csv, took 1.5s", "service": "cc_reconcile", "stage": "download_davinci", "status": "ok"}
{"timestamp": "2026-02-25T10:01:21+0800", "level": "INFO", "logger": "etl_logger", "message": "POST success (VFSC 2026-02-23): cc_withdraw_detail_report_20260225020121.csv, took 17.7s", "service": "cc_reconcile", "stage": "download_davinci", "status": "ok"}
{"timestamp": "2026-02-25T10:01:23+0800", "level": "INFO", "logger": "etl_logger", "message": "Download success (VFSC 2026-02-23): cc_withdraw_detail_report_20260225020121.csv, took 2.2s", "service": "cc_reconcile", "stage": "download_davinci", "status": "ok"}
{"timestamp": "2026-02-25T10:01:41+0800", "level": "INFO", "logger": "etl_logger", "message": "POST success (VFSC 2026-02-24): cc_withdraw_detail_report_20260225020141.csv, took 17.7s", "service": "cc_reconcile", "stage": "download_davinci", "status": "ok"}
{"timestamp": "2026-02-25T10:01:43+0800", "level": "INFO", "logger": "etl_logger", "message": "Download success (VFSC 2026-02-24): cc_withdraw_detail_report_20260225020141.csv, took 2.2s", "service": "cc_reconcile", "stage": "download_davinci", "status": "ok"}
{"timestamp": "2026-02-25T10:02:01+0800", "level": "INFO", "logger": "etl_logger", "message": "POST success (VFSC 2026-02-25): cc_withdraw_detail_report_20260225020201.csv, took 18.1s", "service": "cc_reconcile", "stage": "download_davinci", "status": "ok"}
{"timestamp": "2026-02-25T10:02:02+0800", "level": "INFO", "logger": "etl_logger", "message": "Download success (VFSC 2026-02-25): cc_withdraw_detail_report_20260225020201.csv, took 1.3s", "service": "cc_reconcile", "stage": "download_davinci", "status": "ok"}
{"timestamp": "2026-02-25T10:02:02+0800", "level": "INFO", "logger": "etl_logger", "message": "Finish downloading Davinci CC - VFSC Report", "service": "cc_reconcile", "stage": "download_davinci", "status": "ok"}
{"timestamp": "2026-02-25T10:02:02+0800", "level": "INFO", "logger": "etl_logger", "message": "Start downloading Davinci CC Report for brand: VFSC2...", "service": "cc_reconcile", "stage": "download_davinci", "status": "ok"}
{"timestamp": "2026-02-25T10:02:50+0800", "level": "INFO", "logger": "etl_logger", "message": "POST success (VFSC2 2026-02-22): cc_withdraw_detail_report_20260225020250.csv, took 48.1s", "service": "cc_reconcile", "stage": "download_davinci", "status": "ok"}
{"timestamp": "2026-02-25T10:02:53+0800", "level": "INFO", "logger": "etl_logger", "message": "Download success (VFSC2 2026-02-22): cc_withdraw_detail_report_20260225020250.csv, took 2.2s", "service": "cc_reconcile", "stage": "download_davinci", "status": "ok"}
{"timestamp": "2026-02-25T10:03:43+0800", "level": "INFO", "logger": "etl_logger", "message": "POST success (VFSC2 2026-02-23): cc_withdraw_detail_report_20260225020342.csv, took 50.1s", "service": "cc_reconcile", "stage": "download_davinci", "status": "ok"}
{"timestamp": "2026-02-25T10:03:46+0800", "level": "INFO", "logger": "etl_logger", "message": "Download success (VFSC2 2026-02-23): cc_withdraw_detail_report_20260225020342.csv, took 3.1s", "service": "cc_reconcile", "stage": "download_davinci", "status": "ok"}
{"timestamp": "2026-02-25T10:04:35+0800", "level": "INFO", "logger": "etl_logger", "message": "POST success (VFSC2 2026-02-24): cc_withdraw_detail_report_20260225020435.csv, took 49.0s", "service": "cc_reconcile", "stage": "download_davinci", "status": "ok"}
{"timestamp": "2026-02-25T10:04:38+0800", "level": "INFO", "logger": "etl_logger", "message": "Download success (VFSC2 2026-02-24): cc_withdraw_detail_report_20260225020435.csv, took 2.9s", "service": "cc_reconcile", "stage": "download_davinci", "status": "ok"}
{"timestamp": "2026-02-25T10:05:25+0800", "level": "INFO", "logger": "etl_logger", "message": "POST success (VFSC2 2026-02-25): cc_withdraw_detail_report_20260225020525.csv, took 47.8s", "service": "cc_reconcile", "stage": "download_davinci", "status": "ok"}
{"timestamp": "2026-02-25T10:05:27+0800", "level": "INFO", "logger": "etl_logger", "message": "Download success (VFSC2 2026-02-25): cc_withdraw_detail_report_20260225020525.csv, took 1.8s", "service": "cc_reconcile", "stage": "download_davinci", "status": "ok"}
{"timestamp": "2026-02-25T10:05:28+0800", "level": "INFO", "logger": "etl_logger", "message": "Finish downloading Davinci CC - VFSC2 Report", "service": "cc_reconcile", "stage": "download_davinci", "status": "ok"}
{"timestamp": "2026-02-25T10:05:28+0800", "level": "INFO", "logger": "etl_logger", "message": "Finish downloading Davinci CC Report for all brands, total rows: 27588", "service": "cc_reconcile", "stage": "download_davinci", "status": "ok"}
{"timestamp": "2026-02-25T10:05:28+0800", "level": "INFO", "logger": "etl_logger", "message": "Download CRM CC Report Finish ，Total: 27588", "service": "cc_reconcile", "stage": "download", "status": "ok"}
{"timestamp": "2026-02-25T10:05:28+0800", "level": "INFO", "logger": "etl_logger", "message": "Start reconcile...", "service": "cc_reconcile", "stage": "reconcile", "status": "ok"}
{"timestamp": "2026-02-25T10:05:28+0800", "level": "INFO", "logger": "etl_logger", "message": "Reconcile Finish ，Total Mismatch Case: 0", "service": "cc_reconcile", "stage": "reconcile", "status": "ok"}
{"timestamp": "2026-02-25T10:05:28+0800", "level": "INFO", "logger": "etl_logger", "message": "Connect Lark Finish", "service": "cc_reconcile", "stage": "lark", "status": "ok"}
{"timestamp": "2026-02-25T10:05:28+0800", "level": "INFO", "logger": "etl_logger", "message": "Start query existing data in LarkSheet...", "service": "cc_reconcile", "stage": "lark", "status": "ok"}
{"timestamp": "2026-02-25T10:05:29+0800", "level": "INFO", "logger": "etl_logger", "message": "Query existing data in LarkSheet Finish", "service": "cc_reconcile", "stage": "lark", "status": "ok"}
{"timestamp": "2026-02-25T10:05:29+0800", "level": "INFO", "logger": "etl_logger", "message": "Total unique keys in LarkSheet: 56, Total new mismatch cases to upload: 0", "service": "cc_reconcile", "stage": "lark", "status": "ok"}
{"timestamp": "2026-02-25T10:05:29+0800", "level": "INFO", "logger": "etl_logger", "message": "Append data to LarkSheet with range: Kalw4Y!A2:L3, rows: 1, columns: 12", "service": "cc_reconcile", "stage": "lark", "status": "ok"}
{"timestamp": "2026-02-25T10:05:30+0800", "level": "INFO", "logger": "etl_logger", "message": "✅ Successfully appended data to LarkSheet", "service": "cc_reconcile", "stage": "lark", "status": "ok"}
{"timestamp": "2026-02-25T10:05:32+0800", "level": "INFO", "logger": "etl_logger", "message": "Upload data to LarkSheet Finish", "service": "cc_reconcile", "stage": "lark", "status": "ok"}
{"timestamp": "2026-02-25T11:00:02+0800", "level": "INFO", "logger": "etl_logger", "message": "Start download reports...", "service": "cc_reconcile", "stage": "download", "status": "ok"}
{"timestamp": "2026-02-25T11:00:05+0800", "level": "INFO", "logger": "etl_logger", "message": "Payabl Login Success and Get Token Success", "service": "cc_reconcile", "stage": "download_payabl", "status": "ok"}
{"timestamp": "2026-02-25T11:00:05+0800", "level": "INFO", "logger": "etl_logger", "message": "Start downloading Payabl CC Report for date: 2026-02-24...", "service": "cc_reconcile", "stage": "download_payabl", "status": "ok"}
{"timestamp": "2026-02-25T11:00:36+0800", "level": "INFO", "logger": "etl_logger", "message": "Start downloading Payabl CC Report for date: 2026-02-25...", "service": "cc_reconcile", "stage": "download_payabl", "status": "ok"}
{"timestamp": "2026-02-25T11:00:45+0800", "level": "INFO", "logger": "etl_logger", "message": "Finish downloading Payabl CC Report", "service": "cc_reconcile", "stage": "download_payabl", "status": "ok"}
{"timestamp": "2026-02-25T11:00:45+0800", "level": "INFO", "logger": "etl_logger", "message": "Download Payabl CC Report Finish ，Total: 52422", "service": "cc_reconcile", "stage": "download", "status": "ok"}
{"timestamp": "2026-02-25T11:00:45+0800", "level": "INFO", "logger": "etl_logger", "message": "Login attempt 1/5", "service": "cc_reconcile", "stage": "download_davinci", "status": "ok"}
{"timestamp": "2026-02-25T11:00:46+0800", "level": "INFO", "logger": "etl_logger", "message": "Login response status=200, url=https://admin.vantagemarkets.com/admin/main, cookies=4", "service": "cc_reconcile", "stage": "download_davinci", "status": "ok"}
{"timestamp": "2026-02-25T11:00:46+0800", "level": "INFO", "logger": "etl_logger", "message": "Login successful", "service": "cc_reconcile", "stage": "download_davinci", "status": "ok"}
{"timestamp": "2026-02-25T11:00:47+0800", "level": "INFO", "logger": "etl_logger", "message": "Token obtained successfully", "service": "cc_reconcile", "stage": "download_davinci", "status": "ok"}
{"timestamp": "2026-02-25T11:00:47+0800", "level": "INFO", "logger": "etl_logger", "message": "Start downloading Davinci CC Report for brand: VFSC...", "service": "cc_reconcile", "stage": "download_davinci", "status": "ok"}
{"timestamp": "2026-02-25T11:01:05+0800", "level": "INFO", "logger": "etl_logger", "message": "POST success (VFSC 2026-02-22): cc_withdraw_detail_report_20260225030105.csv, took 18.0s", "service": "cc_reconcile", "stage": "download_davinci", "status": "ok"}
{"timestamp": "2026-02-25T11:01:06+0800", "level": "INFO", "logger": "etl_logger", "message": "Download success (VFSC 2026-02-22): cc_withdraw_detail_report_20260225030105.csv, took 1.5s", "service": "cc_reconcile", "stage": "download_davinci", "status": "ok"}
{"timestamp": "2026-02-25T11:01:35+0800", "level": "INFO", "logger": "etl_logger", "message": "POST success (VFSC 2026-02-23): cc_withdraw_detail_report_20260225030135.csv, took 28.4s", "service": "cc_reconcile", "stage": "download_davinci", "status": "ok"}
{"timestamp": "2026-02-25T11:01:37+0800", "level": "INFO", "logger": "etl_logger", "message": "Download success (VFSC 2026-02-23): cc_withdraw_detail_report_20260225030135.csv, took 2.2s", "service": "cc_reconcile", "stage": "download_davinci", "status": "ok"}
{"timestamp": "2026-02-25T11:01:54+0800", "level": "INFO", "logger": "etl_logger", "message": "POST success (VFSC 2026-02-24): cc_withdraw_detail_report_20260225030154.csv, took 17.5s", "service": "cc_reconcile", "stage": "download_davinci", "status": "ok"}
{"timestamp": "2026-02-25T11:01:56+0800", "level": "INFO", "logger": "etl_logger", "message": "Download success (VFSC 2026-02-24): cc_withdraw_detail_report_20260225030154.csv, took 2.2s", "service": "cc_reconcile", "stage": "download_davinci", "status": "ok"}
{"timestamp": "2026-02-25T11:02:14+0800", "level": "INFO", "logger": "etl_logger", "message": "POST success (VFSC 2026-02-25): cc_withdraw_detail_report_20260225030214.csv, took 17.7s", "service": "cc_reconcile", "stage": "download_davinci", "status": "ok"}
{"timestamp": "2026-02-25T11:02:16+0800", "level": "INFO", "logger": "etl_logger", "message": "Download success (VFSC 2026-02-25): cc_withdraw_detail_report_20260225030214.csv, took 1.5s", "service": "cc_reconcile", "stage": "download_davinci", "status": "ok"}
{"timestamp": "2026-02-25T11:02:16+0800", "level": "INFO", "logger": "etl_logger", "message": "Finish downloading Davinci CC - VFSC Report", "service": "cc_reconcile", "stage": "download_davinci", "status": "ok"}
{"timestamp": "2026-02-25T11:02:16+0800", "level": "INFO", "logger": "etl_logger", "message": "Start downloading Davinci CC Report for brand: VFSC2...", "service": "cc_reconcile", "stage": "download_davinci", "status": "ok"}
{"timestamp": "2026-02-25T11:03:06+0800", "level": "INFO", "logger": "etl_logger", "message": "POST success (VFSC2 2026-02-22): cc_withdraw_detail_report_20260225030306.csv, took 50.3s", "service": "cc_reconcile", "stage": "download_davinci", "status": "ok"}
{"timestamp": "2026-02-25T11:03:08+0800", "level": "INFO", "logger": "etl_logger", "message": "Download success (VFSC2 2026-02-22): cc_withdraw_detail_report_20260225030306.csv, took 2.2s", "service": "cc_reconcile", "stage": "download_davinci", "status": "ok"}
{"timestamp": "2026-02-25T11:03:59+0800", "level": "INFO", "logger": "etl_logger", "message": "POST success (VFSC2 2026-02-23): cc_withdraw_detail_report_20260225030359.csv, took 50.7s", "service": "cc_reconcile", "stage": "download_davinci", "status": "ok"}
{"timestamp": "2026-02-25T11:04:02+0800", "level": "INFO", "logger": "etl_logger", "message": "Download success (VFSC2 2026-02-23): cc_withdraw_detail_report_20260225030359.csv, took 3.0s", "service": "cc_reconcile", "stage": "download_davinci", "status": "ok"}
{"timestamp": "2026-02-25T11:04:54+0800", "level": "INFO", "logger": "etl_logger", "message": "POST success (VFSC2 2026-02-24): cc_withdraw_detail_report_20260225030454.csv, took 52.1s", "service": "cc_reconcile", "stage": "download_davinci", "status": "ok"}
{"timestamp": "2026-02-25T11:04:57+0800", "level": "INFO", "logger": "etl_logger", "message": "Download success (VFSC2 2026-02-24): cc_withdraw_detail_report_20260225030454.csv, took 2.9s", "service": "cc_reconcile", "stage": "download_davinci", "status": "ok"}
{"timestamp": "2026-02-25T11:05:48+0800", "level": "INFO", "logger": "etl_logger", "message": "POST success (VFSC2 2026-02-25): cc_withdraw_detail_report_20260225030548.csv, took 51.2s", "service": "cc_reconcile", "stage": "download_davinci", "status": "ok"}
{"timestamp": "2026-02-25T11:05:50+0800", "level": "INFO", "logger": "etl_logger", "message": "Download success (VFSC2 2026-02-25): cc_withdraw_detail_report_20260225030548.csv, took 2.2s", "service": "cc_reconcile", "stage": "download_davinci", "status": "ok"}
{"timestamp": "2026-02-25T11:05:51+0800", "level": "INFO", "logger": "etl_logger", "message": "Finish downloading Davinci CC - VFSC2 Report", "service": "cc_reconcile", "stage": "download_davinci", "status": "ok"}
{"timestamp": "2026-02-25T11:05:51+0800", "level": "INFO", "logger": "etl_logger", "message": "Finish downloading Davinci CC Report for all brands, total rows: 27857", "service": "cc_reconcile", "stage": "download_davinci", "status": "ok"}
{"timestamp": "2026-02-25T11:05:51+0800", "level": "INFO", "logger": "etl_logger", "message": "Download CRM CC Report Finish ，Total: 27857", "service": "cc_reconcile", "stage": "download", "status": "ok"}
{"timestamp": "2026-02-25T11:05:51+0800", "level": "INFO", "logger": "etl_logger", "message": "Start reconcile...", "service": "cc_reconcile", "stage": "reconcile", "status": "ok"}
{"timestamp": "2026-02-25T11:05:51+0800", "level": "INFO", "logger": "etl_logger", "message": "Reconcile Finish ，Total Mismatch Case: 0", "service": "cc_reconcile", "stage": "reconcile", "status": "ok"}
{"timestamp": "2026-02-25T11:05:51+0800", "level": "INFO", "logger": "etl_logger", "message": "Connect Lark Finish", "service": "cc_reconcile", "stage": "lark", "status": "ok"}
{"timestamp": "2026-02-25T11:05:51+0800", "level": "INFO", "logger": "etl_logger", "message": "Start query existing data in LarkSheet...", "service": "cc_reconcile", "stage": "lark", "status": "ok"}
{"timestamp": "2026-02-25T11:05:53+0800", "level": "INFO", "logger": "etl_logger", "message": "Query existing data in LarkSheet Finish", "service": "cc_reconcile", "stage": "lark", "status": "ok"}
{"timestamp": "2026-02-25T11:05:53+0800", "level": "INFO", "logger": "etl_logger", "message": "Total unique keys in LarkSheet: 56, Total new mismatch cases to upload: 0", "service": "cc_reconcile", "stage": "lark", "status": "ok"}
{"timestamp": "2026-02-25T11:05:53+0800", "level": "INFO", "logger": "etl_logger", "message": "Append data to LarkSheet with range: Kalw4Y!A2:L3, rows: 1, columns: 12", "service": "cc_reconcile", "stage": "lark", "status": "ok"}
{"timestamp": "2026-02-25T11:05:53+0800", "level": "INFO", "logger": "etl_logger", "message": "✅ Successfully appended data to LarkSheet", "service": "cc_reconcile", "stage": "lark", "status": "ok"}
{"timestamp": "2026-02-25T11:05:54+0800", "level": "INFO", "logger": "etl_logger", "message": "Upload data to LarkSheet Finish", "service": "cc_reconcile", "stage": "lark", "status": "ok"}
{"timestamp": "2026-02-25T12:00:01+0800", "level": "INFO", "logger": "etl_logger", "message": "Start download reports...", "service": "cc_reconcile", "stage": "download", "status": "ok"}
{"timestamp": "2026-02-25T12:00:04+0800", "level": "INFO", "logger": "etl_logger", "message": "Payabl Login Success and Get Token Success", "service": "cc_reconcile", "stage": "download_payabl", "status": "ok"}
{"timestamp": "2026-02-25T12:00:04+0800", "level": "INFO", "logger": "etl_logger", "message": "Start downloading Payabl CC Report for date: 2026-02-24...", "service": "cc_reconcile", "stage": "download_payabl", "status": "ok"}
{"timestamp": "2026-02-25T12:00:32+0800", "level": "INFO", "logger": "etl_logger", "message": "Start downloading Payabl CC Report for date: 2026-02-25...", "service": "cc_reconcile", "stage": "download_payabl", "status": "ok"}
{"timestamp": "2026-02-25T12:00:41+0800", "level": "INFO", "logger": "etl_logger", "message": "Finish downloading Payabl CC Report", "service": "cc_reconcile", "stage": "download_payabl", "status": "ok"}
{"timestamp": "2026-02-25T12:00:41+0800", "level": "INFO", "logger": "etl_logger", "message": "Download Payabl CC Report Finish ，Total: 53021", "service": "cc_reconcile", "stage": "download", "status": "ok"}
{"timestamp": "2026-02-25T12:00:41+0800", "level": "INFO", "logger": "etl_logger", "message": "Login attempt 1/5", "service": "cc_reconcile", "stage": "download_davinci", "status": "ok"}
{"timestamp": "2026-02-25T12:00:42+0800", "level": "INFO", "logger": "etl_logger", "message": "Login response status=200, url=https://admin.vantagemarkets.com/admin/main, cookies=4", "service": "cc_reconcile", "stage": "download_davinci", "status": "ok"}
{"timestamp": "2026-02-25T12:00:42+0800", "level": "INFO", "logger": "etl_logger", "message": "Login successful", "service": "cc_reconcile", "stage": "download_davinci", "status": "ok"}
{"timestamp": "2026-02-25T12:00:43+0800", "level": "INFO", "logger": "etl_logger", "message": "Token obtained successfully", "service": "cc_reconcile", "stage": "download_davinci", "status": "ok"}
{"timestamp": "2026-02-25T12:00:43+0800", "level": "INFO", "logger": "etl_logger", "message": "Start downloading Davinci CC Report for brand: VFSC...", "service": "cc_reconcile", "stage": "download_davinci", "status": "ok"}
{"timestamp": "2026-02-25T12:01:02+0800", "level": "INFO", "logger": "etl_logger", "message": "POST success (VFSC 2026-02-22): cc_withdraw_detail_report_20260225040102.csv, took 19.6s", "service": "cc_reconcile", "stage": "download_davinci", "status": "ok"}
{"timestamp": "2026-02-25T12:01:04+0800", "level": "INFO", "logger": "etl_logger", "message": "Download success (VFSC 2026-02-22): cc_withdraw_detail_report_20260225040102.csv, took 1.5s", "service": "cc_reconcile", "stage": "download_davinci", "status": "ok"}
{"timestamp": "2026-02-25T12:01:22+0800", "level": "INFO", "logger": "etl_logger", "message": "POST success (VFSC 2026-02-23): cc_withdraw_detail_report_20260225040122.csv, took 17.6s", "service": "cc_reconcile", "stage": "download_davinci", "status": "ok"}
{"timestamp": "2026-02-25T12:01:24+0800", "level": "INFO", "logger": "etl_logger", "message": "Download success (VFSC 2026-02-23): cc_withdraw_detail_report_20260225040122.csv, took 2.2s", "service": "cc_reconcile", "stage": "download_davinci", "status": "ok"}
{"timestamp": "2026-02-25T12:01:42+0800", "level": "INFO", "logger": "etl_logger", "message": "POST success (VFSC 2026-02-24): cc_withdraw_detail_report_20260225040142.csv, took 17.9s", "service": "cc_reconcile", "stage": "download_davinci", "status": "ok"}
{"timestamp": "2026-02-25T12:01:44+0800", "level": "INFO", "logger": "etl_logger", "message": "Download success (VFSC 2026-02-24): cc_withdraw_detail_report_20260225040142.csv, took 2.2s", "service": "cc_reconcile", "stage": "download_davinci", "status": "ok"}
{"timestamp": "2026-02-25T12:02:02+0800", "level": "INFO", "logger": "etl_logger", "message": "POST success (VFSC 2026-02-25): cc_withdraw_detail_report_20260225040202.csv, took 17.8s", "service": "cc_reconcile", "stage": "download_davinci", "status": "ok"}
{"timestamp": "2026-02-25T12:02:03+0800", "level": "INFO", "logger": "etl_logger", "message": "Download success (VFSC 2026-02-25): cc_withdraw_detail_report_20260225040202.csv, took 1.8s", "service": "cc_reconcile", "stage": "download_davinci", "status": "ok"}
{"timestamp": "2026-02-25T12:02:03+0800", "level": "INFO", "logger": "etl_logger", "message": "Finish downloading Davinci CC - VFSC Report", "service": "cc_reconcile", "stage": "download_davinci", "status": "ok"}
{"timestamp": "2026-02-25T12:02:03+0800", "level": "INFO", "logger": "etl_logger", "message": "Start downloading Davinci CC Report for brand: VFSC2...", "service": "cc_reconcile", "stage": "download_davinci", "status": "ok"}
{"timestamp": "2026-02-25T12:02:53+0800", "level": "INFO", "logger": "etl_logger", "message": "POST success (VFSC2 2026-02-22): cc_withdraw_detail_report_20260225040253.csv, took 49.8s", "service": "cc_reconcile", "stage": "download_davinci", "status": "ok"}
{"timestamp": "2026-02-25T12:02:56+0800", "level": "INFO", "logger": "etl_logger", "message": "Download success (VFSC2 2026-02-22): cc_withdraw_detail_report_20260225040253.csv, took 2.3s", "service": "cc_reconcile", "stage": "download_davinci", "status": "ok"}
{"timestamp": "2026-02-25T12:03:46+0800", "level": "INFO", "logger": "etl_logger", "message": "POST success (VFSC2 2026-02-23): cc_withdraw_detail_report_20260225040346.csv, took 50.3s", "service": "cc_reconcile", "stage": "download_davinci", "status": "ok"}
{"timestamp": "2026-02-25T12:03:49+0800", "level": "INFO", "logger": "etl_logger", "message": "Download success (VFSC2 2026-02-23): cc_withdraw_detail_report_20260225040346.csv, took 3.0s", "service": "cc_reconcile", "stage": "download_davinci", "status": "ok"}
{"timestamp": "2026-02-25T12:04:39+0800", "level": "INFO", "logger": "etl_logger", "message": "POST success (VFSC2 2026-02-24): cc_withdraw_detail_report_20260225040439.csv, took 50.3s", "service": "cc_reconcile", "stage": "download_davinci", "status": "ok"}
{"timestamp": "2026-02-25T12:04:42+0800", "level": "INFO", "logger": "etl_logger", "message": "Download success (VFSC2 2026-02-24): cc_withdraw_detail_report_20260225040439.csv, took 2.5s", "service": "cc_reconcile", "stage": "download_davinci", "status": "ok"}
{"timestamp": "2026-02-25T12:05:30+0800", "level": "INFO", "logger": "etl_logger", "message": "POST success (VFSC2 2026-02-25): cc_withdraw_detail_report_20260225040530.csv, took 48.8s", "service": "cc_reconcile", "stage": "download_davinci", "status": "ok"}
{"timestamp": "2026-02-25T12:05:33+0800", "level": "INFO", "logger": "etl_logger", "message": "Download success (VFSC2 2026-02-25): cc_withdraw_detail_report_20260225040530.csv, took 2.2s", "service": "cc_reconcile", "stage": "download_davinci", "status": "ok"}
{"timestamp": "2026-02-25T12:05:33+0800", "level": "INFO", "logger": "etl_logger", "message": "Finish downloading Davinci CC - VFSC2 Report", "service": "cc_reconcile", "stage": "download_davinci", "status": "ok"}
{"timestamp": "2026-02-25T12:05:33+0800", "level": "INFO", "logger": "etl_logger", "message": "Finish downloading Davinci CC Report for all brands, total rows: 28063", "service": "cc_reconcile", "stage": "download_davinci", "status": "ok"}
{"timestamp": "2026-02-25T12:05:33+0800", "level": "INFO", "logger": "etl_logger", "message": "Download CRM CC Report Finish ，Total: 28063", "service": "cc_reconcile", "stage": "download", "status": "ok"}
{"timestamp": "2026-02-25T12:05:33+0800", "level": "INFO", "logger": "etl_logger", "message": "Start reconcile...", "service": "cc_reconcile", "stage": "reconcile", "status": "ok"}
{"timestamp": "2026-02-25T12:05:33+0800", "level": "INFO", "logger": "etl_logger", "message": "Reconcile Finish ，Total Mismatch Case: 0", "service": "cc_reconcile", "stage": "reconcile", "status": "ok"}
{"timestamp": "2026-02-25T12:05:34+0800", "level": "INFO", "logger": "etl_logger", "message": "Connect Lark Finish", "service": "cc_reconcile", "stage": "lark", "status": "ok"}
{"timestamp": "2026-02-25T12:05:34+0800", "level": "INFO", "logger": "etl_logger", "message": "Start query existing data in LarkSheet...", "service": "cc_reconcile", "stage": "lark", "status": "ok"}
{"timestamp": "2026-02-25T12:05:35+0800", "level": "INFO", "logger": "etl_logger", "message": "Query existing data in LarkSheet Finish", "service": "cc_reconcile", "stage": "lark", "status": "ok"}
{"timestamp": "2026-02-25T12:05:35+0800", "level": "INFO", "logger": "etl_logger", "message": "Total unique keys in LarkSheet: 56, Total new mismatch cases to upload: 0", "service": "cc_reconcile", "stage": "lark", "status": "ok"}
{"timestamp": "2026-02-25T12:05:35+0800", "level": "INFO", "logger": "etl_logger", "message": "Append data to LarkSheet with range: Kalw4Y!A2:L3, rows: 1, columns: 12", "service": "cc_reconcile", "stage": "lark", "status": "ok"}
{"timestamp": "2026-02-25T12:05:35+0800", "level": "INFO", "logger": "etl_logger", "message": "✅ Successfully appended data to LarkSheet", "service": "cc_reconcile", "stage": "lark", "status": "ok"}
{"timestamp": "2026-02-25T12:05:37+0800", "level": "INFO", "logger": "etl_logger", "message": "Upload data to LarkSheet Finish", "service": "cc_reconcile", "stage": "lark", "status": "ok"}
{"timestamp": "2026-02-25T13:00:01+0800", "level": "INFO", "logger": "etl_logger", "message": "Start download reports...", "service": "cc_reconcile", "stage": "download", "status": "ok"}
{"timestamp": "2026-02-25T13:00:05+0800", "level": "INFO", "logger": "etl_logger", "message": "Payabl Login Success and Get Token Success", "service": "cc_reconcile", "stage": "download_payabl", "status": "ok"}
{"timestamp": "2026-02-25T13:00:05+0800", "level": "INFO", "logger": "etl_logger", "message": "Start downloading Payabl CC Report for date: 2026-02-24...", "service": "cc_reconcile", "stage": "download_payabl", "status": "ok"}
{"timestamp": "2026-02-25T13:01:32+0800", "level": "INFO", "logger": "etl_logger", "message": "Start downloading Payabl CC Report for date: 2026-02-25...", "service": "cc_reconcile", "stage": "download_payabl", "status": "ok"}
{"timestamp": "2026-02-25T13:01:42+0800", "level": "INFO", "logger": "etl_logger", "message": "Finish downloading Payabl CC Report", "service": "cc_reconcile", "stage": "download_payabl", "status": "ok"}
{"timestamp": "2026-02-25T13:01:42+0800", "level": "INFO", "logger": "etl_logger", "message": "Download Payabl CC Report Finish ，Total: 53642", "service": "cc_reconcile", "stage": "download", "status": "ok"}
{"timestamp": "2026-02-25T13:01:42+0800", "level": "INFO", "logger": "etl_logger", "message": "Login attempt 1/5", "service": "cc_reconcile", "stage": "download_davinci", "status": "ok"}
{"timestamp": "2026-02-25T13:01:43+0800", "level": "INFO", "logger": "etl_logger", "message": "Login response status=200, url=https://admin.vantagemarkets.com/admin/main, cookies=4", "service": "cc_reconcile", "stage": "download_davinci", "status": "ok"}
{"timestamp": "2026-02-25T13:01:43+0800", "level": "INFO", "logger": "etl_logger", "message": "Login successful", "service": "cc_reconcile", "stage": "download_davinci", "status": "ok"}
{"timestamp": "2026-02-25T13:01:43+0800", "level": "INFO", "logger": "etl_logger", "message": "Token obtained successfully", "service": "cc_reconcile", "stage": "download_davinci", "status": "ok"}
{"timestamp": "2026-02-25T13:01:43+0800", "level": "INFO", "logger": "etl_logger", "message": "Start downloading Davinci CC Report for brand: VFSC...", "service": "cc_reconcile", "stage": "download_davinci", "status": "ok"}
{"timestamp": "2026-02-25T13:02:02+0800", "level": "INFO", "logger": "etl_logger", "message": "POST success (VFSC 2026-02-22): cc_withdraw_detail_report_20260225050202.csv, took 18.7s", "service": "cc_reconcile", "stage": "download_davinci", "status": "ok"}
{"timestamp": "2026-02-25T13:02:04+0800", "level": "INFO", "logger": "etl_logger", "message": "Download success (VFSC 2026-02-22): cc_withdraw_detail_report_20260225050202.csv, took 1.5s", "service": "cc_reconcile", "stage": "download_davinci", "status": "ok"}
{"timestamp": "2026-02-25T13:02:22+0800", "level": "INFO", "logger": "etl_logger", "message": "POST success (VFSC 2026-02-23): cc_withdraw_detail_report_20260225050222.csv, took 18.5s", "service": "cc_reconcile", "stage": "download_davinci", "status": "ok"}
{"timestamp": "2026-02-25T13:02:24+0800", "level": "INFO", "logger": "etl_logger", "message": "Download success (VFSC 2026-02-23): cc_withdraw_detail_report_20260225050222.csv, took 2.2s", "service": "cc_reconcile", "stage": "download_davinci", "status": "ok"}
{"timestamp": "2026-02-25T13:02:43+0800", "level": "INFO", "logger": "etl_logger", "message": "POST success (VFSC 2026-02-24): cc_withdraw_detail_report_20260225050243.csv, took 18.6s", "service": "cc_reconcile", "stage": "download_davinci", "status": "ok"}
{"timestamp": "2026-02-25T13:02:45+0800", "level": "INFO", "logger": "etl_logger", "message": "Download success (VFSC 2026-02-24): cc_withdraw_detail_report_20260225050243.csv, took 2.1s", "service": "cc_reconcile", "stage": "download_davinci", "status": "ok"}
{"timestamp": "2026-02-25T13:03:03+0800", "level": "INFO", "logger": "etl_logger", "message": "POST success (VFSC 2026-02-25): cc_withdraw_detail_report_20260225050303.csv, took 18.5s", "service": "cc_reconcile", "stage": "download_davinci", "status": "ok"}
{"timestamp": "2026-02-25T13:03:05+0800", "level": "INFO", "logger": "etl_logger", "message": "Download success (VFSC 2026-02-25): cc_withdraw_detail_report_20260225050303.csv, took 1.4s", "service": "cc_reconcile", "stage": "download_davinci", "status": "ok"}
{"timestamp": "2026-02-25T13:03:05+0800", "level": "INFO", "logger": "etl_logger", "message": "Finish downloading Davinci CC - VFSC Report", "service": "cc_reconcile", "stage": "download_davinci", "status": "ok"}
{"timestamp": "2026-02-25T13:03:05+0800", "level": "INFO", "logger": "etl_logger", "message": "Start downloading Davinci CC Report for brand: VFSC2...", "service": "cc_reconcile", "stage": "download_davinci", "status": "ok"}
{"timestamp": "2026-02-25T13:03:55+0800", "level": "INFO", "logger": "etl_logger", "message": "POST success (VFSC2 2026-02-22): cc_withdraw_detail_report_20260225050355.csv, took 50.4s", "service": "cc_reconcile", "stage": "download_davinci", "status": "ok"}
{"timestamp": "2026-02-25T13:03:58+0800", "level": "INFO", "logger": "etl_logger", "message": "Download success (VFSC2 2026-02-22): cc_withdraw_detail_report_20260225050355.csv, took 2.2s", "service": "cc_reconcile", "stage": "download_davinci", "status": "ok"}
{"timestamp": "2026-02-25T13:04:49+0800", "level": "INFO", "logger": "etl_logger", "message": "POST success (VFSC2 2026-02-23): cc_withdraw_detail_report_20260225050449.csv, took 51.6s", "service": "cc_reconcile", "stage": "download_davinci", "status": "ok"}
{"timestamp": "2026-02-25T13:04:52+0800", "level": "INFO", "logger": "etl_logger", "message": "Download success (VFSC2 2026-02-23): cc_withdraw_detail_report_20260225050449.csv, took 3.0s", "service": "cc_reconcile", "stage": "download_davinci", "status": "ok"}
{"timestamp": "2026-02-25T13:05:43+0800", "level": "INFO", "logger": "etl_logger", "message": "POST success (VFSC2 2026-02-24): cc_withdraw_detail_report_20260225050543.csv, took 50.8s", "service": "cc_reconcile", "stage": "download_davinci", "status": "ok"}
{"timestamp": "2026-02-25T13:05:46+0800", "level": "INFO", "logger": "etl_logger", "message": "Download success (VFSC2 2026-02-24): cc_withdraw_detail_report_20260225050543.csv, took 3.0s", "service": "cc_reconcile", "stage": "download_davinci", "status": "ok"}
{"timestamp": "2026-02-25T13:06:35+0800", "level": "INFO", "logger": "etl_logger", "message": "POST success (VFSC2 2026-02-25): cc_withdraw_detail_report_20260225050635.csv, took 48.9s", "service": "cc_reconcile", "stage": "download_davinci", "status": "ok"}
{"timestamp": "2026-02-25T13:06:37+0800", "level": "INFO", "logger": "etl_logger", "message": "Download success (VFSC2 2026-02-25): cc_withdraw_detail_report_20260225050635.csv, took 2.2s", "service": "cc_reconcile", "stage": "download_davinci", "status": "ok"}
{"timestamp": "2026-02-25T13:06:37+0800", "level": "INFO", "logger": "etl_logger", "message": "Finish downloading Davinci CC - VFSC2 Report", "service": "cc_reconcile", "stage": "download_davinci", "status": "ok"}
{"timestamp": "2026-02-25T13:06:37+0800", "level": "INFO", "logger": "etl_logger", "message": "Finish downloading Davinci CC Report for all brands, total rows: 28216", "service": "cc_reconcile", "stage": "download_davinci", "status": "ok"}
{"timestamp": "2026-02-25T13:06:37+0800", "level": "INFO", "logger": "etl_logger", "message": "Download CRM CC Report Finish ，Total: 28216", "service": "cc_reconcile", "stage": "download", "status": "ok"}
{"timestamp": "2026-02-25T13:06:37+0800", "level": "INFO", "logger": "etl_logger", "message": "Start reconcile...", "service": "cc_reconcile", "stage": "reconcile", "status": "ok"}
{"timestamp": "2026-02-25T13:06:38+0800", "level": "INFO", "logger": "etl_logger", "message": "Reconcile Finish ，Total Mismatch Case: 0", "service": "cc_reconcile", "stage": "reconcile", "status": "ok"}
{"timestamp": "2026-02-25T13:06:38+0800", "level": "INFO", "logger": "etl_logger", "message": "Connect Lark Finish", "service": "cc_reconcile", "stage": "lark", "status": "ok"}
{"timestamp": "2026-02-25T13:06:38+0800", "level": "INFO", "logger": "etl_logger", "message": "Start query existing data in LarkSheet...", "service": "cc_reconcile", "stage": "lark", "status": "ok"}
{"timestamp": "2026-02-25T13:06:39+0800", "level": "INFO", "logger": "etl_logger", "message": "Query existing data in LarkSheet Finish", "service": "cc_reconcile", "stage": "lark", "status": "ok"}
{"timestamp": "2026-02-25T13:06:39+0800", "level": "INFO", "logger": "etl_logger", "message": "Total unique keys in LarkSheet: 56, Total new mismatch cases to upload: 0", "service": "cc_reconcile", "stage": "lark", "status": "ok"}
{"timestamp": "2026-02-25T13:06:39+0800", "level": "INFO", "logger": "etl_logger", "message": "Append data to LarkSheet with range: Kalw4Y!A2:L3, rows: 1, columns: 12", "service": "cc_reconcile", "stage": "lark", "status": "ok"}
{"timestamp": "2026-02-25T13:06:40+0800", "level": "INFO", "logger": "etl_logger", "message": "✅ Successfully appended data to LarkSheet", "service": "cc_reconcile", "stage": "lark", "status": "ok"}
{"timestamp": "2026-02-25T13:06:42+0800", "level": "INFO", "logger": "etl_logger", "message": "Upload data to LarkSheet Finish", "service": "cc_reconcile", "stage": "lark", "status": "ok"}
{"timestamp": "2026-02-25T14:00:01+0800", "level": "INFO", "logger": "etl_logger", "message": "Start download reports...", "service": "cc_reconcile", "stage": "download", "status": "ok"}
{"timestamp": "2026-02-25T14:00:05+0800", "level": "INFO", "logger": "etl_logger", "message": "Payabl Login Success and Get Token Success", "service": "cc_reconcile", "stage": "download_payabl", "status": "ok"}
{"timestamp": "2026-02-25T14:00:05+0800", "level": "INFO", "logger": "etl_logger", "message": "Start downloading Payabl CC Report for date: 2026-02-24...", "service": "cc_reconcile", "stage": "download_payabl", "status": "ok"}
{"timestamp": "2026-02-25T14:00:35+0800", "level": "INFO", "logger": "etl_logger", "message": "Start downloading Payabl CC Report for date: 2026-02-25...", "service": "cc_reconcile", "stage": "download_payabl", "status": "ok"}
{"timestamp": "2026-02-25T14:00:45+0800", "level": "INFO", "logger": "etl_logger", "message": "Finish downloading Payabl CC Report", "service": "cc_reconcile", "stage": "download_payabl", "status": "ok"}
{"timestamp": "2026-02-25T14:00:45+0800", "level": "INFO", "logger": "etl_logger", "message": "Download Payabl CC Report Finish ，Total: 54692", "service": "cc_reconcile", "stage": "download", "status": "ok"}
{"timestamp": "2026-02-25T14:00:45+0800", "level": "INFO", "logger": "etl_logger", "message": "Login attempt 1/5", "service": "cc_reconcile", "stage": "download_davinci", "status": "ok"}
{"timestamp": "2026-02-25T14:00:46+0800", "level": "INFO", "logger": "etl_logger", "message": "Login response status=200, url=https://admin.vantagemarkets.com/admin/main, cookies=4", "service": "cc_reconcile", "stage": "download_davinci", "status": "ok"}
{"timestamp": "2026-02-25T14:00:46+0800", "level": "INFO", "logger": "etl_logger", "message": "Login successful", "service": "cc_reconcile", "stage": "download_davinci", "status": "ok"}
{"timestamp": "2026-02-25T14:00:47+0800", "level": "INFO", "logger": "etl_logger", "message": "Token obtained successfully", "service": "cc_reconcile", "stage": "download_davinci", "status": "ok"}
{"timestamp": "2026-02-25T14:00:47+0800", "level": "INFO", "logger": "etl_logger", "message": "Start downloading Davinci CC Report for brand: VFSC...", "service": "cc_reconcile", "stage": "download_davinci", "status": "ok"}
{"timestamp": "2026-02-25T14:01:05+0800", "level": "INFO", "logger": "etl_logger", "message": "POST success (VFSC 2026-02-22): cc_withdraw_detail_report_20260225060105.csv, took 18.7s", "service": "cc_reconcile", "stage": "download_davinci", "status": "ok"}
{"timestamp": "2026-02-25T14:01:07+0800", "level": "INFO", "logger": "etl_logger", "message": "Download success (VFSC 2026-02-22): cc_withdraw_detail_report_20260225060105.csv, took 1.5s", "service": "cc_reconcile", "stage": "download_davinci", "status": "ok"}
{"timestamp": "2026-02-25T14:01:24+0800", "level": "INFO", "logger": "etl_logger", "message": "POST success (VFSC 2026-02-23): cc_withdraw_detail_report_20260225060124.csv, took 17.1s", "service": "cc_reconcile", "stage": "download_davinci", "status": "ok"}
{"timestamp": "2026-02-25T14:01:26+0800", "level": "INFO", "logger": "etl_logger", "message": "Download success (VFSC 2026-02-23): cc_withdraw_detail_report_20260225060124.csv, took 2.2s", "service": "cc_reconcile", "stage": "download_davinci", "status": "ok"}
{"timestamp": "2026-02-25T14:02:07+0800", "level": "INFO", "logger": "etl_logger", "message": "POST success (VFSC 2026-02-24): cc_withdraw_detail_report_20260225060207.csv, took 40.9s", "service": "cc_reconcile", "stage": "download_davinci", "status": "ok"}
{"timestamp": "2026-02-25T14:02:09+0800", "level": "INFO", "logger": "etl_logger", "message": "Download success (VFSC 2026-02-24): cc_withdraw_detail_report_20260225060207.csv, took 2.1s", "service": "cc_reconcile", "stage": "download_davinci", "status": "ok"}
{"timestamp": "2026-02-25T14:02:27+0800", "level": "INFO", "logger": "etl_logger", "message": "POST success (VFSC 2026-02-25): cc_withdraw_detail_report_20260225060227.csv, took 17.8s", "service": "cc_reconcile", "stage": "download_davinci", "status": "ok"}
{"timestamp": "2026-02-25T14:02:29+0800", "level": "INFO", "logger": "etl_logger", "message": "Download success (VFSC 2026-02-25): cc_withdraw_detail_report_20260225060227.csv, took 1.7s", "service": "cc_reconcile", "stage": "download_davinci", "status": "ok"}
{"timestamp": "2026-02-25T14:02:29+0800", "level": "INFO", "logger": "etl_logger", "message": "Finish downloading Davinci CC - VFSC Report", "service": "cc_reconcile", "stage": "download_davinci", "status": "ok"}
{"timestamp": "2026-02-25T14:02:29+0800", "level": "INFO", "logger": "etl_logger", "message": "Start downloading Davinci CC Report for brand: VFSC2...", "service": "cc_reconcile", "stage": "download_davinci", "status": "ok"}
{"timestamp": "2026-02-25T14:03:18+0800", "level": "INFO", "logger": "etl_logger", "message": "POST success (VFSC2 2026-02-22): cc_withdraw_detail_report_20260225060318.csv, took 49.1s", "service": "cc_reconcile", "stage": "download_davinci", "status": "ok"}
{"timestamp": "2026-02-25T14:03:20+0800", "level": "INFO", "logger": "etl_logger", "message": "Download success (VFSC2 2026-02-22): cc_withdraw_detail_report_20260225060318.csv, took 2.2s", "service": "cc_reconcile", "stage": "download_davinci", "status": "ok"}
{"timestamp": "2026-02-25T14:04:10+0800", "level": "INFO", "logger": "etl_logger", "message": "POST success (VFSC2 2026-02-23): cc_withdraw_detail_report_20260225060410.csv, took 50.5s", "service": "cc_reconcile", "stage": "download_davinci", "status": "ok"}
{"timestamp": "2026-02-25T14:04:13+0800", "level": "INFO", "logger": "etl_logger", "message": "Download success (VFSC2 2026-02-23): cc_withdraw_detail_report_20260225060410.csv, took 2.9s", "service": "cc_reconcile", "stage": "download_davinci", "status": "ok"}
{"timestamp": "2026-02-25T14:05:03+0800", "level": "INFO", "logger": "etl_logger", "message": "POST success (VFSC2 2026-02-24): cc_withdraw_detail_report_20260225060502.csv, took 49.2s", "service": "cc_reconcile", "stage": "download_davinci", "status": "ok"}
{"timestamp": "2026-02-25T14:05:06+0800", "level": "INFO", "logger": "etl_logger", "message": "Download success (VFSC2 2026-02-24): cc_withdraw_detail_report_20260225060502.csv, took 3.0s", "service": "cc_reconcile", "stage": "download_davinci", "status": "ok"}
{"timestamp": "2026-02-25T14:05:55+0800", "level": "INFO", "logger": "etl_logger", "message": "POST success (VFSC2 2026-02-25): cc_withdraw_detail_report_20260225060555.csv, took 49.2s", "service": "cc_reconcile", "stage": "download_davinci", "status": "ok"}
{"timestamp": "2026-02-25T14:05:57+0800", "level": "INFO", "logger": "etl_logger", "message": "Download success (VFSC2 2026-02-25): cc_withdraw_detail_report_20260225060555.csv, took 2.0s", "service": "cc_reconcile", "stage": "download_davinci", "status": "ok"}
{"timestamp": "2026-02-25T14:05:57+0800", "level": "INFO", "logger": "etl_logger", "message": "Finish downloading Davinci CC - VFSC2 Report", "service": "cc_reconcile", "stage": "download_davinci", "status": "ok"}
{"timestamp": "2026-02-25T14:05:57+0800", "level": "INFO", "logger": "etl_logger", "message": "Finish downloading Davinci CC Report for all brands, total rows: 28516", "service": "cc_reconcile", "stage": "download_davinci", "status": "ok"}
{"timestamp": "2026-02-25T14:05:57+0800", "level": "INFO", "logger": "etl_logger", "message": "Download CRM CC Report Finish ，Total: 28516", "service": "cc_reconcile", "stage": "download", "status": "ok"}
{"timestamp": "2026-02-25T14:05:57+0800", "level": "INFO", "logger": "etl_logger", "message": "Start reconcile...", "service": "cc_reconcile", "stage": "reconcile", "status": "ok"}
{"timestamp": "2026-02-25T14:05:57+0800", "level": "INFO", "logger": "etl_logger", "message": "Reconcile Finish ，Total Mismatch Case: 0", "service": "cc_reconcile", "stage": "reconcile", "status": "ok"}
{"timestamp": "2026-02-25T14:05:58+0800", "level": "INFO", "logger": "etl_logger", "message": "Connect Lark Finish", "service": "cc_reconcile", "stage": "lark", "status": "ok"}
{"timestamp": "2026-02-25T14:05:58+0800", "level": "INFO", "logger": "etl_logger", "message": "Start query existing data in LarkSheet...", "service": "cc_reconcile", "stage": "lark", "status": "ok"}
{"timestamp": "2026-02-25T14:06:00+0800", "level": "INFO", "logger": "etl_logger", "message": "Query existing data in LarkSheet Finish", "service": "cc_reconcile", "stage": "lark", "status": "ok"}
{"timestamp": "2026-02-25T14:06:00+0800", "level": "INFO", "logger": "etl_logger", "message": "Total unique keys in LarkSheet: 56, Total new mismatch cases to upload: 0", "service": "cc_reconcile", "stage": "lark", "status": "ok"}
{"timestamp": "2026-02-25T14:06:00+0800", "level": "INFO", "logger": "etl_logger", "message": "Append data to LarkSheet with range: Kalw4Y!A2:L3, rows: 1, columns: 12", "service": "cc_reconcile", "stage": "lark", "status": "ok"}
{"timestamp": "2026-02-25T14:06:00+0800", "level": "INFO", "logger": "etl_logger", "message": "✅ Successfully appended data to LarkSheet", "service": "cc_reconcile", "stage": "lark", "status": "ok"}
{"timestamp": "2026-02-25T14:06:01+0800", "level": "INFO", "logger": "etl_logger", "message": "Upload data to LarkSheet Finish", "service": "cc_reconcile", "stage": "lark", "status": "ok"}
{"timestamp": "2026-02-25T15:00:01+0800", "level": "INFO", "logger": "etl_logger", "message": "Start download reports...", "service": "cc_reconcile", "stage": "download", "status": "ok"}
{"timestamp": "2026-02-25T15:00:05+0800", "level": "INFO", "logger": "etl_logger", "message": "Payabl Login Success and Get Token Success", "service": "cc_reconcile", "stage": "download_payabl", "status": "ok"}
{"timestamp": "2026-02-25T15:00:05+0800", "level": "INFO", "logger": "etl_logger", "message": "Start downloading Payabl CC Report for date: 2026-02-24...", "service": "cc_reconcile", "stage": "download_payabl", "status": "ok"}
{"timestamp": "2026-02-25T15:00:35+0800", "level": "INFO", "logger": "etl_logger", "message": "Start downloading Payabl CC Report for date: 2026-02-25...", "service": "cc_reconcile", "stage": "download_payabl", "status": "ok"}
{"timestamp": "2026-02-25T15:00:45+0800", "level": "INFO", "logger": "etl_logger", "message": "Finish downloading Payabl CC Report", "service": "cc_reconcile", "stage": "download_payabl", "status": "ok"}
{"timestamp": "2026-02-25T15:00:45+0800", "level": "INFO", "logger": "etl_logger", "message": "Download Payabl CC Report Finish ，Total: 55938", "service": "cc_reconcile", "stage": "download", "status": "ok"}
{"timestamp": "2026-02-25T15:00:45+0800", "level": "INFO", "logger": "etl_logger", "message": "Login attempt 1/5", "service": "cc_reconcile", "stage": "download_davinci", "status": "ok"}
{"timestamp": "2026-02-25T15:00:47+0800", "level": "INFO", "logger": "etl_logger", "message": "Login response status=200, url=https://admin.vantagemarkets.com/admin/main, cookies=4", "service": "cc_reconcile", "stage": "download_davinci", "status": "ok"}
{"timestamp": "2026-02-25T15:00:47+0800", "level": "INFO", "logger": "etl_logger", "message": "Login successful", "service": "cc_reconcile", "stage": "download_davinci", "status": "ok"}
{"timestamp": "2026-02-25T15:00:47+0800", "level": "INFO", "logger": "etl_logger", "message": "Token obtained successfully", "service": "cc_reconcile", "stage": "download_davinci", "status": "ok"}
{"timestamp": "2026-02-25T15:00:47+0800", "level": "INFO", "logger": "etl_logger", "message": "Start downloading Davinci CC Report for brand: VFSC...", "service": "cc_reconcile", "stage": "download_davinci", "status": "ok"}
{"timestamp": "2026-02-25T15:01:13+0800", "level": "INFO", "logger": "etl_logger", "message": "POST success (VFSC 2026-02-22): cc_withdraw_detail_report_20260225070113.csv, took 25.8s", "service": "cc_reconcile", "stage": "download_davinci", "status": "ok"}
{"timestamp": "2026-02-25T15:01:14+0800", "level": "INFO", "logger": "etl_logger", "message": "Download success (VFSC 2026-02-22): cc_withdraw_detail_report_20260225070113.csv, took 1.4s", "service": "cc_reconcile", "stage": "download_davinci", "status": "ok"}
{"timestamp": "2026-02-25T15:01:33+0800", "level": "INFO", "logger": "etl_logger", "message": "POST success (VFSC 2026-02-23): cc_withdraw_detail_report_20260225070133.csv, took 19.0s", "service": "cc_reconcile", "stage": "download_davinci", "status": "ok"}
{"timestamp": "2026-02-25T15:01:35+0800", "level": "INFO", "logger": "etl_logger", "message": "Download success (VFSC 2026-02-23): cc_withdraw_detail_report_20260225070133.csv, took 2.1s", "service": "cc_reconcile", "stage": "download_davinci", "status": "ok"}
{"timestamp": "2026-02-25T15:01:54+0800", "level": "INFO", "logger": "etl_logger", "message": "POST success (VFSC 2026-02-24): cc_withdraw_detail_report_20260225070154.csv, took 18.3s", "service": "cc_reconcile", "stage": "download_davinci", "status": "ok"}
{"timestamp": "2026-02-25T15:01:56+0800", "level": "INFO", "logger": "etl_logger", "message": "Download success (VFSC 2026-02-24): cc_withdraw_detail_report_20260225070154.csv, took 2.2s", "service": "cc_reconcile", "stage": "download_davinci", "status": "ok"}
{"timestamp": "2026-02-25T15:02:14+0800", "level": "INFO", "logger": "etl_logger", "message": "POST success (VFSC 2026-02-25): cc_withdraw_detail_report_20260225070214.csv, took 17.6s", "service": "cc_reconcile", "stage": "download_davinci", "status": "ok"}
{"timestamp": "2026-02-25T15:02:15+0800", "level": "INFO", "logger": "etl_logger", "message": "Download success (VFSC 2026-02-25): cc_withdraw_detail_report_20260225070214.csv, took 1.7s", "service": "cc_reconcile", "stage": "download_davinci", "status": "ok"}
{"timestamp": "2026-02-25T15:02:15+0800", "level": "INFO", "logger": "etl_logger", "message": "Finish downloading Davinci CC - VFSC Report", "service": "cc_reconcile", "stage": "download_davinci", "status": "ok"}
{"timestamp": "2026-02-25T15:02:15+0800", "level": "INFO", "logger": "etl_logger", "message": "Start downloading Davinci CC Report for brand: VFSC2...", "service": "cc_reconcile", "stage": "download_davinci", "status": "ok"}
{"timestamp": "2026-02-25T15:03:06+0800", "level": "INFO", "logger": "etl_logger", "message": "POST success (VFSC2 2026-02-22): cc_withdraw_detail_report_20260225070306.csv, took 50.8s", "service": "cc_reconcile", "stage": "download_davinci", "status": "ok"}
{"timestamp": "2026-02-25T15:03:08+0800", "level": "INFO", "logger": "etl_logger", "message": "Download success (VFSC2 2026-02-22): cc_withdraw_detail_report_20260225070306.csv, took 2.3s", "service": "cc_reconcile", "stage": "download_davinci", "status": "ok"}
{"timestamp": "2026-02-25T15:04:01+0800", "level": "INFO", "logger": "etl_logger", "message": "POST success (VFSC2 2026-02-23): cc_withdraw_detail_report_20260225070401.csv, took 53.0s", "service": "cc_reconcile", "stage": "download_davinci", "status": "ok"}
{"timestamp": "2026-02-25T15:04:04+0800", "level": "INFO", "logger": "etl_logger", "message": "Download success (VFSC2 2026-02-23): cc_withdraw_detail_report_20260225070401.csv, took 3.0s", "service": "cc_reconcile", "stage": "download_davinci", "status": "ok"}
{"timestamp": "2026-02-25T15:04:58+0800", "level": "INFO", "logger": "etl_logger", "message": "POST success (VFSC2 2026-02-24): cc_withdraw_detail_report_20260225070458.csv, took 54.0s", "service": "cc_reconcile", "stage": "download_davinci", "status": "ok"}
{"timestamp": "2026-02-25T15:05:01+0800", "level": "INFO", "logger": "etl_logger", "message": "Download success (VFSC2 2026-02-24): cc_withdraw_detail_report_20260225070458.csv, took 3.0s", "service": "cc_reconcile", "stage": "download_davinci", "status": "ok"}
{"timestamp": "2026-02-25T15:05:54+0800", "level": "INFO", "logger": "etl_logger", "message": "POST success (VFSC2 2026-02-25): cc_withdraw_detail_report_20260225070554.csv, took 52.5s", "service": "cc_reconcile", "stage": "download_davinci", "status": "ok"}
{"timestamp": "2026-02-25T15:05:56+0800", "level": "INFO", "logger": "etl_logger", "message": "Download success (VFSC2 2026-02-25): cc_withdraw_detail_report_20260225070554.csv, took 2.4s", "service": "cc_reconcile", "stage": "download_davinci", "status": "ok"}
{"timestamp": "2026-02-25T15:05:57+0800", "level": "INFO", "logger": "etl_logger", "message": "Finish downloading Davinci CC - VFSC2 Report", "service": "cc_reconcile", "stage": "download_davinci", "status": "ok"}
{"timestamp": "2026-02-25T15:05:57+0800", "level": "INFO", "logger": "etl_logger", "message": "Finish downloading Davinci CC Report for all brands, total rows: 28820", "service": "cc_reconcile", "stage": "download_davinci", "status": "ok"}
{"timestamp": "2026-02-25T15:05:57+0800", "level": "INFO", "logger": "etl_logger", "message": "Download CRM CC Report Finish ，Total: 28820", "service": "cc_reconcile", "stage": "download", "status": "ok"}
{"timestamp": "2026-02-25T15:05:57+0800", "level": "INFO", "logger": "etl_logger", "message": "Start reconcile...", "service": "cc_reconcile", "stage": "reconcile", "status": "ok"}
{"timestamp": "2026-02-25T15:05:57+0800", "level": "INFO", "logger": "etl_logger", "message": "Reconcile Finish ，Total Mismatch Case: 0", "service": "cc_reconcile", "stage": "reconcile", "status": "ok"}
{"timestamp": "2026-02-25T15:05:57+0800", "level": "INFO", "logger": "etl_logger", "message": "Connect Lark Finish", "service": "cc_reconcile", "stage": "lark", "status": "ok"}
{"timestamp": "2026-02-25T15:05:57+0800", "level": "INFO", "logger": "etl_logger", "message": "Start query existing data in LarkSheet...", "service": "cc_reconcile", "stage": "lark", "status": "ok"}
{"timestamp": "2026-02-25T15:05:59+0800", "level": "INFO", "logger": "etl_logger", "message": "Query existing data in LarkSheet Finish", "service": "cc_reconcile", "stage": "lark", "status": "ok"}
{"timestamp": "2026-02-25T15:05:59+0800", "level": "INFO", "logger": "etl_logger", "message": "Total unique keys in LarkSheet: 56, Total new mismatch cases to upload: 0", "service": "cc_reconcile", "stage": "lark", "status": "ok"}
{"timestamp": "2026-02-25T15:05:59+0800", "level": "INFO", "logger": "etl_logger", "message": "Append data to LarkSheet with range: Kalw4Y!A2:L3, rows: 1, columns: 12", "service": "cc_reconcile", "stage": "lark", "status": "ok"}
{"timestamp": "2026-02-25T15:05:59+0800", "level": "INFO", "logger": "etl_logger", "message": "✅ Successfully appended data to LarkSheet", "service": "cc_reconcile", "stage": "lark", "status": "ok"}
{"timestamp": "2026-02-25T15:06:00+0800", "level": "INFO", "logger": "etl_logger", "message": "Upload data to LarkSheet Finish", "service": "cc_reconcile", "stage": "lark", "status": "ok"}
{"timestamp": "2026-02-25T16:00:01+0800", "level": "INFO", "logger": "etl_logger", "message": "Start download reports...", "service": "cc_reconcile", "stage": "download", "status": "ok"}
{"timestamp": "2026-02-25T16:00:04+0800", "level": "INFO", "logger": "etl_logger", "message": "Payabl Login Success and Get Token Success", "service": "cc_reconcile", "stage": "download_payabl", "status": "ok"}
{"timestamp": "2026-02-25T16:00:04+0800", "level": "INFO", "logger": "etl_logger", "message": "Start downloading Payabl CC Report for date: 2026-02-24...", "service": "cc_reconcile", "stage": "download_payabl", "status": "ok"}
{"timestamp": "2026-02-25T16:00:35+0800", "level": "INFO", "logger": "etl_logger", "message": "Start downloading Payabl CC Report for date: 2026-02-25...", "service": "cc_reconcile", "stage": "download_payabl", "status": "ok"}
{"timestamp": "2026-02-25T16:00:46+0800", "level": "INFO", "logger": "etl_logger", "message": "Finish downloading Payabl CC Report", "service": "cc_reconcile", "stage": "download_payabl", "status": "ok"}
{"timestamp": "2026-02-25T16:00:46+0800", "level": "INFO", "logger": "etl_logger", "message": "Download Payabl CC Report Finish ，Total: 57102", "service": "cc_reconcile", "stage": "download", "status": "ok"}
{"timestamp": "2026-02-25T16:00:46+0800", "level": "INFO", "logger": "etl_logger", "message": "Login attempt 1/5", "service": "cc_reconcile", "stage": "download_davinci", "status": "ok"}
{"timestamp": "2026-02-25T16:00:48+0800", "level": "INFO", "logger": "etl_logger", "message": "Login response status=200, url=https://admin.vantagemarkets.com/admin/main, cookies=4", "service": "cc_reconcile", "stage": "download_davinci", "status": "ok"}
{"timestamp": "2026-02-25T16:00:48+0800", "level": "INFO", "logger": "etl_logger", "message": "Login successful", "service": "cc_reconcile", "stage": "download_davinci", "status": "ok"}
{"timestamp": "2026-02-25T16:00:48+0800", "level": "INFO", "logger": "etl_logger", "message": "Token obtained successfully", "service": "cc_reconcile", "stage": "download_davinci", "status": "ok"}
{"timestamp": "2026-02-25T16:00:48+0800", "level": "INFO", "logger": "etl_logger", "message": "Start downloading Davinci CC Report for brand: VFSC...", "service": "cc_reconcile", "stage": "download_davinci", "status": "ok"}
{"timestamp": "2026-02-25T16:01:07+0800", "level": "INFO", "logger": "etl_logger", "message": "POST success (VFSC 2026-02-22): cc_withdraw_detail_report_20260225080107.csv, took 18.4s", "service": "cc_reconcile", "stage": "download_davinci", "status": "ok"}
{"timestamp": "2026-02-25T16:01:08+0800", "level": "INFO", "logger": "etl_logger", "message": "Download success (VFSC 2026-02-22): cc_withdraw_detail_report_20260225080107.csv, took 1.5s", "service": "cc_reconcile", "stage": "download_davinci", "status": "ok"}
{"timestamp": "2026-02-25T16:01:27+0800", "level": "INFO", "logger": "etl_logger", "message": "POST success (VFSC 2026-02-23): cc_withdraw_detail_report_20260225080127.csv, took 18.9s", "service": "cc_reconcile", "stage": "download_davinci", "status": "ok"}
{"timestamp": "2026-02-25T16:01:28+0800", "level": "INFO", "logger": "etl_logger", "message": "Download success (VFSC 2026-02-23): cc_withdraw_detail_report_20260225080127.csv, took 1.5s", "service": "cc_reconcile", "stage": "download_davinci", "status": "ok"}
{"timestamp": "2026-02-25T16:01:47+0800", "level": "INFO", "logger": "etl_logger", "message": "POST success (VFSC 2026-02-24): cc_withdraw_detail_report_20260225080147.csv, took 18.2s", "service": "cc_reconcile", "stage": "download_davinci", "status": "ok"}
{"timestamp": "2026-02-25T16:01:49+0800", "level": "INFO", "logger": "etl_logger", "message": "Download success (VFSC 2026-02-24): cc_withdraw_detail_report_20260225080147.csv, took 2.2s", "service": "cc_reconcile", "stage": "download_davinci", "status": "ok"}
{"timestamp": "2026-02-25T16:02:07+0800", "level": "INFO", "logger": "etl_logger", "message": "POST success (VFSC 2026-02-25): cc_withdraw_detail_report_20260225080207.csv, took 18.0s", "service": "cc_reconcile", "stage": "download_davinci", "status": "ok"}
{"timestamp": "2026-02-25T16:02:09+0800", "level": "INFO", "logger": "etl_logger", "message": "Download success (VFSC 2026-02-25): cc_withdraw_detail_report_20260225080207.csv, took 1.7s", "service": "cc_reconcile", "stage": "download_davinci", "status": "ok"}
{"timestamp": "2026-02-25T16:02:09+0800", "level": "INFO", "logger": "etl_logger", "message": "Finish downloading Davinci CC - VFSC Report", "service": "cc_reconcile", "stage": "download_davinci", "status": "ok"}
{"timestamp": "2026-02-25T16:02:09+0800", "level": "INFO", "logger": "etl_logger", "message": "Start downloading Davinci CC Report for brand: VFSC2...", "service": "cc_reconcile", "stage": "download_davinci", "status": "ok"}
{"timestamp": "2026-02-25T16:02:59+0800", "level": "INFO", "logger": "etl_logger", "message": "POST success (VFSC2 2026-02-22): cc_withdraw_detail_report_20260225080259.csv, took 50.1s", "service": "cc_reconcile", "stage": "download_davinci", "status": "ok"}
{"timestamp": "2026-02-25T16:03:01+0800", "level": "INFO", "logger": "etl_logger", "message": "Download success (VFSC2 2026-02-22): cc_withdraw_detail_report_20260225080259.csv, took 2.2s", "service": "cc_reconcile", "stage": "download_davinci", "status": "ok"}
{"timestamp": "2026-02-25T16:03:54+0800", "level": "INFO", "logger": "etl_logger", "message": "POST success (VFSC2 2026-02-23): cc_withdraw_detail_report_20260225080353.csv, took 52.8s", "service": "cc_reconcile", "stage": "download_davinci", "status": "ok"}
{"timestamp": "2026-02-25T16:03:57+0800", "level": "INFO", "logger": "etl_logger", "message": "Download success (VFSC2 2026-02-23): cc_withdraw_detail_report_20260225080353.csv, took 3.0s", "service": "cc_reconcile", "stage": "download_davinci", "status": "ok"}
{"timestamp": "2026-02-25T16:04:51+0800", "level": "INFO", "logger": "etl_logger", "message": "POST success (VFSC2 2026-02-24): cc_withdraw_detail_report_20260225080450.csv, took 53.8s", "service": "cc_reconcile", "stage": "download_davinci", "status": "ok"}
{"timestamp": "2026-02-25T16:04:53+0800", "level": "INFO", "logger": "etl_logger", "message": "Download success (VFSC2 2026-02-24): cc_withdraw_detail_report_20260225080450.csv, took 3.0s", "service": "cc_reconcile", "stage": "download_davinci", "status": "ok"}
{"timestamp": "2026-02-25T16:05:46+0800", "level": "INFO", "logger": "etl_logger", "message": "POST success (VFSC2 2026-02-25): cc_withdraw_detail_report_20260225080546.csv, took 52.8s", "service": "cc_reconcile", "stage": "download_davinci", "status": "ok"}
{"timestamp": "2026-02-25T16:05:49+0800", "level": "INFO", "logger": "etl_logger", "message": "Download success (VFSC2 2026-02-25): cc_withdraw_detail_report_20260225080546.csv, took 2.4s", "service": "cc_reconcile", "stage": "download_davinci", "status": "ok"}
{"timestamp": "2026-02-25T16:05:49+0800", "level": "INFO", "logger": "etl_logger", "message": "Finish downloading Davinci CC - VFSC2 Report", "service": "cc_reconcile", "stage": "download_davinci", "status": "ok"}
{"timestamp": "2026-02-25T16:05:49+0800", "level": "INFO", "logger": "etl_logger", "message": "Finish downloading Davinci CC Report for all brands, total rows: 29049", "service": "cc_reconcile", "stage": "download_davinci", "status": "ok"}
{"timestamp": "2026-02-25T16:05:49+0800", "level": "INFO", "logger": "etl_logger", "message": "Download CRM CC Report Finish ，Total: 29049", "service": "cc_reconcile", "stage": "download", "status": "ok"}
{"timestamp": "2026-02-25T16:05:49+0800", "level": "INFO", "logger": "etl_logger", "message": "Start reconcile...", "service": "cc_reconcile", "stage": "reconcile", "status": "ok"}
{"timestamp": "2026-02-25T16:05:49+0800", "level": "INFO", "logger": "etl_logger", "message": "Reconcile Finish ，Total Mismatch Case: 0", "service": "cc_reconcile", "stage": "reconcile", "status": "ok"}
{"timestamp": "2026-02-25T16:05:50+0800", "level": "INFO", "logger": "etl_logger", "message": "Connect Lark Finish", "service": "cc_reconcile", "stage": "lark", "status": "ok"}
{"timestamp": "2026-02-25T16:05:50+0800", "level": "INFO", "logger": "etl_logger", "message": "Start query existing data in LarkSheet...", "service": "cc_reconcile", "stage": "lark", "status": "ok"}
{"timestamp": "2026-02-25T16:05:51+0800", "level": "INFO", "logger": "etl_logger", "message": "Query existing data in LarkSheet Finish", "service": "cc_reconcile", "stage": "lark", "status": "ok"}
{"timestamp": "2026-02-25T16:05:51+0800", "level": "INFO", "logger": "etl_logger", "message": "Total unique keys in LarkSheet: 56, Total new mismatch cases to upload: 0", "service": "cc_reconcile", "stage": "lark", "status": "ok"}
{"timestamp": "2026-02-25T16:05:51+0800", "level": "INFO", "logger": "etl_logger", "message": "Append data to LarkSheet with range: Kalw4Y!A2:L3, rows: 1, columns: 12", "service": "cc_reconcile", "stage": "lark", "status": "ok"}
{"timestamp": "2026-02-25T16:05:52+0800", "level": "INFO", "logger": "etl_logger", "message": "✅ Successfully appended data to LarkSheet", "service": "cc_reconcile", "stage": "lark", "status": "ok"}
{"timestamp": "2026-02-25T16:05:53+0800", "level": "INFO", "logger": "etl_logger", "message": "Upload data to LarkSheet Finish", "service": "cc_reconcile", "stage": "lark", "status": "ok"}
{"timestamp": "2026-02-25T17:00:01+0800", "level": "INFO", "logger": "etl_logger", "message": "Start download reports...", "service": "cc_reconcile", "stage": "download", "status": "ok"}
{"timestamp": "2026-02-25T17:00:04+0800", "level": "INFO", "logger": "etl_logger", "message": "Payabl Login Success and Get Token Success", "service": "cc_reconcile", "stage": "download_payabl", "status": "ok"}
{"timestamp": "2026-02-25T17:00:04+0800", "level": "INFO", "logger": "etl_logger", "message": "Start downloading Payabl CC Report for date: 2026-02-24...", "service": "cc_reconcile", "stage": "download_payabl", "status": "ok"}
{"timestamp": "2026-02-25T17:00:34+0800", "level": "INFO", "logger": "etl_logger", "message": "Start downloading Payabl CC Report for date: 2026-02-25...", "service": "cc_reconcile", "stage": "download_payabl", "status": "ok"}
{"timestamp": "2026-02-25T17:00:46+0800", "level": "INFO", "logger": "etl_logger", "message": "Finish downloading Payabl CC Report", "service": "cc_reconcile", "stage": "download_payabl", "status": "ok"}
{"timestamp": "2026-02-25T17:00:46+0800", "level": "INFO", "logger": "etl_logger", "message": "Download Payabl CC Report Finish ，Total: 58444", "service": "cc_reconcile", "stage": "download", "status": "ok"}
{"timestamp": "2026-02-25T17:00:46+0800", "level": "INFO", "logger": "etl_logger", "message": "Login attempt 1/5", "service": "cc_reconcile", "stage": "download_davinci", "status": "ok"}
{"timestamp": "2026-02-25T17:00:47+0800", "level": "INFO", "logger": "etl_logger", "message": "Login response status=200, url=https://admin.vantagemarkets.com/admin/main, cookies=4", "service": "cc_reconcile", "stage": "download_davinci", "status": "ok"}
{"timestamp": "2026-02-25T17:00:47+0800", "level": "INFO", "logger": "etl_logger", "message": "Login successful", "service": "cc_reconcile", "stage": "download_davinci", "status": "ok"}
{"timestamp": "2026-02-25T17:00:48+0800", "level": "INFO", "logger": "etl_logger", "message": "Token obtained successfully", "service": "cc_reconcile", "stage": "download_davinci", "status": "ok"}
{"timestamp": "2026-02-25T17:00:48+0800", "level": "INFO", "logger": "etl_logger", "message": "Start downloading Davinci CC Report for brand: VFSC...", "service": "cc_reconcile", "stage": "download_davinci", "status": "ok"}
{"timestamp": "2026-02-25T17:01:05+0800", "level": "INFO", "logger": "etl_logger", "message": "POST success (VFSC 2026-02-22): cc_withdraw_detail_report_20260225090105.csv, took 17.8s", "service": "cc_reconcile", "stage": "download_davinci", "status": "ok"}
{"timestamp": "2026-02-25T17:01:07+0800", "level": "INFO", "logger": "etl_logger", "message": "Download success (VFSC 2026-02-22): cc_withdraw_detail_report_20260225090105.csv, took 1.5s", "service": "cc_reconcile", "stage": "download_davinci", "status": "ok"}
{"timestamp": "2026-02-25T17:01:25+0800", "level": "INFO", "logger": "etl_logger", "message": "POST success (VFSC 2026-02-23): cc_withdraw_detail_report_20260225090125.csv, took 18.0s", "service": "cc_reconcile", "stage": "download_davinci", "status": "ok"}
{"timestamp": "2026-02-25T17:01:27+0800", "level": "INFO", "logger": "etl_logger", "message": "Download success (VFSC 2026-02-23): cc_withdraw_detail_report_20260225090125.csv, took 2.1s", "service": "cc_reconcile", "stage": "download_davinci", "status": "ok"}
{"timestamp": "2026-02-25T17:01:44+0800", "level": "INFO", "logger": "etl_logger", "message": "POST success (VFSC 2026-02-24): cc_withdraw_detail_report_20260225090144.csv, took 17.4s", "service": "cc_reconcile", "stage": "download_davinci", "status": "ok"}
{"timestamp": "2026-02-25T17:01:47+0800", "level": "INFO", "logger": "etl_logger", "message": "Download success (VFSC 2026-02-24): cc_withdraw_detail_report_20260225090144.csv, took 2.2s", "service": "cc_reconcile", "stage": "download_davinci", "status": "ok"}
{"timestamp": "2026-02-25T17:02:03+0800", "level": "INFO", "logger": "etl_logger", "message": "POST success (VFSC 2026-02-25): cc_withdraw_detail_report_20260225090203.csv, took 16.8s", "service": "cc_reconcile", "stage": "download_davinci", "status": "ok"}
{"timestamp": "2026-02-25T17:02:05+0800", "level": "INFO", "logger": "etl_logger", "message": "Download success (VFSC 2026-02-25): cc_withdraw_detail_report_20260225090203.csv, took 1.4s", "service": "cc_reconcile", "stage": "download_davinci", "status": "ok"}
{"timestamp": "2026-02-25T17:02:05+0800", "level": "INFO", "logger": "etl_logger", "message": "Finish downloading Davinci CC - VFSC Report", "service": "cc_reconcile", "stage": "download_davinci", "status": "ok"}
{"timestamp": "2026-02-25T17:02:05+0800", "level": "INFO", "logger": "etl_logger", "message": "Start downloading Davinci CC Report for brand: VFSC2...", "service": "cc_reconcile", "stage": "download_davinci", "status": "ok"}
{"timestamp": "2026-02-25T17:02:52+0800", "level": "INFO", "logger": "etl_logger", "message": "POST success (VFSC2 2026-02-22): cc_withdraw_detail_report_20260225090252.csv, took 47.5s", "service": "cc_reconcile", "stage": "download_davinci", "status": "ok"}
{"timestamp": "2026-02-25T17:02:55+0800", "level": "INFO", "logger": "etl_logger", "message": "Download success (VFSC2 2026-02-22): cc_withdraw_detail_report_20260225090252.csv, took 2.3s", "service": "cc_reconcile", "stage": "download_davinci", "status": "ok"}
{"timestamp": "2026-02-25T17:03:45+0800", "level": "INFO", "logger": "etl_logger", "message": "POST success (VFSC2 2026-02-23): cc_withdraw_detail_report_20260225090345.csv, took 50.2s", "service": "cc_reconcile", "stage": "download_davinci", "status": "ok"}
{"timestamp": "2026-02-25T17:03:48+0800", "level": "INFO", "logger": "etl_logger", "message": "Download success (VFSC2 2026-02-23): cc_withdraw_detail_report_20260225090345.csv, took 3.0s", "service": "cc_reconcile", "stage": "download_davinci", "status": "ok"}
{"timestamp": "2026-02-25T17:04:38+0800", "level": "INFO", "logger": "etl_logger", "message": "POST success (VFSC2 2026-02-24): cc_withdraw_detail_report_20260225090438.csv, took 50.2s", "service": "cc_reconcile", "stage": "download_davinci", "status": "ok"}
{"timestamp": "2026-02-25T17:04:41+0800", "level": "INFO", "logger": "etl_logger", "message": "Download success (VFSC2 2026-02-24): cc_withdraw_detail_report_20260225090438.csv, took 2.9s", "service": "cc_reconcile", "stage": "download_davinci", "status": "ok"}
{"timestamp": "2026-02-25T17:05:30+0800", "level": "INFO", "logger": "etl_logger", "message": "POST success (VFSC2 2026-02-25): cc_withdraw_detail_report_20260225090530.csv, took 48.8s", "service": "cc_reconcile", "stage": "download_davinci", "status": "ok"}
{"timestamp": "2026-02-25T17:05:32+0800", "level": "INFO", "logger": "etl_logger", "message": "Download success (VFSC2 2026-02-25): cc_withdraw_detail_report_20260225090530.csv, took 2.4s", "service": "cc_reconcile", "stage": "download_davinci", "status": "ok"}
{"timestamp": "2026-02-25T17:05:33+0800", "level": "INFO", "logger": "etl_logger", "message": "Finish downloading Davinci CC - VFSC2 Report", "service": "cc_reconcile", "stage": "download_davinci", "status": "ok"}
{"timestamp": "2026-02-25T17:05:33+0800", "level": "INFO", "logger": "etl_logger", "message": "Finish downloading Davinci CC Report for all brands, total rows: 29346", "service": "cc_reconcile", "stage": "download_davinci", "status": "ok"}
{"timestamp": "2026-02-25T17:05:33+0800", "level": "INFO", "logger": "etl_logger", "message": "Download CRM CC Report Finish ，Total: 29346", "service": "cc_reconcile", "stage": "download", "status": "ok"}
{"timestamp": "2026-02-25T17:05:33+0800", "level": "INFO", "logger": "etl_logger", "message": "Start reconcile...", "service": "cc_reconcile", "stage": "reconcile", "status": "ok"}
{"timestamp": "2026-02-25T17:05:33+0800", "level": "INFO", "logger": "etl_logger", "message": "Reconcile Finish ，Total Mismatch Case: 0", "service": "cc_reconcile", "stage": "reconcile", "status": "ok"}
{"timestamp": "2026-02-25T17:05:33+0800", "level": "INFO", "logger": "etl_logger", "message": "Connect Lark Finish", "service": "cc_reconcile", "stage": "lark", "status": "ok"}
{"timestamp": "2026-02-25T17:05:33+0800", "level": "INFO", "logger": "etl_logger", "message": "Start query existing data in LarkSheet...", "service": "cc_reconcile", "stage": "lark", "status": "ok"}
{"timestamp": "2026-02-25T17:05:34+0800", "level": "INFO", "logger": "etl_logger", "message": "Query existing data in LarkSheet Finish", "service": "cc_reconcile", "stage": "lark", "status": "ok"}
{"timestamp": "2026-02-25T17:05:34+0800", "level": "INFO", "logger": "etl_logger", "message": "Total unique keys in LarkSheet: 56, Total new mismatch cases to upload: 0", "service": "cc_reconcile", "stage": "lark", "status": "ok"}
{"timestamp": "2026-02-25T17:05:34+0800", "level": "INFO", "logger": "etl_logger", "message": "Append data to LarkSheet with range: Kalw4Y!A2:L3, rows: 1, columns: 12", "service": "cc_reconcile", "stage": "lark", "status": "ok"}
{"timestamp": "2026-02-25T17:05:35+0800", "level": "INFO", "logger": "etl_logger", "message": "✅ Successfully appended data to LarkSheet", "service": "cc_reconcile", "stage": "lark", "status": "ok"}
{"timestamp": "2026-02-25T17:05:36+0800", "level": "INFO", "logger": "etl_logger", "message": "Upload data to LarkSheet Finish", "service": "cc_reconcile", "stage": "lark", "status": "ok"}
{"timestamp": "2026-02-25T18:00:01+0800", "level": "INFO", "logger": "etl_logger", "message": "Start download reports...", "service": "cc_reconcile", "stage": "download", "status": "ok"}
{"timestamp": "2026-02-25T18:00:04+0800", "level": "INFO", "logger": "etl_logger", "message": "Payabl Login Success and Get Token Success", "service": "cc_reconcile", "stage": "download_payabl", "status": "ok"}
{"timestamp": "2026-02-25T18:00:04+0800", "level": "INFO", "logger": "etl_logger", "message": "Start downloading Payabl CC Report for date: 2026-02-24...", "service": "cc_reconcile", "stage": "download_payabl", "status": "ok"}
{"timestamp": "2026-02-25T18:00:32+0800", "level": "INFO", "logger": "etl_logger", "message": "Start downloading Payabl CC Report for date: 2026-02-25...", "service": "cc_reconcile", "stage": "download_payabl", "status": "ok"}
{"timestamp": "2026-02-25T18:00:44+0800", "level": "INFO", "logger": "etl_logger", "message": "Finish downloading Payabl CC Report", "service": "cc_reconcile", "stage": "download_payabl", "status": "ok"}
{"timestamp": "2026-02-25T18:00:44+0800", "level": "INFO", "logger": "etl_logger", "message": "Download Payabl CC Report Finish ，Total: 60121", "service": "cc_reconcile", "stage": "download", "status": "ok"}
{"timestamp": "2026-02-25T18:00:44+0800", "level": "INFO", "logger": "etl_logger", "message": "Login attempt 1/5", "service": "cc_reconcile", "stage": "download_davinci", "status": "ok"}
{"timestamp": "2026-02-25T18:00:45+0800", "level": "INFO", "logger": "etl_logger", "message": "Login response status=200, url=https://admin.vantagemarkets.com/admin/main, cookies=4", "service": "cc_reconcile", "stage": "download_davinci", "status": "ok"}
{"timestamp": "2026-02-25T18:00:45+0800", "level": "INFO", "logger": "etl_logger", "message": "Login successful", "service": "cc_reconcile", "stage": "download_davinci", "status": "ok"}
{"timestamp": "2026-02-25T18:00:45+0800", "level": "INFO", "logger": "etl_logger", "message": "Token obtained successfully", "service": "cc_reconcile", "stage": "download_davinci", "status": "ok"}
{"timestamp": "2026-02-25T18:00:45+0800", "level": "INFO", "logger": "etl_logger", "message": "Start downloading Davinci CC Report for brand: VFSC...", "service": "cc_reconcile", "stage": "download_davinci", "status": "ok"}
{"timestamp": "2026-02-25T18:01:04+0800", "level": "INFO", "logger": "etl_logger", "message": "POST success (VFSC 2026-02-22): cc_withdraw_detail_report_20260225100104.csv, took 18.6s", "service": "cc_reconcile", "stage": "download_davinci", "status": "ok"}
{"timestamp": "2026-02-25T18:01:05+0800", "level": "INFO", "logger": "etl_logger", "message": "Download success (VFSC 2026-02-22): cc_withdraw_detail_report_20260225100104.csv, took 1.2s", "service": "cc_reconcile", "stage": "download_davinci", "status": "ok"}
{"timestamp": "2026-02-25T18:01:40+0800", "level": "INFO", "logger": "etl_logger", "message": "POST success (VFSC 2026-02-23): cc_withdraw_detail_report_20260225100140.csv, took 34.5s", "service": "cc_reconcile", "stage": "download_davinci", "status": "ok"}
{"timestamp": "2026-02-25T18:01:42+0800", "level": "INFO", "logger": "etl_logger", "message": "Download success (VFSC 2026-02-23): cc_withdraw_detail_report_20260225100140.csv, took 2.2s", "service": "cc_reconcile", "stage": "download_davinci", "status": "ok"}
{"timestamp": "2026-02-25T18:01:59+0800", "level": "INFO", "logger": "etl_logger", "message": "POST success (VFSC 2026-02-24): cc_withdraw_detail_report_20260225100159.csv, took 17.3s", "service": "cc_reconcile", "stage": "download_davinci", "status": "ok"}
{"timestamp": "2026-02-25T18:02:01+0800", "level": "INFO", "logger": "etl_logger", "message": "Download success (VFSC 2026-02-24): cc_withdraw_detail_report_20260225100159.csv, took 2.1s", "service": "cc_reconcile", "stage": "download_davinci", "status": "ok"}
{"timestamp": "2026-02-25T18:02:18+0800", "level": "INFO", "logger": "etl_logger", "message": "POST success (VFSC 2026-02-25): cc_withdraw_detail_report_20260225100218.csv, took 17.3s", "service": "cc_reconcile", "stage": "download_davinci", "status": "ok"}
{"timestamp": "2026-02-25T18:02:20+0800", "level": "INFO", "logger": "etl_logger", "message": "Download success (VFSC 2026-02-25): cc_withdraw_detail_report_20260225100218.csv, took 1.9s", "service": "cc_reconcile", "stage": "download_davinci", "status": "ok"}
{"timestamp": "2026-02-25T18:02:20+0800", "level": "INFO", "logger": "etl_logger", "message": "Finish downloading Davinci CC - VFSC Report", "service": "cc_reconcile", "stage": "download_davinci", "status": "ok"}
{"timestamp": "2026-02-25T18:02:20+0800", "level": "INFO", "logger": "etl_logger", "message": "Start downloading Davinci CC Report for brand: VFSC2...", "service": "cc_reconcile", "stage": "download_davinci", "status": "ok"}
{"timestamp": "2026-02-25T18:03:10+0800", "level": "INFO", "logger": "etl_logger", "message": "POST success (VFSC2 2026-02-22): cc_withdraw_detail_report_20260225100310.csv, took 49.8s", "service": "cc_reconcile", "stage": "download_davinci", "status": "ok"}
{"timestamp": "2026-02-25T18:03:12+0800", "level": "INFO", "logger": "etl_logger", "message": "Download success (VFSC2 2026-02-22): cc_withdraw_detail_report_20260225100310.csv, took 2.2s", "service": "cc_reconcile", "stage": "download_davinci", "status": "ok"}
{"timestamp": "2026-02-25T18:04:05+0800", "level": "INFO", "logger": "etl_logger", "message": "POST success (VFSC2 2026-02-23): cc_withdraw_detail_report_20260225100405.csv, took 52.5s", "service": "cc_reconcile", "stage": "download_davinci", "status": "ok"}
{"timestamp": "2026-02-25T18:04:08+0800", "level": "INFO", "logger": "etl_logger", "message": "Download success (VFSC2 2026-02-23): cc_withdraw_detail_report_20260225100405.csv, took 3.1s", "service": "cc_reconcile", "stage": "download_davinci", "status": "ok"}
{"timestamp": "2026-02-25T18:04:58+0800", "level": "INFO", "logger": "etl_logger", "message": "POST success (VFSC2 2026-02-24): cc_withdraw_detail_report_20260225100458.csv, took 49.8s", "service": "cc_reconcile", "stage": "download_davinci", "status": "ok"}
{"timestamp": "2026-02-25T18:05:01+0800", "level": "INFO", "logger": "etl_logger", "message": "Download success (VFSC2 2026-02-24): cc_withdraw_detail_report_20260225100458.csv, took 2.9s", "service": "cc_reconcile", "stage": "download_davinci", "status": "ok"}
{"timestamp": "2026-02-25T18:05:49+0800", "level": "INFO", "logger": "etl_logger", "message": "POST success (VFSC2 2026-02-25): cc_withdraw_detail_report_20260225100549.csv, took 48.1s", "service": "cc_reconcile", "stage": "download_davinci", "status": "ok"}
{"timestamp": "2026-02-25T18:05:51+0800", "level": "INFO", "logger": "etl_logger", "message": "Download success (VFSC2 2026-02-25): cc_withdraw_detail_report_20260225100549.csv, took 2.4s", "service": "cc_reconcile", "stage": "download_davinci", "status": "ok"}
{"timestamp": "2026-02-25T18:05:52+0800", "level": "INFO", "logger": "etl_logger", "message": "Finish downloading Davinci CC - VFSC2 Report", "service": "cc_reconcile", "stage": "download_davinci", "status": "ok"}
{"timestamp": "2026-02-25T18:05:52+0800", "level": "INFO", "logger": "etl_logger", "message": "Finish downloading Davinci CC Report for all brands, total rows: 29644", "service": "cc_reconcile", "stage": "download_davinci", "status": "ok"}
{"timestamp": "2026-02-25T18:05:52+0800", "level": "INFO", "logger": "etl_logger", "message": "Download CRM CC Report Finish ，Total: 29644", "service": "cc_reconcile", "stage": "download", "status": "ok"}
{"timestamp": "2026-02-25T18:05:52+0800", "level": "INFO", "logger": "etl_logger", "message": "Start reconcile...", "service": "cc_reconcile", "stage": "reconcile", "status": "ok"}
{"timestamp": "2026-02-25T18:05:52+0800", "level": "INFO", "logger": "etl_logger", "message": "Reconcile Finish ，Total Mismatch Case: 0", "service": "cc_reconcile", "stage": "reconcile", "status": "ok"}
{"timestamp": "2026-02-25T18:05:52+0800", "level": "INFO", "logger": "etl_logger", "message": "Connect Lark Finish", "service": "cc_reconcile", "stage": "lark", "status": "ok"}
{"timestamp": "2026-02-25T18:05:52+0800", "level": "INFO", "logger": "etl_logger", "message": "Start query existing data in LarkSheet...", "service": "cc_reconcile", "stage": "lark", "status": "ok"}
{"timestamp": "2026-02-25T18:05:53+0800", "level": "INFO", "logger": "etl_logger", "message": "Query existing data in LarkSheet Finish", "service": "cc_reconcile", "stage": "lark", "status": "ok"}
{"timestamp": "2026-02-25T18:05:53+0800", "level": "INFO", "logger": "etl_logger", "message": "Total unique keys in LarkSheet: 56, Total new mismatch cases to upload: 0", "service": "cc_reconcile", "stage": "lark", "status": "ok"}
{"timestamp": "2026-02-25T18:05:53+0800", "level": "INFO", "logger": "etl_logger", "message": "Append data to LarkSheet with range: Kalw4Y!A2:L3, rows: 1, columns: 12", "service": "cc_reconcile", "stage": "lark", "status": "ok"}
{"timestamp": "2026-02-25T18:05:54+0800", "level": "INFO", "logger": "etl_logger", "message": "✅ Successfully appended data to LarkSheet", "service": "cc_reconcile", "stage": "lark", "status": "ok"}
{"timestamp": "2026-02-25T18:05:55+0800", "level": "INFO", "logger": "etl_logger", "message": "Upload data to LarkSheet Finish", "service": "cc_reconcile", "stage": "lark", "status": "ok"}
{"timestamp": "2026-02-25T19:00:02+0800", "level": "INFO", "logger": "etl_logger", "message": "Start download reports...", "service": "cc_reconcile", "stage": "download", "status": "ok"}
{"timestamp": "2026-02-25T19:00:05+0800", "level": "INFO", "logger": "etl_logger", "message": "Payabl Login Success and Get Token Success", "service": "cc_reconcile", "stage": "download_payabl", "status": "ok"}
{"timestamp": "2026-02-25T19:00:05+0800", "level": "INFO", "logger": "etl_logger", "message": "Start downloading Payabl CC Report for date: 2026-02-24...", "service": "cc_reconcile", "stage": "download_payabl", "status": "ok"}
{"timestamp": "2026-02-25T19:00:34+0800", "level": "INFO", "logger": "etl_logger", "message": "Start downloading Payabl CC Report for date: 2026-02-25...", "service": "cc_reconcile", "stage": "download_payabl", "status": "ok"}
{"timestamp": "2026-02-25T19:00:46+0800", "level": "INFO", "logger": "etl_logger", "message": "Finish downloading Payabl CC Report", "service": "cc_reconcile", "stage": "download_payabl", "status": "ok"}
{"timestamp": "2026-02-25T19:00:46+0800", "level": "INFO", "logger": "etl_logger", "message": "Download Payabl CC Report Finish ，Total: 61998", "service": "cc_reconcile", "stage": "download", "status": "ok"}
{"timestamp": "2026-02-25T19:00:46+0800", "level": "INFO", "logger": "etl_logger", "message": "Login attempt 1/5", "service": "cc_reconcile", "stage": "download_davinci", "status": "ok"}
{"timestamp": "2026-02-25T19:00:47+0800", "level": "INFO", "logger": "etl_logger", "message": "Login response status=200, url=https://admin.vantagemarkets.com/admin/main, cookies=4", "service": "cc_reconcile", "stage": "download_davinci", "status": "ok"}
{"timestamp": "2026-02-25T19:00:47+0800", "level": "INFO", "logger": "etl_logger", "message": "Login successful", "service": "cc_reconcile", "stage": "download_davinci", "status": "ok"}
{"timestamp": "2026-02-25T19:00:47+0800", "level": "INFO", "logger": "etl_logger", "message": "Token obtained successfully", "service": "cc_reconcile", "stage": "download_davinci", "status": "ok"}
{"timestamp": "2026-02-25T19:00:47+0800", "level": "INFO", "logger": "etl_logger", "message": "Start downloading Davinci CC Report for brand: VFSC...", "service": "cc_reconcile", "stage": "download_davinci", "status": "ok"}
{"timestamp": "2026-02-25T19:01:06+0800", "level": "INFO", "logger": "etl_logger", "message": "POST success (VFSC 2026-02-22): cc_withdraw_detail_report_20260225110106.csv, took 18.4s", "service": "cc_reconcile", "stage": "download_davinci", "status": "ok"}
{"timestamp": "2026-02-25T19:01:07+0800", "level": "INFO", "logger": "etl_logger", "message": "Download success (VFSC 2026-02-22): cc_withdraw_detail_report_20260225110106.csv, took 1.5s", "service": "cc_reconcile", "stage": "download_davinci", "status": "ok"}
{"timestamp": "2026-02-25T19:01:25+0800", "level": "INFO", "logger": "etl_logger", "message": "POST success (VFSC 2026-02-23): cc_withdraw_detail_report_20260225110125.csv, took 18.0s", "service": "cc_reconcile", "stage": "download_davinci", "status": "ok"}
{"timestamp": "2026-02-25T19:01:27+0800", "level": "INFO", "logger": "etl_logger", "message": "Download success (VFSC 2026-02-23): cc_withdraw_detail_report_20260225110125.csv, took 1.8s", "service": "cc_reconcile", "stage": "download_davinci", "status": "ok"}
{"timestamp": "2026-02-25T19:01:45+0800", "level": "INFO", "logger": "etl_logger", "message": "POST success (VFSC 2026-02-24): cc_withdraw_detail_report_20260225110145.csv, took 17.7s", "service": "cc_reconcile", "stage": "download_davinci", "status": "ok"}
{"timestamp": "2026-02-25T19:01:47+0800", "level": "INFO", "logger": "etl_logger", "message": "Download success (VFSC 2026-02-24): cc_withdraw_detail_report_20260225110145.csv, took 2.2s", "service": "cc_reconcile", "stage": "download_davinci", "status": "ok"}
{"timestamp": "2026-02-25T19:02:04+0800", "level": "INFO", "logger": "etl_logger", "message": "POST success (VFSC 2026-02-25): cc_withdraw_detail_report_20260225110204.csv, took 16.8s", "service": "cc_reconcile", "stage": "download_davinci", "status": "ok"}
{"timestamp": "2026-02-25T19:02:06+0800", "level": "INFO", "logger": "etl_logger", "message": "Download success (VFSC 2026-02-25): cc_withdraw_detail_report_20260225110204.csv, took 1.9s", "service": "cc_reconcile", "stage": "download_davinci", "status": "ok"}
{"timestamp": "2026-02-25T19:02:06+0800", "level": "INFO", "logger": "etl_logger", "message": "Finish downloading Davinci CC - VFSC Report", "service": "cc_reconcile", "stage": "download_davinci", "status": "ok"}
{"timestamp": "2026-02-25T19:02:06+0800", "level": "INFO", "logger": "etl_logger", "message": "Start downloading Davinci CC Report for brand: VFSC2...", "service": "cc_reconcile", "stage": "download_davinci", "status": "ok"}
{"timestamp": "2026-02-25T19:02:53+0800", "level": "INFO", "logger": "etl_logger", "message": "POST success (VFSC2 2026-02-22): cc_withdraw_detail_report_20260225110253.csv, took 47.5s", "service": "cc_reconcile", "stage": "download_davinci", "status": "ok"}
{"timestamp": "2026-02-25T19:02:55+0800", "level": "INFO", "logger": "etl_logger", "message": "Download success (VFSC2 2026-02-22): cc_withdraw_detail_report_20260225110253.csv, took 2.3s", "service": "cc_reconcile", "stage": "download_davinci", "status": "ok"}
{"timestamp": "2026-02-25T19:03:45+0800", "level": "INFO", "logger": "etl_logger", "message": "POST success (VFSC2 2026-02-23): cc_withdraw_detail_report_20260225110345.csv, took 49.5s", "service": "cc_reconcile", "stage": "download_davinci", "status": "ok"}
{"timestamp": "2026-02-25T19:03:48+0800", "level": "INFO", "logger": "etl_logger", "message": "Download success (VFSC2 2026-02-23): cc_withdraw_detail_report_20260225110345.csv, took 3.0s", "service": "cc_reconcile", "stage": "download_davinci", "status": "ok"}
{"timestamp": "2026-02-25T19:04:38+0800", "level": "INFO", "logger": "etl_logger", "message": "POST success (VFSC2 2026-02-24): cc_withdraw_detail_report_20260225110438.csv, took 50.0s", "service": "cc_reconcile", "stage": "download_davinci", "status": "ok"}
{"timestamp": "2026-02-25T19:04:41+0800", "level": "INFO", "logger": "etl_logger", "message": "Download success (VFSC2 2026-02-24): cc_withdraw_detail_report_20260225110438.csv, took 2.9s", "service": "cc_reconcile", "stage": "download_davinci", "status": "ok"}
{"timestamp": "2026-02-25T19:05:29+0800", "level": "INFO", "logger": "etl_logger", "message": "POST success (VFSC2 2026-02-25): cc_withdraw_detail_report_20260225110529.csv, took 48.1s", "service": "cc_reconcile", "stage": "download_davinci", "status": "ok"}
{"timestamp": "2026-02-25T19:05:31+0800", "level": "INFO", "logger": "etl_logger", "message": "Download success (VFSC2 2026-02-25): cc_withdraw_detail_report_20260225110529.csv, took 2.0s", "service": "cc_reconcile", "stage": "download_davinci", "status": "ok"}
{"timestamp": "2026-02-25T19:05:31+0800", "level": "INFO", "logger": "etl_logger", "message": "Finish downloading Davinci CC - VFSC2 Report", "service": "cc_reconcile", "stage": "download_davinci", "status": "ok"}
{"timestamp": "2026-02-25T19:05:31+0800", "level": "INFO", "logger": "etl_logger", "message": "Finish downloading Davinci CC Report for all brands, total rows: 29995", "service": "cc_reconcile", "stage": "download_davinci", "status": "ok"}
{"timestamp": "2026-02-25T19:05:31+0800", "level": "INFO", "logger": "etl_logger", "message": "Download CRM CC Report Finish ，Total: 29995", "service": "cc_reconcile", "stage": "download", "status": "ok"}
{"timestamp": "2026-02-25T19:05:31+0800", "level": "INFO", "logger": "etl_logger", "message": "Start reconcile...", "service": "cc_reconcile", "stage": "reconcile", "status": "ok"}
{"timestamp": "2026-02-25T19:05:32+0800", "level": "INFO", "logger": "etl_logger", "message": "Reconcile Finish ，Total Mismatch Case: 0", "service": "cc_reconcile", "stage": "reconcile", "status": "ok"}
{"timestamp": "2026-02-25T19:05:32+0800", "level": "INFO", "logger": "etl_logger", "message": "Connect Lark Finish", "service": "cc_reconcile", "stage": "lark", "status": "ok"}
{"timestamp": "2026-02-25T19:05:32+0800", "level": "INFO", "logger": "etl_logger", "message": "Start query existing data in LarkSheet...", "service": "cc_reconcile", "stage": "lark", "status": "ok"}
{"timestamp": "2026-02-25T19:05:34+0800", "level": "INFO", "logger": "etl_logger", "message": "Query existing data in LarkSheet Finish", "service": "cc_reconcile", "stage": "lark", "status": "ok"}
{"timestamp": "2026-02-25T19:05:34+0800", "level": "INFO", "logger": "etl_logger", "message": "Total unique keys in LarkSheet: 56, Total new mismatch cases to upload: 0", "service": "cc_reconcile", "stage": "lark", "status": "ok"}
{"timestamp": "2026-02-25T19:05:34+0800", "level": "INFO", "logger": "etl_logger", "message": "Append data to LarkSheet with range: Kalw4Y!A2:L3, rows: 1, columns: 12", "service": "cc_reconcile", "stage": "lark", "status": "ok"}
{"timestamp": "2026-02-25T19:05:35+0800", "level": "INFO", "logger": "etl_logger", "message": "✅ Successfully appended data to LarkSheet", "service": "cc_reconcile", "stage": "lark", "status": "ok"}
{"timestamp": "2026-02-25T19:05:35+0800", "level": "INFO", "logger": "etl_logger", "message": "Upload data to LarkSheet Finish", "service": "cc_reconcile", "stage": "lark", "status": "ok"}
{"timestamp": "2026-02-25T20:00:01+0800", "level": "INFO", "logger": "etl_logger", "message": "Start download reports...", "service": "cc_reconcile", "stage": "download", "status": "ok"}
{"timestamp": "2026-02-25T20:00:04+0800", "level": "INFO", "logger": "etl_logger", "message": "Payabl Login Success and Get Token Success", "service": "cc_reconcile", "stage": "download_payabl", "status": "ok"}
{"timestamp": "2026-02-25T20:00:04+0800", "level": "INFO", "logger": "etl_logger", "message": "Start downloading Payabl CC Report for date: 2026-02-24...", "service": "cc_reconcile", "stage": "download_payabl", "status": "ok"}
{"timestamp": "2026-02-25T20:00:47+0800", "level": "INFO", "logger": "etl_logger", "message": "Start downloading Payabl CC Report for date: 2026-02-25...", "service": "cc_reconcile", "stage": "download_payabl", "status": "ok"}
{"timestamp": "2026-02-25T20:01:03+0800", "level": "INFO", "logger": "etl_logger", "message": "Finish downloading Payabl CC Report", "service": "cc_reconcile", "stage": "download_payabl", "status": "ok"}
{"timestamp": "2026-02-25T20:01:03+0800", "level": "INFO", "logger": "etl_logger", "message": "Download Payabl CC Report Finish ，Total: 64619", "service": "cc_reconcile", "stage": "download", "status": "ok"}
{"timestamp": "2026-02-25T20:01:03+0800", "level": "INFO", "logger": "etl_logger", "message": "Login attempt 1/5", "service": "cc_reconcile", "stage": "download_davinci", "status": "ok"}
{"timestamp": "2026-02-25T20:01:04+0800", "level": "INFO", "logger": "etl_logger", "message": "Login response status=200, url=https://admin.vantagemarkets.com/admin/main, cookies=4", "service": "cc_reconcile", "stage": "download_davinci", "status": "ok"}
{"timestamp": "2026-02-25T20:01:04+0800", "level": "INFO", "logger": "etl_logger", "message": "Login successful", "service": "cc_reconcile", "stage": "download_davinci", "status": "ok"}
{"timestamp": "2026-02-25T20:01:04+0800", "level": "INFO", "logger": "etl_logger", "message": "Token obtained successfully", "service": "cc_reconcile", "stage": "download_davinci", "status": "ok"}
{"timestamp": "2026-02-25T20:01:04+0800", "level": "INFO", "logger": "etl_logger", "message": "Start downloading Davinci CC Report for brand: VFSC...", "service": "cc_reconcile", "stage": "download_davinci", "status": "ok"}
{"timestamp": "2026-02-25T20:01:23+0800", "level": "INFO", "logger": "etl_logger", "message": "POST success (VFSC 2026-02-22): cc_withdraw_detail_report_20260225120123.csv, took 18.2s", "service": "cc_reconcile", "stage": "download_davinci", "status": "ok"}
{"timestamp": "2026-02-25T20:01:24+0800", "level": "INFO", "logger": "etl_logger", "message": "Download success (VFSC 2026-02-22): cc_withdraw_detail_report_20260225120123.csv, took 1.5s", "service": "cc_reconcile", "stage": "download_davinci", "status": "ok"}
{"timestamp": "2026-02-25T20:01:43+0800", "level": "INFO", "logger": "etl_logger", "message": "POST success (VFSC 2026-02-23): cc_withdraw_detail_report_20260225120143.csv, took 18.4s", "service": "cc_reconcile", "stage": "download_davinci", "status": "ok"}
{"timestamp": "2026-02-25T20:01:44+0800", "level": "INFO", "logger": "etl_logger", "message": "Download success (VFSC 2026-02-23): cc_withdraw_detail_report_20260225120143.csv, took 1.8s", "service": "cc_reconcile", "stage": "download_davinci", "status": "ok"}
{"timestamp": "2026-02-25T20:02:02+0800", "level": "INFO", "logger": "etl_logger", "message": "POST success (VFSC 2026-02-24): cc_withdraw_detail_report_20260225120202.csv, took 18.1s", "service": "cc_reconcile", "stage": "download_davinci", "status": "ok"}
{"timestamp": "2026-02-25T20:02:05+0800", "level": "INFO", "logger": "etl_logger", "message": "Download success (VFSC 2026-02-24): cc_withdraw_detail_report_20260225120202.csv, took 2.3s", "service": "cc_reconcile", "stage": "download_davinci", "status": "ok"}
{"timestamp": "2026-02-25T20:02:23+0800", "level": "INFO", "logger": "etl_logger", "message": "POST success (VFSC 2026-02-25): cc_withdraw_detail_report_20260225120223.csv, took 18.2s", "service": "cc_reconcile", "stage": "download_davinci", "status": "ok"}
{"timestamp": "2026-02-25T20:02:25+0800", "level": "INFO", "logger": "etl_logger", "message": "Download success (VFSC 2026-02-25): cc_withdraw_detail_report_20260225120223.csv, took 1.9s", "service": "cc_reconcile", "stage": "download_davinci", "status": "ok"}
{"timestamp": "2026-02-25T20:02:25+0800", "level": "INFO", "logger": "etl_logger", "message": "Finish downloading Davinci CC - VFSC Report", "service": "cc_reconcile", "stage": "download_davinci", "status": "ok"}
{"timestamp": "2026-02-25T20:02:25+0800", "level": "INFO", "logger": "etl_logger", "message": "Start downloading Davinci CC Report for brand: VFSC2...", "service": "cc_reconcile", "stage": "download_davinci", "status": "ok"}
{"timestamp": "2026-02-25T20:03:14+0800", "level": "INFO", "logger": "etl_logger", "message": "POST success (VFSC2 2026-02-22): cc_withdraw_detail_report_20260225120314.csv, took 49.1s", "service": "cc_reconcile", "stage": "download_davinci", "status": "ok"}
{"timestamp": "2026-02-25T20:03:16+0800", "level": "INFO", "logger": "etl_logger", "message": "Download success (VFSC2 2026-02-22): cc_withdraw_detail_report_20260225120314.csv, took 2.3s", "service": "cc_reconcile", "stage": "download_davinci", "status": "ok"}
{"timestamp": "2026-02-25T20:04:08+0800", "level": "INFO", "logger": "etl_logger", "message": "POST success (VFSC2 2026-02-23): cc_withdraw_detail_report_20260225120408.csv, took 51.5s", "service": "cc_reconcile", "stage": "download_davinci", "status": "ok"}
{"timestamp": "2026-02-25T20:04:54+0800", "level": "INFO", "logger": "etl_logger", "message": "Download success (VFSC2 2026-02-23): cc_withdraw_detail_report_20260225120408.csv, took 46.1s", "service": "cc_reconcile", "stage": "download_davinci", "status": "ok"}
{"timestamp": "2026-02-25T20:05:47+0800", "level": "INFO", "logger": "etl_logger", "message": "POST success (VFSC2 2026-02-24): cc_withdraw_detail_report_20260225120547.csv, took 53.4s", "service": "cc_reconcile", "stage": "download_davinci", "status": "ok"}
{"timestamp": "2026-02-25T20:05:50+0800", "level": "INFO", "logger": "etl_logger", "message": "Download success (VFSC2 2026-02-24): cc_withdraw_detail_report_20260225120547.csv, took 2.9s", "service": "cc_reconcile", "stage": "download_davinci", "status": "ok"}
{"timestamp": "2026-02-25T20:06:38+0800", "level": "INFO", "logger": "etl_logger", "message": "POST success (VFSC2 2026-02-25): cc_withdraw_detail_report_20260225120638.csv, took 48.3s", "service": "cc_reconcile", "stage": "download_davinci", "status": "ok"}
{"timestamp": "2026-02-25T20:06:41+0800", "level": "INFO", "logger": "etl_logger", "message": "Download success (VFSC2 2026-02-25): cc_withdraw_detail_report_20260225120638.csv, took 2.5s", "service": "cc_reconcile", "stage": "download_davinci", "status": "ok"}
{"timestamp": "2026-02-25T20:06:41+0800", "level": "INFO", "logger": "etl_logger", "message": "Finish downloading Davinci CC - VFSC2 Report", "service": "cc_reconcile", "stage": "download_davinci", "status": "ok"}
{"timestamp": "2026-02-25T20:06:41+0800", "level": "INFO", "logger": "etl_logger", "message": "Finish downloading Davinci CC Report for all brands, total rows: 30495", "service": "cc_reconcile", "stage": "download_davinci", "status": "ok"}
{"timestamp": "2026-02-25T20:06:41+0800", "level": "INFO", "logger": "etl_logger", "message": "Download CRM CC Report Finish ，Total: 30495", "service": "cc_reconcile", "stage": "download", "status": "ok"}
{"timestamp": "2026-02-25T20:06:41+0800", "level": "INFO", "logger": "etl_logger", "message": "Start reconcile...", "service": "cc_reconcile", "stage": "reconcile", "status": "ok"}
{"timestamp": "2026-02-25T20:06:41+0800", "level": "INFO", "logger": "etl_logger", "message": "Reconcile Finish ，Total Mismatch Case: 0", "service": "cc_reconcile", "stage": "reconcile", "status": "ok"}
{"timestamp": "2026-02-25T20:06:42+0800", "level": "INFO", "logger": "etl_logger", "message": "Connect Lark Finish", "service": "cc_reconcile", "stage": "lark", "status": "ok"}
{"timestamp": "2026-02-25T20:06:42+0800", "level": "INFO", "logger": "etl_logger", "message": "Start query existing data in LarkSheet...", "service": "cc_reconcile", "stage": "lark", "status": "ok"}
{"timestamp": "2026-02-25T20:06:43+0800", "level": "INFO", "logger": "etl_logger", "message": "Query existing data in LarkSheet Finish", "service": "cc_reconcile", "stage": "lark", "status": "ok"}
{"timestamp": "2026-02-25T20:06:43+0800", "level": "INFO", "logger": "etl_logger", "message": "Total unique keys in LarkSheet: 56, Total new mismatch cases to upload: 0", "service": "cc_reconcile", "stage": "lark", "status": "ok"}
{"timestamp": "2026-02-25T20:06:43+0800", "level": "INFO", "logger": "etl_logger", "message": "Append data to LarkSheet with range: Kalw4Y!A2:L3, rows: 1, columns: 12", "service": "cc_reconcile", "stage": "lark", "status": "ok"}
{"timestamp": "2026-02-25T20:06:43+0800", "level": "INFO", "logger": "etl_logger", "message": "✅ Successfully appended data to LarkSheet", "service": "cc_reconcile", "stage": "lark", "status": "ok"}
{"timestamp": "2026-02-25T20:06:45+0800", "level": "INFO", "logger": "etl_logger", "message": "Upload data to LarkSheet Finish", "service": "cc_reconcile", "stage": "lark", "status": "ok"}
{"timestamp": "2026-02-25T21:00:01+0800", "level": "INFO", "logger": "etl_logger", "message": "Start download reports...", "service": "cc_reconcile", "stage": "download", "status": "ok"}
{"timestamp": "2026-02-25T21:00:05+0800", "level": "INFO", "logger": "etl_logger", "message": "Payabl Login Success and Get Token Success", "service": "cc_reconcile", "stage": "download_payabl", "status": "ok"}
{"timestamp": "2026-02-25T21:00:05+0800", "level": "INFO", "logger": "etl_logger", "message": "Start downloading Payabl CC Report for date: 2026-02-24...", "service": "cc_reconcile", "stage": "download_payabl", "status": "ok"}
{"timestamp": "2026-02-25T21:00:36+0800", "level": "INFO", "logger": "etl_logger", "message": "Start downloading Payabl CC Report for date: 2026-02-25...", "service": "cc_reconcile", "stage": "download_payabl", "status": "ok"}
{"timestamp": "2026-02-25T21:00:51+0800", "level": "INFO", "logger": "etl_logger", "message": "Finish downloading Payabl CC Report", "service": "cc_reconcile", "stage": "download_payabl", "status": "ok"}
{"timestamp": "2026-02-25T21:00:51+0800", "level": "INFO", "logger": "etl_logger", "message": "Download Payabl CC Report Finish ，Total: 66377", "service": "cc_reconcile", "stage": "download", "status": "ok"}
{"timestamp": "2026-02-25T21:00:51+0800", "level": "INFO", "logger": "etl_logger", "message": "Login attempt 1/5", "service": "cc_reconcile", "stage": "download_davinci", "status": "ok"}
{"timestamp": "2026-02-25T21:00:52+0800", "level": "INFO", "logger": "etl_logger", "message": "Login response status=200, url=https://admin.vantagemarkets.com/admin/main, cookies=4", "service": "cc_reconcile", "stage": "download_davinci", "status": "ok"}
{"timestamp": "2026-02-25T21:00:52+0800", "level": "INFO", "logger": "etl_logger", "message": "Login successful", "service": "cc_reconcile", "stage": "download_davinci", "status": "ok"}
{"timestamp": "2026-02-25T21:00:52+0800", "level": "INFO", "logger": "etl_logger", "message": "Token obtained successfully", "service": "cc_reconcile", "stage": "download_davinci", "status": "ok"}
{"timestamp": "2026-02-25T21:00:52+0800", "level": "INFO", "logger": "etl_logger", "message": "Start downloading Davinci CC Report for brand: VFSC...", "service": "cc_reconcile", "stage": "download_davinci", "status": "ok"}
{"timestamp": "2026-02-25T21:01:10+0800", "level": "INFO", "logger": "etl_logger", "message": "POST success (VFSC 2026-02-22): cc_withdraw_detail_report_20260225130110.csv, took 17.8s", "service": "cc_reconcile", "stage": "download_davinci", "status": "ok"}
{"timestamp": "2026-02-25T21:01:11+0800", "level": "INFO", "logger": "etl_logger", "message": "Download success (VFSC 2026-02-22): cc_withdraw_detail_report_20260225130110.csv, took 1.5s", "service": "cc_reconcile", "stage": "download_davinci", "status": "ok"}
{"timestamp": "2026-02-25T21:01:29+0800", "level": "INFO", "logger": "etl_logger", "message": "POST success (VFSC 2026-02-23): cc_withdraw_detail_report_20260225130129.csv, took 17.1s", "service": "cc_reconcile", "stage": "download_davinci", "status": "ok"}
{"timestamp": "2026-02-25T21:01:31+0800", "level": "INFO", "logger": "etl_logger", "message": "Download success (VFSC 2026-02-23): cc_withdraw_detail_report_20260225130129.csv, took 2.3s", "service": "cc_reconcile", "stage": "download_davinci", "status": "ok"}
{"timestamp": "2026-02-25T21:01:48+0800", "level": "INFO", "logger": "etl_logger", "message": "POST success (VFSC 2026-02-24): cc_withdraw_detail_report_20260225130148.csv, took 17.4s", "service": "cc_reconcile", "stage": "download_davinci", "status": "ok"}
{"timestamp": "2026-02-25T21:01:51+0800", "level": "INFO", "logger": "etl_logger", "message": "Download success (VFSC 2026-02-24): cc_withdraw_detail_report_20260225130148.csv, took 2.3s", "service": "cc_reconcile", "stage": "download_davinci", "status": "ok"}
{"timestamp": "2026-02-25T21:02:09+0800", "level": "INFO", "logger": "etl_logger", "message": "POST success (VFSC 2026-02-25): cc_withdraw_detail_report_20260225130209.csv, took 18.0s", "service": "cc_reconcile", "stage": "download_davinci", "status": "ok"}
{"timestamp": "2026-02-25T21:02:10+0800", "level": "INFO", "logger": "etl_logger", "message": "Download success (VFSC 2026-02-25): cc_withdraw_detail_report_20260225130209.csv, took 1.6s", "service": "cc_reconcile", "stage": "download_davinci", "status": "ok"}
{"timestamp": "2026-02-25T21:02:10+0800", "level": "INFO", "logger": "etl_logger", "message": "Finish downloading Davinci CC - VFSC Report", "service": "cc_reconcile", "stage": "download_davinci", "status": "ok"}
{"timestamp": "2026-02-25T21:02:10+0800", "level": "INFO", "logger": "etl_logger", "message": "Start downloading Davinci CC Report for brand: VFSC2...", "service": "cc_reconcile", "stage": "download_davinci", "status": "ok"}
{"timestamp": "2026-02-25T21:02:59+0800", "level": "INFO", "logger": "etl_logger", "message": "POST success (VFSC2 2026-02-22): cc_withdraw_detail_report_20260225130259.csv, took 48.9s", "service": "cc_reconcile", "stage": "download_davinci", "status": "ok"}
{"timestamp": "2026-02-25T21:03:01+0800", "level": "INFO", "logger": "etl_logger", "message": "Download success (VFSC2 2026-02-22): cc_withdraw_detail_report_20260225130259.csv, took 2.3s", "service": "cc_reconcile", "stage": "download_davinci", "status": "ok"}
{"timestamp": "2026-02-25T21:03:54+0800", "level": "INFO", "logger": "etl_logger", "message": "POST success (VFSC2 2026-02-23): cc_withdraw_detail_report_20260225130353.csv, took 52.2s", "service": "cc_reconcile", "stage": "download_davinci", "status": "ok"}
{"timestamp": "2026-02-25T21:04:03+0800", "level": "INFO", "logger": "etl_logger", "message": "Download success (VFSC2 2026-02-23): cc_withdraw_detail_report_20260225130353.csv, took 9.9s", "service": "cc_reconcile", "stage": "download_davinci", "status": "ok"}
{"timestamp": "2026-02-25T21:04:55+0800", "level": "INFO", "logger": "etl_logger", "message": "POST success (VFSC2 2026-02-24): cc_withdraw_detail_report_20260225130455.csv, took 51.8s", "service": "cc_reconcile", "stage": "download_davinci", "status": "ok"}
{"timestamp": "2026-02-25T21:04:58+0800", "level": "INFO", "logger": "etl_logger", "message": "Download success (VFSC2 2026-02-24): cc_withdraw_detail_report_20260225130455.csv, took 2.4s", "service": "cc_reconcile", "stage": "download_davinci", "status": "ok"}
{"timestamp": "2026-02-25T21:05:48+0800", "level": "INFO", "logger": "etl_logger", "message": "POST success (VFSC2 2026-02-25): cc_withdraw_detail_report_20260225130548.csv, took 50.8s", "service": "cc_reconcile", "stage": "download_davinci", "status": "ok"}
{"timestamp": "2026-02-25T21:05:51+0800", "level": "INFO", "logger": "etl_logger", "message": "Download success (VFSC2 2026-02-25): cc_withdraw_detail_report_20260225130548.csv, took 2.9s", "service": "cc_reconcile", "stage": "download_davinci", "status": "ok"}
{"timestamp": "2026-02-25T21:05:52+0800", "level": "INFO", "logger": "etl_logger", "message": "Finish downloading Davinci CC - VFSC2 Report", "service": "cc_reconcile", "stage": "download_davinci", "status": "ok"}
{"timestamp": "2026-02-25T21:05:52+0800", "level": "INFO", "logger": "etl_logger", "message": "Finish downloading Davinci CC Report for all brands, total rows: 30927", "service": "cc_reconcile", "stage": "download_davinci", "status": "ok"}
{"timestamp": "2026-02-25T21:05:52+0800", "level": "INFO", "logger": "etl_logger", "message": "Download CRM CC Report Finish ，Total: 30927", "service": "cc_reconcile", "stage": "download", "status": "ok"}
{"timestamp": "2026-02-25T21:05:52+0800", "level": "INFO", "logger": "etl_logger", "message": "Start reconcile...", "service": "cc_reconcile", "stage": "reconcile", "status": "ok"}
{"timestamp": "2026-02-25T21:05:52+0800", "level": "INFO", "logger": "etl_logger", "message": "Reconcile Finish ，Total Mismatch Case: 0", "service": "cc_reconcile", "stage": "reconcile", "status": "ok"}
{"timestamp": "2026-02-25T21:05:53+0800", "level": "INFO", "logger": "etl_logger", "message": "Connect Lark Finish", "service": "cc_reconcile", "stage": "lark", "status": "ok"}
{"timestamp": "2026-02-25T21:05:53+0800", "level": "INFO", "logger": "etl_logger", "message": "Start query existing data in LarkSheet...", "service": "cc_reconcile", "stage": "lark", "status": "ok"}
{"timestamp": "2026-02-25T21:05:54+0800", "level": "INFO", "logger": "etl_logger", "message": "Query existing data in LarkSheet Finish", "service": "cc_reconcile", "stage": "lark", "status": "ok"}
{"timestamp": "2026-02-25T21:05:54+0800", "level": "INFO", "logger": "etl_logger", "message": "Total unique keys in LarkSheet: 56, Total new mismatch cases to upload: 0", "service": "cc_reconcile", "stage": "lark", "status": "ok"}
{"timestamp": "2026-02-25T21:05:54+0800", "level": "INFO", "logger": "etl_logger", "message": "Append data to LarkSheet with range: Kalw4Y!A2:L3, rows: 1, columns: 12", "service": "cc_reconcile", "stage": "lark", "status": "ok"}
{"timestamp": "2026-02-25T21:05:54+0800", "level": "INFO", "logger": "etl_logger", "message": "✅ Successfully appended data to LarkSheet", "service": "cc_reconcile", "stage": "lark", "status": "ok"}
{"timestamp": "2026-02-25T21:05:56+0800", "level": "INFO", "logger": "etl_logger", "message": "Upload data to LarkSheet Finish", "service": "cc_reconcile", "stage": "lark", "status": "ok"}
{"timestamp": "2026-02-25T22:00:01+0800", "level": "INFO", "logger": "etl_logger", "message": "Start download reports...", "service": "cc_reconcile", "stage": "download", "status": "ok"}
{"timestamp": "2026-02-25T22:00:04+0800", "level": "INFO", "logger": "etl_logger", "message": "Payabl Login Success and Get Token Success", "service": "cc_reconcile", "stage": "download_payabl", "status": "ok"}
{"timestamp": "2026-02-25T22:00:04+0800", "level": "INFO", "logger": "etl_logger", "message": "Start downloading Payabl CC Report for date: 2026-02-24...", "service": "cc_reconcile", "stage": "download_payabl", "status": "ok"}
{"timestamp": "2026-02-25T22:00:34+0800", "level": "INFO", "logger": "etl_logger", "message": "Start downloading Payabl CC Report for date: 2026-02-25...", "service": "cc_reconcile", "stage": "download_payabl", "status": "ok"}
{"timestamp": "2026-02-25T22:00:48+0800", "level": "INFO", "logger": "etl_logger", "message": "Finish downloading Payabl CC Report", "service": "cc_reconcile", "stage": "download_payabl", "status": "ok"}
{"timestamp": "2026-02-25T22:00:48+0800", "level": "INFO", "logger": "etl_logger", "message": "Download Payabl CC Report Finish ，Total: 68206", "service": "cc_reconcile", "stage": "download", "status": "ok"}
{"timestamp": "2026-02-25T22:00:48+0800", "level": "INFO", "logger": "etl_logger", "message": "Login attempt 1/5", "service": "cc_reconcile", "stage": "download_davinci", "status": "ok"}
{"timestamp": "2026-02-25T22:00:49+0800", "level": "INFO", "logger": "etl_logger", "message": "Login response status=200, url=https://admin.vantagemarkets.com/admin/main, cookies=4", "service": "cc_reconcile", "stage": "download_davinci", "status": "ok"}
{"timestamp": "2026-02-25T22:00:49+0800", "level": "INFO", "logger": "etl_logger", "message": "Login successful", "service": "cc_reconcile", "stage": "download_davinci", "status": "ok"}
{"timestamp": "2026-02-25T22:00:50+0800", "level": "INFO", "logger": "etl_logger", "message": "Token obtained successfully", "service": "cc_reconcile", "stage": "download_davinci", "status": "ok"}
{"timestamp": "2026-02-25T22:00:50+0800", "level": "INFO", "logger": "etl_logger", "message": "Start downloading Davinci CC Report for brand: VFSC...", "service": "cc_reconcile", "stage": "download_davinci", "status": "ok"}
{"timestamp": "2026-02-25T22:01:08+0800", "level": "INFO", "logger": "etl_logger", "message": "POST success (VFSC 2026-02-22): cc_withdraw_detail_report_20260225140108.csv, took 18.7s", "service": "cc_reconcile", "stage": "download_davinci", "status": "ok"}
{"timestamp": "2026-02-25T22:01:10+0800", "level": "INFO", "logger": "etl_logger", "message": "Download success (VFSC 2026-02-22): cc_withdraw_detail_report_20260225140108.csv, took 1.2s", "service": "cc_reconcile", "stage": "download_davinci", "status": "ok"}
{"timestamp": "2026-02-25T22:01:28+0800", "level": "INFO", "logger": "etl_logger", "message": "POST success (VFSC 2026-02-23): cc_withdraw_detail_report_20260225140128.csv, took 18.1s", "service": "cc_reconcile", "stage": "download_davinci", "status": "ok"}
{"timestamp": "2026-02-25T22:01:32+0800", "level": "INFO", "logger": "etl_logger", "message": "Download success (VFSC 2026-02-23): cc_withdraw_detail_report_20260225140128.csv, took 4.2s", "service": "cc_reconcile", "stage": "download_davinci", "status": "ok"}
{"timestamp": "2026-02-25T22:01:50+0800", "level": "INFO", "logger": "etl_logger", "message": "POST success (VFSC 2026-02-24): cc_withdraw_detail_report_20260225140150.csv, took 18.0s", "service": "cc_reconcile", "stage": "download_davinci", "status": "ok"}
{"timestamp": "2026-02-25T22:01:55+0800", "level": "INFO", "logger": "etl_logger", "message": "Download success (VFSC 2026-02-24): cc_withdraw_detail_report_20260225140150.csv, took 5.4s", "service": "cc_reconcile", "stage": "download_davinci", "status": "ok"}
{"timestamp": "2026-02-25T22:02:13+0800", "level": "INFO", "logger": "etl_logger", "message": "POST success (VFSC 2026-02-25): cc_withdraw_detail_report_20260225140213.csv, took 18.0s", "service": "cc_reconcile", "stage": "download_davinci", "status": "ok"}
{"timestamp": "2026-02-25T22:02:20+0800", "level": "INFO", "logger": "etl_logger", "message": "Download success (VFSC 2026-02-25): cc_withdraw_detail_report_20260225140213.csv, took 7.1s", "service": "cc_reconcile", "stage": "download_davinci", "status": "ok"}
{"timestamp": "2026-02-25T22:02:21+0800", "level": "INFO", "logger": "etl_logger", "message": "Finish downloading Davinci CC - VFSC Report", "service": "cc_reconcile", "stage": "download_davinci", "status": "ok"}
{"timestamp": "2026-02-25T22:02:21+0800", "level": "INFO", "logger": "etl_logger", "message": "Start downloading Davinci CC Report for brand: VFSC2...", "service": "cc_reconcile", "stage": "download_davinci", "status": "ok"}
{"timestamp": "2026-02-25T22:03:10+0800", "level": "INFO", "logger": "etl_logger", "message": "POST success (VFSC2 2026-02-22): cc_withdraw_detail_report_20260225140310.csv, took 49.1s", "service": "cc_reconcile", "stage": "download_davinci", "status": "ok"}
{"timestamp": "2026-02-25T22:03:14+0800", "level": "INFO", "logger": "etl_logger", "message": "Download success (VFSC2 2026-02-22): cc_withdraw_detail_report_20260225140310.csv, took 4.4s", "service": "cc_reconcile", "stage": "download_davinci", "status": "ok"}
{"timestamp": "2026-02-25T22:04:08+0800", "level": "INFO", "logger": "etl_logger", "message": "POST success (VFSC2 2026-02-23): cc_withdraw_detail_report_20260225140408.csv, took 54.3s", "service": "cc_reconcile", "stage": "download_davinci", "status": "ok"}
{"timestamp": "2026-02-25T22:04:18+0800", "level": "INFO", "logger": "etl_logger", "message": "Download success (VFSC2 2026-02-23): cc_withdraw_detail_report_20260225140408.csv, took 10.1s", "service": "cc_reconcile", "stage": "download_davinci", "status": "ok"}
{"timestamp": "2026-02-25T22:05:09+0800", "level": "INFO", "logger": "etl_logger", "message": "POST success (VFSC2 2026-02-24): cc_withdraw_detail_report_20260225140509.csv, took 50.6s", "service": "cc_reconcile", "stage": "download_davinci", "status": "ok"}
{"timestamp": "2026-02-25T22:05:17+0800", "level": "INFO", "logger": "etl_logger", "message": "Download success (VFSC2 2026-02-24): cc_withdraw_detail_report_20260225140509.csv, took 7.6s", "service": "cc_reconcile", "stage": "download_davinci", "status": "ok"}
{"timestamp": "2026-02-25T22:06:06+0800", "level": "INFO", "logger": "etl_logger", "message": "POST success (VFSC2 2026-02-25): cc_withdraw_detail_report_20260225140605.csv, took 49.0s", "service": "cc_reconcile", "stage": "download_davinci", "status": "ok"}
{"timestamp": "2026-02-25T22:06:08+0800", "level": "INFO", "logger": "etl_logger", "message": "Download success (VFSC2 2026-02-25): cc_withdraw_detail_report_20260225140605.csv, took 2.1s", "service": "cc_reconcile", "stage": "download_davinci", "status": "ok"}
{"timestamp": "2026-02-25T22:06:08+0800", "level": "INFO", "logger": "etl_logger", "message": "Finish downloading Davinci CC - VFSC2 Report", "service": "cc_reconcile", "stage": "download_davinci", "status": "ok"}
{"timestamp": "2026-02-25T22:06:08+0800", "level": "INFO", "logger": "etl_logger", "message": "Finish downloading Davinci CC Report for all brands, total rows: 31458", "service": "cc_reconcile", "stage": "download_davinci", "status": "ok"}
{"timestamp": "2026-02-25T22:06:08+0800", "level": "INFO", "logger": "etl_logger", "message": "Download CRM CC Report Finish ，Total: 31458", "service": "cc_reconcile", "stage": "download", "status": "ok"}
{"timestamp": "2026-02-25T22:06:08+0800", "level": "INFO", "logger": "etl_logger", "message": "Start reconcile...", "service": "cc_reconcile", "stage": "reconcile", "status": "ok"}
{"timestamp": "2026-02-25T22:06:08+0800", "level": "INFO", "logger": "etl_logger", "message": "Reconcile Finish ，Total Mismatch Case: 0", "service": "cc_reconcile", "stage": "reconcile", "status": "ok"}
{"timestamp": "2026-02-25T22:06:09+0800", "level": "INFO", "logger": "etl_logger", "message": "Connect Lark Finish", "service": "cc_reconcile", "stage": "lark", "status": "ok"}
{"timestamp": "2026-02-25T22:06:09+0800", "level": "INFO", "logger": "etl_logger", "message": "Start query existing data in LarkSheet...", "service": "cc_reconcile", "stage": "lark", "status": "ok"}
{"timestamp": "2026-02-25T22:06:10+0800", "level": "INFO", "logger": "etl_logger", "message": "Query existing data in LarkSheet Finish", "service": "cc_reconcile", "stage": "lark", "status": "ok"}
{"timestamp": "2026-02-25T22:06:10+0800", "level": "INFO", "logger": "etl_logger", "message": "Total unique keys in LarkSheet: 56, Total new mismatch cases to upload: 0", "service": "cc_reconcile", "stage": "lark", "status": "ok"}
{"timestamp": "2026-02-25T22:06:10+0800", "level": "INFO", "logger": "etl_logger", "message": "Append data to LarkSheet with range: Kalw4Y!A2:L3, rows: 1, columns: 12", "service": "cc_reconcile", "stage": "lark", "status": "ok"}
{"timestamp": "2026-02-25T22:06:10+0800", "level": "INFO", "logger": "etl_logger", "message": "✅ Successfully appended data to LarkSheet", "service": "cc_reconcile", "stage": "lark", "status": "ok"}
{"timestamp": "2026-02-25T22:06:12+0800", "level": "INFO", "logger": "etl_logger", "message": "Upload data to LarkSheet Finish", "service": "cc_reconcile", "stage": "lark", "status": "ok"}
{"timestamp": "2026-02-25T23:00:01+0800", "level": "INFO", "logger": "etl_logger", "message": "Start download reports...", "service": "cc_reconcile", "stage": "download", "status": "ok"}
{"timestamp": "2026-02-25T23:00:05+0800", "level": "INFO", "logger": "etl_logger", "message": "Payabl Login Success and Get Token Success", "service": "cc_reconcile", "stage": "download_payabl", "status": "ok"}
{"timestamp": "2026-02-25T23:00:05+0800", "level": "INFO", "logger": "etl_logger", "message": "Start downloading Payabl CC Report for date: 2026-02-24...", "service": "cc_reconcile", "stage": "download_payabl", "status": "ok"}
{"timestamp": "2026-02-25T23:00:36+0800", "level": "INFO", "logger": "etl_logger", "message": "Start downloading Payabl CC Report for date: 2026-02-25...", "service": "cc_reconcile", "stage": "download_payabl", "status": "ok"}
{"timestamp": "2026-02-25T23:00:52+0800", "level": "INFO", "logger": "etl_logger", "message": "Finish downloading Payabl CC Report", "service": "cc_reconcile", "stage": "download_payabl", "status": "ok"}
{"timestamp": "2026-02-25T23:00:52+0800", "level": "INFO", "logger": "etl_logger", "message": "Download Payabl CC Report Finish ，Total: 71308", "service": "cc_reconcile", "stage": "download", "status": "ok"}
{"timestamp": "2026-02-25T23:00:52+0800", "level": "INFO", "logger": "etl_logger", "message": "Login attempt 1/5", "service": "cc_reconcile", "stage": "download_davinci", "status": "ok"}
{"timestamp": "2026-02-25T23:00:54+0800", "level": "INFO", "logger": "etl_logger", "message": "Login response status=200, url=https://admin.vantagemarkets.com/admin/main, cookies=4", "service": "cc_reconcile", "stage": "download_davinci", "status": "ok"}
{"timestamp": "2026-02-25T23:00:54+0800", "level": "INFO", "logger": "etl_logger", "message": "Login successful", "service": "cc_reconcile", "stage": "download_davinci", "status": "ok"}
{"timestamp": "2026-02-25T23:00:54+0800", "level": "INFO", "logger": "etl_logger", "message": "Token obtained successfully", "service": "cc_reconcile", "stage": "download_davinci", "status": "ok"}
{"timestamp": "2026-02-25T23:00:54+0800", "level": "INFO", "logger": "etl_logger", "message": "Start downloading Davinci CC Report for brand: VFSC...", "service": "cc_reconcile", "stage": "download_davinci", "status": "ok"}
{"timestamp": "2026-02-25T23:01:12+0800", "level": "INFO", "logger": "etl_logger", "message": "POST success (VFSC 2026-02-22): cc_withdraw_detail_report_20260225150112.csv, took 18.0s", "service": "cc_reconcile", "stage": "download_davinci", "status": "ok"}
{"timestamp": "2026-02-25T23:01:15+0800", "level": "INFO", "logger": "etl_logger", "message": "Download success (VFSC 2026-02-22): cc_withdraw_detail_report_20260225150112.csv, took 2.9s", "service": "cc_reconcile", "stage": "download_davinci", "status": "ok"}
{"timestamp": "2026-02-25T23:01:33+0800", "level": "INFO", "logger": "etl_logger", "message": "POST success (VFSC 2026-02-23): cc_withdraw_detail_report_20260225150133.csv, took 18.0s", "service": "cc_reconcile", "stage": "download_davinci", "status": "ok"}
{"timestamp": "2026-02-25T23:01:39+0800", "level": "INFO", "logger": "etl_logger", "message": "Download success (VFSC 2026-02-23): cc_withdraw_detail_report_20260225150133.csv, took 6.2s", "service": "cc_reconcile", "stage": "download_davinci", "status": "ok"}
{"timestamp": "2026-02-25T23:01:57+0800", "level": "INFO", "logger": "etl_logger", "message": "POST success (VFSC 2026-02-24): cc_withdraw_detail_report_20260225150157.csv, took 17.8s", "service": "cc_reconcile", "stage": "download_davinci", "status": "ok"}
{"timestamp": "2026-02-25T23:01:59+0800", "level": "INFO", "logger": "etl_logger", "message": "Download success (VFSC 2026-02-24): cc_withdraw_detail_report_20260225150157.csv, took 2.3s", "service": "cc_reconcile", "stage": "download_davinci", "status": "ok"}
{"timestamp": "2026-02-25T23:02:17+0800", "level": "INFO", "logger": "etl_logger", "message": "POST success (VFSC 2026-02-25): cc_withdraw_detail_report_20260225150217.csv, took 17.8s", "service": "cc_reconcile", "stage": "download_davinci", "status": "ok"}
{"timestamp": "2026-02-25T23:02:19+0800", "level": "INFO", "logger": "etl_logger", "message": "Download success (VFSC 2026-02-25): cc_withdraw_detail_report_20260225150217.csv, took 1.6s", "service": "cc_reconcile", "stage": "download_davinci", "status": "ok"}
{"timestamp": "2026-02-25T23:02:19+0800", "level": "INFO", "logger": "etl_logger", "message": "Finish downloading Davinci CC - VFSC Report", "service": "cc_reconcile", "stage": "download_davinci", "status": "ok"}
{"timestamp": "2026-02-25T23:02:19+0800", "level": "INFO", "logger": "etl_logger", "message": "Start downloading Davinci CC Report for brand: VFSC2...", "service": "cc_reconcile", "stage": "download_davinci", "status": "ok"}
{"timestamp": "2026-02-25T23:03:07+0800", "level": "INFO", "logger": "etl_logger", "message": "POST success (VFSC2 2026-02-22): cc_withdraw_detail_report_20260225150307.csv, took 48.0s", "service": "cc_reconcile", "stage": "download_davinci", "status": "ok"}
{"timestamp": "2026-02-25T23:03:12+0800", "level": "INFO", "logger": "etl_logger", "message": "Download success (VFSC2 2026-02-22): cc_withdraw_detail_report_20260225150307.csv, took 5.0s", "service": "cc_reconcile", "stage": "download_davinci", "status": "ok"}
{"timestamp": "2026-02-25T23:04:03+0800", "level": "INFO", "logger": "etl_logger", "message": "POST success (VFSC2 2026-02-23): cc_withdraw_detail_report_20260225150403.csv, took 51.7s", "service": "cc_reconcile", "stage": "download_davinci", "status": "ok"}
{"timestamp": "2026-02-25T23:05:27+0800", "level": "INFO", "logger": "etl_logger", "message": "Download success (VFSC2 2026-02-23): cc_withdraw_detail_report_20260225150403.csv, took 83.9s", "service": "cc_reconcile", "stage": "download_davinci", "status": "ok"}
{"timestamp": "2026-02-25T23:06:18+0800", "level": "INFO", "logger": "etl_logger", "message": "POST success (VFSC2 2026-02-24): cc_withdraw_detail_report_20260225150618.csv, took 51.1s", "service": "cc_reconcile", "stage": "download_davinci", "status": "ok"}
{"timestamp": "2026-02-25T23:06:37+0800", "level": "INFO", "logger": "etl_logger", "message": "Download success (VFSC2 2026-02-24): cc_withdraw_detail_report_20260225150618.csv, took 18.6s", "service": "cc_reconcile", "stage": "download_davinci", "status": "ok"}
{"timestamp": "2026-02-25T23:07:26+0800", "level": "INFO", "logger": "etl_logger", "message": "POST success (VFSC2 2026-02-25): cc_withdraw_detail_report_20260225150726.csv, took 49.6s", "service": "cc_reconcile", "stage": "download_davinci", "status": "ok"}
{"timestamp": "2026-02-25T23:07:29+0800", "level": "INFO", "logger": "etl_logger", "message": "Download success (VFSC2 2026-02-25): cc_withdraw_detail_report_20260225150726.csv, took 2.2s", "service": "cc_reconcile", "stage": "download_davinci", "status": "ok"}
{"timestamp": "2026-02-25T23:07:29+0800", "level": "INFO", "logger": "etl_logger", "message": "Finish downloading Davinci CC - VFSC2 Report", "service": "cc_reconcile", "stage": "download_davinci", "status": "ok"}
{"timestamp": "2026-02-25T23:07:29+0800", "level": "INFO", "logger": "etl_logger", "message": "Finish downloading Davinci CC Report for all brands, total rows: 32323", "service": "cc_reconcile", "stage": "download_davinci", "status": "ok"}
{"timestamp": "2026-02-25T23:07:29+0800", "level": "INFO", "logger": "etl_logger", "message": "Download CRM CC Report Finish ，Total: 32323", "service": "cc_reconcile", "stage": "download", "status": "ok"}
{"timestamp": "2026-02-25T23:07:29+0800", "level": "INFO", "logger": "etl_logger", "message": "Start reconcile...", "service": "cc_reconcile", "stage": "reconcile", "status": "ok"}
{"timestamp": "2026-02-25T23:07:29+0800", "level": "INFO", "logger": "etl_logger", "message": "Reconcile Finish ，Total Mismatch Case: 0", "service": "cc_reconcile", "stage": "reconcile", "status": "ok"}
{"timestamp": "2026-02-25T23:07:30+0800", "level": "INFO", "logger": "etl_logger", "message": "Connect Lark Finish", "service": "cc_reconcile", "stage": "lark", "status": "ok"}
{"timestamp": "2026-02-25T23:07:30+0800", "level": "INFO", "logger": "etl_logger", "message": "Start query existing data in LarkSheet...", "service": "cc_reconcile", "stage": "lark", "status": "ok"}
{"timestamp": "2026-02-25T23:07:31+0800", "level": "INFO", "logger": "etl_logger", "message": "Query existing data in LarkSheet Finish", "service": "cc_reconcile", "stage": "lark", "status": "ok"}
{"timestamp": "2026-02-25T23:07:31+0800", "level": "INFO", "logger": "etl_logger", "message": "Total unique keys in LarkSheet: 56, Total new mismatch cases to upload: 0", "service": "cc_reconcile", "stage": "lark", "status": "ok"}
{"timestamp": "2026-02-25T23:07:31+0800", "level": "INFO", "logger": "etl_logger", "message": "Append data to LarkSheet with range: Kalw4Y!A2:L3, rows: 1, columns: 12", "service": "cc_reconcile", "stage": "lark", "status": "ok"}
{"timestamp": "2026-02-25T23:07:31+0800", "level": "INFO", "logger": "etl_logger", "message": "✅ Successfully appended data to LarkSheet", "service": "cc_reconcile", "stage": "lark", "status": "ok"}
{"timestamp": "2026-02-25T23:07:32+0800", "level": "INFO", "logger": "etl_logger", "message": "Upload data to LarkSheet Finish", "service": "cc_reconcile", "stage": "lark", "status": "ok"}
