{"timestamp": "2026-03-06T00:00:01+0800", "level": "INFO", "logger": "etl_logger", "message": "Start download reports...", "service": "cc_reconcile", "stage": "download", "status": "ok"}
{"timestamp": "2026-03-06T00:00:04+0800", "level": "INFO", "logger": "etl_logger", "message": "Payabl Login Success and Get Token Success", "service": "cc_reconcile", "stage": "download_payabl", "status": "ok"}
{"timestamp": "2026-03-06T00:00:04+0800", "level": "INFO", "logger": "etl_logger", "message": "Start downloading Payabl CC Report for date: 2026-03-05...", "service": "cc_reconcile", "stage": "download_payabl", "status": "ok"}
{"timestamp": "2026-03-06T00:00:28+0800", "level": "INFO", "logger": "etl_logger", "message": "Start downloading Payabl CC Report for date: 2026-03-06...", "service": "cc_reconcile", "stage": "download_payabl", "status": "ok"}
{"timestamp": "2026-03-06T00:00:34+0800", "level": "INFO", "logger": "etl_logger", "message": "Finish downloading Payabl CC Report", "service": "cc_reconcile", "stage": "download_payabl", "status": "ok"}
{"timestamp": "2026-03-06T00:00:34+0800", "level": "INFO", "logger": "etl_logger", "message": "Download Payabl CC Report Finish ，Total: 37840", "service": "cc_reconcile", "stage": "download", "status": "ok"}
{"timestamp": "2026-03-06T00:00:34+0800", "level": "INFO", "logger": "etl_logger", "message": "Login attempt 1/5", "service": "cc_reconcile", "stage": "download_davinci", "status": "ok"}
{"timestamp": "2026-03-06T00:00:35+0800", "level": "INFO", "logger": "etl_logger", "message": "Login response status=200, url=https://admin.vantagemarkets.com/admin/main, cookies=4", "service": "cc_reconcile", "stage": "download_davinci", "status": "ok"}
{"timestamp": "2026-03-06T00:00:35+0800", "level": "INFO", "logger": "etl_logger", "message": "Login successful", "service": "cc_reconcile", "stage": "download_davinci", "status": "ok"}
{"timestamp": "2026-03-06T00:00:36+0800", "level": "INFO", "logger": "etl_logger", "message": "Token obtained successfully", "service": "cc_reconcile", "stage": "download_davinci", "status": "ok"}
{"timestamp": "2026-03-06T00:00:36+0800", "level": "INFO", "logger": "etl_logger", "message": "Start downloading Davinci CC Report for brand: VFSC...", "service": "cc_reconcile", "stage": "download_davinci", "status": "ok"}
{"timestamp": "2026-03-06T00:00:55+0800", "level": "INFO", "logger": "etl_logger", "message": "POST success (VFSC 2026-03-02): cc_withdraw_detail_report_20260305160054.csv, took 19.1s", "service": "cc_reconcile", "stage": "download_davinci", "status": "ok"}
{"timestamp": "2026-03-06T00:01:11+0800", "level": "INFO", "logger": "etl_logger", "message": "Download success (VFSC 2026-03-02): cc_withdraw_detail_report_20260305160054.csv, took 15.7s", "service": "cc_reconcile", "stage": "download_davinci", "status": "ok"}
{"timestamp": "2026-03-06T00:01:30+0800", "level": "INFO", "logger": "etl_logger", "message": "POST success (VFSC 2026-03-03): cc_withdraw_detail_report_20260305160129.csv, took 19.0s", "service": "cc_reconcile", "stage": "download_davinci", "status": "ok"}
{"timestamp": "2026-03-06T00:01:42+0800", "level": "INFO", "logger": "etl_logger", "message": "Download success (VFSC 2026-03-03): cc_withdraw_detail_report_20260305160129.csv, took 12.0s", "service": "cc_reconcile", "stage": "download_davinci", "status": "ok"}
{"timestamp": "2026-03-06T00:02:01+0800", "level": "INFO", "logger": "etl_logger", "message": "POST success (VFSC 2026-03-04): cc_withdraw_detail_report_20260305160201.csv, took 18.9s", "service": "cc_reconcile", "stage": "download_davinci", "status": "ok"}
{"timestamp": "2026-03-06T00:02:15+0800", "level": "INFO", "logger": "etl_logger", "message": "Download success (VFSC 2026-03-04): cc_withdraw_detail_report_20260305160201.csv, took 13.9s", "service": "cc_reconcile", "stage": "download_davinci", "status": "ok"}
{"timestamp": "2026-03-06T00:02:33+0800", "level": "INFO", "logger": "etl_logger", "message": "POST success (VFSC 2026-03-05): cc_withdraw_detail_report_20260305160233.csv, took 18.4s", "service": "cc_reconcile", "stage": "download_davinci", "status": "ok"}
{"timestamp": "2026-03-06T00:02:37+0800", "level": "INFO", "logger": "etl_logger", "message": "Download success (VFSC 2026-03-05): cc_withdraw_detail_report_20260305160233.csv, took 4.1s", "service": "cc_reconcile", "stage": "download_davinci", "status": "ok"}
{"timestamp": "2026-03-06T00:02:37+0800", "level": "INFO", "logger": "etl_logger", "message": "Finish downloading Davinci CC - VFSC Report", "service": "cc_reconcile", "stage": "download_davinci", "status": "ok"}
{"timestamp": "2026-03-06T00:02:37+0800", "level": "INFO", "logger": "etl_logger", "message": "Start downloading Davinci CC Report for brand: VFSC2...", "service": "cc_reconcile", "stage": "download_davinci", "status": "ok"}
{"timestamp": "2026-03-06T00:03:34+0800", "level": "INFO", "logger": "etl_logger", "message": "POST success (VFSC2 2026-03-02): cc_withdraw_detail_report_20260305160333.csv, took 56.6s", "service": "cc_reconcile", "stage": "download_davinci", "status": "ok"}
{"timestamp": "2026-03-06T00:03:38+0800", "level": "INFO", "logger": "etl_logger", "message": "Download success (VFSC2 2026-03-02): cc_withdraw_detail_report_20260305160333.csv, took 4.1s", "service": "cc_reconcile", "stage": "download_davinci", "status": "ok"}
{"timestamp": "2026-03-06T00:04:31+0800", "level": "INFO", "logger": "etl_logger", "message": "POST success (VFSC2 2026-03-03): cc_withdraw_detail_report_20260305160430.csv, took 52.8s", "service": "cc_reconcile", "stage": "download_davinci", "status": "ok"}
{"timestamp": "2026-03-06T00:15:02+0800", "level": "INFO", "logger": "etl_logger", "message": "Download success (VFSC2 2026-03-03): cc_withdraw_detail_report_20260305160430.csv, took 631.3s", "service": "cc_reconcile", "stage": "download_davinci", "status": "ok"}
{"timestamp": "2026-03-06T00:15:54+0800", "level": "INFO", "logger": "etl_logger", "message": "POST success (VFSC2 2026-03-04): cc_withdraw_detail_report_20260305161554.csv, took 52.4s", "service": "cc_reconcile", "stage": "download_davinci", "status": "ok"}
{"timestamp": "2026-03-06T00:16:16+0800", "level": "INFO", "logger": "etl_logger", "message": "Download success (VFSC2 2026-03-04): cc_withdraw_detail_report_20260305161554.csv, took 21.9s", "service": "cc_reconcile", "stage": "download_davinci", "status": "ok"}
{"timestamp": "2026-03-06T00:17:09+0800", "level": "INFO", "logger": "etl_logger", "message": "POST success (VFSC2 2026-03-05): cc_withdraw_detail_report_20260305161709.csv, took 52.6s", "service": "cc_reconcile", "stage": "download_davinci", "status": "ok"}
{"timestamp": "2026-03-06T00:17:53+0800", "level": "INFO", "logger": "etl_logger", "message": "Download success (VFSC2 2026-03-05): cc_withdraw_detail_report_20260305161709.csv, took 44.1s", "service": "cc_reconcile", "stage": "download_davinci", "status": "ok"}
{"timestamp": "2026-03-06T00:17:54+0800", "level": "INFO", "logger": "etl_logger", "message": "Finish downloading Davinci CC - VFSC2 Report", "service": "cc_reconcile", "stage": "download_davinci", "status": "ok"}
{"timestamp": "2026-03-06T00:17:54+0800", "level": "INFO", "logger": "etl_logger", "message": "Finish downloading Davinci CC Report for all brands, total rows: 69885", "service": "cc_reconcile", "stage": "download_davinci", "status": "ok"}
{"timestamp": "2026-03-06T00:17:54+0800", "level": "INFO", "logger": "etl_logger", "message": "Download CRM CC Report Finish ，Total: 69885", "service": "cc_reconcile", "stage": "download", "status": "ok"}
{"timestamp": "2026-03-06T00:17:54+0800", "level": "INFO", "logger": "etl_logger", "message": "Start reconcile...", "service": "cc_reconcile", "stage": "reconcile", "status": "ok"}
{"timestamp": "2026-03-06T00:17:54+0800", "level": "INFO", "logger": "etl_logger", "message": "Reconcile Finish ，Total Mismatch Case: 1", "service": "cc_reconcile", "stage": "reconcile", "status": "ok"}
{"timestamp": "2026-03-06T00:17:54+0800", "level": "INFO", "logger": "etl_logger", "message": "Connect Lark Finish", "service": "cc_reconcile", "stage": "lark", "status": "ok"}
{"timestamp": "2026-03-06T00:17:54+0800", "level": "INFO", "logger": "etl_logger", "message": "Start query existing data in LarkSheet...", "service": "cc_reconcile", "stage": "lark", "status": "ok"}
{"timestamp": "2026-03-06T00:17:55+0800", "level": "INFO", "logger": "etl_logger", "message": "Query existing data in LarkSheet Finish", "service": "cc_reconcile", "stage": "lark", "status": "ok"}
{"timestamp": "2026-03-06T00:17:55+0800", "level": "INFO", "logger": "etl_logger", "message": "Total unique keys in LarkSheet: 160, Total new mismatch cases to upload: 0", "service": "cc_reconcile", "stage": "lark", "status": "ok"}
{"timestamp": "2026-03-06T00:17:55+0800", "level": "INFO", "logger": "etl_logger", "message": "Append data to LarkSheet with range: Kalw4Y!A2:L3, rows: 1, columns: 12", "service": "cc_reconcile", "stage": "lark", "status": "ok"}
{"timestamp": "2026-03-06T00:17:56+0800", "level": "INFO", "logger": "etl_logger", "message": "✅ Successfully appended data to LarkSheet", "service": "cc_reconcile", "stage": "lark", "status": "ok"}
{"timestamp": "2026-03-06T00:17:57+0800", "level": "INFO", "logger": "etl_logger", "message": "Upload data to LarkSheet Finish", "service": "cc_reconcile", "stage": "lark", "status": "ok"}
{"timestamp": "2026-03-06T01:00:02+0800", "level": "INFO", "logger": "etl_logger", "message": "Start download reports...", "service": "cc_reconcile", "stage": "download", "status": "ok"}
{"timestamp": "2026-03-06T01:00:05+0800", "level": "INFO", "logger": "etl_logger", "message": "Payabl Login Success and Get Token Success", "service": "cc_reconcile", "stage": "download_payabl", "status": "ok"}
{"timestamp": "2026-03-06T01:00:05+0800", "level": "INFO", "logger": "etl_logger", "message": "Start downloading Payabl CC Report for date: 2026-03-05...", "service": "cc_reconcile", "stage": "download_payabl", "status": "ok"}
{"timestamp": "2026-03-06T01:00:35+0800", "level": "INFO", "logger": "etl_logger", "message": "Start downloading Payabl CC Report for date: 2026-03-06...", "service": "cc_reconcile", "stage": "download_payabl", "status": "ok"}
{"timestamp": "2026-03-06T01:00:41+0800", "level": "INFO", "logger": "etl_logger", "message": "Finish downloading Payabl CC Report", "service": "cc_reconcile", "stage": "download_payabl", "status": "ok"}
{"timestamp": "2026-03-06T01:00:41+0800", "level": "INFO", "logger": "etl_logger", "message": "Download Payabl CC Report Finish ，Total: 42201", "service": "cc_reconcile", "stage": "download", "status": "ok"}
{"timestamp": "2026-03-06T01:00:41+0800", "level": "INFO", "logger": "etl_logger", "message": "Login attempt 1/5", "service": "cc_reconcile", "stage": "download_davinci", "status": "ok"}
{"timestamp": "2026-03-06T01:00:43+0800", "level": "INFO", "logger": "etl_logger", "message": "Login response status=200, url=https://admin.vantagemarkets.com/admin/main, cookies=4", "service": "cc_reconcile", "stage": "download_davinci", "status": "ok"}
{"timestamp": "2026-03-06T01:00:43+0800", "level": "INFO", "logger": "etl_logger", "message": "Login successful", "service": "cc_reconcile", "stage": "download_davinci", "status": "ok"}
{"timestamp": "2026-03-06T01:00:43+0800", "level": "INFO", "logger": "etl_logger", "message": "Token obtained successfully", "service": "cc_reconcile", "stage": "download_davinci", "status": "ok"}
{"timestamp": "2026-03-06T01:00:43+0800", "level": "INFO", "logger": "etl_logger", "message": "Start downloading Davinci CC Report for brand: VFSC...", "service": "cc_reconcile", "stage": "download_davinci", "status": "ok"}
{"timestamp": "2026-03-06T01:01:18+0800", "level": "INFO", "logger": "etl_logger", "message": "POST success (VFSC 2026-03-02): cc_withdraw_detail_report_20260305170118.csv, took 34.9s", "service": "cc_reconcile", "stage": "download_davinci", "status": "ok"}
{"timestamp": "2026-03-06T01:01:21+0800", "level": "INFO", "logger": "etl_logger", "message": "Download success (VFSC 2026-03-02): cc_withdraw_detail_report_20260305170118.csv, took 3.0s", "service": "cc_reconcile", "stage": "download_davinci", "status": "ok"}
{"timestamp": "2026-03-06T01:01:40+0800", "level": "INFO", "logger": "etl_logger", "message": "POST success (VFSC 2026-03-03): cc_withdraw_detail_report_20260305170140.csv, took 18.9s", "service": "cc_reconcile", "stage": "download_davinci", "status": "ok"}
{"timestamp": "2026-03-06T01:01:50+0800", "level": "INFO", "logger": "etl_logger", "message": "Download success (VFSC 2026-03-03): cc_withdraw_detail_report_20260305170140.csv, took 10.6s", "service": "cc_reconcile", "stage": "download_davinci", "status": "ok"}
{"timestamp": "2026-03-06T01:02:08+0800", "level": "INFO", "logger": "etl_logger", "message": "POST success (VFSC 2026-03-04): cc_withdraw_detail_report_20260305170208.csv, took 18.0s", "service": "cc_reconcile", "stage": "download_davinci", "status": "ok"}
{"timestamp": "2026-03-06T01:03:13+0800", "level": "INFO", "logger": "etl_logger", "message": "Download success (VFSC 2026-03-04): cc_withdraw_detail_report_20260305170208.csv, took 64.1s", "service": "cc_reconcile", "stage": "download_davinci", "status": "ok"}
{"timestamp": "2026-03-06T01:03:31+0800", "level": "INFO", "logger": "etl_logger", "message": "POST success (VFSC 2026-03-05): cc_withdraw_detail_report_20260305170331.csv, took 18.9s", "service": "cc_reconcile", "stage": "download_davinci", "status": "ok"}
{"timestamp": "2026-03-06T01:03:43+0800", "level": "INFO", "logger": "etl_logger", "message": "Download success (VFSC 2026-03-05): cc_withdraw_detail_report_20260305170331.csv, took 11.1s", "service": "cc_reconcile", "stage": "download_davinci", "status": "ok"}
{"timestamp": "2026-03-06T01:03:43+0800", "level": "INFO", "logger": "etl_logger", "message": "Finish downloading Davinci CC - VFSC Report", "service": "cc_reconcile", "stage": "download_davinci", "status": "ok"}
{"timestamp": "2026-03-06T01:03:43+0800", "level": "INFO", "logger": "etl_logger", "message": "Start downloading Davinci CC Report for brand: VFSC2...", "service": "cc_reconcile", "stage": "download_davinci", "status": "ok"}
{"timestamp": "2026-03-06T01:04:40+0800", "level": "INFO", "logger": "etl_logger", "message": "POST success (VFSC2 2026-03-02): cc_withdraw_detail_report_20260305170439.csv, took 57.2s", "service": "cc_reconcile", "stage": "download_davinci", "status": "ok"}
{"timestamp": "2026-03-06T01:04:43+0800", "level": "INFO", "logger": "etl_logger", "message": "Download success (VFSC2 2026-03-02): cc_withdraw_detail_report_20260305170439.csv, took 2.9s", "service": "cc_reconcile", "stage": "download_davinci", "status": "ok"}
{"timestamp": "2026-03-06T01:05:36+0800", "level": "INFO", "logger": "etl_logger", "message": "POST success (VFSC2 2026-03-03): cc_withdraw_detail_report_20260305170536.csv, took 53.2s", "service": "cc_reconcile", "stage": "download_davinci", "status": "ok"}
{"timestamp": "2026-03-06T01:05:45+0800", "level": "INFO", "logger": "etl_logger", "message": "Download success (VFSC2 2026-03-03): cc_withdraw_detail_report_20260305170536.csv, took 8.6s", "service": "cc_reconcile", "stage": "download_davinci", "status": "ok"}
{"timestamp": "2026-03-06T01:06:37+0800", "level": "INFO", "logger": "etl_logger", "message": "POST success (VFSC2 2026-03-04): cc_withdraw_detail_report_20260305170636.csv, took 52.0s", "service": "cc_reconcile", "stage": "download_davinci", "status": "ok"}
{"timestamp": "2026-03-06T01:06:49+0800", "level": "INFO", "logger": "etl_logger", "message": "Download success (VFSC2 2026-03-04): cc_withdraw_detail_report_20260305170636.csv, took 12.3s", "service": "cc_reconcile", "stage": "download_davinci", "status": "ok"}
{"timestamp": "2026-03-06T01:07:41+0800", "level": "INFO", "logger": "etl_logger", "message": "POST success (VFSC2 2026-03-05): cc_withdraw_detail_report_20260305170741.csv, took 52.1s", "service": "cc_reconcile", "stage": "download_davinci", "status": "ok"}
{"timestamp": "2026-03-06T01:07:46+0800", "level": "INFO", "logger": "etl_logger", "message": "Download success (VFSC2 2026-03-05): cc_withdraw_detail_report_20260305170741.csv, took 4.8s", "service": "cc_reconcile", "stage": "download_davinci", "status": "ok"}
{"timestamp": "2026-03-06T01:07:46+0800", "level": "INFO", "logger": "etl_logger", "message": "Finish downloading Davinci CC - VFSC2 Report", "service": "cc_reconcile", "stage": "download_davinci", "status": "ok"}
{"timestamp": "2026-03-06T01:07:46+0800", "level": "INFO", "logger": "etl_logger", "message": "Finish downloading Davinci CC Report for all brands, total rows: 70605", "service": "cc_reconcile", "stage": "download_davinci", "status": "ok"}
{"timestamp": "2026-03-06T01:07:46+0800", "level": "INFO", "logger": "etl_logger", "message": "Download CRM CC Report Finish ，Total: 70605", "service": "cc_reconcile", "stage": "download", "status": "ok"}
{"timestamp": "2026-03-06T01:07:46+0800", "level": "INFO", "logger": "etl_logger", "message": "Start reconcile...", "service": "cc_reconcile", "stage": "reconcile", "status": "ok"}
{"timestamp": "2026-03-06T01:07:47+0800", "level": "INFO", "logger": "etl_logger", "message": "Reconcile Finish ，Total Mismatch Case: 1", "service": "cc_reconcile", "stage": "reconcile", "status": "ok"}
{"timestamp": "2026-03-06T01:07:47+0800", "level": "INFO", "logger": "etl_logger", "message": "Connect Lark Finish", "service": "cc_reconcile", "stage": "lark", "status": "ok"}
{"timestamp": "2026-03-06T01:07:47+0800", "level": "INFO", "logger": "etl_logger", "message": "Start query existing data in LarkSheet...", "service": "cc_reconcile", "stage": "lark", "status": "ok"}
{"timestamp": "2026-03-06T01:07:48+0800", "level": "INFO", "logger": "etl_logger", "message": "Query existing data in LarkSheet Finish", "service": "cc_reconcile", "stage": "lark", "status": "ok"}
{"timestamp": "2026-03-06T01:07:48+0800", "level": "INFO", "logger": "etl_logger", "message": "Total unique keys in LarkSheet: 160, Total new mismatch cases to upload: 0", "service": "cc_reconcile", "stage": "lark", "status": "ok"}
{"timestamp": "2026-03-06T01:07:48+0800", "level": "INFO", "logger": "etl_logger", "message": "Append data to LarkSheet with range: Kalw4Y!A2:L3, rows: 1, columns: 12", "service": "cc_reconcile", "stage": "lark", "status": "ok"}
{"timestamp": "2026-03-06T01:07:48+0800", "level": "INFO", "logger": "etl_logger", "message": "✅ Successfully appended data to LarkSheet", "service": "cc_reconcile", "stage": "lark", "status": "ok"}
{"timestamp": "2026-03-06T01:07:50+0800", "level": "INFO", "logger": "etl_logger", "message": "Upload data to LarkSheet Finish", "service": "cc_reconcile", "stage": "lark", "status": "ok"}
{"timestamp": "2026-03-06T02:00:01+0800", "level": "INFO", "logger": "etl_logger", "message": "Start download reports...", "service": "cc_reconcile", "stage": "download", "status": "ok"}
{"timestamp": "2026-03-06T02:00:04+0800", "level": "INFO", "logger": "etl_logger", "message": "Payabl Login Success and Get Token Success", "service": "cc_reconcile", "stage": "download_payabl", "status": "ok"}
{"timestamp": "2026-03-06T02:00:04+0800", "level": "INFO", "logger": "etl_logger", "message": "Start downloading Payabl CC Report for date: 2026-03-05...", "service": "cc_reconcile", "stage": "download_payabl", "status": "ok"}
{"timestamp": "2026-03-06T02:00:34+0800", "level": "INFO", "logger": "etl_logger", "message": "Start downloading Payabl CC Report for date: 2026-03-06...", "service": "cc_reconcile", "stage": "download_payabl", "status": "ok"}
{"timestamp": "2026-03-06T02:00:40+0800", "level": "INFO", "logger": "etl_logger", "message": "Finish downloading Payabl CC Report", "service": "cc_reconcile", "stage": "download_payabl", "status": "ok"}
{"timestamp": "2026-03-06T02:00:40+0800", "level": "INFO", "logger": "etl_logger", "message": "Download Payabl CC Report Finish ，Total: 45158", "service": "cc_reconcile", "stage": "download", "status": "ok"}
{"timestamp": "2026-03-06T02:00:40+0800", "level": "INFO", "logger": "etl_logger", "message": "Login attempt 1/5", "service": "cc_reconcile", "stage": "download_davinci", "status": "ok"}
{"timestamp": "2026-03-06T02:00:41+0800", "level": "INFO", "logger": "etl_logger", "message": "Login response status=200, url=https://admin.vantagemarkets.com/admin/main, cookies=4", "service": "cc_reconcile", "stage": "download_davinci", "status": "ok"}
{"timestamp": "2026-03-06T02:00:41+0800", "level": "INFO", "logger": "etl_logger", "message": "Login successful", "service": "cc_reconcile", "stage": "download_davinci", "status": "ok"}
{"timestamp": "2026-03-06T02:00:41+0800", "level": "INFO", "logger": "etl_logger", "message": "Token obtained successfully", "service": "cc_reconcile", "stage": "download_davinci", "status": "ok"}
{"timestamp": "2026-03-06T02:00:41+0800", "level": "INFO", "logger": "etl_logger", "message": "Start downloading Davinci CC Report for brand: VFSC...", "service": "cc_reconcile", "stage": "download_davinci", "status": "ok"}
{"timestamp": "2026-03-06T02:01:00+0800", "level": "INFO", "logger": "etl_logger", "message": "POST success (VFSC 2026-03-02): cc_withdraw_detail_report_20260305180100.csv, took 18.5s", "service": "cc_reconcile", "stage": "download_davinci", "status": "ok"}
{"timestamp": "2026-03-06T02:01:03+0800", "level": "INFO", "logger": "etl_logger", "message": "Download success (VFSC 2026-03-02): cc_withdraw_detail_report_20260305180100.csv, took 3.0s", "service": "cc_reconcile", "stage": "download_davinci", "status": "ok"}
{"timestamp": "2026-03-06T02:01:25+0800", "level": "INFO", "logger": "etl_logger", "message": "POST success (VFSC 2026-03-03): cc_withdraw_detail_report_20260305180124.csv, took 21.7s", "service": "cc_reconcile", "stage": "download_davinci", "status": "ok"}
{"timestamp": "2026-03-06T02:01:27+0800", "level": "INFO", "logger": "etl_logger", "message": "Download success (VFSC 2026-03-03): cc_withdraw_detail_report_20260305180124.csv, took 2.4s", "service": "cc_reconcile", "stage": "download_davinci", "status": "ok"}
{"timestamp": "2026-03-06T02:01:45+0800", "level": "INFO", "logger": "etl_logger", "message": "POST success (VFSC 2026-03-04): cc_withdraw_detail_report_20260305180145.csv, took 18.0s", "service": "cc_reconcile", "stage": "download_davinci", "status": "ok"}
{"timestamp": "2026-03-06T02:01:47+0800", "level": "INFO", "logger": "etl_logger", "message": "Download success (VFSC 2026-03-04): cc_withdraw_detail_report_20260305180145.csv, took 2.2s", "service": "cc_reconcile", "stage": "download_davinci", "status": "ok"}
{"timestamp": "2026-03-06T02:02:05+0800", "level": "INFO", "logger": "etl_logger", "message": "POST success (VFSC 2026-03-05): cc_withdraw_detail_report_20260305180205.csv, took 18.1s", "service": "cc_reconcile", "stage": "download_davinci", "status": "ok"}
{"timestamp": "2026-03-06T02:02:08+0800", "level": "INFO", "logger": "etl_logger", "message": "Download success (VFSC 2026-03-05): cc_withdraw_detail_report_20260305180205.csv, took 2.3s", "service": "cc_reconcile", "stage": "download_davinci", "status": "ok"}
{"timestamp": "2026-03-06T02:02:08+0800", "level": "INFO", "logger": "etl_logger", "message": "Finish downloading Davinci CC - VFSC Report", "service": "cc_reconcile", "stage": "download_davinci", "status": "ok"}
{"timestamp": "2026-03-06T02:02:08+0800", "level": "INFO", "logger": "etl_logger", "message": "Start downloading Davinci CC Report for brand: VFSC2...", "service": "cc_reconcile", "stage": "download_davinci", "status": "ok"}
{"timestamp": "2026-03-06T02:03:13+0800", "level": "INFO", "logger": "etl_logger", "message": "POST success (VFSC2 2026-03-02): cc_withdraw_detail_report_20260305180313.csv, took 65.5s", "service": "cc_reconcile", "stage": "download_davinci", "status": "ok"}
{"timestamp": "2026-03-06T02:03:17+0800", "level": "INFO", "logger": "etl_logger", "message": "Download success (VFSC2 2026-03-02): cc_withdraw_detail_report_20260305180313.csv, took 3.8s", "service": "cc_reconcile", "stage": "download_davinci", "status": "ok"}
{"timestamp": "2026-03-06T02:04:12+0800", "level": "INFO", "logger": "etl_logger", "message": "POST success (VFSC2 2026-03-03): cc_withdraw_detail_report_20260305180412.csv, took 55.0s", "service": "cc_reconcile", "stage": "download_davinci", "status": "ok"}
{"timestamp": "2026-03-06T02:04:15+0800", "level": "INFO", "logger": "etl_logger", "message": "Download success (VFSC2 2026-03-03): cc_withdraw_detail_report_20260305180412.csv, took 3.2s", "service": "cc_reconcile", "stage": "download_davinci", "status": "ok"}
{"timestamp": "2026-03-06T02:05:07+0800", "level": "INFO", "logger": "etl_logger", "message": "POST success (VFSC2 2026-03-04): cc_withdraw_detail_report_20260305180507.csv, took 51.7s", "service": "cc_reconcile", "stage": "download_davinci", "status": "ok"}
{"timestamp": "2026-03-06T02:05:10+0800", "level": "INFO", "logger": "etl_logger", "message": "Download success (VFSC2 2026-03-04): cc_withdraw_detail_report_20260305180507.csv, took 3.0s", "service": "cc_reconcile", "stage": "download_davinci", "status": "ok"}
{"timestamp": "2026-03-06T02:06:01+0800", "level": "INFO", "logger": "etl_logger", "message": "POST success (VFSC2 2026-03-05): cc_withdraw_detail_report_20260305180601.csv, took 50.8s", "service": "cc_reconcile", "stage": "download_davinci", "status": "ok"}
{"timestamp": "2026-03-06T02:06:04+0800", "level": "INFO", "logger": "etl_logger", "message": "Download success (VFSC2 2026-03-05): cc_withdraw_detail_report_20260305180601.csv, took 3.0s", "service": "cc_reconcile", "stage": "download_davinci", "status": "ok"}
{"timestamp": "2026-03-06T02:06:05+0800", "level": "INFO", "logger": "etl_logger", "message": "Finish downloading Davinci CC - VFSC2 Report", "service": "cc_reconcile", "stage": "download_davinci", "status": "ok"}
{"timestamp": "2026-03-06T02:06:05+0800", "level": "INFO", "logger": "etl_logger", "message": "Finish downloading Davinci CC Report for all brands, total rows: 71362", "service": "cc_reconcile", "stage": "download_davinci", "status": "ok"}
{"timestamp": "2026-03-06T02:06:05+0800", "level": "INFO", "logger": "etl_logger", "message": "Download CRM CC Report Finish ，Total: 71362", "service": "cc_reconcile", "stage": "download", "status": "ok"}
{"timestamp": "2026-03-06T02:06:05+0800", "level": "INFO", "logger": "etl_logger", "message": "Start reconcile...", "service": "cc_reconcile", "stage": "reconcile", "status": "ok"}
{"timestamp": "2026-03-06T02:06:05+0800", "level": "INFO", "logger": "etl_logger", "message": "Reconcile Finish ，Total Mismatch Case: 1", "service": "cc_reconcile", "stage": "reconcile", "status": "ok"}
{"timestamp": "2026-03-06T02:06:05+0800", "level": "INFO", "logger": "etl_logger", "message": "Connect Lark Finish", "service": "cc_reconcile", "stage": "lark", "status": "ok"}
{"timestamp": "2026-03-06T02:06:05+0800", "level": "INFO", "logger": "etl_logger", "message": "Start query existing data in LarkSheet...", "service": "cc_reconcile", "stage": "lark", "status": "ok"}
{"timestamp": "2026-03-06T02:06:06+0800", "level": "INFO", "logger": "etl_logger", "message": "Query existing data in LarkSheet Finish", "service": "cc_reconcile", "stage": "lark", "status": "ok"}
{"timestamp": "2026-03-06T02:06:06+0800", "level": "INFO", "logger": "etl_logger", "message": "Total unique keys in LarkSheet: 160, Total new mismatch cases to upload: 0", "service": "cc_reconcile", "stage": "lark", "status": "ok"}
{"timestamp": "2026-03-06T02:06:06+0800", "level": "INFO", "logger": "etl_logger", "message": "Append data to LarkSheet with range: Kalw4Y!A2:L3, rows: 1, columns: 12", "service": "cc_reconcile", "stage": "lark", "status": "ok"}
{"timestamp": "2026-03-06T02:06:07+0800", "level": "INFO", "logger": "etl_logger", "message": "✅ Successfully appended data to LarkSheet", "service": "cc_reconcile", "stage": "lark", "status": "ok"}
{"timestamp": "2026-03-06T02:06:08+0800", "level": "INFO", "logger": "etl_logger", "message": "Upload data to LarkSheet Finish", "service": "cc_reconcile", "stage": "lark", "status": "ok"}
{"timestamp": "2026-03-06T03:00:02+0800", "level": "INFO", "logger": "etl_logger", "message": "Start download reports...", "service": "cc_reconcile", "stage": "download", "status": "ok"}
{"timestamp": "2026-03-06T03:00:05+0800", "level": "INFO", "logger": "etl_logger", "message": "Payabl Login Success and Get Token Success", "service": "cc_reconcile", "stage": "download_payabl", "status": "ok"}
{"timestamp": "2026-03-06T03:00:05+0800", "level": "INFO", "logger": "etl_logger", "message": "Start downloading Payabl CC Report for date: 2026-03-05...", "service": "cc_reconcile", "stage": "download_payabl", "status": "ok"}
{"timestamp": "2026-03-06T03:00:37+0800", "level": "INFO", "logger": "etl_logger", "message": "Start downloading Payabl CC Report for date: 2026-03-06...", "service": "cc_reconcile", "stage": "download_payabl", "status": "ok"}
{"timestamp": "2026-03-06T03:00:45+0800", "level": "INFO", "logger": "etl_logger", "message": "Finish downloading Payabl CC Report", "service": "cc_reconcile", "stage": "download_payabl", "status": "ok"}
{"timestamp": "2026-03-06T03:00:45+0800", "level": "INFO", "logger": "etl_logger", "message": "Download Payabl CC Report Finish ，Total: 48046", "service": "cc_reconcile", "stage": "download", "status": "ok"}
{"timestamp": "2026-03-06T03:00:45+0800", "level": "INFO", "logger": "etl_logger", "message": "Login attempt 1/5", "service": "cc_reconcile", "stage": "download_davinci", "status": "ok"}
{"timestamp": "2026-03-06T03:00:46+0800", "level": "INFO", "logger": "etl_logger", "message": "Login response status=200, url=https://admin.vantagemarkets.com/admin/main, cookies=4", "service": "cc_reconcile", "stage": "download_davinci", "status": "ok"}
{"timestamp": "2026-03-06T03:00:46+0800", "level": "INFO", "logger": "etl_logger", "message": "Login successful", "service": "cc_reconcile", "stage": "download_davinci", "status": "ok"}
{"timestamp": "2026-03-06T03:00:46+0800", "level": "INFO", "logger": "etl_logger", "message": "Token obtained successfully", "service": "cc_reconcile", "stage": "download_davinci", "status": "ok"}
{"timestamp": "2026-03-06T03:00:46+0800", "level": "INFO", "logger": "etl_logger", "message": "Start downloading Davinci CC Report for brand: VFSC...", "service": "cc_reconcile", "stage": "download_davinci", "status": "ok"}
{"timestamp": "2026-03-06T03:01:05+0800", "level": "INFO", "logger": "etl_logger", "message": "POST success (VFSC 2026-03-02): cc_withdraw_detail_report_20260305190105.csv, took 19.2s", "service": "cc_reconcile", "stage": "download_davinci", "status": "ok"}
{"timestamp": "2026-03-06T03:01:08+0800", "level": "INFO", "logger": "etl_logger", "message": "Download success (VFSC 2026-03-02): cc_withdraw_detail_report_20260305190105.csv, took 2.4s", "service": "cc_reconcile", "stage": "download_davinci", "status": "ok"}
{"timestamp": "2026-03-06T03:01:30+0800", "level": "INFO", "logger": "etl_logger", "message": "POST success (VFSC 2026-03-03): cc_withdraw_detail_report_20260305190130.csv, took 22.4s", "service": "cc_reconcile", "stage": "download_davinci", "status": "ok"}
{"timestamp": "2026-03-06T03:01:32+0800", "level": "INFO", "logger": "etl_logger", "message": "Download success (VFSC 2026-03-03): cc_withdraw_detail_report_20260305190130.csv, took 2.4s", "service": "cc_reconcile", "stage": "download_davinci", "status": "ok"}
{"timestamp": "2026-03-06T03:01:50+0800", "level": "INFO", "logger": "etl_logger", "message": "POST success (VFSC 2026-03-04): cc_withdraw_detail_report_20260305190150.csv, took 18.0s", "service": "cc_reconcile", "stage": "download_davinci", "status": "ok"}
{"timestamp": "2026-03-06T03:01:53+0800", "level": "INFO", "logger": "etl_logger", "message": "Download success (VFSC 2026-03-04): cc_withdraw_detail_report_20260305190150.csv, took 2.8s", "service": "cc_reconcile", "stage": "download_davinci", "status": "ok"}
{"timestamp": "2026-03-06T03:02:11+0800", "level": "INFO", "logger": "etl_logger", "message": "POST success (VFSC 2026-03-05): cc_withdraw_detail_report_20260305190211.csv, took 18.0s", "service": "cc_reconcile", "stage": "download_davinci", "status": "ok"}
{"timestamp": "2026-03-06T03:02:13+0800", "level": "INFO", "logger": "etl_logger", "message": "Download success (VFSC 2026-03-05): cc_withdraw_detail_report_20260305190211.csv, took 1.8s", "service": "cc_reconcile", "stage": "download_davinci", "status": "ok"}
{"timestamp": "2026-03-06T03:02:13+0800", "level": "INFO", "logger": "etl_logger", "message": "Finish downloading Davinci CC - VFSC Report", "service": "cc_reconcile", "stage": "download_davinci", "status": "ok"}
{"timestamp": "2026-03-06T03:02:13+0800", "level": "INFO", "logger": "etl_logger", "message": "Start downloading Davinci CC Report for brand: VFSC2...", "service": "cc_reconcile", "stage": "download_davinci", "status": "ok"}
{"timestamp": "2026-03-06T03:03:09+0800", "level": "INFO", "logger": "etl_logger", "message": "POST success (VFSC2 2026-03-02): cc_withdraw_detail_report_20260305190309.csv, took 56.3s", "service": "cc_reconcile", "stage": "download_davinci", "status": "ok"}
{"timestamp": "2026-03-06T03:03:13+0800", "level": "INFO", "logger": "etl_logger", "message": "Download success (VFSC2 2026-03-02): cc_withdraw_detail_report_20260305190309.csv, took 3.5s", "service": "cc_reconcile", "stage": "download_davinci", "status": "ok"}
{"timestamp": "2026-03-06T03:04:05+0800", "level": "INFO", "logger": "etl_logger", "message": "POST success (VFSC2 2026-03-03): cc_withdraw_detail_report_20260305190405.csv, took 52.3s", "service": "cc_reconcile", "stage": "download_davinci", "status": "ok"}
{"timestamp": "2026-03-06T03:04:08+0800", "level": "INFO", "logger": "etl_logger", "message": "Download success (VFSC2 2026-03-03): cc_withdraw_detail_report_20260305190405.csv, took 3.2s", "service": "cc_reconcile", "stage": "download_davinci", "status": "ok"}
{"timestamp": "2026-03-06T03:05:03+0800", "level": "INFO", "logger": "etl_logger", "message": "POST success (VFSC2 2026-03-04): cc_withdraw_detail_report_20260305190503.csv, took 54.4s", "service": "cc_reconcile", "stage": "download_davinci", "status": "ok"}
{"timestamp": "2026-03-06T03:05:06+0800", "level": "INFO", "logger": "etl_logger", "message": "Download success (VFSC2 2026-03-04): cc_withdraw_detail_report_20260305190503.csv, took 2.8s", "service": "cc_reconcile", "stage": "download_davinci", "status": "ok"}
{"timestamp": "2026-03-06T03:05:57+0800", "level": "INFO", "logger": "etl_logger", "message": "POST success (VFSC2 2026-03-05): cc_withdraw_detail_report_20260305190557.csv, took 51.4s", "service": "cc_reconcile", "stage": "download_davinci", "status": "ok"}
{"timestamp": "2026-03-06T03:06:00+0800", "level": "INFO", "logger": "etl_logger", "message": "Download success (VFSC2 2026-03-05): cc_withdraw_detail_report_20260305190557.csv, took 2.9s", "service": "cc_reconcile", "stage": "download_davinci", "status": "ok"}
{"timestamp": "2026-03-06T03:06:01+0800", "level": "INFO", "logger": "etl_logger", "message": "Finish downloading Davinci CC - VFSC2 Report", "service": "cc_reconcile", "stage": "download_davinci", "status": "ok"}
{"timestamp": "2026-03-06T03:06:01+0800", "level": "INFO", "logger": "etl_logger", "message": "Finish downloading Davinci CC Report for all brands, total rows: 72228", "service": "cc_reconcile", "stage": "download_davinci", "status": "ok"}
{"timestamp": "2026-03-06T03:06:01+0800", "level": "INFO", "logger": "etl_logger", "message": "Download CRM CC Report Finish ，Total: 72228", "service": "cc_reconcile", "stage": "download", "status": "ok"}
{"timestamp": "2026-03-06T03:06:01+0800", "level": "INFO", "logger": "etl_logger", "message": "Start reconcile...", "service": "cc_reconcile", "stage": "reconcile", "status": "ok"}
{"timestamp": "2026-03-06T03:06:01+0800", "level": "INFO", "logger": "etl_logger", "message": "Reconcile Finish ，Total Mismatch Case: 1", "service": "cc_reconcile", "stage": "reconcile", "status": "ok"}
{"timestamp": "2026-03-06T03:06:02+0800", "level": "INFO", "logger": "etl_logger", "message": "Connect Lark Finish", "service": "cc_reconcile", "stage": "lark", "status": "ok"}
{"timestamp": "2026-03-06T03:06:02+0800", "level": "INFO", "logger": "etl_logger", "message": "Start query existing data in LarkSheet...", "service": "cc_reconcile", "stage": "lark", "status": "ok"}
{"timestamp": "2026-03-06T03:06:03+0800", "level": "INFO", "logger": "etl_logger", "message": "Query existing data in LarkSheet Finish", "service": "cc_reconcile", "stage": "lark", "status": "ok"}
{"timestamp": "2026-03-06T03:06:03+0800", "level": "INFO", "logger": "etl_logger", "message": "Total unique keys in LarkSheet: 160, Total new mismatch cases to upload: 0", "service": "cc_reconcile", "stage": "lark", "status": "ok"}
{"timestamp": "2026-03-06T03:06:03+0800", "level": "INFO", "logger": "etl_logger", "message": "Append data to LarkSheet with range: Kalw4Y!A2:L3, rows: 1, columns: 12", "service": "cc_reconcile", "stage": "lark", "status": "ok"}
{"timestamp": "2026-03-06T03:06:03+0800", "level": "INFO", "logger": "etl_logger", "message": "✅ Successfully appended data to LarkSheet", "service": "cc_reconcile", "stage": "lark", "status": "ok"}
{"timestamp": "2026-03-06T03:06:04+0800", "level": "INFO", "logger": "etl_logger", "message": "Upload data to LarkSheet Finish", "service": "cc_reconcile", "stage": "lark", "status": "ok"}
{"timestamp": "2026-03-06T04:00:01+0800", "level": "INFO", "logger": "etl_logger", "message": "Start download reports...", "service": "cc_reconcile", "stage": "download", "status": "ok"}
{"timestamp": "2026-03-06T04:00:05+0800", "level": "INFO", "logger": "etl_logger", "message": "Payabl Login Success and Get Token Success", "service": "cc_reconcile", "stage": "download_payabl", "status": "ok"}
{"timestamp": "2026-03-06T04:00:05+0800", "level": "INFO", "logger": "etl_logger", "message": "Start downloading Payabl CC Report for date: 2026-03-05...", "service": "cc_reconcile", "stage": "download_payabl", "status": "ok"}
{"timestamp": "2026-03-06T04:00:37+0800", "level": "INFO", "logger": "etl_logger", "message": "Start downloading Payabl CC Report for date: 2026-03-06...", "service": "cc_reconcile", "stage": "download_payabl", "status": "ok"}
{"timestamp": "2026-03-06T04:00:45+0800", "level": "INFO", "logger": "etl_logger", "message": "Finish downloading Payabl CC Report", "service": "cc_reconcile", "stage": "download_payabl", "status": "ok"}
{"timestamp": "2026-03-06T04:00:45+0800", "level": "INFO", "logger": "etl_logger", "message": "Download Payabl CC Report Finish ，Total: 50407", "service": "cc_reconcile", "stage": "download", "status": "ok"}
{"timestamp": "2026-03-06T04:00:45+0800", "level": "INFO", "logger": "etl_logger", "message": "Login attempt 1/5", "service": "cc_reconcile", "stage": "download_davinci", "status": "ok"}
{"timestamp": "2026-03-06T04:00:46+0800", "level": "INFO", "logger": "etl_logger", "message": "Login response status=200, url=https://admin.vantagemarkets.com/admin/main, cookies=4", "service": "cc_reconcile", "stage": "download_davinci", "status": "ok"}
{"timestamp": "2026-03-06T04:00:46+0800", "level": "INFO", "logger": "etl_logger", "message": "Login successful", "service": "cc_reconcile", "stage": "download_davinci", "status": "ok"}
{"timestamp": "2026-03-06T04:00:46+0800", "level": "INFO", "logger": "etl_logger", "message": "Token obtained successfully", "service": "cc_reconcile", "stage": "download_davinci", "status": "ok"}
{"timestamp": "2026-03-06T04:00:46+0800", "level": "INFO", "logger": "etl_logger", "message": "Start downloading Davinci CC Report for brand: VFSC...", "service": "cc_reconcile", "stage": "download_davinci", "status": "ok"}
{"timestamp": "2026-03-06T04:01:04+0800", "level": "INFO", "logger": "etl_logger", "message": "POST success (VFSC 2026-03-02): cc_withdraw_detail_report_20260305200104.csv, took 18.4s", "service": "cc_reconcile", "stage": "download_davinci", "status": "ok"}
{"timestamp": "2026-03-06T04:01:07+0800", "level": "INFO", "logger": "etl_logger", "message": "Download success (VFSC 2026-03-02): cc_withdraw_detail_report_20260305200104.csv, took 2.4s", "service": "cc_reconcile", "stage": "download_davinci", "status": "ok"}
{"timestamp": "2026-03-06T04:01:26+0800", "level": "INFO", "logger": "etl_logger", "message": "POST success (VFSC 2026-03-03): cc_withdraw_detail_report_20260305200126.csv, took 19.6s", "service": "cc_reconcile", "stage": "download_davinci", "status": "ok"}
{"timestamp": "2026-03-06T04:01:29+0800", "level": "INFO", "logger": "etl_logger", "message": "Download success (VFSC 2026-03-03): cc_withdraw_detail_report_20260305200126.csv, took 2.5s", "service": "cc_reconcile", "stage": "download_davinci", "status": "ok"}
{"timestamp": "2026-03-06T04:01:47+0800", "level": "INFO", "logger": "etl_logger", "message": "POST success (VFSC 2026-03-04): cc_withdraw_detail_report_20260305200147.csv, took 18.5s", "service": "cc_reconcile", "stage": "download_davinci", "status": "ok"}
{"timestamp": "2026-03-06T04:01:50+0800", "level": "INFO", "logger": "etl_logger", "message": "Download success (VFSC 2026-03-04): cc_withdraw_detail_report_20260305200147.csv, took 2.2s", "service": "cc_reconcile", "stage": "download_davinci", "status": "ok"}
{"timestamp": "2026-03-06T04:02:09+0800", "level": "INFO", "logger": "etl_logger", "message": "POST success (VFSC 2026-03-05): cc_withdraw_detail_report_20260305200209.csv, took 18.9s", "service": "cc_reconcile", "stage": "download_davinci", "status": "ok"}
{"timestamp": "2026-03-06T04:02:11+0800", "level": "INFO", "logger": "etl_logger", "message": "Download success (VFSC 2026-03-05): cc_withdraw_detail_report_20260305200209.csv, took 2.2s", "service": "cc_reconcile", "stage": "download_davinci", "status": "ok"}
{"timestamp": "2026-03-06T04:02:11+0800", "level": "INFO", "logger": "etl_logger", "message": "Finish downloading Davinci CC - VFSC Report", "service": "cc_reconcile", "stage": "download_davinci", "status": "ok"}
{"timestamp": "2026-03-06T04:02:11+0800", "level": "INFO", "logger": "etl_logger", "message": "Start downloading Davinci CC Report for brand: VFSC2...", "service": "cc_reconcile", "stage": "download_davinci", "status": "ok"}
{"timestamp": "2026-03-06T04:03:07+0800", "level": "INFO", "logger": "etl_logger", "message": "POST success (VFSC2 2026-03-02): cc_withdraw_detail_report_20260305200306.csv, took 55.9s", "service": "cc_reconcile", "stage": "download_davinci", "status": "ok"}
{"timestamp": "2026-03-06T04:03:10+0800", "level": "INFO", "logger": "etl_logger", "message": "Download success (VFSC2 2026-03-02): cc_withdraw_detail_report_20260305200306.csv, took 3.4s", "service": "cc_reconcile", "stage": "download_davinci", "status": "ok"}
{"timestamp": "2026-03-06T04:04:02+0800", "level": "INFO", "logger": "etl_logger", "message": "POST success (VFSC2 2026-03-03): cc_withdraw_detail_report_20260305200402.csv, took 51.7s", "service": "cc_reconcile", "stage": "download_davinci", "status": "ok"}
{"timestamp": "2026-03-06T04:04:05+0800", "level": "INFO", "logger": "etl_logger", "message": "Download success (VFSC2 2026-03-03): cc_withdraw_detail_report_20260305200402.csv, took 3.2s", "service": "cc_reconcile", "stage": "download_davinci", "status": "ok"}
{"timestamp": "2026-03-06T04:04:57+0800", "level": "INFO", "logger": "etl_logger", "message": "POST success (VFSC2 2026-03-04): cc_withdraw_detail_report_20260305200457.csv, took 52.3s", "service": "cc_reconcile", "stage": "download_davinci", "status": "ok"}
{"timestamp": "2026-03-06T04:05:00+0800", "level": "INFO", "logger": "etl_logger", "message": "Download success (VFSC2 2026-03-04): cc_withdraw_detail_report_20260305200457.csv, took 3.1s", "service": "cc_reconcile", "stage": "download_davinci", "status": "ok"}
{"timestamp": "2026-03-06T04:05:51+0800", "level": "INFO", "logger": "etl_logger", "message": "POST success (VFSC2 2026-03-05): cc_withdraw_detail_report_20260305200551.csv, took 50.4s", "service": "cc_reconcile", "stage": "download_davinci", "status": "ok"}
{"timestamp": "2026-03-06T04:05:53+0800", "level": "INFO", "logger": "etl_logger", "message": "Download success (VFSC2 2026-03-05): cc_withdraw_detail_report_20260305200551.csv, took 2.4s", "service": "cc_reconcile", "stage": "download_davinci", "status": "ok"}
{"timestamp": "2026-03-06T04:05:54+0800", "level": "INFO", "logger": "etl_logger", "message": "Finish downloading Davinci CC - VFSC2 Report", "service": "cc_reconcile", "stage": "download_davinci", "status": "ok"}
{"timestamp": "2026-03-06T04:05:54+0800", "level": "INFO", "logger": "etl_logger", "message": "Finish downloading Davinci CC Report for all brands, total rows: 72869", "service": "cc_reconcile", "stage": "download_davinci", "status": "ok"}
{"timestamp": "2026-03-06T04:05:54+0800", "level": "INFO", "logger": "etl_logger", "message": "Download CRM CC Report Finish ，Total: 72869", "service": "cc_reconcile", "stage": "download", "status": "ok"}
{"timestamp": "2026-03-06T04:05:54+0800", "level": "INFO", "logger": "etl_logger", "message": "Start reconcile...", "service": "cc_reconcile", "stage": "reconcile", "status": "ok"}
{"timestamp": "2026-03-06T04:05:55+0800", "level": "INFO", "logger": "etl_logger", "message": "Reconcile Finish ，Total Mismatch Case: 1", "service": "cc_reconcile", "stage": "reconcile", "status": "ok"}
{"timestamp": "2026-03-06T04:05:55+0800", "level": "INFO", "logger": "etl_logger", "message": "Connect Lark Finish", "service": "cc_reconcile", "stage": "lark", "status": "ok"}
{"timestamp": "2026-03-06T04:05:55+0800", "level": "INFO", "logger": "etl_logger", "message": "Start query existing data in LarkSheet...", "service": "cc_reconcile", "stage": "lark", "status": "ok"}
{"timestamp": "2026-03-06T04:05:56+0800", "level": "INFO", "logger": "etl_logger", "message": "Query existing data in LarkSheet Finish", "service": "cc_reconcile", "stage": "lark", "status": "ok"}
{"timestamp": "2026-03-06T04:05:56+0800", "level": "INFO", "logger": "etl_logger", "message": "Total unique keys in LarkSheet: 160, Total new mismatch cases to upload: 0", "service": "cc_reconcile", "stage": "lark", "status": "ok"}
{"timestamp": "2026-03-06T04:05:56+0800", "level": "INFO", "logger": "etl_logger", "message": "Append data to LarkSheet with range: Kalw4Y!A2:L3, rows: 1, columns: 12", "service": "cc_reconcile", "stage": "lark", "status": "ok"}
{"timestamp": "2026-03-06T04:05:56+0800", "level": "INFO", "logger": "etl_logger", "message": "✅ Successfully appended data to LarkSheet", "service": "cc_reconcile", "stage": "lark", "status": "ok"}
{"timestamp": "2026-03-06T04:05:57+0800", "level": "INFO", "logger": "etl_logger", "message": "Upload data to LarkSheet Finish", "service": "cc_reconcile", "stage": "lark", "status": "ok"}
{"timestamp": "2026-03-06T05:00:01+0800", "level": "INFO", "logger": "etl_logger", "message": "Start download reports...", "service": "cc_reconcile", "stage": "download", "status": "ok"}
{"timestamp": "2026-03-06T05:00:04+0800", "level": "INFO", "logger": "etl_logger", "message": "Payabl Login Success and Get Token Success", "service": "cc_reconcile", "stage": "download_payabl", "status": "ok"}
{"timestamp": "2026-03-06T05:00:04+0800", "level": "INFO", "logger": "etl_logger", "message": "Start downloading Payabl CC Report for date: 2026-03-05...", "service": "cc_reconcile", "stage": "download_payabl", "status": "ok"}
{"timestamp": "2026-03-06T05:00:39+0800", "level": "INFO", "logger": "etl_logger", "message": "Start downloading Payabl CC Report for date: 2026-03-06...", "service": "cc_reconcile", "stage": "download_payabl", "status": "ok"}
{"timestamp": "2026-03-06T05:00:45+0800", "level": "INFO", "logger": "etl_logger", "message": "Finish downloading Payabl CC Report", "service": "cc_reconcile", "stage": "download_payabl", "status": "ok"}
{"timestamp": "2026-03-06T05:00:45+0800", "level": "INFO", "logger": "etl_logger", "message": "Download Payabl CC Report Finish ，Total: 52697", "service": "cc_reconcile", "stage": "download", "status": "ok"}
{"timestamp": "2026-03-06T05:00:45+0800", "level": "INFO", "logger": "etl_logger", "message": "Login attempt 1/5", "service": "cc_reconcile", "stage": "download_davinci", "status": "ok"}
{"timestamp": "2026-03-06T05:00:46+0800", "level": "INFO", "logger": "etl_logger", "message": "Login response status=200, url=https://admin.vantagemarkets.com/admin/main, cookies=4", "service": "cc_reconcile", "stage": "download_davinci", "status": "ok"}
{"timestamp": "2026-03-06T05:00:46+0800", "level": "INFO", "logger": "etl_logger", "message": "Login successful", "service": "cc_reconcile", "stage": "download_davinci", "status": "ok"}
{"timestamp": "2026-03-06T05:00:46+0800", "level": "INFO", "logger": "etl_logger", "message": "Token obtained successfully", "service": "cc_reconcile", "stage": "download_davinci", "status": "ok"}
{"timestamp": "2026-03-06T05:00:46+0800", "level": "INFO", "logger": "etl_logger", "message": "Start downloading Davinci CC Report for brand: VFSC...", "service": "cc_reconcile", "stage": "download_davinci", "status": "ok"}
{"timestamp": "2026-03-06T05:01:06+0800", "level": "INFO", "logger": "etl_logger", "message": "POST success (VFSC 2026-03-02): cc_withdraw_detail_report_20260305210106.csv, took 19.9s", "service": "cc_reconcile", "stage": "download_davinci", "status": "ok"}
{"timestamp": "2026-03-06T05:01:09+0800", "level": "INFO", "logger": "etl_logger", "message": "Download success (VFSC 2026-03-02): cc_withdraw_detail_report_20260305210106.csv, took 2.4s", "service": "cc_reconcile", "stage": "download_davinci", "status": "ok"}
{"timestamp": "2026-03-06T05:01:27+0800", "level": "INFO", "logger": "etl_logger", "message": "POST success (VFSC 2026-03-03): cc_withdraw_detail_report_20260305210127.csv, took 18.2s", "service": "cc_reconcile", "stage": "download_davinci", "status": "ok"}
{"timestamp": "2026-03-06T05:01:29+0800", "level": "INFO", "logger": "etl_logger", "message": "Download success (VFSC 2026-03-03): cc_withdraw_detail_report_20260305210127.csv, took 2.4s", "service": "cc_reconcile", "stage": "download_davinci", "status": "ok"}
{"timestamp": "2026-03-06T05:01:47+0800", "level": "INFO", "logger": "etl_logger", "message": "POST success (VFSC 2026-03-04): cc_withdraw_detail_report_20260305210147.csv, took 18.1s", "service": "cc_reconcile", "stage": "download_davinci", "status": "ok"}
{"timestamp": "2026-03-06T05:01:49+0800", "level": "INFO", "logger": "etl_logger", "message": "Download success (VFSC 2026-03-04): cc_withdraw_detail_report_20260305210147.csv, took 2.2s", "service": "cc_reconcile", "stage": "download_davinci", "status": "ok"}
{"timestamp": "2026-03-06T05:02:08+0800", "level": "INFO", "logger": "etl_logger", "message": "POST success (VFSC 2026-03-05): cc_withdraw_detail_report_20260305210208.csv, took 18.4s", "service": "cc_reconcile", "stage": "download_davinci", "status": "ok"}
{"timestamp": "2026-03-06T05:02:10+0800", "level": "INFO", "logger": "etl_logger", "message": "Download success (VFSC 2026-03-05): cc_withdraw_detail_report_20260305210208.csv, took 2.2s", "service": "cc_reconcile", "stage": "download_davinci", "status": "ok"}
{"timestamp": "2026-03-06T05:02:10+0800", "level": "INFO", "logger": "etl_logger", "message": "Finish downloading Davinci CC - VFSC Report", "service": "cc_reconcile", "stage": "download_davinci", "status": "ok"}
{"timestamp": "2026-03-06T05:02:10+0800", "level": "INFO", "logger": "etl_logger", "message": "Start downloading Davinci CC Report for brand: VFSC2...", "service": "cc_reconcile", "stage": "download_davinci", "status": "ok"}
{"timestamp": "2026-03-06T05:03:06+0800", "level": "INFO", "logger": "etl_logger", "message": "POST success (VFSC2 2026-03-02): cc_withdraw_detail_report_20260305210305.csv, took 55.7s", "service": "cc_reconcile", "stage": "download_davinci", "status": "ok"}
{"timestamp": "2026-03-06T05:03:09+0800", "level": "INFO", "logger": "etl_logger", "message": "Download success (VFSC2 2026-03-02): cc_withdraw_detail_report_20260305210305.csv, took 3.2s", "service": "cc_reconcile", "stage": "download_davinci", "status": "ok"}
{"timestamp": "2026-03-06T05:04:01+0800", "level": "INFO", "logger": "etl_logger", "message": "POST success (VFSC2 2026-03-03): cc_withdraw_detail_report_20260305210401.csv, took 52.0s", "service": "cc_reconcile", "stage": "download_davinci", "status": "ok"}
{"timestamp": "2026-03-06T05:04:04+0800", "level": "INFO", "logger": "etl_logger", "message": "Download success (VFSC2 2026-03-03): cc_withdraw_detail_report_20260305210401.csv, took 3.2s", "service": "cc_reconcile", "stage": "download_davinci", "status": "ok"}
{"timestamp": "2026-03-06T05:04:56+0800", "level": "INFO", "logger": "etl_logger", "message": "POST success (VFSC2 2026-03-04): cc_withdraw_detail_report_20260305210455.csv, took 51.5s", "service": "cc_reconcile", "stage": "download_davinci", "status": "ok"}
{"timestamp": "2026-03-06T05:04:58+0800", "level": "INFO", "logger": "etl_logger", "message": "Download success (VFSC2 2026-03-04): cc_withdraw_detail_report_20260305210455.csv, took 2.9s", "service": "cc_reconcile", "stage": "download_davinci", "status": "ok"}
{"timestamp": "2026-03-06T05:05:49+0800", "level": "INFO", "logger": "etl_logger", "message": "POST success (VFSC2 2026-03-05): cc_withdraw_detail_report_20260305210549.csv, took 50.9s", "service": "cc_reconcile", "stage": "download_davinci", "status": "ok"}
{"timestamp": "2026-03-06T05:05:52+0800", "level": "INFO", "logger": "etl_logger", "message": "Download success (VFSC2 2026-03-05): cc_withdraw_detail_report_20260305210549.csv, took 2.5s", "service": "cc_reconcile", "stage": "download_davinci", "status": "ok"}
{"timestamp": "2026-03-06T05:05:53+0800", "level": "INFO", "logger": "etl_logger", "message": "Finish downloading Davinci CC - VFSC2 Report", "service": "cc_reconcile", "stage": "download_davinci", "status": "ok"}
{"timestamp": "2026-03-06T05:05:53+0800", "level": "INFO", "logger": "etl_logger", "message": "Finish downloading Davinci CC Report for all brands, total rows: 73687", "service": "cc_reconcile", "stage": "download_davinci", "status": "ok"}
{"timestamp": "2026-03-06T05:05:53+0800", "level": "INFO", "logger": "etl_logger", "message": "Download CRM CC Report Finish ，Total: 73687", "service": "cc_reconcile", "stage": "download", "status": "ok"}
{"timestamp": "2026-03-06T05:05:53+0800", "level": "INFO", "logger": "etl_logger", "message": "Start reconcile...", "service": "cc_reconcile", "stage": "reconcile", "status": "ok"}
{"timestamp": "2026-03-06T05:05:53+0800", "level": "INFO", "logger": "etl_logger", "message": "Reconcile Finish ，Total Mismatch Case: 1", "service": "cc_reconcile", "stage": "reconcile", "status": "ok"}
{"timestamp": "2026-03-06T05:05:54+0800", "level": "INFO", "logger": "etl_logger", "message": "Connect Lark Finish", "service": "cc_reconcile", "stage": "lark", "status": "ok"}
{"timestamp": "2026-03-06T05:05:54+0800", "level": "INFO", "logger": "etl_logger", "message": "Start query existing data in LarkSheet...", "service": "cc_reconcile", "stage": "lark", "status": "ok"}
{"timestamp": "2026-03-06T05:05:54+0800", "level": "INFO", "logger": "etl_logger", "message": "Query existing data in LarkSheet Finish", "service": "cc_reconcile", "stage": "lark", "status": "ok"}
{"timestamp": "2026-03-06T05:05:54+0800", "level": "INFO", "logger": "etl_logger", "message": "Total unique keys in LarkSheet: 160, Total new mismatch cases to upload: 0", "service": "cc_reconcile", "stage": "lark", "status": "ok"}
{"timestamp": "2026-03-06T05:05:54+0800", "level": "INFO", "logger": "etl_logger", "message": "Append data to LarkSheet with range: Kalw4Y!A2:L3, rows: 1, columns: 12", "service": "cc_reconcile", "stage": "lark", "status": "ok"}
{"timestamp": "2026-03-06T05:05:55+0800", "level": "INFO", "logger": "etl_logger", "message": "✅ Successfully appended data to LarkSheet", "service": "cc_reconcile", "stage": "lark", "status": "ok"}
{"timestamp": "2026-03-06T05:05:56+0800", "level": "INFO", "logger": "etl_logger", "message": "Upload data to LarkSheet Finish", "service": "cc_reconcile", "stage": "lark", "status": "ok"}
{"timestamp": "2026-03-06T06:00:01+0800", "level": "INFO", "logger": "etl_logger", "message": "Start download reports...", "service": "cc_reconcile", "stage": "download", "status": "ok"}
{"timestamp": "2026-03-06T06:00:05+0800", "level": "INFO", "logger": "etl_logger", "message": "Payabl Login Success and Get Token Success", "service": "cc_reconcile", "stage": "download_payabl", "status": "ok"}
{"timestamp": "2026-03-06T06:00:05+0800", "level": "INFO", "logger": "etl_logger", "message": "Start downloading Payabl CC Report for date: 2026-03-05...", "service": "cc_reconcile", "stage": "download_payabl", "status": "ok"}
{"timestamp": "2026-03-06T06:00:38+0800", "level": "INFO", "logger": "etl_logger", "message": "Start downloading Payabl CC Report for date: 2026-03-06...", "service": "cc_reconcile", "stage": "download_payabl", "status": "ok"}
{"timestamp": "2026-03-06T06:00:44+0800", "level": "INFO", "logger": "etl_logger", "message": "Finish downloading Payabl CC Report", "service": "cc_reconcile", "stage": "download_payabl", "status": "ok"}
{"timestamp": "2026-03-06T06:00:44+0800", "level": "INFO", "logger": "etl_logger", "message": "Download Payabl CC Report Finish ，Total: 54457", "service": "cc_reconcile", "stage": "download", "status": "ok"}
{"timestamp": "2026-03-06T06:00:44+0800", "level": "INFO", "logger": "etl_logger", "message": "Login attempt 1/5", "service": "cc_reconcile", "stage": "download_davinci", "status": "ok"}
{"timestamp": "2026-03-06T06:00:45+0800", "level": "INFO", "logger": "etl_logger", "message": "Login response status=200, url=https://admin.vantagemarkets.com/admin/main, cookies=4", "service": "cc_reconcile", "stage": "download_davinci", "status": "ok"}
{"timestamp": "2026-03-06T06:00:45+0800", "level": "INFO", "logger": "etl_logger", "message": "Login successful", "service": "cc_reconcile", "stage": "download_davinci", "status": "ok"}
{"timestamp": "2026-03-06T06:00:45+0800", "level": "INFO", "logger": "etl_logger", "message": "Token obtained successfully", "service": "cc_reconcile", "stage": "download_davinci", "status": "ok"}
{"timestamp": "2026-03-06T06:00:45+0800", "level": "INFO", "logger": "etl_logger", "message": "Start downloading Davinci CC Report for brand: VFSC...", "service": "cc_reconcile", "stage": "download_davinci", "status": "ok"}
{"timestamp": "2026-03-06T06:01:04+0800", "level": "INFO", "logger": "etl_logger", "message": "POST success (VFSC 2026-03-03): cc_withdraw_detail_report_20260305220104.csv, took 18.3s", "service": "cc_reconcile", "stage": "download_davinci", "status": "ok"}
{"timestamp": "2026-03-06T06:01:06+0800", "level": "INFO", "logger": "etl_logger", "message": "Download success (VFSC 2026-03-03): cc_withdraw_detail_report_20260305220104.csv, took 2.3s", "service": "cc_reconcile", "stage": "download_davinci", "status": "ok"}
{"timestamp": "2026-03-06T06:01:25+0800", "level": "INFO", "logger": "etl_logger", "message": "POST success (VFSC 2026-03-04): cc_withdraw_detail_report_20260305220125.csv, took 19.5s", "service": "cc_reconcile", "stage": "download_davinci", "status": "ok"}
{"timestamp": "2026-03-06T06:01:27+0800", "level": "INFO", "logger": "etl_logger", "message": "Download success (VFSC 2026-03-04): cc_withdraw_detail_report_20260305220125.csv, took 2.0s", "service": "cc_reconcile", "stage": "download_davinci", "status": "ok"}
{"timestamp": "2026-03-06T06:01:45+0800", "level": "INFO", "logger": "etl_logger", "message": "POST success (VFSC 2026-03-05): cc_withdraw_detail_report_20260305220145.csv, took 17.3s", "service": "cc_reconcile", "stage": "download_davinci", "status": "ok"}
{"timestamp": "2026-03-06T06:01:47+0800", "level": "INFO", "logger": "etl_logger", "message": "Download success (VFSC 2026-03-05): cc_withdraw_detail_report_20260305220145.csv, took 2.1s", "service": "cc_reconcile", "stage": "download_davinci", "status": "ok"}
Traceback (most recent call last):
  File "/app/main.py", line 72, in <module>
    main()
  File "/app/main.py", line 24, in main
    crm_cc    = download_davinci_cc_reports()
  File "/app/cc_withdraw_crawler.py", line 276, in download_davinci_cc_reports
    filename = response.json()['data']['file']
KeyError: 'file'
{"timestamp": "2026-03-06T07:00:01+0800", "level": "INFO", "logger": "etl_logger", "message": "Start download reports...", "service": "cc_reconcile", "stage": "download", "status": "ok"}
{"timestamp": "2026-03-06T07:00:05+0800", "level": "INFO", "logger": "etl_logger", "message": "Payabl Login Success and Get Token Success", "service": "cc_reconcile", "stage": "download_payabl", "status": "ok"}
{"timestamp": "2026-03-06T07:00:05+0800", "level": "INFO", "logger": "etl_logger", "message": "Start downloading Payabl CC Report for date: 2026-03-05...", "service": "cc_reconcile", "stage": "download_payabl", "status": "ok"}
{"timestamp": "2026-03-06T07:00:38+0800", "level": "INFO", "logger": "etl_logger", "message": "Start downloading Payabl CC Report for date: 2026-03-06...", "service": "cc_reconcile", "stage": "download_payabl", "status": "ok"}
{"timestamp": "2026-03-06T07:00:46+0800", "level": "INFO", "logger": "etl_logger", "message": "Finish downloading Payabl CC Report", "service": "cc_reconcile", "stage": "download_payabl", "status": "ok"}
{"timestamp": "2026-03-06T07:00:46+0800", "level": "INFO", "logger": "etl_logger", "message": "Download Payabl CC Report Finish ，Total: 55479", "service": "cc_reconcile", "stage": "download", "status": "ok"}
{"timestamp": "2026-03-06T07:00:46+0800", "level": "INFO", "logger": "etl_logger", "message": "Login attempt 1/5", "service": "cc_reconcile", "stage": "download_davinci", "status": "ok"}
{"timestamp": "2026-03-06T07:00:47+0800", "level": "INFO", "logger": "etl_logger", "message": "Login response status=200, url=https://admin.vantagemarkets.com/admin/main, cookies=4", "service": "cc_reconcile", "stage": "download_davinci", "status": "ok"}
{"timestamp": "2026-03-06T07:00:47+0800", "level": "INFO", "logger": "etl_logger", "message": "Login successful", "service": "cc_reconcile", "stage": "download_davinci", "status": "ok"}
{"timestamp": "2026-03-06T07:00:47+0800", "level": "INFO", "logger": "etl_logger", "message": "Token obtained successfully", "service": "cc_reconcile", "stage": "download_davinci", "status": "ok"}
{"timestamp": "2026-03-06T07:00:47+0800", "level": "INFO", "logger": "etl_logger", "message": "Start downloading Davinci CC Report for brand: VFSC...", "service": "cc_reconcile", "stage": "download_davinci", "status": "ok"}
{"timestamp": "2026-03-06T07:01:06+0800", "level": "INFO", "logger": "etl_logger", "message": "POST success (VFSC 2026-03-03): cc_withdraw_detail_report_20260305230106.csv, took 18.8s", "service": "cc_reconcile", "stage": "download_davinci", "status": "ok"}
{"timestamp": "2026-03-06T07:01:08+0800", "level": "INFO", "logger": "etl_logger", "message": "Download success (VFSC 2026-03-03): cc_withdraw_detail_report_20260305230106.csv, took 2.3s", "service": "cc_reconcile", "stage": "download_davinci", "status": "ok"}
{"timestamp": "2026-03-06T07:01:27+0800", "level": "INFO", "logger": "etl_logger", "message": "POST success (VFSC 2026-03-04): cc_withdraw_detail_report_20260305230126.csv, took 18.0s", "service": "cc_reconcile", "stage": "download_davinci", "status": "ok"}
{"timestamp": "2026-03-06T07:01:29+0800", "level": "INFO", "logger": "etl_logger", "message": "Download success (VFSC 2026-03-04): cc_withdraw_detail_report_20260305230126.csv, took 2.1s", "service": "cc_reconcile", "stage": "download_davinci", "status": "ok"}
{"timestamp": "2026-03-06T07:01:48+0800", "level": "INFO", "logger": "etl_logger", "message": "POST success (VFSC 2026-03-05): cc_withdraw_detail_report_20260305230148.csv, took 19.1s", "service": "cc_reconcile", "stage": "download_davinci", "status": "ok"}
{"timestamp": "2026-03-06T07:01:50+0800", "level": "INFO", "logger": "etl_logger", "message": "Download success (VFSC 2026-03-05): cc_withdraw_detail_report_20260305230148.csv, took 2.1s", "service": "cc_reconcile", "stage": "download_davinci", "status": "ok"}
{"timestamp": "2026-03-06T07:02:08+0800", "level": "INFO", "logger": "etl_logger", "message": "POST success (VFSC 2026-03-06): cc_withdraw_detail_report_20260305230208.csv, took 18.0s", "service": "cc_reconcile", "stage": "download_davinci", "status": "ok"}
{"timestamp": "2026-03-06T07:02:09+0800", "level": "INFO", "logger": "etl_logger", "message": "Download success (VFSC 2026-03-06): cc_withdraw_detail_report_20260305230208.csv, took 1.1s", "service": "cc_reconcile", "stage": "download_davinci", "status": "ok"}
{"timestamp": "2026-03-06T07:02:09+0800", "level": "INFO", "logger": "etl_logger", "message": "Finish downloading Davinci CC - VFSC Report", "service": "cc_reconcile", "stage": "download_davinci", "status": "ok"}
{"timestamp": "2026-03-06T07:02:09+0800", "level": "INFO", "logger": "etl_logger", "message": "Start downloading Davinci CC Report for brand: VFSC2...", "service": "cc_reconcile", "stage": "download_davinci", "status": "ok"}
{"timestamp": "2026-03-06T07:03:01+0800", "level": "INFO", "logger": "etl_logger", "message": "POST success (VFSC2 2026-03-03): cc_withdraw_detail_report_20260305230301.csv, took 52.3s", "service": "cc_reconcile", "stage": "download_davinci", "status": "ok"}
{"timestamp": "2026-03-06T07:03:04+0800", "level": "INFO", "logger": "etl_logger", "message": "Download success (VFSC2 2026-03-03): cc_withdraw_detail_report_20260305230301.csv, took 2.8s", "service": "cc_reconcile", "stage": "download_davinci", "status": "ok"}
{"timestamp": "2026-03-06T07:03:55+0800", "level": "INFO", "logger": "etl_logger", "message": "POST success (VFSC2 2026-03-04): cc_withdraw_detail_report_20260305230355.csv, took 50.7s", "service": "cc_reconcile", "stage": "download_davinci", "status": "ok"}
{"timestamp": "2026-03-06T07:03:58+0800", "level": "INFO", "logger": "etl_logger", "message": "Download success (VFSC2 2026-03-04): cc_withdraw_detail_report_20260305230355.csv, took 3.0s", "service": "cc_reconcile", "stage": "download_davinci", "status": "ok"}
{"timestamp": "2026-03-06T07:04:49+0800", "level": "INFO", "logger": "etl_logger", "message": "POST success (VFSC2 2026-03-05): cc_withdraw_detail_report_20260305230449.csv, took 51.8s", "service": "cc_reconcile", "stage": "download_davinci", "status": "ok"}
{"timestamp": "2026-03-06T07:04:52+0800", "level": "INFO", "logger": "etl_logger", "message": "Download success (VFSC2 2026-03-05): cc_withdraw_detail_report_20260305230449.csv, took 2.5s", "service": "cc_reconcile", "stage": "download_davinci", "status": "ok"}
{"timestamp": "2026-03-06T07:05:42+0800", "level": "INFO", "logger": "etl_logger", "message": "POST success (VFSC2 2026-03-06): cc_withdraw_detail_report_20260305230542.csv, took 50.0s", "service": "cc_reconcile", "stage": "download_davinci", "status": "ok"}
{"timestamp": "2026-03-06T07:05:44+0800", "level": "INFO", "logger": "etl_logger", "message": "Download success (VFSC2 2026-03-06): cc_withdraw_detail_report_20260305230542.csv, took 1.5s", "service": "cc_reconcile", "stage": "download_davinci", "status": "ok"}
{"timestamp": "2026-03-06T07:05:45+0800", "level": "INFO", "logger": "etl_logger", "message": "Finish downloading Davinci CC - VFSC2 Report", "service": "cc_reconcile", "stage": "download_davinci", "status": "ok"}
{"timestamp": "2026-03-06T07:05:45+0800", "level": "INFO", "logger": "etl_logger", "message": "Finish downloading Davinci CC Report for all brands, total rows: 48523", "service": "cc_reconcile", "stage": "download_davinci", "status": "ok"}
{"timestamp": "2026-03-06T07:05:45+0800", "level": "INFO", "logger": "etl_logger", "message": "Download CRM CC Report Finish ，Total: 48523", "service": "cc_reconcile", "stage": "download", "status": "ok"}
{"timestamp": "2026-03-06T07:05:45+0800", "level": "INFO", "logger": "etl_logger", "message": "Start reconcile...", "service": "cc_reconcile", "stage": "reconcile", "status": "ok"}
{"timestamp": "2026-03-06T07:05:45+0800", "level": "INFO", "logger": "etl_logger", "message": "Reconcile Finish ，Total Mismatch Case: 1", "service": "cc_reconcile", "stage": "reconcile", "status": "ok"}
{"timestamp": "2026-03-06T07:05:45+0800", "level": "INFO", "logger": "etl_logger", "message": "Connect Lark Finish", "service": "cc_reconcile", "stage": "lark", "status": "ok"}
{"timestamp": "2026-03-06T07:05:45+0800", "level": "INFO", "logger": "etl_logger", "message": "Start query existing data in LarkSheet...", "service": "cc_reconcile", "stage": "lark", "status": "ok"}
{"timestamp": "2026-03-06T07:05:46+0800", "level": "INFO", "logger": "etl_logger", "message": "Query existing data in LarkSheet Finish", "service": "cc_reconcile", "stage": "lark", "status": "ok"}
{"timestamp": "2026-03-06T07:05:46+0800", "level": "INFO", "logger": "etl_logger", "message": "Total unique keys in LarkSheet: 160, Total new mismatch cases to upload: 0", "service": "cc_reconcile", "stage": "lark", "status": "ok"}
{"timestamp": "2026-03-06T07:05:46+0800", "level": "INFO", "logger": "etl_logger", "message": "Append data to LarkSheet with range: Kalw4Y!A2:L3, rows: 1, columns: 12", "service": "cc_reconcile", "stage": "lark", "status": "ok"}
{"timestamp": "2026-03-06T07:05:46+0800", "level": "INFO", "logger": "etl_logger", "message": "✅ Successfully appended data to LarkSheet", "service": "cc_reconcile", "stage": "lark", "status": "ok"}
{"timestamp": "2026-03-06T07:05:48+0800", "level": "INFO", "logger": "etl_logger", "message": "Upload data to LarkSheet Finish", "service": "cc_reconcile", "stage": "lark", "status": "ok"}
{"timestamp": "2026-03-06T08:00:01+0800", "level": "INFO", "logger": "etl_logger", "message": "Start download reports...", "service": "cc_reconcile", "stage": "download", "status": "ok"}
{"timestamp": "2026-03-06T08:00:04+0800", "level": "INFO", "logger": "etl_logger", "message": "Payabl Login Success and Get Token Success", "service": "cc_reconcile", "stage": "download_payabl", "status": "ok"}
{"timestamp": "2026-03-06T08:00:04+0800", "level": "INFO", "logger": "etl_logger", "message": "Start downloading Payabl CC Report for date: 2026-03-05...", "service": "cc_reconcile", "stage": "download_payabl", "status": "ok"}
{"timestamp": "2026-03-06T08:00:37+0800", "level": "INFO", "logger": "etl_logger", "message": "Start downloading Payabl CC Report for date: 2026-03-06...", "service": "cc_reconcile", "stage": "download_payabl", "status": "ok"}
{"timestamp": "2026-03-06T08:00:46+0800", "level": "INFO", "logger": "etl_logger", "message": "Finish downloading Payabl CC Report", "service": "cc_reconcile", "stage": "download_payabl", "status": "ok"}
{"timestamp": "2026-03-06T08:00:46+0800", "level": "INFO", "logger": "etl_logger", "message": "Download Payabl CC Report Finish ，Total: 56879", "service": "cc_reconcile", "stage": "download", "status": "ok"}
{"timestamp": "2026-03-06T08:00:46+0800", "level": "INFO", "logger": "etl_logger", "message": "Login attempt 1/5", "service": "cc_reconcile", "stage": "download_davinci", "status": "ok"}
{"timestamp": "2026-03-06T08:00:47+0800", "level": "INFO", "logger": "etl_logger", "message": "Login response status=200, url=https://admin.vantagemarkets.com/admin/main, cookies=4", "service": "cc_reconcile", "stage": "download_davinci", "status": "ok"}
{"timestamp": "2026-03-06T08:00:47+0800", "level": "INFO", "logger": "etl_logger", "message": "Login successful", "service": "cc_reconcile", "stage": "download_davinci", "status": "ok"}
{"timestamp": "2026-03-06T08:00:47+0800", "level": "INFO", "logger": "etl_logger", "message": "Token obtained successfully", "service": "cc_reconcile", "stage": "download_davinci", "status": "ok"}
{"timestamp": "2026-03-06T08:00:47+0800", "level": "INFO", "logger": "etl_logger", "message": "Start downloading Davinci CC Report for brand: VFSC...", "service": "cc_reconcile", "stage": "download_davinci", "status": "ok"}
{"timestamp": "2026-03-06T08:01:06+0800", "level": "INFO", "logger": "etl_logger", "message": "POST success (VFSC 2026-03-03): cc_withdraw_detail_report_20260306000106.csv, took 18.2s", "service": "cc_reconcile", "stage": "download_davinci", "status": "ok"}
{"timestamp": "2026-03-06T08:01:08+0800", "level": "INFO", "logger": "etl_logger", "message": "Download success (VFSC 2026-03-03): cc_withdraw_detail_report_20260306000106.csv, took 2.4s", "service": "cc_reconcile", "stage": "download_davinci", "status": "ok"}
{"timestamp": "2026-03-06T08:01:26+0800", "level": "INFO", "logger": "etl_logger", "message": "POST success (VFSC 2026-03-04): cc_withdraw_detail_report_20260306000126.csv, took 18.1s", "service": "cc_reconcile", "stage": "download_davinci", "status": "ok"}
{"timestamp": "2026-03-06T08:01:28+0800", "level": "INFO", "logger": "etl_logger", "message": "Download success (VFSC 2026-03-04): cc_withdraw_detail_report_20260306000126.csv, took 2.0s", "service": "cc_reconcile", "stage": "download_davinci", "status": "ok"}
{"timestamp": "2026-03-06T08:01:46+0800", "level": "INFO", "logger": "etl_logger", "message": "POST success (VFSC 2026-03-05): cc_withdraw_detail_report_20260306000146.csv, took 18.0s", "service": "cc_reconcile", "stage": "download_davinci", "status": "ok"}
{"timestamp": "2026-03-06T08:01:48+0800", "level": "INFO", "logger": "etl_logger", "message": "Download success (VFSC 2026-03-05): cc_withdraw_detail_report_20260306000146.csv, took 2.2s", "service": "cc_reconcile", "stage": "download_davinci", "status": "ok"}
{"timestamp": "2026-03-06T08:02:06+0800", "level": "INFO", "logger": "etl_logger", "message": "POST success (VFSC 2026-03-06): cc_withdraw_detail_report_20260306000206.csv, took 17.5s", "service": "cc_reconcile", "stage": "download_davinci", "status": "ok"}
{"timestamp": "2026-03-06T08:02:07+0800", "level": "INFO", "logger": "etl_logger", "message": "Download success (VFSC 2026-03-06): cc_withdraw_detail_report_20260306000206.csv, took 1.2s", "service": "cc_reconcile", "stage": "download_davinci", "status": "ok"}
{"timestamp": "2026-03-06T08:02:07+0800", "level": "INFO", "logger": "etl_logger", "message": "Finish downloading Davinci CC - VFSC Report", "service": "cc_reconcile", "stage": "download_davinci", "status": "ok"}
{"timestamp": "2026-03-06T08:02:07+0800", "level": "INFO", "logger": "etl_logger", "message": "Start downloading Davinci CC Report for brand: VFSC2...", "service": "cc_reconcile", "stage": "download_davinci", "status": "ok"}
{"timestamp": "2026-03-06T08:03:00+0800", "level": "INFO", "logger": "etl_logger", "message": "POST success (VFSC2 2026-03-03): cc_withdraw_detail_report_20260306000259.csv, took 52.5s", "service": "cc_reconcile", "stage": "download_davinci", "status": "ok"}
{"timestamp": "2026-03-06T08:03:03+0800", "level": "INFO", "logger": "etl_logger", "message": "Download success (VFSC2 2026-03-03): cc_withdraw_detail_report_20260306000259.csv, took 3.2s", "service": "cc_reconcile", "stage": "download_davinci", "status": "ok"}
{"timestamp": "2026-03-06T08:03:57+0800", "level": "INFO", "logger": "etl_logger", "message": "POST success (VFSC2 2026-03-04): cc_withdraw_detail_report_20260306000357.csv, took 54.1s", "service": "cc_reconcile", "stage": "download_davinci", "status": "ok"}
{"timestamp": "2026-03-06T08:04:00+0800", "level": "INFO", "logger": "etl_logger", "message": "Download success (VFSC2 2026-03-04): cc_withdraw_detail_report_20260306000357.csv, took 3.2s", "service": "cc_reconcile", "stage": "download_davinci", "status": "ok"}
{"timestamp": "2026-03-06T08:04:51+0800", "level": "INFO", "logger": "etl_logger", "message": "POST success (VFSC2 2026-03-05): cc_withdraw_detail_report_20260306000451.csv, took 50.6s", "service": "cc_reconcile", "stage": "download_davinci", "status": "ok"}
{"timestamp": "2026-03-06T08:04:54+0800", "level": "INFO", "logger": "etl_logger", "message": "Download success (VFSC2 2026-03-05): cc_withdraw_detail_report_20260306000451.csv, took 3.2s", "service": "cc_reconcile", "stage": "download_davinci", "status": "ok"}
{"timestamp": "2026-03-06T08:05:44+0800", "level": "INFO", "logger": "etl_logger", "message": "POST success (VFSC2 2026-03-06): cc_withdraw_detail_report_20260306000544.csv, took 50.5s", "service": "cc_reconcile", "stage": "download_davinci", "status": "ok"}
{"timestamp": "2026-03-06T08:05:46+0800", "level": "INFO", "logger": "etl_logger", "message": "Download success (VFSC2 2026-03-06): cc_withdraw_detail_report_20260306000544.csv, took 1.9s", "service": "cc_reconcile", "stage": "download_davinci", "status": "ok"}
{"timestamp": "2026-03-06T08:05:47+0800", "level": "INFO", "logger": "etl_logger", "message": "Finish downloading Davinci CC - VFSC2 Report", "service": "cc_reconcile", "stage": "download_davinci", "status": "ok"}
{"timestamp": "2026-03-06T08:05:47+0800", "level": "INFO", "logger": "etl_logger", "message": "Finish downloading Davinci CC Report for all brands, total rows: 48991", "service": "cc_reconcile", "stage": "download_davinci", "status": "ok"}
{"timestamp": "2026-03-06T08:05:47+0800", "level": "INFO", "logger": "etl_logger", "message": "Download CRM CC Report Finish ，Total: 48991", "service": "cc_reconcile", "stage": "download", "status": "ok"}
{"timestamp": "2026-03-06T08:05:47+0800", "level": "INFO", "logger": "etl_logger", "message": "Start reconcile...", "service": "cc_reconcile", "stage": "reconcile", "status": "ok"}
{"timestamp": "2026-03-06T08:05:47+0800", "level": "INFO", "logger": "etl_logger", "message": "Reconcile Finish ，Total Mismatch Case: 1", "service": "cc_reconcile", "stage": "reconcile", "status": "ok"}
{"timestamp": "2026-03-06T08:05:47+0800", "level": "INFO", "logger": "etl_logger", "message": "Connect Lark Finish", "service": "cc_reconcile", "stage": "lark", "status": "ok"}
{"timestamp": "2026-03-06T08:05:47+0800", "level": "INFO", "logger": "etl_logger", "message": "Start query existing data in LarkSheet...", "service": "cc_reconcile", "stage": "lark", "status": "ok"}
{"timestamp": "2026-03-06T08:05:48+0800", "level": "INFO", "logger": "etl_logger", "message": "Query existing data in LarkSheet Finish", "service": "cc_reconcile", "stage": "lark", "status": "ok"}
{"timestamp": "2026-03-06T08:05:48+0800", "level": "INFO", "logger": "etl_logger", "message": "Total unique keys in LarkSheet: 160, Total new mismatch cases to upload: 0", "service": "cc_reconcile", "stage": "lark", "status": "ok"}
{"timestamp": "2026-03-06T08:05:48+0800", "level": "INFO", "logger": "etl_logger", "message": "Append data to LarkSheet with range: Kalw4Y!A2:L3, rows: 1, columns: 12", "service": "cc_reconcile", "stage": "lark", "status": "ok"}
{"timestamp": "2026-03-06T08:05:49+0800", "level": "INFO", "logger": "etl_logger", "message": "✅ Successfully appended data to LarkSheet", "service": "cc_reconcile", "stage": "lark", "status": "ok"}
{"timestamp": "2026-03-06T08:05:50+0800", "level": "INFO", "logger": "etl_logger", "message": "Upload data to LarkSheet Finish", "service": "cc_reconcile", "stage": "lark", "status": "ok"}
{"timestamp": "2026-03-06T09:00:02+0800", "level": "INFO", "logger": "etl_logger", "message": "Start download reports...", "service": "cc_reconcile", "stage": "download", "status": "ok"}
{"timestamp": "2026-03-06T09:00:05+0800", "level": "INFO", "logger": "etl_logger", "message": "Payabl Login Success and Get Token Success", "service": "cc_reconcile", "stage": "download_payabl", "status": "ok"}
{"timestamp": "2026-03-06T09:00:05+0800", "level": "INFO", "logger": "etl_logger", "message": "Start downloading Payabl CC Report for date: 2026-03-05...", "service": "cc_reconcile", "stage": "download_payabl", "status": "ok"}
{"timestamp": "2026-03-06T09:00:39+0800", "level": "INFO", "logger": "etl_logger", "message": "Start downloading Payabl CC Report for date: 2026-03-06...", "service": "cc_reconcile", "stage": "download_payabl", "status": "ok"}
{"timestamp": "2026-03-06T09:00:49+0800", "level": "INFO", "logger": "etl_logger", "message": "Finish downloading Payabl CC Report", "service": "cc_reconcile", "stage": "download_payabl", "status": "ok"}
{"timestamp": "2026-03-06T09:00:49+0800", "level": "INFO", "logger": "etl_logger", "message": "Download Payabl CC Report Finish ，Total: 58223", "service": "cc_reconcile", "stage": "download", "status": "ok"}
{"timestamp": "2026-03-06T09:00:49+0800", "level": "INFO", "logger": "etl_logger", "message": "Login attempt 1/5", "service": "cc_reconcile", "stage": "download_davinci", "status": "ok"}
{"timestamp": "2026-03-06T09:00:50+0800", "level": "INFO", "logger": "etl_logger", "message": "Login response status=200, url=https://admin.vantagemarkets.com/admin/main, cookies=4", "service": "cc_reconcile", "stage": "download_davinci", "status": "ok"}
{"timestamp": "2026-03-06T09:00:50+0800", "level": "INFO", "logger": "etl_logger", "message": "Login successful", "service": "cc_reconcile", "stage": "download_davinci", "status": "ok"}
{"timestamp": "2026-03-06T09:00:50+0800", "level": "INFO", "logger": "etl_logger", "message": "Token obtained successfully", "service": "cc_reconcile", "stage": "download_davinci", "status": "ok"}
{"timestamp": "2026-03-06T09:00:50+0800", "level": "INFO", "logger": "etl_logger", "message": "Start downloading Davinci CC Report for brand: VFSC...", "service": "cc_reconcile", "stage": "download_davinci", "status": "ok"}
{"timestamp": "2026-03-06T09:01:12+0800", "level": "INFO", "logger": "etl_logger", "message": "POST success (VFSC 2026-03-03): cc_withdraw_detail_report_20260306010112.csv, took 22.2s", "service": "cc_reconcile", "stage": "download_davinci", "status": "ok"}
{"timestamp": "2026-03-06T09:01:15+0800", "level": "INFO", "logger": "etl_logger", "message": "Download success (VFSC 2026-03-03): cc_withdraw_detail_report_20260306010112.csv, took 2.4s", "service": "cc_reconcile", "stage": "download_davinci", "status": "ok"}
{"timestamp": "2026-03-06T09:01:33+0800", "level": "INFO", "logger": "etl_logger", "message": "POST success (VFSC 2026-03-04): cc_withdraw_detail_report_20260306010133.csv, took 18.6s", "service": "cc_reconcile", "stage": "download_davinci", "status": "ok"}
{"timestamp": "2026-03-06T09:01:35+0800", "level": "INFO", "logger": "etl_logger", "message": "Download success (VFSC 2026-03-04): cc_withdraw_detail_report_20260306010133.csv, took 2.1s", "service": "cc_reconcile", "stage": "download_davinci", "status": "ok"}
{"timestamp": "2026-03-06T09:01:55+0800", "level": "INFO", "logger": "etl_logger", "message": "POST success (VFSC 2026-03-05): cc_withdraw_detail_report_20260306010155.csv, took 19.1s", "service": "cc_reconcile", "stage": "download_davinci", "status": "ok"}
{"timestamp": "2026-03-06T09:01:57+0800", "level": "INFO", "logger": "etl_logger", "message": "Download success (VFSC 2026-03-05): cc_withdraw_detail_report_20260306010155.csv, took 2.2s", "service": "cc_reconcile", "stage": "download_davinci", "status": "ok"}
{"timestamp": "2026-03-06T09:02:15+0800", "level": "INFO", "logger": "etl_logger", "message": "POST success (VFSC 2026-03-06): cc_withdraw_detail_report_20260306010215.csv, took 17.9s", "service": "cc_reconcile", "stage": "download_davinci", "status": "ok"}
{"timestamp": "2026-03-06T09:02:16+0800", "level": "INFO", "logger": "etl_logger", "message": "Download success (VFSC 2026-03-06): cc_withdraw_detail_report_20260306010215.csv, took 1.5s", "service": "cc_reconcile", "stage": "download_davinci", "status": "ok"}
{"timestamp": "2026-03-06T09:02:16+0800", "level": "INFO", "logger": "etl_logger", "message": "Finish downloading Davinci CC - VFSC Report", "service": "cc_reconcile", "stage": "download_davinci", "status": "ok"}
{"timestamp": "2026-03-06T09:02:16+0800", "level": "INFO", "logger": "etl_logger", "message": "Start downloading Davinci CC Report for brand: VFSC2...", "service": "cc_reconcile", "stage": "download_davinci", "status": "ok"}
{"timestamp": "2026-03-06T09:03:10+0800", "level": "INFO", "logger": "etl_logger", "message": "POST success (VFSC2 2026-03-03): cc_withdraw_detail_report_20260306010310.csv, took 54.0s", "service": "cc_reconcile", "stage": "download_davinci", "status": "ok"}
{"timestamp": "2026-03-06T09:03:13+0800", "level": "INFO", "logger": "etl_logger", "message": "Download success (VFSC2 2026-03-03): cc_withdraw_detail_report_20260306010310.csv, took 3.2s", "service": "cc_reconcile", "stage": "download_davinci", "status": "ok"}
{"timestamp": "2026-03-06T09:04:06+0800", "level": "INFO", "logger": "etl_logger", "message": "POST success (VFSC2 2026-03-04): cc_withdraw_detail_report_20260306010405.csv, took 52.0s", "service": "cc_reconcile", "stage": "download_davinci", "status": "ok"}
{"timestamp": "2026-03-06T09:04:09+0800", "level": "INFO", "logger": "etl_logger", "message": "Download success (VFSC2 2026-03-04): cc_withdraw_detail_report_20260306010405.csv, took 3.1s", "service": "cc_reconcile", "stage": "download_davinci", "status": "ok"}
{"timestamp": "2026-03-06T09:05:01+0800", "level": "INFO", "logger": "etl_logger", "message": "POST success (VFSC2 2026-03-05): cc_withdraw_detail_report_20260306010501.csv, took 52.7s", "service": "cc_reconcile", "stage": "download_davinci", "status": "ok"}
{"timestamp": "2026-03-06T09:05:04+0800", "level": "INFO", "logger": "etl_logger", "message": "Download success (VFSC2 2026-03-05): cc_withdraw_detail_report_20260306010501.csv, took 3.0s", "service": "cc_reconcile", "stage": "download_davinci", "status": "ok"}
{"timestamp": "2026-03-06T09:05:56+0800", "level": "INFO", "logger": "etl_logger", "message": "POST success (VFSC2 2026-03-06): cc_withdraw_detail_report_20260306010556.csv, took 51.6s", "service": "cc_reconcile", "stage": "download_davinci", "status": "ok"}
{"timestamp": "2026-03-06T09:05:58+0800", "level": "INFO", "logger": "etl_logger", "message": "Download success (VFSC2 2026-03-06): cc_withdraw_detail_report_20260306010556.csv, took 2.2s", "service": "cc_reconcile", "stage": "download_davinci", "status": "ok"}
{"timestamp": "2026-03-06T09:05:59+0800", "level": "INFO", "logger": "etl_logger", "message": "Finish downloading Davinci CC - VFSC2 Report", "service": "cc_reconcile", "stage": "download_davinci", "status": "ok"}
{"timestamp": "2026-03-06T09:05:59+0800", "level": "INFO", "logger": "etl_logger", "message": "Finish downloading Davinci CC Report for all brands, total rows: 49390", "service": "cc_reconcile", "stage": "download_davinci", "status": "ok"}
{"timestamp": "2026-03-06T09:05:59+0800", "level": "INFO", "logger": "etl_logger", "message": "Download CRM CC Report Finish ，Total: 49390", "service": "cc_reconcile", "stage": "download", "status": "ok"}
{"timestamp": "2026-03-06T09:05:59+0800", "level": "INFO", "logger": "etl_logger", "message": "Start reconcile...", "service": "cc_reconcile", "stage": "reconcile", "status": "ok"}
{"timestamp": "2026-03-06T09:05:59+0800", "level": "INFO", "logger": "etl_logger", "message": "Reconcile Finish ，Total Mismatch Case: 1", "service": "cc_reconcile", "stage": "reconcile", "status": "ok"}
{"timestamp": "2026-03-06T09:06:00+0800", "level": "INFO", "logger": "etl_logger", "message": "Connect Lark Finish", "service": "cc_reconcile", "stage": "lark", "status": "ok"}
{"timestamp": "2026-03-06T09:06:00+0800", "level": "INFO", "logger": "etl_logger", "message": "Start query existing data in LarkSheet...", "service": "cc_reconcile", "stage": "lark", "status": "ok"}
{"timestamp": "2026-03-06T09:06:01+0800", "level": "INFO", "logger": "etl_logger", "message": "Query existing data in LarkSheet Finish", "service": "cc_reconcile", "stage": "lark", "status": "ok"}
{"timestamp": "2026-03-06T09:06:01+0800", "level": "INFO", "logger": "etl_logger", "message": "Total unique keys in LarkSheet: 160, Total new mismatch cases to upload: 1", "service": "cc_reconcile", "stage": "lark", "status": "ok"}
{"timestamp": "2026-03-06T09:06:01+0800", "level": "INFO", "logger": "etl_logger", "message": "Append data to LarkSheet with range: Kalw4Y!A2:L3, rows: 1, columns: 12", "service": "cc_reconcile", "stage": "lark", "status": "ok"}
{"timestamp": "2026-03-06T09:06:01+0800", "level": "INFO", "logger": "etl_logger", "message": "✅ Successfully appended data to LarkSheet", "service": "cc_reconcile", "stage": "lark", "status": "ok"}
{"timestamp": "2026-03-06T09:06:02+0800", "level": "INFO", "logger": "etl_logger", "message": "Upload data to LarkSheet Finish", "service": "cc_reconcile", "stage": "lark", "status": "ok"}
{"timestamp": "2026-03-06T10:00:01+0800", "level": "INFO", "logger": "etl_logger", "message": "Start download reports...", "service": "cc_reconcile", "stage": "download", "status": "ok"}
{"timestamp": "2026-03-06T10:00:04+0800", "level": "INFO", "logger": "etl_logger", "message": "Payabl Login Success and Get Token Success", "service": "cc_reconcile", "stage": "download_payabl", "status": "ok"}
{"timestamp": "2026-03-06T10:00:04+0800", "level": "INFO", "logger": "etl_logger", "message": "Start downloading Payabl CC Report for date: 2026-03-05...", "service": "cc_reconcile", "stage": "download_payabl", "status": "ok"}
{"timestamp": "2026-03-06T10:00:37+0800", "level": "INFO", "logger": "etl_logger", "message": "Start downloading Payabl CC Report for date: 2026-03-06...", "service": "cc_reconcile", "stage": "download_payabl", "status": "ok"}
{"timestamp": "2026-03-06T10:00:48+0800", "level": "INFO", "logger": "etl_logger", "message": "Finish downloading Payabl CC Report", "service": "cc_reconcile", "stage": "download_payabl", "status": "ok"}
{"timestamp": "2026-03-06T10:00:48+0800", "level": "INFO", "logger": "etl_logger", "message": "Download Payabl CC Report Finish ，Total: 60142", "service": "cc_reconcile", "stage": "download", "status": "ok"}
{"timestamp": "2026-03-06T10:00:48+0800", "level": "INFO", "logger": "etl_logger", "message": "Login attempt 1/5", "service": "cc_reconcile", "stage": "download_davinci", "status": "ok"}
{"timestamp": "2026-03-06T10:00:49+0800", "level": "INFO", "logger": "etl_logger", "message": "Login response status=200, url=https://admin.vantagemarkets.com/admin/main, cookies=4", "service": "cc_reconcile", "stage": "download_davinci", "status": "ok"}
{"timestamp": "2026-03-06T10:00:49+0800", "level": "INFO", "logger": "etl_logger", "message": "Login successful", "service": "cc_reconcile", "stage": "download_davinci", "status": "ok"}
{"timestamp": "2026-03-06T10:00:49+0800", "level": "INFO", "logger": "etl_logger", "message": "Token obtained successfully", "service": "cc_reconcile", "stage": "download_davinci", "status": "ok"}
{"timestamp": "2026-03-06T10:00:49+0800", "level": "INFO", "logger": "etl_logger", "message": "Start downloading Davinci CC Report for brand: VFSC...", "service": "cc_reconcile", "stage": "download_davinci", "status": "ok"}
{"timestamp": "2026-03-06T10:01:09+0800", "level": "INFO", "logger": "etl_logger", "message": "POST success (VFSC 2026-03-03): cc_withdraw_detail_report_20260306020109.csv, took 19.5s", "service": "cc_reconcile", "stage": "download_davinci", "status": "ok"}
{"timestamp": "2026-03-06T10:01:11+0800", "level": "INFO", "logger": "etl_logger", "message": "Download success (VFSC 2026-03-03): cc_withdraw_detail_report_20260306020109.csv, took 2.0s", "service": "cc_reconcile", "stage": "download_davinci", "status": "ok"}
{"timestamp": "2026-03-06T10:01:29+0800", "level": "INFO", "logger": "etl_logger", "message": "POST success (VFSC 2026-03-04): cc_withdraw_detail_report_20260306020129.csv, took 18.2s", "service": "cc_reconcile", "stage": "download_davinci", "status": "ok"}
{"timestamp": "2026-03-06T10:01:31+0800", "level": "INFO", "logger": "etl_logger", "message": "Download success (VFSC 2026-03-04): cc_withdraw_detail_report_20260306020129.csv, took 2.0s", "service": "cc_reconcile", "stage": "download_davinci", "status": "ok"}
{"timestamp": "2026-03-06T10:01:50+0800", "level": "INFO", "logger": "etl_logger", "message": "POST success (VFSC 2026-03-05): cc_withdraw_detail_report_20260306020150.csv, took 18.8s", "service": "cc_reconcile", "stage": "download_davinci", "status": "ok"}
{"timestamp": "2026-03-06T10:01:52+0800", "level": "INFO", "logger": "etl_logger", "message": "Download success (VFSC 2026-03-05): cc_withdraw_detail_report_20260306020150.csv, took 2.2s", "service": "cc_reconcile", "stage": "download_davinci", "status": "ok"}
{"timestamp": "2026-03-06T10:02:10+0800", "level": "INFO", "logger": "etl_logger", "message": "POST success (VFSC 2026-03-06): cc_withdraw_detail_report_20260306020210.csv, took 17.9s", "service": "cc_reconcile", "stage": "download_davinci", "status": "ok"}
{"timestamp": "2026-03-06T10:02:11+0800", "level": "INFO", "logger": "etl_logger", "message": "Download success (VFSC 2026-03-06): cc_withdraw_detail_report_20260306020210.csv, took 1.3s", "service": "cc_reconcile", "stage": "download_davinci", "status": "ok"}
{"timestamp": "2026-03-06T10:02:11+0800", "level": "INFO", "logger": "etl_logger", "message": "Finish downloading Davinci CC - VFSC Report", "service": "cc_reconcile", "stage": "download_davinci", "status": "ok"}
{"timestamp": "2026-03-06T10:02:11+0800", "level": "INFO", "logger": "etl_logger", "message": "Start downloading Davinci CC Report for brand: VFSC2...", "service": "cc_reconcile", "stage": "download_davinci", "status": "ok"}
{"timestamp": "2026-03-06T10:03:07+0800", "level": "INFO", "logger": "etl_logger", "message": "POST success (VFSC2 2026-03-03): cc_withdraw_detail_report_20260306020307.csv, took 55.9s", "service": "cc_reconcile", "stage": "download_davinci", "status": "ok"}
{"timestamp": "2026-03-06T10:03:10+0800", "level": "INFO", "logger": "etl_logger", "message": "Download success (VFSC2 2026-03-03): cc_withdraw_detail_report_20260306020307.csv, took 3.1s", "service": "cc_reconcile", "stage": "download_davinci", "status": "ok"}
{"timestamp": "2026-03-06T10:04:04+0800", "level": "INFO", "logger": "etl_logger", "message": "POST success (VFSC2 2026-03-04): cc_withdraw_detail_report_20260306020404.csv, took 53.7s", "service": "cc_reconcile", "stage": "download_davinci", "status": "ok"}
{"timestamp": "2026-03-06T10:04:07+0800", "level": "INFO", "logger": "etl_logger", "message": "Download success (VFSC2 2026-03-04): cc_withdraw_detail_report_20260306020404.csv, took 3.0s", "service": "cc_reconcile", "stage": "download_davinci", "status": "ok"}
{"timestamp": "2026-03-06T10:04:58+0800", "level": "INFO", "logger": "etl_logger", "message": "POST success (VFSC2 2026-03-05): cc_withdraw_detail_report_20260306020458.csv, took 51.5s", "service": "cc_reconcile", "stage": "download_davinci", "status": "ok"}
{"timestamp": "2026-03-06T10:05:02+0800", "level": "INFO", "logger": "etl_logger", "message": "Download success (VFSC2 2026-03-05): cc_withdraw_detail_report_20260306020458.csv, took 3.0s", "service": "cc_reconcile", "stage": "download_davinci", "status": "ok"}
{"timestamp": "2026-03-06T10:05:51+0800", "level": "INFO", "logger": "etl_logger", "message": "POST success (VFSC2 2026-03-06): cc_withdraw_detail_report_20260306020551.csv, took 49.7s", "service": "cc_reconcile", "stage": "download_davinci", "status": "ok"}
{"timestamp": "2026-03-06T10:05:53+0800", "level": "INFO", "logger": "etl_logger", "message": "Download success (VFSC2 2026-03-06): cc_withdraw_detail_report_20260306020551.csv, took 2.2s", "service": "cc_reconcile", "stage": "download_davinci", "status": "ok"}
{"timestamp": "2026-03-06T10:05:54+0800", "level": "INFO", "logger": "etl_logger", "message": "Finish downloading Davinci CC - VFSC2 Report", "service": "cc_reconcile", "stage": "download_davinci", "status": "ok"}
{"timestamp": "2026-03-06T10:05:54+0800", "level": "INFO", "logger": "etl_logger", "message": "Finish downloading Davinci CC Report for all brands, total rows: 49897", "service": "cc_reconcile", "stage": "download_davinci", "status": "ok"}
{"timestamp": "2026-03-06T10:05:54+0800", "level": "INFO", "logger": "etl_logger", "message": "Download CRM CC Report Finish ，Total: 49897", "service": "cc_reconcile", "stage": "download", "status": "ok"}
{"timestamp": "2026-03-06T10:05:54+0800", "level": "INFO", "logger": "etl_logger", "message": "Start reconcile...", "service": "cc_reconcile", "stage": "reconcile", "status": "ok"}
{"timestamp": "2026-03-06T10:05:55+0800", "level": "INFO", "logger": "etl_logger", "message": "Reconcile Finish ，Total Mismatch Case: 2", "service": "cc_reconcile", "stage": "reconcile", "status": "ok"}
{"timestamp": "2026-03-06T10:05:55+0800", "level": "INFO", "logger": "etl_logger", "message": "Connect Lark Finish", "service": "cc_reconcile", "stage": "lark", "status": "ok"}
{"timestamp": "2026-03-06T10:05:55+0800", "level": "INFO", "logger": "etl_logger", "message": "Start query existing data in LarkSheet...", "service": "cc_reconcile", "stage": "lark", "status": "ok"}
{"timestamp": "2026-03-06T10:05:56+0800", "level": "INFO", "logger": "etl_logger", "message": "Query existing data in LarkSheet Finish", "service": "cc_reconcile", "stage": "lark", "status": "ok"}
{"timestamp": "2026-03-06T10:05:56+0800", "level": "INFO", "logger": "etl_logger", "message": "Total unique keys in LarkSheet: 161, Total new mismatch cases to upload: 1", "service": "cc_reconcile", "stage": "lark", "status": "ok"}
{"timestamp": "2026-03-06T10:05:56+0800", "level": "INFO", "logger": "etl_logger", "message": "Append data to LarkSheet with range: Kalw4Y!A2:L3, rows: 1, columns: 12", "service": "cc_reconcile", "stage": "lark", "status": "ok"}
{"timestamp": "2026-03-06T10:05:56+0800", "level": "INFO", "logger": "etl_logger", "message": "✅ Successfully appended data to LarkSheet", "service": "cc_reconcile", "stage": "lark", "status": "ok"}
{"timestamp": "2026-03-06T10:05:58+0800", "level": "INFO", "logger": "etl_logger", "message": "Upload data to LarkSheet Finish", "service": "cc_reconcile", "stage": "lark", "status": "ok"}
{"timestamp": "2026-03-06T11:00:01+0800", "level": "INFO", "logger": "etl_logger", "message": "Start download reports...", "service": "cc_reconcile", "stage": "download", "status": "ok"}
{"timestamp": "2026-03-06T11:00:05+0800", "level": "INFO", "logger": "etl_logger", "message": "Payabl Login Success and Get Token Success", "service": "cc_reconcile", "stage": "download_payabl", "status": "ok"}
{"timestamp": "2026-03-06T11:00:05+0800", "level": "INFO", "logger": "etl_logger", "message": "Start downloading Payabl CC Report for date: 2026-03-05...", "service": "cc_reconcile", "stage": "download_payabl", "status": "ok"}
{"timestamp": "2026-03-06T11:00:38+0800", "level": "INFO", "logger": "etl_logger", "message": "Start downloading Payabl CC Report for date: 2026-03-06...", "service": "cc_reconcile", "stage": "download_payabl", "status": "ok"}
{"timestamp": "2026-03-06T11:00:48+0800", "level": "INFO", "logger": "etl_logger", "message": "Finish downloading Payabl CC Report", "service": "cc_reconcile", "stage": "download_payabl", "status": "ok"}
{"timestamp": "2026-03-06T11:00:48+0800", "level": "INFO", "logger": "etl_logger", "message": "Download Payabl CC Report Finish ，Total: 61076", "service": "cc_reconcile", "stage": "download", "status": "ok"}
{"timestamp": "2026-03-06T11:00:48+0800", "level": "INFO", "logger": "etl_logger", "message": "Login attempt 1/5", "service": "cc_reconcile", "stage": "download_davinci", "status": "ok"}
{"timestamp": "2026-03-06T11:00:49+0800", "level": "INFO", "logger": "etl_logger", "message": "Login response status=200, url=https://admin.vantagemarkets.com/admin/main, cookies=4", "service": "cc_reconcile", "stage": "download_davinci", "status": "ok"}
{"timestamp": "2026-03-06T11:00:49+0800", "level": "INFO", "logger": "etl_logger", "message": "Login successful", "service": "cc_reconcile", "stage": "download_davinci", "status": "ok"}
{"timestamp": "2026-03-06T11:00:49+0800", "level": "INFO", "logger": "etl_logger", "message": "Token obtained successfully", "service": "cc_reconcile", "stage": "download_davinci", "status": "ok"}
{"timestamp": "2026-03-06T11:00:49+0800", "level": "INFO", "logger": "etl_logger", "message": "Start downloading Davinci CC Report for brand: VFSC...", "service": "cc_reconcile", "stage": "download_davinci", "status": "ok"}
{"timestamp": "2026-03-06T11:01:08+0800", "level": "INFO", "logger": "etl_logger", "message": "POST success (VFSC 2026-03-03): cc_withdraw_detail_report_20260306030108.csv, took 18.8s", "service": "cc_reconcile", "stage": "download_davinci", "status": "ok"}
{"timestamp": "2026-03-06T11:01:10+0800", "level": "INFO", "logger": "etl_logger", "message": "Download success (VFSC 2026-03-03): cc_withdraw_detail_report_20260306030108.csv, took 2.0s", "service": "cc_reconcile", "stage": "download_davinci", "status": "ok"}
{"timestamp": "2026-03-06T11:01:29+0800", "level": "INFO", "logger": "etl_logger", "message": "POST success (VFSC 2026-03-04): cc_withdraw_detail_report_20260306030129.csv, took 18.8s", "service": "cc_reconcile", "stage": "download_davinci", "status": "ok"}
{"timestamp": "2026-03-06T11:01:31+0800", "level": "INFO", "logger": "etl_logger", "message": "Download success (VFSC 2026-03-04): cc_withdraw_detail_report_20260306030129.csv, took 2.2s", "service": "cc_reconcile", "stage": "download_davinci", "status": "ok"}
{"timestamp": "2026-03-06T11:01:49+0800", "level": "INFO", "logger": "etl_logger", "message": "POST success (VFSC 2026-03-05): cc_withdraw_detail_report_20260306030149.csv, took 18.3s", "service": "cc_reconcile", "stage": "download_davinci", "status": "ok"}
{"timestamp": "2026-03-06T11:01:52+0800", "level": "INFO", "logger": "etl_logger", "message": "Download success (VFSC 2026-03-05): cc_withdraw_detail_report_20260306030149.csv, took 2.1s", "service": "cc_reconcile", "stage": "download_davinci", "status": "ok"}
{"timestamp": "2026-03-06T11:02:10+0800", "level": "INFO", "logger": "etl_logger", "message": "POST success (VFSC 2026-03-06): cc_withdraw_detail_report_20260306030210.csv, took 18.2s", "service": "cc_reconcile", "stage": "download_davinci", "status": "ok"}
{"timestamp": "2026-03-06T11:02:11+0800", "level": "INFO", "logger": "etl_logger", "message": "Download success (VFSC 2026-03-06): cc_withdraw_detail_report_20260306030210.csv, took 1.7s", "service": "cc_reconcile", "stage": "download_davinci", "status": "ok"}
{"timestamp": "2026-03-06T11:02:12+0800", "level": "INFO", "logger": "etl_logger", "message": "Finish downloading Davinci CC - VFSC Report", "service": "cc_reconcile", "stage": "download_davinci", "status": "ok"}
{"timestamp": "2026-03-06T11:02:12+0800", "level": "INFO", "logger": "etl_logger", "message": "Start downloading Davinci CC Report for brand: VFSC2...", "service": "cc_reconcile", "stage": "download_davinci", "status": "ok"}
{"timestamp": "2026-03-06T11:03:05+0800", "level": "INFO", "logger": "etl_logger", "message": "POST success (VFSC2 2026-03-03): cc_withdraw_detail_report_20260306030305.csv, took 53.4s", "service": "cc_reconcile", "stage": "download_davinci", "status": "ok"}
{"timestamp": "2026-03-06T11:03:08+0800", "level": "INFO", "logger": "etl_logger", "message": "Download success (VFSC2 2026-03-03): cc_withdraw_detail_report_20260306030305.csv, took 3.2s", "service": "cc_reconcile", "stage": "download_davinci", "status": "ok"}
{"timestamp": "2026-03-06T11:04:00+0800", "level": "INFO", "logger": "etl_logger", "message": "POST success (VFSC2 2026-03-04): cc_withdraw_detail_report_20260306030400.csv, took 52.2s", "service": "cc_reconcile", "stage": "download_davinci", "status": "ok"}
{"timestamp": "2026-03-06T11:04:03+0800", "level": "INFO", "logger": "etl_logger", "message": "Download success (VFSC2 2026-03-04): cc_withdraw_detail_report_20260306030400.csv, took 3.0s", "service": "cc_reconcile", "stage": "download_davinci", "status": "ok"}
{"timestamp": "2026-03-06T11:04:56+0800", "level": "INFO", "logger": "etl_logger", "message": "POST success (VFSC2 2026-03-05): cc_withdraw_detail_report_20260306030456.csv, took 52.7s", "service": "cc_reconcile", "stage": "download_davinci", "status": "ok"}
{"timestamp": "2026-03-06T11:04:59+0800", "level": "INFO", "logger": "etl_logger", "message": "Download success (VFSC2 2026-03-05): cc_withdraw_detail_report_20260306030456.csv, took 3.2s", "service": "cc_reconcile", "stage": "download_davinci", "status": "ok"}
{"timestamp": "2026-03-06T11:05:50+0800", "level": "INFO", "logger": "etl_logger", "message": "POST success (VFSC2 2026-03-06): cc_withdraw_detail_report_20260306030549.csv, took 50.3s", "service": "cc_reconcile", "stage": "download_davinci", "status": "ok"}
{"timestamp": "2026-03-06T11:05:52+0800", "level": "INFO", "logger": "etl_logger", "message": "Download success (VFSC2 2026-03-06): cc_withdraw_detail_report_20260306030549.csv, took 2.2s", "service": "cc_reconcile", "stage": "download_davinci", "status": "ok"}
{"timestamp": "2026-03-06T11:05:52+0800", "level": "INFO", "logger": "etl_logger", "message": "Finish downloading Davinci CC - VFSC2 Report", "service": "cc_reconcile", "stage": "download_davinci", "status": "ok"}
{"timestamp": "2026-03-06T11:05:52+0800", "level": "INFO", "logger": "etl_logger", "message": "Finish downloading Davinci CC Report for all brands, total rows: 50214", "service": "cc_reconcile", "stage": "download_davinci", "status": "ok"}
{"timestamp": "2026-03-06T11:05:52+0800", "level": "INFO", "logger": "etl_logger", "message": "Download CRM CC Report Finish ，Total: 50214", "service": "cc_reconcile", "stage": "download", "status": "ok"}
{"timestamp": "2026-03-06T11:05:52+0800", "level": "INFO", "logger": "etl_logger", "message": "Start reconcile...", "service": "cc_reconcile", "stage": "reconcile", "status": "ok"}
{"timestamp": "2026-03-06T11:05:53+0800", "level": "INFO", "logger": "etl_logger", "message": "Reconcile Finish ，Total Mismatch Case: 2", "service": "cc_reconcile", "stage": "reconcile", "status": "ok"}
{"timestamp": "2026-03-06T11:05:53+0800", "level": "INFO", "logger": "etl_logger", "message": "Connect Lark Finish", "service": "cc_reconcile", "stage": "lark", "status": "ok"}
{"timestamp": "2026-03-06T11:05:53+0800", "level": "INFO", "logger": "etl_logger", "message": "Start query existing data in LarkSheet...", "service": "cc_reconcile", "stage": "lark", "status": "ok"}
{"timestamp": "2026-03-06T11:05:54+0800", "level": "INFO", "logger": "etl_logger", "message": "Query existing data in LarkSheet Finish", "service": "cc_reconcile", "stage": "lark", "status": "ok"}
{"timestamp": "2026-03-06T11:05:54+0800", "level": "INFO", "logger": "etl_logger", "message": "Total unique keys in LarkSheet: 162, Total new mismatch cases to upload: 0", "service": "cc_reconcile", "stage": "lark", "status": "ok"}
{"timestamp": "2026-03-06T11:05:54+0800", "level": "INFO", "logger": "etl_logger", "message": "Append data to LarkSheet with range: Kalw4Y!A2:L3, rows: 1, columns: 12", "service": "cc_reconcile", "stage": "lark", "status": "ok"}
{"timestamp": "2026-03-06T11:05:54+0800", "level": "INFO", "logger": "etl_logger", "message": "✅ Successfully appended data to LarkSheet", "service": "cc_reconcile", "stage": "lark", "status": "ok"}
{"timestamp": "2026-03-06T11:05:56+0800", "level": "INFO", "logger": "etl_logger", "message": "Upload data to LarkSheet Finish", "service": "cc_reconcile", "stage": "lark", "status": "ok"}
{"timestamp": "2026-03-06T12:00:01+0800", "level": "INFO", "logger": "etl_logger", "message": "Start download reports...", "service": "cc_reconcile", "stage": "download", "status": "ok"}
{"timestamp": "2026-03-06T12:00:05+0800", "level": "INFO", "logger": "etl_logger", "message": "Payabl Login Success and Get Token Success", "service": "cc_reconcile", "stage": "download_payabl", "status": "ok"}
{"timestamp": "2026-03-06T12:00:05+0800", "level": "INFO", "logger": "etl_logger", "message": "Start downloading Payabl CC Report for date: 2026-03-05...", "service": "cc_reconcile", "stage": "download_payabl", "status": "ok"}
{"timestamp": "2026-03-06T12:00:38+0800", "level": "INFO", "logger": "etl_logger", "message": "Start downloading Payabl CC Report for date: 2026-03-06...", "service": "cc_reconcile", "stage": "download_payabl", "status": "ok"}
{"timestamp": "2026-03-06T12:00:48+0800", "level": "INFO", "logger": "etl_logger", "message": "Finish downloading Payabl CC Report", "service": "cc_reconcile", "stage": "download_payabl", "status": "ok"}
{"timestamp": "2026-03-06T12:00:48+0800", "level": "INFO", "logger": "etl_logger", "message": "Download Payabl CC Report Finish ，Total: 61684", "service": "cc_reconcile", "stage": "download", "status": "ok"}
{"timestamp": "2026-03-06T12:00:48+0800", "level": "INFO", "logger": "etl_logger", "message": "Login attempt 1/5", "service": "cc_reconcile", "stage": "download_davinci", "status": "ok"}
{"timestamp": "2026-03-06T12:00:49+0800", "level": "INFO", "logger": "etl_logger", "message": "Login response status=200, url=https://admin.vantagemarkets.com/admin/main, cookies=4", "service": "cc_reconcile", "stage": "download_davinci", "status": "ok"}
{"timestamp": "2026-03-06T12:00:49+0800", "level": "INFO", "logger": "etl_logger", "message": "Login successful", "service": "cc_reconcile", "stage": "download_davinci", "status": "ok"}
{"timestamp": "2026-03-06T12:00:49+0800", "level": "INFO", "logger": "etl_logger", "message": "Token obtained successfully", "service": "cc_reconcile", "stage": "download_davinci", "status": "ok"}
{"timestamp": "2026-03-06T12:00:49+0800", "level": "INFO", "logger": "etl_logger", "message": "Start downloading Davinci CC Report for brand: VFSC...", "service": "cc_reconcile", "stage": "download_davinci", "status": "ok"}
{"timestamp": "2026-03-06T12:01:09+0800", "level": "INFO", "logger": "etl_logger", "message": "POST success (VFSC 2026-03-03): cc_withdraw_detail_report_20260306040109.csv, took 20.1s", "service": "cc_reconcile", "stage": "download_davinci", "status": "ok"}
{"timestamp": "2026-03-06T12:01:12+0800", "level": "INFO", "logger": "etl_logger", "message": "Download success (VFSC 2026-03-03): cc_withdraw_detail_report_20260306040109.csv, took 2.4s", "service": "cc_reconcile", "stage": "download_davinci", "status": "ok"}
{"timestamp": "2026-03-06T12:01:30+0800", "level": "INFO", "logger": "etl_logger", "message": "POST success (VFSC 2026-03-04): cc_withdraw_detail_report_20260306040130.csv, took 18.4s", "service": "cc_reconcile", "stage": "download_davinci", "status": "ok"}
{"timestamp": "2026-03-06T12:01:33+0800", "level": "INFO", "logger": "etl_logger", "message": "Download success (VFSC 2026-03-04): cc_withdraw_detail_report_20260306040130.csv, took 2.2s", "service": "cc_reconcile", "stage": "download_davinci", "status": "ok"}
{"timestamp": "2026-03-06T12:01:51+0800", "level": "INFO", "logger": "etl_logger", "message": "POST success (VFSC 2026-03-05): cc_withdraw_detail_report_20260306040151.csv, took 18.4s", "service": "cc_reconcile", "stage": "download_davinci", "status": "ok"}
{"timestamp": "2026-03-06T12:01:53+0800", "level": "INFO", "logger": "etl_logger", "message": "Download success (VFSC 2026-03-05): cc_withdraw_detail_report_20260306040151.csv, took 2.2s", "service": "cc_reconcile", "stage": "download_davinci", "status": "ok"}
{"timestamp": "2026-03-06T12:02:11+0800", "level": "INFO", "logger": "etl_logger", "message": "POST success (VFSC 2026-03-06): cc_withdraw_detail_report_20260306040211.csv, took 17.9s", "service": "cc_reconcile", "stage": "download_davinci", "status": "ok"}
{"timestamp": "2026-03-06T12:02:13+0800", "level": "INFO", "logger": "etl_logger", "message": "Download success (VFSC 2026-03-06): cc_withdraw_detail_report_20260306040211.csv, took 1.8s", "service": "cc_reconcile", "stage": "download_davinci", "status": "ok"}
{"timestamp": "2026-03-06T12:02:13+0800", "level": "INFO", "logger": "etl_logger", "message": "Finish downloading Davinci CC - VFSC Report", "service": "cc_reconcile", "stage": "download_davinci", "status": "ok"}
{"timestamp": "2026-03-06T12:02:13+0800", "level": "INFO", "logger": "etl_logger", "message": "Start downloading Davinci CC Report for brand: VFSC2...", "service": "cc_reconcile", "stage": "download_davinci", "status": "ok"}
{"timestamp": "2026-03-06T12:03:05+0800", "level": "INFO", "logger": "etl_logger", "message": "POST success (VFSC2 2026-03-03): cc_withdraw_detail_report_20260306040305.csv, took 51.9s", "service": "cc_reconcile", "stage": "download_davinci", "status": "ok"}
{"timestamp": "2026-03-06T12:03:08+0800", "level": "INFO", "logger": "etl_logger", "message": "Download success (VFSC2 2026-03-03): cc_withdraw_detail_report_20260306040305.csv, took 3.2s", "service": "cc_reconcile", "stage": "download_davinci", "status": "ok"}
{"timestamp": "2026-03-06T12:04:00+0800", "level": "INFO", "logger": "etl_logger", "message": "POST success (VFSC2 2026-03-04): cc_withdraw_detail_report_20260306040359.csv, took 51.5s", "service": "cc_reconcile", "stage": "download_davinci", "status": "ok"}
{"timestamp": "2026-03-06T12:04:02+0800", "level": "INFO", "logger": "etl_logger", "message": "Download success (VFSC2 2026-03-04): cc_withdraw_detail_report_20260306040359.csv, took 2.7s", "service": "cc_reconcile", "stage": "download_davinci", "status": "ok"}
{"timestamp": "2026-03-06T12:04:54+0800", "level": "INFO", "logger": "etl_logger", "message": "POST success (VFSC2 2026-03-05): cc_withdraw_detail_report_20260306040453.csv, took 51.3s", "service": "cc_reconcile", "stage": "download_davinci", "status": "ok"}
{"timestamp": "2026-03-06T12:04:57+0800", "level": "INFO", "logger": "etl_logger", "message": "Download success (VFSC2 2026-03-05): cc_withdraw_detail_report_20260306040453.csv, took 3.1s", "service": "cc_reconcile", "stage": "download_davinci", "status": "ok"}
{"timestamp": "2026-03-06T12:05:48+0800", "level": "INFO", "logger": "etl_logger", "message": "POST success (VFSC2 2026-03-06): cc_withdraw_detail_report_20260306040548.csv, took 51.6s", "service": "cc_reconcile", "stage": "download_davinci", "status": "ok"}
{"timestamp": "2026-03-06T12:05:51+0800", "level": "INFO", "logger": "etl_logger", "message": "Download success (VFSC2 2026-03-06): cc_withdraw_detail_report_20260306040548.csv, took 2.4s", "service": "cc_reconcile", "stage": "download_davinci", "status": "ok"}
{"timestamp": "2026-03-06T12:05:51+0800", "level": "INFO", "logger": "etl_logger", "message": "Finish downloading Davinci CC - VFSC2 Report", "service": "cc_reconcile", "stage": "download_davinci", "status": "ok"}
{"timestamp": "2026-03-06T12:05:51+0800", "level": "INFO", "logger": "etl_logger", "message": "Finish downloading Davinci CC Report for all brands, total rows: 50444", "service": "cc_reconcile", "stage": "download_davinci", "status": "ok"}
{"timestamp": "2026-03-06T12:05:51+0800", "level": "INFO", "logger": "etl_logger", "message": "Download CRM CC Report Finish ，Total: 50444", "service": "cc_reconcile", "stage": "download", "status": "ok"}
{"timestamp": "2026-03-06T12:05:51+0800", "level": "INFO", "logger": "etl_logger", "message": "Start reconcile...", "service": "cc_reconcile", "stage": "reconcile", "status": "ok"}
{"timestamp": "2026-03-06T12:05:52+0800", "level": "INFO", "logger": "etl_logger", "message": "Reconcile Finish ，Total Mismatch Case: 2", "service": "cc_reconcile", "stage": "reconcile", "status": "ok"}
{"timestamp": "2026-03-06T12:05:52+0800", "level": "INFO", "logger": "etl_logger", "message": "Connect Lark Finish", "service": "cc_reconcile", "stage": "lark", "status": "ok"}
{"timestamp": "2026-03-06T12:05:52+0800", "level": "INFO", "logger": "etl_logger", "message": "Start query existing data in LarkSheet...", "service": "cc_reconcile", "stage": "lark", "status": "ok"}
{"timestamp": "2026-03-06T12:05:53+0800", "level": "INFO", "logger": "etl_logger", "message": "Query existing data in LarkSheet Finish", "service": "cc_reconcile", "stage": "lark", "status": "ok"}
{"timestamp": "2026-03-06T12:05:53+0800", "level": "INFO", "logger": "etl_logger", "message": "Total unique keys in LarkSheet: 162, Total new mismatch cases to upload: 0", "service": "cc_reconcile", "stage": "lark", "status": "ok"}
{"timestamp": "2026-03-06T12:05:53+0800", "level": "INFO", "logger": "etl_logger", "message": "Append data to LarkSheet with range: Kalw4Y!A2:L3, rows: 1, columns: 12", "service": "cc_reconcile", "stage": "lark", "status": "ok"}
{"timestamp": "2026-03-06T12:05:54+0800", "level": "INFO", "logger": "etl_logger", "message": "✅ Successfully appended data to LarkSheet", "service": "cc_reconcile", "stage": "lark", "status": "ok"}
{"timestamp": "2026-03-06T12:05:55+0800", "level": "INFO", "logger": "etl_logger", "message": "Upload data to LarkSheet Finish", "service": "cc_reconcile", "stage": "lark", "status": "ok"}
{"timestamp": "2026-03-06T13:00:02+0800", "level": "INFO", "logger": "etl_logger", "message": "Start download reports...", "service": "cc_reconcile", "stage": "download", "status": "ok"}
{"timestamp": "2026-03-06T13:00:05+0800", "level": "INFO", "logger": "etl_logger", "message": "Payabl Login Success and Get Token Success", "service": "cc_reconcile", "stage": "download_payabl", "status": "ok"}
{"timestamp": "2026-03-06T13:00:05+0800", "level": "INFO", "logger": "etl_logger", "message": "Start downloading Payabl CC Report for date: 2026-03-05...", "service": "cc_reconcile", "stage": "download_payabl", "status": "ok"}
{"timestamp": "2026-03-06T13:01:40+0800", "level": "INFO", "logger": "etl_logger", "message": "Start downloading Payabl CC Report for date: 2026-03-06...", "service": "cc_reconcile", "stage": "download_payabl", "status": "ok"}
{"timestamp": "2026-03-06T13:01:50+0800", "level": "INFO", "logger": "etl_logger", "message": "Finish downloading Payabl CC Report", "service": "cc_reconcile", "stage": "download_payabl", "status": "ok"}
{"timestamp": "2026-03-06T13:01:50+0800", "level": "INFO", "logger": "etl_logger", "message": "Download Payabl CC Report Finish ，Total: 62361", "service": "cc_reconcile", "stage": "download", "status": "ok"}
{"timestamp": "2026-03-06T13:01:50+0800", "level": "INFO", "logger": "etl_logger", "message": "Login attempt 1/5", "service": "cc_reconcile", "stage": "download_davinci", "status": "ok"}
{"timestamp": "2026-03-06T13:01:51+0800", "level": "INFO", "logger": "etl_logger", "message": "Login response status=200, url=https://admin.vantagemarkets.com/admin/main, cookies=4", "service": "cc_reconcile", "stage": "download_davinci", "status": "ok"}
{"timestamp": "2026-03-06T13:01:51+0800", "level": "INFO", "logger": "etl_logger", "message": "Login successful", "service": "cc_reconcile", "stage": "download_davinci", "status": "ok"}
{"timestamp": "2026-03-06T13:01:52+0800", "level": "INFO", "logger": "etl_logger", "message": "Token obtained successfully", "service": "cc_reconcile", "stage": "download_davinci", "status": "ok"}
{"timestamp": "2026-03-06T13:01:52+0800", "level": "INFO", "logger": "etl_logger", "message": "Start downloading Davinci CC Report for brand: VFSC...", "service": "cc_reconcile", "stage": "download_davinci", "status": "ok"}
{"timestamp": "2026-03-06T13:02:11+0800", "level": "INFO", "logger": "etl_logger", "message": "POST success (VFSC 2026-03-03): cc_withdraw_detail_report_20260306050211.csv, took 19.1s", "service": "cc_reconcile", "stage": "download_davinci", "status": "ok"}
{"timestamp": "2026-03-06T13:02:13+0800", "level": "INFO", "logger": "etl_logger", "message": "Download success (VFSC 2026-03-03): cc_withdraw_detail_report_20260306050211.csv, took 2.4s", "service": "cc_reconcile", "stage": "download_davinci", "status": "ok"}
{"timestamp": "2026-03-06T13:02:33+0800", "level": "INFO", "logger": "etl_logger", "message": "POST success (VFSC 2026-03-04): cc_withdraw_detail_report_20260306050233.csv, took 19.9s", "service": "cc_reconcile", "stage": "download_davinci", "status": "ok"}
{"timestamp": "2026-03-06T13:02:35+0800", "level": "INFO", "logger": "etl_logger", "message": "Download success (VFSC 2026-03-04): cc_withdraw_detail_report_20260306050233.csv, took 1.9s", "service": "cc_reconcile", "stage": "download_davinci", "status": "ok"}
{"timestamp": "2026-03-06T13:02:54+0800", "level": "INFO", "logger": "etl_logger", "message": "POST success (VFSC 2026-03-05): cc_withdraw_detail_report_20260306050254.csv, took 19.1s", "service": "cc_reconcile", "stage": "download_davinci", "status": "ok"}
{"timestamp": "2026-03-06T13:02:56+0800", "level": "INFO", "logger": "etl_logger", "message": "Download success (VFSC 2026-03-05): cc_withdraw_detail_report_20260306050254.csv, took 2.1s", "service": "cc_reconcile", "stage": "download_davinci", "status": "ok"}
{"timestamp": "2026-03-06T13:03:15+0800", "level": "INFO", "logger": "etl_logger", "message": "POST success (VFSC 2026-03-06): cc_withdraw_detail_report_20260306050315.csv, took 18.8s", "service": "cc_reconcile", "stage": "download_davinci", "status": "ok"}
{"timestamp": "2026-03-06T13:03:17+0800", "level": "INFO", "logger": "etl_logger", "message": "Download success (VFSC 2026-03-06): cc_withdraw_detail_report_20260306050315.csv, took 1.8s", "service": "cc_reconcile", "stage": "download_davinci", "status": "ok"}
{"timestamp": "2026-03-06T13:03:17+0800", "level": "INFO", "logger": "etl_logger", "message": "Finish downloading Davinci CC - VFSC Report", "service": "cc_reconcile", "stage": "download_davinci", "status": "ok"}
{"timestamp": "2026-03-06T13:03:17+0800", "level": "INFO", "logger": "etl_logger", "message": "Start downloading Davinci CC Report for brand: VFSC2...", "service": "cc_reconcile", "stage": "download_davinci", "status": "ok"}
{"timestamp": "2026-03-06T13:04:20+0800", "level": "INFO", "logger": "etl_logger", "message": "POST success (VFSC2 2026-03-03): cc_withdraw_detail_report_20260306050420.csv, took 63.1s", "service": "cc_reconcile", "stage": "download_davinci", "status": "ok"}
{"timestamp": "2026-03-06T13:04:23+0800", "level": "INFO", "logger": "etl_logger", "message": "Download success (VFSC2 2026-03-03): cc_withdraw_detail_report_20260306050420.csv, took 3.2s", "service": "cc_reconcile", "stage": "download_davinci", "status": "ok"}
{"timestamp": "2026-03-06T13:05:17+0800", "level": "INFO", "logger": "etl_logger", "message": "POST success (VFSC2 2026-03-04): cc_withdraw_detail_report_20260306050517.csv, took 53.7s", "service": "cc_reconcile", "stage": "download_davinci", "status": "ok"}
{"timestamp": "2026-03-06T13:05:20+0800", "level": "INFO", "logger": "etl_logger", "message": "Download success (VFSC2 2026-03-04): cc_withdraw_detail_report_20260306050517.csv, took 2.4s", "service": "cc_reconcile", "stage": "download_davinci", "status": "ok"}
{"timestamp": "2026-03-06T13:06:14+0800", "level": "INFO", "logger": "etl_logger", "message": "POST success (VFSC2 2026-03-05): cc_withdraw_detail_report_20260306050614.csv, took 54.5s", "service": "cc_reconcile", "stage": "download_davinci", "status": "ok"}
{"timestamp": "2026-03-06T13:06:17+0800", "level": "INFO", "logger": "etl_logger", "message": "Download success (VFSC2 2026-03-05): cc_withdraw_detail_report_20260306050614.csv, took 3.1s", "service": "cc_reconcile", "stage": "download_davinci", "status": "ok"}
{"timestamp": "2026-03-06T13:07:08+0800", "level": "INFO", "logger": "etl_logger", "message": "POST success (VFSC2 2026-03-06): cc_withdraw_detail_report_20260306050708.csv, took 51.4s", "service": "cc_reconcile", "stage": "download_davinci", "status": "ok"}
{"timestamp": "2026-03-06T13:07:11+0800", "level": "INFO", "logger": "etl_logger", "message": "Download success (VFSC2 2026-03-06): cc_withdraw_detail_report_20260306050708.csv, took 2.4s", "service": "cc_reconcile", "stage": "download_davinci", "status": "ok"}
{"timestamp": "2026-03-06T13:07:11+0800", "level": "INFO", "logger": "etl_logger", "message": "Finish downloading Davinci CC - VFSC2 Report", "service": "cc_reconcile", "stage": "download_davinci", "status": "ok"}
{"timestamp": "2026-03-06T13:07:11+0800", "level": "INFO", "logger": "etl_logger", "message": "Finish downloading Davinci CC Report for all brands, total rows: 50665", "service": "cc_reconcile", "stage": "download_davinci", "status": "ok"}
{"timestamp": "2026-03-06T13:07:11+0800", "level": "INFO", "logger": "etl_logger", "message": "Download CRM CC Report Finish ，Total: 50665", "service": "cc_reconcile", "stage": "download", "status": "ok"}
{"timestamp": "2026-03-06T13:07:11+0800", "level": "INFO", "logger": "etl_logger", "message": "Start reconcile...", "service": "cc_reconcile", "stage": "reconcile", "status": "ok"}
{"timestamp": "2026-03-06T13:07:12+0800", "level": "INFO", "logger": "etl_logger", "message": "Reconcile Finish ，Total Mismatch Case: 2", "service": "cc_reconcile", "stage": "reconcile", "status": "ok"}
{"timestamp": "2026-03-06T13:07:12+0800", "level": "INFO", "logger": "etl_logger", "message": "Connect Lark Finish", "service": "cc_reconcile", "stage": "lark", "status": "ok"}
{"timestamp": "2026-03-06T13:07:12+0800", "level": "INFO", "logger": "etl_logger", "message": "Start query existing data in LarkSheet...", "service": "cc_reconcile", "stage": "lark", "status": "ok"}
{"timestamp": "2026-03-06T13:07:13+0800", "level": "INFO", "logger": "etl_logger", "message": "Query existing data in LarkSheet Finish", "service": "cc_reconcile", "stage": "lark", "status": "ok"}
{"timestamp": "2026-03-06T13:07:13+0800", "level": "INFO", "logger": "etl_logger", "message": "Total unique keys in LarkSheet: 162, Total new mismatch cases to upload: 0", "service": "cc_reconcile", "stage": "lark", "status": "ok"}
{"timestamp": "2026-03-06T13:07:13+0800", "level": "INFO", "logger": "etl_logger", "message": "Append data to LarkSheet with range: Kalw4Y!A2:L3, rows: 1, columns: 12", "service": "cc_reconcile", "stage": "lark", "status": "ok"}
{"timestamp": "2026-03-06T13:07:13+0800", "level": "INFO", "logger": "etl_logger", "message": "✅ Successfully appended data to LarkSheet", "service": "cc_reconcile", "stage": "lark", "status": "ok"}
{"timestamp": "2026-03-06T13:07:15+0800", "level": "INFO", "logger": "etl_logger", "message": "Upload data to LarkSheet Finish", "service": "cc_reconcile", "stage": "lark", "status": "ok"}
{"timestamp": "2026-03-06T14:00:01+0800", "level": "INFO", "logger": "etl_logger", "message": "Start download reports...", "service": "cc_reconcile", "stage": "download", "status": "ok"}
{"timestamp": "2026-03-06T14:00:05+0800", "level": "INFO", "logger": "etl_logger", "message": "Payabl Login Success and Get Token Success", "service": "cc_reconcile", "stage": "download_payabl", "status": "ok"}
{"timestamp": "2026-03-06T14:00:05+0800", "level": "INFO", "logger": "etl_logger", "message": "Start downloading Payabl CC Report for date: 2026-03-05...", "service": "cc_reconcile", "stage": "download_payabl", "status": "ok"}
{"timestamp": "2026-03-06T14:00:38+0800", "level": "INFO", "logger": "etl_logger", "message": "Start downloading Payabl CC Report for date: 2026-03-06...", "service": "cc_reconcile", "stage": "download_payabl", "status": "ok"}
{"timestamp": "2026-03-06T14:00:49+0800", "level": "INFO", "logger": "etl_logger", "message": "Finish downloading Payabl CC Report", "service": "cc_reconcile", "stage": "download_payabl", "status": "ok"}
{"timestamp": "2026-03-06T14:00:49+0800", "level": "INFO", "logger": "etl_logger", "message": "Download Payabl CC Report Finish ，Total: 63343", "service": "cc_reconcile", "stage": "download", "status": "ok"}
{"timestamp": "2026-03-06T14:00:49+0800", "level": "INFO", "logger": "etl_logger", "message": "Login attempt 1/5", "service": "cc_reconcile", "stage": "download_davinci", "status": "ok"}
{"timestamp": "2026-03-06T14:00:50+0800", "level": "INFO", "logger": "etl_logger", "message": "Login response status=200, url=https://admin.vantagemarkets.com/admin/main, cookies=4", "service": "cc_reconcile", "stage": "download_davinci", "status": "ok"}
{"timestamp": "2026-03-06T14:00:50+0800", "level": "INFO", "logger": "etl_logger", "message": "Login successful", "service": "cc_reconcile", "stage": "download_davinci", "status": "ok"}
{"timestamp": "2026-03-06T14:00:50+0800", "level": "INFO", "logger": "etl_logger", "message": "Token obtained successfully", "service": "cc_reconcile", "stage": "download_davinci", "status": "ok"}
{"timestamp": "2026-03-06T14:00:50+0800", "level": "INFO", "logger": "etl_logger", "message": "Start downloading Davinci CC Report for brand: VFSC...", "service": "cc_reconcile", "stage": "download_davinci", "status": "ok"}
{"timestamp": "2026-03-06T14:01:09+0800", "level": "INFO", "logger": "etl_logger", "message": "POST success (VFSC 2026-03-03): cc_withdraw_detail_report_20260306060109.csv, took 18.6s", "service": "cc_reconcile", "stage": "download_davinci", "status": "ok"}
{"timestamp": "2026-03-06T14:01:11+0800", "level": "INFO", "logger": "etl_logger", "message": "Download success (VFSC 2026-03-03): cc_withdraw_detail_report_20260306060109.csv, took 2.4s", "service": "cc_reconcile", "stage": "download_davinci", "status": "ok"}
{"timestamp": "2026-03-06T14:01:30+0800", "level": "INFO", "logger": "etl_logger", "message": "POST success (VFSC 2026-03-04): cc_withdraw_detail_report_20260306060130.csv, took 18.6s", "service": "cc_reconcile", "stage": "download_davinci", "status": "ok"}
{"timestamp": "2026-03-06T14:01:32+0800", "level": "INFO", "logger": "etl_logger", "message": "Download success (VFSC 2026-03-04): cc_withdraw_detail_report_20260306060130.csv, took 1.8s", "service": "cc_reconcile", "stage": "download_davinci", "status": "ok"}
{"timestamp": "2026-03-06T14:01:50+0800", "level": "INFO", "logger": "etl_logger", "message": "POST success (VFSC 2026-03-05): cc_withdraw_detail_report_20260306060150.csv, took 17.9s", "service": "cc_reconcile", "stage": "download_davinci", "status": "ok"}
{"timestamp": "2026-03-06T14:01:52+0800", "level": "INFO", "logger": "etl_logger", "message": "Download success (VFSC 2026-03-05): cc_withdraw_detail_report_20260306060150.csv, took 2.1s", "service": "cc_reconcile", "stage": "download_davinci", "status": "ok"}
{"timestamp": "2026-03-06T14:02:10+0800", "level": "INFO", "logger": "etl_logger", "message": "POST success (VFSC 2026-03-06): cc_withdraw_detail_report_20260306060210.csv, took 17.9s", "service": "cc_reconcile", "stage": "download_davinci", "status": "ok"}
{"timestamp": "2026-03-06T14:02:11+0800", "level": "INFO", "logger": "etl_logger", "message": "Download success (VFSC 2026-03-06): cc_withdraw_detail_report_20260306060210.csv, took 1.4s", "service": "cc_reconcile", "stage": "download_davinci", "status": "ok"}
{"timestamp": "2026-03-06T14:02:11+0800", "level": "INFO", "logger": "etl_logger", "message": "Finish downloading Davinci CC - VFSC Report", "service": "cc_reconcile", "stage": "download_davinci", "status": "ok"}
{"timestamp": "2026-03-06T14:02:11+0800", "level": "INFO", "logger": "etl_logger", "message": "Start downloading Davinci CC Report for brand: VFSC2...", "service": "cc_reconcile", "stage": "download_davinci", "status": "ok"}
{"timestamp": "2026-03-06T14:03:08+0800", "level": "INFO", "logger": "etl_logger", "message": "POST success (VFSC2 2026-03-03): cc_withdraw_detail_report_20260306060308.csv, took 57.0s", "service": "cc_reconcile", "stage": "download_davinci", "status": "ok"}
{"timestamp": "2026-03-06T14:03:11+0800", "level": "INFO", "logger": "etl_logger", "message": "Download success (VFSC2 2026-03-03): cc_withdraw_detail_report_20260306060308.csv, took 3.2s", "service": "cc_reconcile", "stage": "download_davinci", "status": "ok"}
{"timestamp": "2026-03-06T14:04:07+0800", "level": "INFO", "logger": "etl_logger", "message": "POST success (VFSC2 2026-03-04): cc_withdraw_detail_report_20260306060407.csv, took 55.8s", "service": "cc_reconcile", "stage": "download_davinci", "status": "ok"}
{"timestamp": "2026-03-06T14:04:10+0800", "level": "INFO", "logger": "etl_logger", "message": "Download success (VFSC2 2026-03-04): cc_withdraw_detail_report_20260306060407.csv, took 3.0s", "service": "cc_reconcile", "stage": "download_davinci", "status": "ok"}
{"timestamp": "2026-03-06T14:05:04+0800", "level": "INFO", "logger": "etl_logger", "message": "POST success (VFSC2 2026-03-05): cc_withdraw_detail_report_20260306060504.csv, took 54.0s", "service": "cc_reconcile", "stage": "download_davinci", "status": "ok"}
{"timestamp": "2026-03-06T14:05:07+0800", "level": "INFO", "logger": "etl_logger", "message": "Download success (VFSC2 2026-03-05): cc_withdraw_detail_report_20260306060504.csv, took 2.9s", "service": "cc_reconcile", "stage": "download_davinci", "status": "ok"}
{"timestamp": "2026-03-06T14:05:57+0800", "level": "INFO", "logger": "etl_logger", "message": "POST success (VFSC2 2026-03-06): cc_withdraw_detail_report_20260306060557.csv, took 50.5s", "service": "cc_reconcile", "stage": "download_davinci", "status": "ok"}
{"timestamp": "2026-03-06T14:06:00+0800", "level": "INFO", "logger": "etl_logger", "message": "Download success (VFSC2 2026-03-06): cc_withdraw_detail_report_20260306060557.csv, took 2.4s", "service": "cc_reconcile", "stage": "download_davinci", "status": "ok"}
{"timestamp": "2026-03-06T14:06:01+0800", "level": "INFO", "logger": "etl_logger", "message": "Finish downloading Davinci CC - VFSC2 Report", "service": "cc_reconcile", "stage": "download_davinci", "status": "ok"}
{"timestamp": "2026-03-06T14:06:01+0800", "level": "INFO", "logger": "etl_logger", "message": "Finish downloading Davinci CC Report for all brands, total rows: 50846", "service": "cc_reconcile", "stage": "download_davinci", "status": "ok"}
{"timestamp": "2026-03-06T14:06:01+0800", "level": "INFO", "logger": "etl_logger", "message": "Download CRM CC Report Finish ，Total: 50846", "service": "cc_reconcile", "stage": "download", "status": "ok"}
{"timestamp": "2026-03-06T14:06:01+0800", "level": "INFO", "logger": "etl_logger", "message": "Start reconcile...", "service": "cc_reconcile", "stage": "reconcile", "status": "ok"}
{"timestamp": "2026-03-06T14:06:01+0800", "level": "INFO", "logger": "etl_logger", "message": "Reconcile Finish ，Total Mismatch Case: 2", "service": "cc_reconcile", "stage": "reconcile", "status": "ok"}
{"timestamp": "2026-03-06T14:06:01+0800", "level": "INFO", "logger": "etl_logger", "message": "Connect Lark Finish", "service": "cc_reconcile", "stage": "lark", "status": "ok"}
{"timestamp": "2026-03-06T14:06:01+0800", "level": "INFO", "logger": "etl_logger", "message": "Start query existing data in LarkSheet...", "service": "cc_reconcile", "stage": "lark", "status": "ok"}
{"timestamp": "2026-03-06T14:06:03+0800", "level": "INFO", "logger": "etl_logger", "message": "Query existing data in LarkSheet Finish", "service": "cc_reconcile", "stage": "lark", "status": "ok"}
{"timestamp": "2026-03-06T14:06:03+0800", "level": "INFO", "logger": "etl_logger", "message": "Total unique keys in LarkSheet: 162, Total new mismatch cases to upload: 0", "service": "cc_reconcile", "stage": "lark", "status": "ok"}
{"timestamp": "2026-03-06T14:06:03+0800", "level": "INFO", "logger": "etl_logger", "message": "Append data to LarkSheet with range: Kalw4Y!A2:L3, rows: 1, columns: 12", "service": "cc_reconcile", "stage": "lark", "status": "ok"}
{"timestamp": "2026-03-06T14:06:03+0800", "level": "INFO", "logger": "etl_logger", "message": "✅ Successfully appended data to LarkSheet", "service": "cc_reconcile", "stage": "lark", "status": "ok"}
{"timestamp": "2026-03-06T14:06:05+0800", "level": "INFO", "logger": "etl_logger", "message": "Upload data to LarkSheet Finish", "service": "cc_reconcile", "stage": "lark", "status": "ok"}
{"timestamp": "2026-03-06T15:00:01+0800", "level": "INFO", "logger": "etl_logger", "message": "Start download reports...", "service": "cc_reconcile", "stage": "download", "status": "ok"}
{"timestamp": "2026-03-06T15:00:04+0800", "level": "INFO", "logger": "etl_logger", "message": "Payabl Login Success and Get Token Success", "service": "cc_reconcile", "stage": "download_payabl", "status": "ok"}
{"timestamp": "2026-03-06T15:00:04+0800", "level": "INFO", "logger": "etl_logger", "message": "Start downloading Payabl CC Report for date: 2026-03-05...", "service": "cc_reconcile", "stage": "download_payabl", "status": "ok"}
{"timestamp": "2026-03-06T15:00:38+0800", "level": "INFO", "logger": "etl_logger", "message": "Start downloading Payabl CC Report for date: 2026-03-06...", "service": "cc_reconcile", "stage": "download_payabl", "status": "ok"}
{"timestamp": "2026-03-06T15:00:49+0800", "level": "INFO", "logger": "etl_logger", "message": "Finish downloading Payabl CC Report", "service": "cc_reconcile", "stage": "download_payabl", "status": "ok"}
{"timestamp": "2026-03-06T15:00:49+0800", "level": "INFO", "logger": "etl_logger", "message": "Download Payabl CC Report Finish ，Total: 64553", "service": "cc_reconcile", "stage": "download", "status": "ok"}
{"timestamp": "2026-03-06T15:00:49+0800", "level": "INFO", "logger": "etl_logger", "message": "Login attempt 1/5", "service": "cc_reconcile", "stage": "download_davinci", "status": "ok"}
{"timestamp": "2026-03-06T15:00:50+0800", "level": "INFO", "logger": "etl_logger", "message": "Login response status=200, url=https://admin.vantagemarkets.com/admin/main, cookies=4", "service": "cc_reconcile", "stage": "download_davinci", "status": "ok"}
{"timestamp": "2026-03-06T15:00:50+0800", "level": "INFO", "logger": "etl_logger", "message": "Login successful", "service": "cc_reconcile", "stage": "download_davinci", "status": "ok"}
{"timestamp": "2026-03-06T15:00:51+0800", "level": "INFO", "logger": "etl_logger", "message": "Token obtained successfully", "service": "cc_reconcile", "stage": "download_davinci", "status": "ok"}
{"timestamp": "2026-03-06T15:00:51+0800", "level": "INFO", "logger": "etl_logger", "message": "Start downloading Davinci CC Report for brand: VFSC...", "service": "cc_reconcile", "stage": "download_davinci", "status": "ok"}
{"timestamp": "2026-03-06T15:01:11+0800", "level": "INFO", "logger": "etl_logger", "message": "POST success (VFSC 2026-03-03): cc_withdraw_detail_report_20260306070111.csv, took 20.3s", "service": "cc_reconcile", "stage": "download_davinci", "status": "ok"}
{"timestamp": "2026-03-06T15:01:13+0800", "level": "INFO", "logger": "etl_logger", "message": "Download success (VFSC 2026-03-03): cc_withdraw_detail_report_20260306070111.csv, took 2.4s", "service": "cc_reconcile", "stage": "download_davinci", "status": "ok"}
{"timestamp": "2026-03-06T15:01:33+0800", "level": "INFO", "logger": "etl_logger", "message": "POST success (VFSC 2026-03-04): cc_withdraw_detail_report_20260306070133.csv, took 19.9s", "service": "cc_reconcile", "stage": "download_davinci", "status": "ok"}
{"timestamp": "2026-03-06T15:01:35+0800", "level": "INFO", "logger": "etl_logger", "message": "Download success (VFSC 2026-03-04): cc_withdraw_detail_report_20260306070133.csv, took 2.2s", "service": "cc_reconcile", "stage": "download_davinci", "status": "ok"}
{"timestamp": "2026-03-06T15:01:54+0800", "level": "WARNING", "logger": "etl_logger", "message": "POST failed (VFSC 2026-03-05) attempt 1: 502 Server Error: Bad Gateway for url: https://report.vantagemarkets.com/api/cc-detail/download, took 18.6s", "service": "cc_reconcile", "stage": "download_davinci", "status": "ok"}
{"timestamp": "2026-03-06T15:02:44+0800", "level": "INFO", "logger": "etl_logger", "message": "POST success (VFSC 2026-03-05): cc_withdraw_detail_report_20260306070244.csv, took 45.2s", "service": "cc_reconcile", "stage": "download_davinci", "status": "ok"}
{"timestamp": "2026-03-06T15:02:46+0800", "level": "INFO", "logger": "etl_logger", "message": "Download success (VFSC 2026-03-05): cc_withdraw_detail_report_20260306070244.csv, took 2.2s", "service": "cc_reconcile", "stage": "download_davinci", "status": "ok"}
{"timestamp": "2026-03-06T15:03:05+0800", "level": "INFO", "logger": "etl_logger", "message": "POST success (VFSC 2026-03-06): cc_withdraw_detail_report_20260306070305.csv, took 18.6s", "service": "cc_reconcile", "stage": "download_davinci", "status": "ok"}
{"timestamp": "2026-03-06T15:03:07+0800", "level": "INFO", "logger": "etl_logger", "message": "Download success (VFSC 2026-03-06): cc_withdraw_detail_report_20260306070305.csv, took 1.7s", "service": "cc_reconcile", "stage": "download_davinci", "status": "ok"}
{"timestamp": "2026-03-06T15:03:07+0800", "level": "INFO", "logger": "etl_logger", "message": "Finish downloading Davinci CC - VFSC Report", "service": "cc_reconcile", "stage": "download_davinci", "status": "ok"}
{"timestamp": "2026-03-06T15:03:07+0800", "level": "INFO", "logger": "etl_logger", "message": "Start downloading Davinci CC Report for brand: VFSC2...", "service": "cc_reconcile", "stage": "download_davinci", "status": "ok"}
{"timestamp": "2026-03-06T15:04:03+0800", "level": "INFO", "logger": "etl_logger", "message": "POST success (VFSC2 2026-03-03): cc_withdraw_detail_report_20260306070403.csv, took 56.3s", "service": "cc_reconcile", "stage": "download_davinci", "status": "ok"}
{"timestamp": "2026-03-06T15:04:06+0800", "level": "INFO", "logger": "etl_logger", "message": "Download success (VFSC2 2026-03-03): cc_withdraw_detail_report_20260306070403.csv, took 3.1s", "service": "cc_reconcile", "stage": "download_davinci", "status": "ok"}
{"timestamp": "2026-03-06T15:05:03+0800", "level": "INFO", "logger": "etl_logger", "message": "POST success (VFSC2 2026-03-04): cc_withdraw_detail_report_20260306070503.csv, took 56.6s", "service": "cc_reconcile", "stage": "download_davinci", "status": "ok"}
{"timestamp": "2026-03-06T15:05:06+0800", "level": "INFO", "logger": "etl_logger", "message": "Download success (VFSC2 2026-03-04): cc_withdraw_detail_report_20260306070503.csv, took 2.9s", "service": "cc_reconcile", "stage": "download_davinci", "status": "ok"}
{"timestamp": "2026-03-06T15:06:00+0800", "level": "INFO", "logger": "etl_logger", "message": "POST success (VFSC2 2026-03-05): cc_withdraw_detail_report_20260306070559.csv, took 53.9s", "service": "cc_reconcile", "stage": "download_davinci", "status": "ok"}
{"timestamp": "2026-03-06T15:06:03+0800", "level": "INFO", "logger": "etl_logger", "message": "Download success (VFSC2 2026-03-05): cc_withdraw_detail_report_20260306070559.csv, took 3.0s", "service": "cc_reconcile", "stage": "download_davinci", "status": "ok"}
{"timestamp": "2026-03-06T15:06:55+0800", "level": "INFO", "logger": "etl_logger", "message": "POST success (VFSC2 2026-03-06): cc_withdraw_detail_report_20260306070655.csv, took 52.0s", "service": "cc_reconcile", "stage": "download_davinci", "status": "ok"}
{"timestamp": "2026-03-06T15:06:57+0800", "level": "INFO", "logger": "etl_logger", "message": "Download success (VFSC2 2026-03-06): cc_withdraw_detail_report_20260306070655.csv, took 2.2s", "service": "cc_reconcile", "stage": "download_davinci", "status": "ok"}
{"timestamp": "2026-03-06T15:06:58+0800", "level": "INFO", "logger": "etl_logger", "message": "Finish downloading Davinci CC - VFSC2 Report", "service": "cc_reconcile", "stage": "download_davinci", "status": "ok"}
{"timestamp": "2026-03-06T15:06:58+0800", "level": "INFO", "logger": "etl_logger", "message": "Finish downloading Davinci CC Report for all brands, total rows: 51063", "service": "cc_reconcile", "stage": "download_davinci", "status": "ok"}
{"timestamp": "2026-03-06T15:06:58+0800", "level": "INFO", "logger": "etl_logger", "message": "Download CRM CC Report Finish ，Total: 51063", "service": "cc_reconcile", "stage": "download", "status": "ok"}
{"timestamp": "2026-03-06T15:06:58+0800", "level": "INFO", "logger": "etl_logger", "message": "Start reconcile...", "service": "cc_reconcile", "stage": "reconcile", "status": "ok"}
{"timestamp": "2026-03-06T15:06:59+0800", "level": "INFO", "logger": "etl_logger", "message": "Reconcile Finish ，Total Mismatch Case: 2", "service": "cc_reconcile", "stage": "reconcile", "status": "ok"}
{"timestamp": "2026-03-06T15:06:59+0800", "level": "INFO", "logger": "etl_logger", "message": "Connect Lark Finish", "service": "cc_reconcile", "stage": "lark", "status": "ok"}
{"timestamp": "2026-03-06T15:06:59+0800", "level": "INFO", "logger": "etl_logger", "message": "Start query existing data in LarkSheet...", "service": "cc_reconcile", "stage": "lark", "status": "ok"}
{"timestamp": "2026-03-06T15:07:00+0800", "level": "INFO", "logger": "etl_logger", "message": "Query existing data in LarkSheet Finish", "service": "cc_reconcile", "stage": "lark", "status": "ok"}
{"timestamp": "2026-03-06T15:07:00+0800", "level": "INFO", "logger": "etl_logger", "message": "Total unique keys in LarkSheet: 162, Total new mismatch cases to upload: 0", "service": "cc_reconcile", "stage": "lark", "status": "ok"}
{"timestamp": "2026-03-06T15:07:00+0800", "level": "INFO", "logger": "etl_logger", "message": "Append data to LarkSheet with range: Kalw4Y!A2:L3, rows: 1, columns: 12", "service": "cc_reconcile", "stage": "lark", "status": "ok"}
{"timestamp": "2026-03-06T15:07:01+0800", "level": "INFO", "logger": "etl_logger", "message": "✅ Successfully appended data to LarkSheet", "service": "cc_reconcile", "stage": "lark", "status": "ok"}
{"timestamp": "2026-03-06T15:07:02+0800", "level": "INFO", "logger": "etl_logger", "message": "Upload data to LarkSheet Finish", "service": "cc_reconcile", "stage": "lark", "status": "ok"}
{"timestamp": "2026-03-06T16:00:02+0800", "level": "INFO", "logger": "etl_logger", "message": "Start download reports...", "service": "cc_reconcile", "stage": "download", "status": "ok"}
{"timestamp": "2026-03-06T16:00:05+0800", "level": "INFO", "logger": "etl_logger", "message": "Payabl Login Success and Get Token Success", "service": "cc_reconcile", "stage": "download_payabl", "status": "ok"}
{"timestamp": "2026-03-06T16:00:05+0800", "level": "INFO", "logger": "etl_logger", "message": "Start downloading Payabl CC Report for date: 2026-03-05...", "service": "cc_reconcile", "stage": "download_payabl", "status": "ok"}
{"timestamp": "2026-03-06T16:00:41+0800", "level": "INFO", "logger": "etl_logger", "message": "Start downloading Payabl CC Report for date: 2026-03-06...", "service": "cc_reconcile", "stage": "download_payabl", "status": "ok"}
{"timestamp": "2026-03-06T16:00:53+0800", "level": "INFO", "logger": "etl_logger", "message": "Finish downloading Payabl CC Report", "service": "cc_reconcile", "stage": "download_payabl", "status": "ok"}
{"timestamp": "2026-03-06T16:00:53+0800", "level": "INFO", "logger": "etl_logger", "message": "Download Payabl CC Report Finish ，Total: 66330", "service": "cc_reconcile", "stage": "download", "status": "ok"}
{"timestamp": "2026-03-06T16:00:53+0800", "level": "INFO", "logger": "etl_logger", "message": "Login attempt 1/5", "service": "cc_reconcile", "stage": "download_davinci", "status": "ok"}
{"timestamp": "2026-03-06T16:00:54+0800", "level": "INFO", "logger": "etl_logger", "message": "Login response status=200, url=https://admin.vantagemarkets.com/admin/main, cookies=4", "service": "cc_reconcile", "stage": "download_davinci", "status": "ok"}
{"timestamp": "2026-03-06T16:00:54+0800", "level": "INFO", "logger": "etl_logger", "message": "Login successful", "service": "cc_reconcile", "stage": "download_davinci", "status": "ok"}
{"timestamp": "2026-03-06T16:00:55+0800", "level": "INFO", "logger": "etl_logger", "message": "Token obtained successfully", "service": "cc_reconcile", "stage": "download_davinci", "status": "ok"}
{"timestamp": "2026-03-06T16:00:55+0800", "level": "INFO", "logger": "etl_logger", "message": "Start downloading Davinci CC Report for brand: VFSC...", "service": "cc_reconcile", "stage": "download_davinci", "status": "ok"}
{"timestamp": "2026-03-06T16:01:14+0800", "level": "INFO", "logger": "etl_logger", "message": "POST success (VFSC 2026-03-03): cc_withdraw_detail_report_20260306080114.csv, took 19.6s", "service": "cc_reconcile", "stage": "download_davinci", "status": "ok"}
{"timestamp": "2026-03-06T16:01:17+0800", "level": "INFO", "logger": "etl_logger", "message": "Download success (VFSC 2026-03-03): cc_withdraw_detail_report_20260306080114.csv, took 2.4s", "service": "cc_reconcile", "stage": "download_davinci", "status": "ok"}
{"timestamp": "2026-03-06T16:01:36+0800", "level": "INFO", "logger": "etl_logger", "message": "POST success (VFSC 2026-03-04): cc_withdraw_detail_report_20260306080136.csv, took 19.5s", "service": "cc_reconcile", "stage": "download_davinci", "status": "ok"}
{"timestamp": "2026-03-06T16:01:38+0800", "level": "INFO", "logger": "etl_logger", "message": "Download success (VFSC 2026-03-04): cc_withdraw_detail_report_20260306080136.csv, took 2.1s", "service": "cc_reconcile", "stage": "download_davinci", "status": "ok"}
{"timestamp": "2026-03-06T16:01:57+0800", "level": "INFO", "logger": "etl_logger", "message": "POST success (VFSC 2026-03-05): cc_withdraw_detail_report_20260306080157.csv, took 18.5s", "service": "cc_reconcile", "stage": "download_davinci", "status": "ok"}
{"timestamp": "2026-03-06T16:01:59+0800", "level": "INFO", "logger": "etl_logger", "message": "Download success (VFSC 2026-03-05): cc_withdraw_detail_report_20260306080157.csv, took 2.2s", "service": "cc_reconcile", "stage": "download_davinci", "status": "ok"}
{"timestamp": "2026-03-06T16:02:18+0800", "level": "INFO", "logger": "etl_logger", "message": "POST success (VFSC 2026-03-06): cc_withdraw_detail_report_20260306080218.csv, took 18.5s", "service": "cc_reconcile", "stage": "download_davinci", "status": "ok"}
{"timestamp": "2026-03-06T16:02:19+0800", "level": "INFO", "logger": "etl_logger", "message": "Download success (VFSC 2026-03-06): cc_withdraw_detail_report_20260306080218.csv, took 1.7s", "service": "cc_reconcile", "stage": "download_davinci", "status": "ok"}
{"timestamp": "2026-03-06T16:02:19+0800", "level": "INFO", "logger": "etl_logger", "message": "Finish downloading Davinci CC - VFSC Report", "service": "cc_reconcile", "stage": "download_davinci", "status": "ok"}
{"timestamp": "2026-03-06T16:02:19+0800", "level": "INFO", "logger": "etl_logger", "message": "Start downloading Davinci CC Report for brand: VFSC2...", "service": "cc_reconcile", "stage": "download_davinci", "status": "ok"}
{"timestamp": "2026-03-06T16:03:14+0800", "level": "INFO", "logger": "etl_logger", "message": "POST success (VFSC2 2026-03-03): cc_withdraw_detail_report_20260306080313.csv, took 54.3s", "service": "cc_reconcile", "stage": "download_davinci", "status": "ok"}
{"timestamp": "2026-03-06T16:03:17+0800", "level": "INFO", "logger": "etl_logger", "message": "Download success (VFSC2 2026-03-03): cc_withdraw_detail_report_20260306080313.csv, took 3.2s", "service": "cc_reconcile", "stage": "download_davinci", "status": "ok"}
{"timestamp": "2026-03-06T16:04:08+0800", "level": "INFO", "logger": "etl_logger", "message": "POST success (VFSC2 2026-03-04): cc_withdraw_detail_report_20260306080407.csv, took 50.8s", "service": "cc_reconcile", "stage": "download_davinci", "status": "ok"}
{"timestamp": "2026-03-06T16:04:11+0800", "level": "INFO", "logger": "etl_logger", "message": "Download success (VFSC2 2026-03-04): cc_withdraw_detail_report_20260306080407.csv, took 3.1s", "service": "cc_reconcile", "stage": "download_davinci", "status": "ok"}
{"timestamp": "2026-03-06T16:06:16+0800", "level": "WARNING", "logger": "etl_logger", "message": "POST failed (VFSC2 2026-03-05) attempt 1: 524 Server Error:  for url: https://report.vantagemarkets.com/api/cc-detail/download, took 125.0s", "service": "cc_reconcile", "stage": "download_davinci", "status": "ok"}
{"timestamp": "2026-03-06T16:07:13+0800", "level": "INFO", "logger": "etl_logger", "message": "POST success (VFSC2 2026-03-05): cc_withdraw_detail_report_20260306080712.csv, took 51.8s", "service": "cc_reconcile", "stage": "download_davinci", "status": "ok"}
{"timestamp": "2026-03-06T16:07:16+0800", "level": "INFO", "logger": "etl_logger", "message": "Download success (VFSC2 2026-03-05): cc_withdraw_detail_report_20260306080712.csv, took 3.0s", "service": "cc_reconcile", "stage": "download_davinci", "status": "ok"}
{"timestamp": "2026-03-06T16:08:05+0800", "level": "INFO", "logger": "etl_logger", "message": "POST success (VFSC2 2026-03-06): cc_withdraw_detail_report_20260306080805.csv, took 49.0s", "service": "cc_reconcile", "stage": "download_davinci", "status": "ok"}
{"timestamp": "2026-03-06T16:08:07+0800", "level": "INFO", "logger": "etl_logger", "message": "Download success (VFSC2 2026-03-06): cc_withdraw_detail_report_20260306080805.csv, took 2.5s", "service": "cc_reconcile", "stage": "download_davinci", "status": "ok"}
{"timestamp": "2026-03-06T16:08:08+0800", "level": "INFO", "logger": "etl_logger", "message": "Finish downloading Davinci CC - VFSC2 Report", "service": "cc_reconcile", "stage": "download_davinci", "status": "ok"}
{"timestamp": "2026-03-06T16:08:08+0800", "level": "INFO", "logger": "etl_logger", "message": "Finish downloading Davinci CC Report for all brands, total rows: 51363", "service": "cc_reconcile", "stage": "download_davinci", "status": "ok"}
{"timestamp": "2026-03-06T16:08:08+0800", "level": "INFO", "logger": "etl_logger", "message": "Download CRM CC Report Finish ，Total: 51363", "service": "cc_reconcile", "stage": "download", "status": "ok"}
{"timestamp": "2026-03-06T16:08:08+0800", "level": "INFO", "logger": "etl_logger", "message": "Start reconcile...", "service": "cc_reconcile", "stage": "reconcile", "status": "ok"}
{"timestamp": "2026-03-06T16:08:08+0800", "level": "INFO", "logger": "etl_logger", "message": "Reconcile Finish ，Total Mismatch Case: 2", "service": "cc_reconcile", "stage": "reconcile", "status": "ok"}
{"timestamp": "2026-03-06T16:08:08+0800", "level": "INFO", "logger": "etl_logger", "message": "Connect Lark Finish", "service": "cc_reconcile", "stage": "lark", "status": "ok"}
{"timestamp": "2026-03-06T16:08:08+0800", "level": "INFO", "logger": "etl_logger", "message": "Start query existing data in LarkSheet...", "service": "cc_reconcile", "stage": "lark", "status": "ok"}
{"timestamp": "2026-03-06T16:08:10+0800", "level": "INFO", "logger": "etl_logger", "message": "Query existing data in LarkSheet Finish", "service": "cc_reconcile", "stage": "lark", "status": "ok"}
{"timestamp": "2026-03-06T16:08:10+0800", "level": "INFO", "logger": "etl_logger", "message": "Total unique keys in LarkSheet: 162, Total new mismatch cases to upload: 0", "service": "cc_reconcile", "stage": "lark", "status": "ok"}
{"timestamp": "2026-03-06T16:08:10+0800", "level": "INFO", "logger": "etl_logger", "message": "Append data to LarkSheet with range: Kalw4Y!A2:L3, rows: 1, columns: 12", "service": "cc_reconcile", "stage": "lark", "status": "ok"}
{"timestamp": "2026-03-06T16:08:10+0800", "level": "INFO", "logger": "etl_logger", "message": "✅ Successfully appended data to LarkSheet", "service": "cc_reconcile", "stage": "lark", "status": "ok"}
{"timestamp": "2026-03-06T16:08:12+0800", "level": "INFO", "logger": "etl_logger", "message": "Upload data to LarkSheet Finish", "service": "cc_reconcile", "stage": "lark", "status": "ok"}
{"timestamp": "2026-03-06T17:00:02+0800", "level": "INFO", "logger": "etl_logger", "message": "Start download reports...", "service": "cc_reconcile", "stage": "download", "status": "ok"}
{"timestamp": "2026-03-06T17:00:05+0800", "level": "INFO", "logger": "etl_logger", "message": "Payabl Login Success and Get Token Success", "service": "cc_reconcile", "stage": "download_payabl", "status": "ok"}
{"timestamp": "2026-03-06T17:00:05+0800", "level": "INFO", "logger": "etl_logger", "message": "Start downloading Payabl CC Report for date: 2026-03-05...", "service": "cc_reconcile", "stage": "download_payabl", "status": "ok"}
{"timestamp": "2026-03-06T17:00:38+0800", "level": "INFO", "logger": "etl_logger", "message": "Start downloading Payabl CC Report for date: 2026-03-06...", "service": "cc_reconcile", "stage": "download_payabl", "status": "ok"}
{"timestamp": "2026-03-06T17:00:51+0800", "level": "INFO", "logger": "etl_logger", "message": "Finish downloading Payabl CC Report", "service": "cc_reconcile", "stage": "download_payabl", "status": "ok"}
{"timestamp": "2026-03-06T17:00:51+0800", "level": "INFO", "logger": "etl_logger", "message": "Download Payabl CC Report Finish ，Total: 68792", "service": "cc_reconcile", "stage": "download", "status": "ok"}
{"timestamp": "2026-03-06T17:00:51+0800", "level": "INFO", "logger": "etl_logger", "message": "Login attempt 1/5", "service": "cc_reconcile", "stage": "download_davinci", "status": "ok"}
{"timestamp": "2026-03-06T17:00:52+0800", "level": "INFO", "logger": "etl_logger", "message": "Login response status=200, url=https://admin.vantagemarkets.com/admin/main, cookies=4", "service": "cc_reconcile", "stage": "download_davinci", "status": "ok"}
{"timestamp": "2026-03-06T17:00:52+0800", "level": "INFO", "logger": "etl_logger", "message": "Login successful", "service": "cc_reconcile", "stage": "download_davinci", "status": "ok"}
{"timestamp": "2026-03-06T17:00:53+0800", "level": "INFO", "logger": "etl_logger", "message": "Token obtained successfully", "service": "cc_reconcile", "stage": "download_davinci", "status": "ok"}
{"timestamp": "2026-03-06T17:00:53+0800", "level": "INFO", "logger": "etl_logger", "message": "Start downloading Davinci CC Report for brand: VFSC...", "service": "cc_reconcile", "stage": "download_davinci", "status": "ok"}
{"timestamp": "2026-03-06T17:01:14+0800", "level": "INFO", "logger": "etl_logger", "message": "POST success (VFSC 2026-03-03): cc_withdraw_detail_report_20260306090114.csv, took 21.7s", "service": "cc_reconcile", "stage": "download_davinci", "status": "ok"}
{"timestamp": "2026-03-06T17:01:17+0800", "level": "INFO", "logger": "etl_logger", "message": "Download success (VFSC 2026-03-03): cc_withdraw_detail_report_20260306090114.csv, took 2.4s", "service": "cc_reconcile", "stage": "download_davinci", "status": "ok"}
{"timestamp": "2026-03-06T17:01:37+0800", "level": "INFO", "logger": "etl_logger", "message": "POST success (VFSC 2026-03-04): cc_withdraw_detail_report_20260306090137.csv, took 20.0s", "service": "cc_reconcile", "stage": "download_davinci", "status": "ok"}
{"timestamp": "2026-03-06T17:01:39+0800", "level": "INFO", "logger": "etl_logger", "message": "Download success (VFSC 2026-03-04): cc_withdraw_detail_report_20260306090137.csv, took 2.2s", "service": "cc_reconcile", "stage": "download_davinci", "status": "ok"}
{"timestamp": "2026-03-06T17:01:58+0800", "level": "INFO", "logger": "etl_logger", "message": "POST success (VFSC 2026-03-05): cc_withdraw_detail_report_20260306090158.csv, took 18.8s", "service": "cc_reconcile", "stage": "download_davinci", "status": "ok"}
{"timestamp": "2026-03-06T17:02:00+0800", "level": "INFO", "logger": "etl_logger", "message": "Download success (VFSC 2026-03-05): cc_withdraw_detail_report_20260306090158.csv, took 2.2s", "service": "cc_reconcile", "stage": "download_davinci", "status": "ok"}
{"timestamp": "2026-03-06T17:02:21+0800", "level": "INFO", "logger": "etl_logger", "message": "POST success (VFSC 2026-03-06): cc_withdraw_detail_report_20260306090221.csv, took 21.1s", "service": "cc_reconcile", "stage": "download_davinci", "status": "ok"}
{"timestamp": "2026-03-06T17:02:23+0800", "level": "INFO", "logger": "etl_logger", "message": "Download success (VFSC 2026-03-06): cc_withdraw_detail_report_20260306090221.csv, took 1.8s", "service": "cc_reconcile", "stage": "download_davinci", "status": "ok"}
{"timestamp": "2026-03-06T17:02:23+0800", "level": "INFO", "logger": "etl_logger", "message": "Finish downloading Davinci CC - VFSC Report", "service": "cc_reconcile", "stage": "download_davinci", "status": "ok"}
{"timestamp": "2026-03-06T17:02:23+0800", "level": "INFO", "logger": "etl_logger", "message": "Start downloading Davinci CC Report for brand: VFSC2...", "service": "cc_reconcile", "stage": "download_davinci", "status": "ok"}
{"timestamp": "2026-03-06T17:04:22+0800", "level": "INFO", "logger": "etl_logger", "message": "POST success (VFSC2 2026-03-03): cc_withdraw_detail_report_20260306090422.csv, took 118.9s", "service": "cc_reconcile", "stage": "download_davinci", "status": "ok"}
{"timestamp": "2026-03-06T17:04:25+0800", "level": "INFO", "logger": "etl_logger", "message": "Download success (VFSC2 2026-03-03): cc_withdraw_detail_report_20260306090422.csv, took 3.2s", "service": "cc_reconcile", "stage": "download_davinci", "status": "ok"}
{"timestamp": "2026-03-06T17:05:21+0800", "level": "INFO", "logger": "etl_logger", "message": "POST success (VFSC2 2026-03-04): cc_withdraw_detail_report_20260306090521.csv, took 55.9s", "service": "cc_reconcile", "stage": "download_davinci", "status": "ok"}
{"timestamp": "2026-03-06T17:05:24+0800", "level": "INFO", "logger": "etl_logger", "message": "Download success (VFSC2 2026-03-04): cc_withdraw_detail_report_20260306090521.csv, took 3.2s", "service": "cc_reconcile", "stage": "download_davinci", "status": "ok"}
{"timestamp": "2026-03-06T17:06:15+0800", "level": "INFO", "logger": "etl_logger", "message": "POST success (VFSC2 2026-03-05): cc_withdraw_detail_report_20260306090615.csv, took 51.1s", "service": "cc_reconcile", "stage": "download_davinci", "status": "ok"}
{"timestamp": "2026-03-06T17:06:18+0800", "level": "INFO", "logger": "etl_logger", "message": "Download success (VFSC2 2026-03-05): cc_withdraw_detail_report_20260306090615.csv, took 3.0s", "service": "cc_reconcile", "stage": "download_davinci", "status": "ok"}
{"timestamp": "2026-03-06T17:07:10+0800", "level": "INFO", "logger": "etl_logger", "message": "POST success (VFSC2 2026-03-06): cc_withdraw_detail_report_20260306090710.csv, took 52.2s", "service": "cc_reconcile", "stage": "download_davinci", "status": "ok"}
{"timestamp": "2026-03-06T17:08:03+0800", "level": "INFO", "logger": "etl_logger", "message": "Download success (VFSC2 2026-03-06): cc_withdraw_detail_report_20260306090710.csv, took 52.2s", "service": "cc_reconcile", "stage": "download_davinci", "status": "ok"}
{"timestamp": "2026-03-06T17:08:03+0800", "level": "INFO", "logger": "etl_logger", "message": "Finish downloading Davinci CC - VFSC2 Report", "service": "cc_reconcile", "stage": "download_davinci", "status": "ok"}
{"timestamp": "2026-03-06T17:08:03+0800", "level": "INFO", "logger": "etl_logger", "message": "Finish downloading Davinci CC Report for all brands, total rows: 51811", "service": "cc_reconcile", "stage": "download_davinci", "status": "ok"}
{"timestamp": "2026-03-06T17:08:03+0800", "level": "INFO", "logger": "etl_logger", "message": "Download CRM CC Report Finish ，Total: 51811", "service": "cc_reconcile", "stage": "download", "status": "ok"}
{"timestamp": "2026-03-06T17:08:03+0800", "level": "INFO", "logger": "etl_logger", "message": "Start reconcile...", "service": "cc_reconcile", "stage": "reconcile", "status": "ok"}
{"timestamp": "2026-03-06T17:08:04+0800", "level": "INFO", "logger": "etl_logger", "message": "Reconcile Finish ，Total Mismatch Case: 2", "service": "cc_reconcile", "stage": "reconcile", "status": "ok"}
{"timestamp": "2026-03-06T17:08:04+0800", "level": "INFO", "logger": "etl_logger", "message": "Connect Lark Finish", "service": "cc_reconcile", "stage": "lark", "status": "ok"}
{"timestamp": "2026-03-06T17:08:04+0800", "level": "INFO", "logger": "etl_logger", "message": "Start query existing data in LarkSheet...", "service": "cc_reconcile", "stage": "lark", "status": "ok"}
{"timestamp": "2026-03-06T17:08:05+0800", "level": "INFO", "logger": "etl_logger", "message": "Query existing data in LarkSheet Finish", "service": "cc_reconcile", "stage": "lark", "status": "ok"}
{"timestamp": "2026-03-06T17:08:05+0800", "level": "INFO", "logger": "etl_logger", "message": "Total unique keys in LarkSheet: 162, Total new mismatch cases to upload: 0", "service": "cc_reconcile", "stage": "lark", "status": "ok"}
{"timestamp": "2026-03-06T17:08:05+0800", "level": "INFO", "logger": "etl_logger", "message": "Append data to LarkSheet with range: Kalw4Y!A2:L3, rows: 1, columns: 12", "service": "cc_reconcile", "stage": "lark", "status": "ok"}
{"timestamp": "2026-03-06T17:08:06+0800", "level": "INFO", "logger": "etl_logger", "message": "✅ Successfully appended data to LarkSheet", "service": "cc_reconcile", "stage": "lark", "status": "ok"}
{"timestamp": "2026-03-06T17:08:07+0800", "level": "INFO", "logger": "etl_logger", "message": "Upload data to LarkSheet Finish", "service": "cc_reconcile", "stage": "lark", "status": "ok"}
{"timestamp": "2026-03-06T18:00:02+0800", "level": "INFO", "logger": "etl_logger", "message": "Start download reports...", "service": "cc_reconcile", "stage": "download", "status": "ok"}
{"timestamp": "2026-03-06T18:00:05+0800", "level": "INFO", "logger": "etl_logger", "message": "Payabl Login Success and Get Token Success", "service": "cc_reconcile", "stage": "download_payabl", "status": "ok"}
{"timestamp": "2026-03-06T18:00:05+0800", "level": "INFO", "logger": "etl_logger", "message": "Start downloading Payabl CC Report for date: 2026-03-05...", "service": "cc_reconcile", "stage": "download_payabl", "status": "ok"}
{"timestamp": "2026-03-06T18:00:39+0800", "level": "INFO", "logger": "etl_logger", "message": "Start downloading Payabl CC Report for date: 2026-03-06...", "service": "cc_reconcile", "stage": "download_payabl", "status": "ok"}
{"timestamp": "2026-03-06T18:00:53+0800", "level": "INFO", "logger": "etl_logger", "message": "Finish downloading Payabl CC Report", "service": "cc_reconcile", "stage": "download_payabl", "status": "ok"}
{"timestamp": "2026-03-06T18:00:53+0800", "level": "INFO", "logger": "etl_logger", "message": "Download Payabl CC Report Finish ，Total: 71833", "service": "cc_reconcile", "stage": "download", "status": "ok"}
{"timestamp": "2026-03-06T18:00:53+0800", "level": "INFO", "logger": "etl_logger", "message": "Login attempt 1/5", "service": "cc_reconcile", "stage": "download_davinci", "status": "ok"}
{"timestamp": "2026-03-06T18:00:55+0800", "level": "INFO", "logger": "etl_logger", "message": "Login response status=200, url=https://admin.vantagemarkets.com/admin/main, cookies=4", "service": "cc_reconcile", "stage": "download_davinci", "status": "ok"}
{"timestamp": "2026-03-06T18:00:55+0800", "level": "INFO", "logger": "etl_logger", "message": "Login successful", "service": "cc_reconcile", "stage": "download_davinci", "status": "ok"}
{"timestamp": "2026-03-06T18:00:55+0800", "level": "INFO", "logger": "etl_logger", "message": "Token obtained successfully", "service": "cc_reconcile", "stage": "download_davinci", "status": "ok"}
{"timestamp": "2026-03-06T18:00:55+0800", "level": "INFO", "logger": "etl_logger", "message": "Start downloading Davinci CC Report for brand: VFSC...", "service": "cc_reconcile", "stage": "download_davinci", "status": "ok"}
{"timestamp": "2026-03-06T18:01:14+0800", "level": "INFO", "logger": "etl_logger", "message": "POST success (VFSC 2026-03-03): cc_withdraw_detail_report_20260306100114.csv, took 19.4s", "service": "cc_reconcile", "stage": "download_davinci", "status": "ok"}
{"timestamp": "2026-03-06T18:01:17+0800", "level": "INFO", "logger": "etl_logger", "message": "Download success (VFSC 2026-03-03): cc_withdraw_detail_report_20260306100114.csv, took 2.4s", "service": "cc_reconcile", "stage": "download_davinci", "status": "ok"}
{"timestamp": "2026-03-06T18:01:35+0800", "level": "INFO", "logger": "etl_logger", "message": "POST success (VFSC 2026-03-04): cc_withdraw_detail_report_20260306100135.csv, took 17.8s", "service": "cc_reconcile", "stage": "download_davinci", "status": "ok"}
{"timestamp": "2026-03-06T18:01:37+0800", "level": "INFO", "logger": "etl_logger", "message": "Download success (VFSC 2026-03-04): cc_withdraw_detail_report_20260306100135.csv, took 2.2s", "service": "cc_reconcile", "stage": "download_davinci", "status": "ok"}
{"timestamp": "2026-03-06T18:01:55+0800", "level": "INFO", "logger": "etl_logger", "message": "POST success (VFSC 2026-03-05): cc_withdraw_detail_report_20260306100155.csv, took 17.9s", "service": "cc_reconcile", "stage": "download_davinci", "status": "ok"}
{"timestamp": "2026-03-06T18:01:57+0800", "level": "INFO", "logger": "etl_logger", "message": "Download success (VFSC 2026-03-05): cc_withdraw_detail_report_20260306100155.csv, took 2.2s", "service": "cc_reconcile", "stage": "download_davinci", "status": "ok"}
{"timestamp": "2026-03-06T18:02:15+0800", "level": "INFO", "logger": "etl_logger", "message": "POST success (VFSC 2026-03-06): cc_withdraw_detail_report_20260306100215.csv, took 18.4s", "service": "cc_reconcile", "stage": "download_davinci", "status": "ok"}
{"timestamp": "2026-03-06T18:02:17+0800", "level": "INFO", "logger": "etl_logger", "message": "Download success (VFSC 2026-03-06): cc_withdraw_detail_report_20260306100215.csv, took 1.9s", "service": "cc_reconcile", "stage": "download_davinci", "status": "ok"}
{"timestamp": "2026-03-06T18:02:17+0800", "level": "INFO", "logger": "etl_logger", "message": "Finish downloading Davinci CC - VFSC Report", "service": "cc_reconcile", "stage": "download_davinci", "status": "ok"}
{"timestamp": "2026-03-06T18:02:17+0800", "level": "INFO", "logger": "etl_logger", "message": "Start downloading Davinci CC Report for brand: VFSC2...", "service": "cc_reconcile", "stage": "download_davinci", "status": "ok"}
{"timestamp": "2026-03-06T18:03:12+0800", "level": "INFO", "logger": "etl_logger", "message": "POST success (VFSC2 2026-03-03): cc_withdraw_detail_report_20260306100311.csv, took 54.3s", "service": "cc_reconcile", "stage": "download_davinci", "status": "ok"}
{"timestamp": "2026-03-06T18:03:15+0800", "level": "INFO", "logger": "etl_logger", "message": "Download success (VFSC2 2026-03-03): cc_withdraw_detail_report_20260306100311.csv, took 3.3s", "service": "cc_reconcile", "stage": "download_davinci", "status": "ok"}
{"timestamp": "2026-03-06T18:04:09+0800", "level": "INFO", "logger": "etl_logger", "message": "POST success (VFSC2 2026-03-04): cc_withdraw_detail_report_20260306100409.csv, took 54.5s", "service": "cc_reconcile", "stage": "download_davinci", "status": "ok"}
{"timestamp": "2026-03-06T18:04:12+0800", "level": "INFO", "logger": "etl_logger", "message": "Download success (VFSC2 2026-03-04): cc_withdraw_detail_report_20260306100409.csv, took 3.1s", "service": "cc_reconcile", "stage": "download_davinci", "status": "ok"}
{"timestamp": "2026-03-06T18:05:04+0800", "level": "INFO", "logger": "etl_logger", "message": "POST success (VFSC2 2026-03-05): cc_withdraw_detail_report_20260306100504.csv, took 51.4s", "service": "cc_reconcile", "stage": "download_davinci", "status": "ok"}
{"timestamp": "2026-03-06T18:05:07+0800", "level": "INFO", "logger": "etl_logger", "message": "Download success (VFSC2 2026-03-05): cc_withdraw_detail_report_20260306100504.csv, took 3.1s", "service": "cc_reconcile", "stage": "download_davinci", "status": "ok"}
{"timestamp": "2026-03-06T18:05:56+0800", "level": "INFO", "logger": "etl_logger", "message": "POST success (VFSC2 2026-03-06): cc_withdraw_detail_report_20260306100556.csv, took 49.3s", "service": "cc_reconcile", "stage": "download_davinci", "status": "ok"}
{"timestamp": "2026-03-06T18:05:58+0800", "level": "INFO", "logger": "etl_logger", "message": "Download success (VFSC2 2026-03-06): cc_withdraw_detail_report_20260306100556.csv, took 2.1s", "service": "cc_reconcile", "stage": "download_davinci", "status": "ok"}
{"timestamp": "2026-03-06T18:05:59+0800", "level": "INFO", "logger": "etl_logger", "message": "Finish downloading Davinci CC - VFSC2 Report", "service": "cc_reconcile", "stage": "download_davinci", "status": "ok"}
{"timestamp": "2026-03-06T18:05:59+0800", "level": "INFO", "logger": "etl_logger", "message": "Finish downloading Davinci CC Report for all brands, total rows: 52429", "service": "cc_reconcile", "stage": "download_davinci", "status": "ok"}
{"timestamp": "2026-03-06T18:05:59+0800", "level": "INFO", "logger": "etl_logger", "message": "Download CRM CC Report Finish ，Total: 52429", "service": "cc_reconcile", "stage": "download", "status": "ok"}
{"timestamp": "2026-03-06T18:05:59+0800", "level": "INFO", "logger": "etl_logger", "message": "Start reconcile...", "service": "cc_reconcile", "stage": "reconcile", "status": "ok"}
{"timestamp": "2026-03-06T18:05:59+0800", "level": "INFO", "logger": "etl_logger", "message": "Reconcile Finish ，Total Mismatch Case: 2", "service": "cc_reconcile", "stage": "reconcile", "status": "ok"}
{"timestamp": "2026-03-06T18:06:00+0800", "level": "INFO", "logger": "etl_logger", "message": "Connect Lark Finish", "service": "cc_reconcile", "stage": "lark", "status": "ok"}
{"timestamp": "2026-03-06T18:06:00+0800", "level": "INFO", "logger": "etl_logger", "message": "Start query existing data in LarkSheet...", "service": "cc_reconcile", "stage": "lark", "status": "ok"}
{"timestamp": "2026-03-06T18:06:01+0800", "level": "INFO", "logger": "etl_logger", "message": "Query existing data in LarkSheet Finish", "service": "cc_reconcile", "stage": "lark", "status": "ok"}
{"timestamp": "2026-03-06T18:06:01+0800", "level": "INFO", "logger": "etl_logger", "message": "Total unique keys in LarkSheet: 162, Total new mismatch cases to upload: 0", "service": "cc_reconcile", "stage": "lark", "status": "ok"}
{"timestamp": "2026-03-06T18:06:01+0800", "level": "INFO", "logger": "etl_logger", "message": "Append data to LarkSheet with range: Kalw4Y!A2:L3, rows: 1, columns: 12", "service": "cc_reconcile", "stage": "lark", "status": "ok"}
{"timestamp": "2026-03-06T18:06:02+0800", "level": "INFO", "logger": "etl_logger", "message": "✅ Successfully appended data to LarkSheet", "service": "cc_reconcile", "stage": "lark", "status": "ok"}
{"timestamp": "2026-03-06T18:06:03+0800", "level": "INFO", "logger": "etl_logger", "message": "Upload data to LarkSheet Finish", "service": "cc_reconcile", "stage": "lark", "status": "ok"}
{"timestamp": "2026-03-06T19:00:01+0800", "level": "INFO", "logger": "etl_logger", "message": "Start download reports...", "service": "cc_reconcile", "stage": "download", "status": "ok"}
{"timestamp": "2026-03-06T19:00:04+0800", "level": "INFO", "logger": "etl_logger", "message": "Payabl Login Success and Get Token Success", "service": "cc_reconcile", "stage": "download_payabl", "status": "ok"}
{"timestamp": "2026-03-06T19:00:04+0800", "level": "INFO", "logger": "etl_logger", "message": "Start downloading Payabl CC Report for date: 2026-03-05...", "service": "cc_reconcile", "stage": "download_payabl", "status": "ok"}
{"timestamp": "2026-03-06T19:00:49+0800", "level": "INFO", "logger": "etl_logger", "message": "Start downloading Payabl CC Report for date: 2026-03-06...", "service": "cc_reconcile", "stage": "download_payabl", "status": "ok"}
{"timestamp": "2026-03-06T19:01:09+0800", "level": "INFO", "logger": "etl_logger", "message": "Finish downloading Payabl CC Report", "service": "cc_reconcile", "stage": "download_payabl", "status": "ok"}
{"timestamp": "2026-03-06T19:01:09+0800", "level": "INFO", "logger": "etl_logger", "message": "Download Payabl CC Report Finish ，Total: 74558", "service": "cc_reconcile", "stage": "download", "status": "ok"}
{"timestamp": "2026-03-06T19:01:09+0800", "level": "INFO", "logger": "etl_logger", "message": "Login attempt 1/5", "service": "cc_reconcile", "stage": "download_davinci", "status": "ok"}
{"timestamp": "2026-03-06T19:01:10+0800", "level": "INFO", "logger": "etl_logger", "message": "Login response status=200, url=https://admin.vantagemarkets.com/admin/main, cookies=4", "service": "cc_reconcile", "stage": "download_davinci", "status": "ok"}
{"timestamp": "2026-03-06T19:01:10+0800", "level": "INFO", "logger": "etl_logger", "message": "Login successful", "service": "cc_reconcile", "stage": "download_davinci", "status": "ok"}
{"timestamp": "2026-03-06T19:01:11+0800", "level": "INFO", "logger": "etl_logger", "message": "Token obtained successfully", "service": "cc_reconcile", "stage": "download_davinci", "status": "ok"}
{"timestamp": "2026-03-06T19:01:11+0800", "level": "INFO", "logger": "etl_logger", "message": "Start downloading Davinci CC Report for brand: VFSC...", "service": "cc_reconcile", "stage": "download_davinci", "status": "ok"}
{"timestamp": "2026-03-06T19:01:30+0800", "level": "INFO", "logger": "etl_logger", "message": "POST success (VFSC 2026-03-03): cc_withdraw_detail_report_20260306110130.csv, took 19.5s", "service": "cc_reconcile", "stage": "download_davinci", "status": "ok"}
{"timestamp": "2026-03-06T19:01:33+0800", "level": "INFO", "logger": "etl_logger", "message": "Download success (VFSC 2026-03-03): cc_withdraw_detail_report_20260306110130.csv, took 2.5s", "service": "cc_reconcile", "stage": "download_davinci", "status": "ok"}
{"timestamp": "2026-03-06T19:01:52+0800", "level": "INFO", "logger": "etl_logger", "message": "POST success (VFSC 2026-03-04): cc_withdraw_detail_report_20260306110152.csv, took 19.6s", "service": "cc_reconcile", "stage": "download_davinci", "status": "ok"}
{"timestamp": "2026-03-06T19:01:54+0800", "level": "INFO", "logger": "etl_logger", "message": "Download success (VFSC 2026-03-04): cc_withdraw_detail_report_20260306110152.csv, took 1.9s", "service": "cc_reconcile", "stage": "download_davinci", "status": "ok"}
{"timestamp": "2026-03-06T19:02:14+0800", "level": "INFO", "logger": "etl_logger", "message": "POST success (VFSC 2026-03-05): cc_withdraw_detail_report_20260306110214.csv, took 19.4s", "service": "cc_reconcile", "stage": "download_davinci", "status": "ok"}
{"timestamp": "2026-03-06T19:02:16+0800", "level": "INFO", "logger": "etl_logger", "message": "Download success (VFSC 2026-03-05): cc_withdraw_detail_report_20260306110214.csv, took 2.2s", "service": "cc_reconcile", "stage": "download_davinci", "status": "ok"}
{"timestamp": "2026-03-06T19:02:35+0800", "level": "INFO", "logger": "etl_logger", "message": "POST success (VFSC 2026-03-06): cc_withdraw_detail_report_20260306110235.csv, took 19.2s", "service": "cc_reconcile", "stage": "download_davinci", "status": "ok"}
{"timestamp": "2026-03-06T19:02:37+0800", "level": "INFO", "logger": "etl_logger", "message": "Download success (VFSC 2026-03-06): cc_withdraw_detail_report_20260306110235.csv, took 1.9s", "service": "cc_reconcile", "stage": "download_davinci", "status": "ok"}
{"timestamp": "2026-03-06T19:02:37+0800", "level": "INFO", "logger": "etl_logger", "message": "Finish downloading Davinci CC - VFSC Report", "service": "cc_reconcile", "stage": "download_davinci", "status": "ok"}
{"timestamp": "2026-03-06T19:02:37+0800", "level": "INFO", "logger": "etl_logger", "message": "Start downloading Davinci CC Report for brand: VFSC2...", "service": "cc_reconcile", "stage": "download_davinci", "status": "ok"}
{"timestamp": "2026-03-06T19:03:31+0800", "level": "INFO", "logger": "etl_logger", "message": "POST success (VFSC2 2026-03-03): cc_withdraw_detail_report_20260306110331.csv, took 54.0s", "service": "cc_reconcile", "stage": "download_davinci", "status": "ok"}
{"timestamp": "2026-03-06T19:03:34+0800", "level": "INFO", "logger": "etl_logger", "message": "Download success (VFSC2 2026-03-03): cc_withdraw_detail_report_20260306110331.csv, took 3.4s", "service": "cc_reconcile", "stage": "download_davinci", "status": "ok"}
{"timestamp": "2026-03-06T19:04:26+0800", "level": "INFO", "logger": "etl_logger", "message": "POST success (VFSC2 2026-03-04): cc_withdraw_detail_report_20260306110426.csv, took 51.8s", "service": "cc_reconcile", "stage": "download_davinci", "status": "ok"}
{"timestamp": "2026-03-06T19:04:29+0800", "level": "INFO", "logger": "etl_logger", "message": "Download success (VFSC2 2026-03-04): cc_withdraw_detail_report_20260306110426.csv, took 2.6s", "service": "cc_reconcile", "stage": "download_davinci", "status": "ok"}
{"timestamp": "2026-03-06T19:05:20+0800", "level": "INFO", "logger": "etl_logger", "message": "POST success (VFSC2 2026-03-05): cc_withdraw_detail_report_20260306110520.csv, took 51.8s", "service": "cc_reconcile", "stage": "download_davinci", "status": "ok"}
{"timestamp": "2026-03-06T19:05:24+0800", "level": "INFO", "logger": "etl_logger", "message": "Download success (VFSC2 2026-03-05): cc_withdraw_detail_report_20260306110520.csv, took 3.0s", "service": "cc_reconcile", "stage": "download_davinci", "status": "ok"}
{"timestamp": "2026-03-06T19:06:15+0800", "level": "INFO", "logger": "etl_logger", "message": "POST success (VFSC2 2026-03-06): cc_withdraw_detail_report_20260306110615.csv, took 51.4s", "service": "cc_reconcile", "stage": "download_davinci", "status": "ok"}
{"timestamp": "2026-03-06T19:06:18+0800", "level": "INFO", "logger": "etl_logger", "message": "Download success (VFSC2 2026-03-06): cc_withdraw_detail_report_20260306110615.csv, took 2.7s", "service": "cc_reconcile", "stage": "download_davinci", "status": "ok"}
{"timestamp": "2026-03-06T19:06:18+0800", "level": "INFO", "logger": "etl_logger", "message": "Finish downloading Davinci CC - VFSC2 Report", "service": "cc_reconcile", "stage": "download_davinci", "status": "ok"}
{"timestamp": "2026-03-06T19:06:18+0800", "level": "INFO", "logger": "etl_logger", "message": "Finish downloading Davinci CC Report for all brands, total rows: 53068", "service": "cc_reconcile", "stage": "download_davinci", "status": "ok"}
{"timestamp": "2026-03-06T19:06:18+0800", "level": "INFO", "logger": "etl_logger", "message": "Download CRM CC Report Finish ，Total: 53068", "service": "cc_reconcile", "stage": "download", "status": "ok"}
{"timestamp": "2026-03-06T19:06:18+0800", "level": "INFO", "logger": "etl_logger", "message": "Start reconcile...", "service": "cc_reconcile", "stage": "reconcile", "status": "ok"}
{"timestamp": "2026-03-06T19:06:19+0800", "level": "INFO", "logger": "etl_logger", "message": "Reconcile Finish ，Total Mismatch Case: 2", "service": "cc_reconcile", "stage": "reconcile", "status": "ok"}
{"timestamp": "2026-03-06T19:06:19+0800", "level": "INFO", "logger": "etl_logger", "message": "Connect Lark Finish", "service": "cc_reconcile", "stage": "lark", "status": "ok"}
{"timestamp": "2026-03-06T19:06:19+0800", "level": "INFO", "logger": "etl_logger", "message": "Start query existing data in LarkSheet...", "service": "cc_reconcile", "stage": "lark", "status": "ok"}
{"timestamp": "2026-03-06T19:06:20+0800", "level": "INFO", "logger": "etl_logger", "message": "Query existing data in LarkSheet Finish", "service": "cc_reconcile", "stage": "lark", "status": "ok"}
{"timestamp": "2026-03-06T19:06:20+0800", "level": "INFO", "logger": "etl_logger", "message": "Total unique keys in LarkSheet: 162, Total new mismatch cases to upload: 0", "service": "cc_reconcile", "stage": "lark", "status": "ok"}
{"timestamp": "2026-03-06T19:06:20+0800", "level": "INFO", "logger": "etl_logger", "message": "Append data to LarkSheet with range: Kalw4Y!A2:L3, rows: 1, columns: 12", "service": "cc_reconcile", "stage": "lark", "status": "ok"}
{"timestamp": "2026-03-06T19:06:20+0800", "level": "INFO", "logger": "etl_logger", "message": "✅ Successfully appended data to LarkSheet", "service": "cc_reconcile", "stage": "lark", "status": "ok"}
{"timestamp": "2026-03-06T19:06:21+0800", "level": "INFO", "logger": "etl_logger", "message": "Upload data to LarkSheet Finish", "service": "cc_reconcile", "stage": "lark", "status": "ok"}
{"timestamp": "2026-03-06T20:00:01+0800", "level": "INFO", "logger": "etl_logger", "message": "Start download reports...", "service": "cc_reconcile", "stage": "download", "status": "ok"}
{"timestamp": "2026-03-06T20:00:04+0800", "level": "INFO", "logger": "etl_logger", "message": "Payabl Login Success and Get Token Success", "service": "cc_reconcile", "stage": "download_payabl", "status": "ok"}
{"timestamp": "2026-03-06T20:00:04+0800", "level": "INFO", "logger": "etl_logger", "message": "Start downloading Payabl CC Report for date: 2026-03-05...", "service": "cc_reconcile", "stage": "download_payabl", "status": "ok"}
{"timestamp": "2026-03-06T20:01:01+0800", "level": "INFO", "logger": "etl_logger", "message": "Start downloading Payabl CC Report for date: 2026-03-06...", "service": "cc_reconcile", "stage": "download_payabl", "status": "ok"}
{"timestamp": "2026-03-06T20:01:29+0800", "level": "INFO", "logger": "etl_logger", "message": "Finish downloading Payabl CC Report", "service": "cc_reconcile", "stage": "download_payabl", "status": "ok"}
{"timestamp": "2026-03-06T20:01:29+0800", "level": "INFO", "logger": "etl_logger", "message": "Download Payabl CC Report Finish ，Total: 77381", "service": "cc_reconcile", "stage": "download", "status": "ok"}
{"timestamp": "2026-03-06T20:01:29+0800", "level": "INFO", "logger": "etl_logger", "message": "Login attempt 1/5", "service": "cc_reconcile", "stage": "download_davinci", "status": "ok"}
{"timestamp": "2026-03-06T20:01:30+0800", "level": "INFO", "logger": "etl_logger", "message": "Login response status=200, url=https://admin.vantagemarkets.com/login/to_login, cookies=3", "service": "cc_reconcile", "stage": "download_davinci", "status": "ok"}
{"timestamp": "2026-03-06T20:01:30+0800", "level": "WARNING", "logger": "etl_logger", "message": "被導回 login 頁面（可能帳密/TOTP/風控）", "service": "cc_reconcile", "stage": "download_davinci", "status": "ok"}
{"timestamp": "2026-03-06T20:01:32+0800", "level": "INFO", "logger": "etl_logger", "message": "Login attempt 2/5", "service": "cc_reconcile", "stage": "download_davinci", "status": "ok"}
{"timestamp": "2026-03-06T20:01:33+0800", "level": "INFO", "logger": "etl_logger", "message": "Login response status=200, url=https://admin.vantagemarkets.com/admin/main, cookies=4", "service": "cc_reconcile", "stage": "download_davinci", "status": "ok"}
{"timestamp": "2026-03-06T20:01:33+0800", "level": "INFO", "logger": "etl_logger", "message": "Login successful", "service": "cc_reconcile", "stage": "download_davinci", "status": "ok"}
{"timestamp": "2026-03-06T20:01:33+0800", "level": "INFO", "logger": "etl_logger", "message": "Token obtained successfully", "service": "cc_reconcile", "stage": "download_davinci", "status": "ok"}
{"timestamp": "2026-03-06T20:01:33+0800", "level": "INFO", "logger": "etl_logger", "message": "Start downloading Davinci CC Report for brand: VFSC...", "service": "cc_reconcile", "stage": "download_davinci", "status": "ok"}
{"timestamp": "2026-03-06T20:01:52+0800", "level": "INFO", "logger": "etl_logger", "message": "POST success (VFSC 2026-03-03): cc_withdraw_detail_report_20260306120152.csv, took 18.5s", "service": "cc_reconcile", "stage": "download_davinci", "status": "ok"}
{"timestamp": "2026-03-06T20:01:57+0800", "level": "INFO", "logger": "etl_logger", "message": "Download success (VFSC 2026-03-03): cc_withdraw_detail_report_20260306120152.csv, took 5.2s", "service": "cc_reconcile", "stage": "download_davinci", "status": "ok"}
{"timestamp": "2026-03-06T20:02:15+0800", "level": "INFO", "logger": "etl_logger", "message": "POST success (VFSC 2026-03-04): cc_withdraw_detail_report_20260306120215.csv, took 18.3s", "service": "cc_reconcile", "stage": "download_davinci", "status": "ok"}
{"timestamp": "2026-03-06T20:02:18+0800", "level": "INFO", "logger": "etl_logger", "message": "Download success (VFSC 2026-03-04): cc_withdraw_detail_report_20260306120215.csv, took 2.4s", "service": "cc_reconcile", "stage": "download_davinci", "status": "ok"}
{"timestamp": "2026-03-06T20:02:36+0800", "level": "INFO", "logger": "etl_logger", "message": "POST success (VFSC 2026-03-05): cc_withdraw_detail_report_20260306120236.csv, took 18.4s", "service": "cc_reconcile", "stage": "download_davinci", "status": "ok"}
{"timestamp": "2026-03-06T20:02:39+0800", "level": "INFO", "logger": "etl_logger", "message": "Download success (VFSC 2026-03-05): cc_withdraw_detail_report_20260306120236.csv, took 2.8s", "service": "cc_reconcile", "stage": "download_davinci", "status": "ok"}
{"timestamp": "2026-03-06T20:02:58+0800", "level": "INFO", "logger": "etl_logger", "message": "POST success (VFSC 2026-03-06): cc_withdraw_detail_report_20260306120258.csv, took 18.9s", "service": "cc_reconcile", "stage": "download_davinci", "status": "ok"}
{"timestamp": "2026-03-06T20:03:02+0800", "level": "INFO", "logger": "etl_logger", "message": "Download success (VFSC 2026-03-06): cc_withdraw_detail_report_20260306120258.csv, took 4.2s", "service": "cc_reconcile", "stage": "download_davinci", "status": "ok"}
{"timestamp": "2026-03-06T20:03:02+0800", "level": "INFO", "logger": "etl_logger", "message": "Finish downloading Davinci CC - VFSC Report", "service": "cc_reconcile", "stage": "download_davinci", "status": "ok"}
{"timestamp": "2026-03-06T20:03:02+0800", "level": "INFO", "logger": "etl_logger", "message": "Start downloading Davinci CC Report for brand: VFSC2...", "service": "cc_reconcile", "stage": "download_davinci", "status": "ok"}
{"timestamp": "2026-03-06T20:03:56+0800", "level": "INFO", "logger": "etl_logger", "message": "POST success (VFSC2 2026-03-03): cc_withdraw_detail_report_20260306120355.csv, took 53.5s", "service": "cc_reconcile", "stage": "download_davinci", "status": "ok"}
{"timestamp": "2026-03-06T20:04:25+0800", "level": "INFO", "logger": "etl_logger", "message": "Download success (VFSC2 2026-03-03): cc_withdraw_detail_report_20260306120355.csv, took 29.8s", "service": "cc_reconcile", "stage": "download_davinci", "status": "ok"}
{"timestamp": "2026-03-06T20:06:30+0800", "level": "WARNING", "logger": "etl_logger", "message": "POST failed (VFSC2 2026-03-04) attempt 1: 524 Server Error:  for url: https://report.vantagemarkets.com/api/cc-detail/download, took 125.0s", "service": "cc_reconcile", "stage": "download_davinci", "status": "ok"}
{"timestamp": "2026-03-06T20:08:12+0800", "level": "INFO", "logger": "etl_logger", "message": "POST success (VFSC2 2026-03-04): cc_withdraw_detail_report_20260306120812.csv, took 97.1s", "service": "cc_reconcile", "stage": "download_davinci", "status": "ok"}
{"timestamp": "2026-03-06T20:08:16+0800", "level": "INFO", "logger": "etl_logger", "message": "Download success (VFSC2 2026-03-04): cc_withdraw_detail_report_20260306120812.csv, took 3.9s", "service": "cc_reconcile", "stage": "download_davinci", "status": "ok"}
{"timestamp": "2026-03-06T20:09:15+0800", "level": "INFO", "logger": "etl_logger", "message": "POST success (VFSC2 2026-03-05): cc_withdraw_detail_report_20260306120914.csv, took 58.3s", "service": "cc_reconcile", "stage": "download_davinci", "status": "ok"}
{"timestamp": "2026-03-06T20:10:55+0800", "level": "INFO", "logger": "etl_logger", "message": "Download success (VFSC2 2026-03-05): cc_withdraw_detail_report_20260306120914.csv, took 100.7s", "service": "cc_reconcile", "stage": "download_davinci", "status": "ok"}
{"timestamp": "2026-03-06T20:11:49+0800", "level": "INFO", "logger": "etl_logger", "message": "POST success (VFSC2 2026-03-06): cc_withdraw_detail_report_20260306121149.csv, took 53.5s", "service": "cc_reconcile", "stage": "download_davinci", "status": "ok"}
{"timestamp": "2026-03-06T20:11:52+0800", "level": "INFO", "logger": "etl_logger", "message": "Download success (VFSC2 2026-03-06): cc_withdraw_detail_report_20260306121149.csv, took 2.8s", "service": "cc_reconcile", "stage": "download_davinci", "status": "ok"}
{"timestamp": "2026-03-06T20:11:52+0800", "level": "INFO", "logger": "etl_logger", "message": "Finish downloading Davinci CC - VFSC2 Report", "service": "cc_reconcile", "stage": "download_davinci", "status": "ok"}
{"timestamp": "2026-03-06T20:11:52+0800", "level": "INFO", "logger": "etl_logger", "message": "Finish downloading Davinci CC Report for all brands, total rows: 53874", "service": "cc_reconcile", "stage": "download_davinci", "status": "ok"}
{"timestamp": "2026-03-06T20:11:52+0800", "level": "INFO", "logger": "etl_logger", "message": "Download CRM CC Report Finish ，Total: 53874", "service": "cc_reconcile", "stage": "download", "status": "ok"}
{"timestamp": "2026-03-06T20:11:52+0800", "level": "INFO", "logger": "etl_logger", "message": "Start reconcile...", "service": "cc_reconcile", "stage": "reconcile", "status": "ok"}
{"timestamp": "2026-03-06T20:11:53+0800", "level": "INFO", "logger": "etl_logger", "message": "Reconcile Finish ，Total Mismatch Case: 2", "service": "cc_reconcile", "stage": "reconcile", "status": "ok"}
{"timestamp": "2026-03-06T20:11:53+0800", "level": "INFO", "logger": "etl_logger", "message": "Connect Lark Finish", "service": "cc_reconcile", "stage": "lark", "status": "ok"}
{"timestamp": "2026-03-06T20:11:53+0800", "level": "INFO", "logger": "etl_logger", "message": "Start query existing data in LarkSheet...", "service": "cc_reconcile", "stage": "lark", "status": "ok"}
{"timestamp": "2026-03-06T20:11:54+0800", "level": "INFO", "logger": "etl_logger", "message": "Query existing data in LarkSheet Finish", "service": "cc_reconcile", "stage": "lark", "status": "ok"}
{"timestamp": "2026-03-06T20:11:54+0800", "level": "INFO", "logger": "etl_logger", "message": "Total unique keys in LarkSheet: 162, Total new mismatch cases to upload: 0", "service": "cc_reconcile", "stage": "lark", "status": "ok"}
{"timestamp": "2026-03-06T20:11:54+0800", "level": "INFO", "logger": "etl_logger", "message": "Append data to LarkSheet with range: Kalw4Y!A2:L3, rows: 1, columns: 12", "service": "cc_reconcile", "stage": "lark", "status": "ok"}
{"timestamp": "2026-03-06T20:11:54+0800", "level": "INFO", "logger": "etl_logger", "message": "✅ Successfully appended data to LarkSheet", "service": "cc_reconcile", "stage": "lark", "status": "ok"}
{"timestamp": "2026-03-06T20:11:55+0800", "level": "INFO", "logger": "etl_logger", "message": "Upload data to LarkSheet Finish", "service": "cc_reconcile", "stage": "lark", "status": "ok"}
{"timestamp": "2026-03-06T21:00:01+0800", "level": "INFO", "logger": "etl_logger", "message": "Start download reports...", "service": "cc_reconcile", "stage": "download", "status": "ok"}
{"timestamp": "2026-03-06T21:00:04+0800", "level": "INFO", "logger": "etl_logger", "message": "Payabl Login Success and Get Token Success", "service": "cc_reconcile", "stage": "download_payabl", "status": "ok"}
{"timestamp": "2026-03-06T21:00:04+0800", "level": "INFO", "logger": "etl_logger", "message": "Start downloading Payabl CC Report for date: 2026-03-05...", "service": "cc_reconcile", "stage": "download_payabl", "status": "ok"}
{"timestamp": "2026-03-06T21:00:39+0800", "level": "INFO", "logger": "etl_logger", "message": "Start downloading Payabl CC Report for date: 2026-03-06...", "service": "cc_reconcile", "stage": "download_payabl", "status": "ok"}
{"timestamp": "2026-03-06T21:00:56+0800", "level": "INFO", "logger": "etl_logger", "message": "Finish downloading Payabl CC Report", "service": "cc_reconcile", "stage": "download_payabl", "status": "ok"}
{"timestamp": "2026-03-06T21:00:56+0800", "level": "INFO", "logger": "etl_logger", "message": "Download Payabl CC Report Finish ，Total: 80616", "service": "cc_reconcile", "stage": "download", "status": "ok"}
{"timestamp": "2026-03-06T21:00:56+0800", "level": "INFO", "logger": "etl_logger", "message": "Login attempt 1/5", "service": "cc_reconcile", "stage": "download_davinci", "status": "ok"}
{"timestamp": "2026-03-06T21:00:57+0800", "level": "INFO", "logger": "etl_logger", "message": "Login response status=200, url=https://admin.vantagemarkets.com/admin/main, cookies=4", "service": "cc_reconcile", "stage": "download_davinci", "status": "ok"}
{"timestamp": "2026-03-06T21:00:57+0800", "level": "INFO", "logger": "etl_logger", "message": "Login successful", "service": "cc_reconcile", "stage": "download_davinci", "status": "ok"}
{"timestamp": "2026-03-06T21:00:57+0800", "level": "INFO", "logger": "etl_logger", "message": "Token obtained successfully", "service": "cc_reconcile", "stage": "download_davinci", "status": "ok"}
{"timestamp": "2026-03-06T21:00:57+0800", "level": "INFO", "logger": "etl_logger", "message": "Start downloading Davinci CC Report for brand: VFSC...", "service": "cc_reconcile", "stage": "download_davinci", "status": "ok"}
{"timestamp": "2026-03-06T21:01:18+0800", "level": "INFO", "logger": "etl_logger", "message": "POST success (VFSC 2026-03-03): cc_withdraw_detail_report_20260306130118.csv, took 20.9s", "service": "cc_reconcile", "stage": "download_davinci", "status": "ok"}
{"timestamp": "2026-03-06T21:01:23+0800", "level": "INFO", "logger": "etl_logger", "message": "Download success (VFSC 2026-03-03): cc_withdraw_detail_report_20260306130118.csv, took 4.8s", "service": "cc_reconcile", "stage": "download_davinci", "status": "ok"}
{"timestamp": "2026-03-06T21:01:42+0800", "level": "INFO", "logger": "etl_logger", "message": "POST success (VFSC 2026-03-04): cc_withdraw_detail_report_20260306130142.csv, took 19.3s", "service": "cc_reconcile", "stage": "download_davinci", "status": "ok"}
{"timestamp": "2026-03-06T21:01:45+0800", "level": "INFO", "logger": "etl_logger", "message": "Download success (VFSC 2026-03-04): cc_withdraw_detail_report_20260306130142.csv, took 2.4s", "service": "cc_reconcile", "stage": "download_davinci", "status": "ok"}
{"timestamp": "2026-03-06T21:02:03+0800", "level": "INFO", "logger": "etl_logger", "message": "POST success (VFSC 2026-03-05): cc_withdraw_detail_report_20260306130203.csv, took 18.2s", "service": "cc_reconcile", "stage": "download_davinci", "status": "ok"}
{"timestamp": "2026-03-06T21:02:18+0800", "level": "INFO", "logger": "etl_logger", "message": "Download success (VFSC 2026-03-05): cc_withdraw_detail_report_20260306130203.csv, took 15.4s", "service": "cc_reconcile", "stage": "download_davinci", "status": "ok"}
{"timestamp": "2026-03-06T21:02:37+0800", "level": "INFO", "logger": "etl_logger", "message": "POST success (VFSC 2026-03-06): cc_withdraw_detail_report_20260306130237.csv, took 18.4s", "service": "cc_reconcile", "stage": "download_davinci", "status": "ok"}
{"timestamp": "2026-03-06T21:02:44+0800", "level": "INFO", "logger": "etl_logger", "message": "Download success (VFSC 2026-03-06): cc_withdraw_detail_report_20260306130237.csv, took 7.2s", "service": "cc_reconcile", "stage": "download_davinci", "status": "ok"}
{"timestamp": "2026-03-06T21:02:44+0800", "level": "INFO", "logger": "etl_logger", "message": "Finish downloading Davinci CC - VFSC Report", "service": "cc_reconcile", "stage": "download_davinci", "status": "ok"}
{"timestamp": "2026-03-06T21:02:44+0800", "level": "INFO", "logger": "etl_logger", "message": "Start downloading Davinci CC Report for brand: VFSC2...", "service": "cc_reconcile", "stage": "download_davinci", "status": "ok"}
{"timestamp": "2026-03-06T21:03:45+0800", "level": "INFO", "logger": "etl_logger", "message": "POST success (VFSC2 2026-03-03): cc_withdraw_detail_report_20260306130344.csv, took 60.5s", "service": "cc_reconcile", "stage": "download_davinci", "status": "ok"}
{"timestamp": "2026-03-06T21:03:54+0800", "level": "INFO", "logger": "etl_logger", "message": "Download success (VFSC2 2026-03-03): cc_withdraw_detail_report_20260306130344.csv, took 9.8s", "service": "cc_reconcile", "stage": "download_davinci", "status": "ok"}
{"timestamp": "2026-03-06T21:04:49+0800", "level": "INFO", "logger": "etl_logger", "message": "POST success (VFSC2 2026-03-04): cc_withdraw_detail_report_20260306130449.csv, took 54.3s", "service": "cc_reconcile", "stage": "download_davinci", "status": "ok"}
{"timestamp": "2026-03-06T21:04:56+0800", "level": "INFO", "logger": "etl_logger", "message": "Download success (VFSC2 2026-03-04): cc_withdraw_detail_report_20260306130449.csv, took 7.3s", "service": "cc_reconcile", "stage": "download_davinci", "status": "ok"}
{"timestamp": "2026-03-06T21:05:49+0800", "level": "INFO", "logger": "etl_logger", "message": "POST success (VFSC2 2026-03-05): cc_withdraw_detail_report_20260306130549.csv, took 53.2s", "service": "cc_reconcile", "stage": "download_davinci", "status": "ok"}
{"timestamp": "2026-03-06T21:06:11+0800", "level": "INFO", "logger": "etl_logger", "message": "Download success (VFSC2 2026-03-05): cc_withdraw_detail_report_20260306130549.csv, took 21.8s", "service": "cc_reconcile", "stage": "download_davinci", "status": "ok"}
{"timestamp": "2026-03-06T21:07:02+0800", "level": "INFO", "logger": "etl_logger", "message": "POST success (VFSC2 2026-03-06): cc_withdraw_detail_report_20260306130702.csv, took 50.5s", "service": "cc_reconcile", "stage": "download_davinci", "status": "ok"}
{"timestamp": "2026-03-06T21:07:59+0800", "level": "INFO", "logger": "etl_logger", "message": "Download success (VFSC2 2026-03-06): cc_withdraw_detail_report_20260306130702.csv, took 57.7s", "service": "cc_reconcile", "stage": "download_davinci", "status": "ok"}
{"timestamp": "2026-03-06T21:08:00+0800", "level": "INFO", "logger": "etl_logger", "message": "Finish downloading Davinci CC - VFSC2 Report", "service": "cc_reconcile", "stage": "download_davinci", "status": "ok"}
{"timestamp": "2026-03-06T21:08:00+0800", "level": "INFO", "logger": "etl_logger", "message": "Finish downloading Davinci CC Report for all brands, total rows: 54599", "service": "cc_reconcile", "stage": "download_davinci", "status": "ok"}
{"timestamp": "2026-03-06T21:08:00+0800", "level": "INFO", "logger": "etl_logger", "message": "Download CRM CC Report Finish ，Total: 54599", "service": "cc_reconcile", "stage": "download", "status": "ok"}
{"timestamp": "2026-03-06T21:08:00+0800", "level": "INFO", "logger": "etl_logger", "message": "Start reconcile...", "service": "cc_reconcile", "stage": "reconcile", "status": "ok"}
{"timestamp": "2026-03-06T21:08:00+0800", "level": "INFO", "logger": "etl_logger", "message": "Reconcile Finish ，Total Mismatch Case: 2", "service": "cc_reconcile", "stage": "reconcile", "status": "ok"}
{"timestamp": "2026-03-06T21:08:01+0800", "level": "INFO", "logger": "etl_logger", "message": "Connect Lark Finish", "service": "cc_reconcile", "stage": "lark", "status": "ok"}
{"timestamp": "2026-03-06T21:08:01+0800", "level": "INFO", "logger": "etl_logger", "message": "Start query existing data in LarkSheet...", "service": "cc_reconcile", "stage": "lark", "status": "ok"}
{"timestamp": "2026-03-06T21:08:02+0800", "level": "INFO", "logger": "etl_logger", "message": "Query existing data in LarkSheet Finish", "service": "cc_reconcile", "stage": "lark", "status": "ok"}
{"timestamp": "2026-03-06T21:08:02+0800", "level": "INFO", "logger": "etl_logger", "message": "Total unique keys in LarkSheet: 162, Total new mismatch cases to upload: 0", "service": "cc_reconcile", "stage": "lark", "status": "ok"}
{"timestamp": "2026-03-06T21:08:02+0800", "level": "INFO", "logger": "etl_logger", "message": "Append data to LarkSheet with range: Kalw4Y!A2:L3, rows: 1, columns: 12", "service": "cc_reconcile", "stage": "lark", "status": "ok"}
{"timestamp": "2026-03-06T21:08:02+0800", "level": "INFO", "logger": "etl_logger", "message": "✅ Successfully appended data to LarkSheet", "service": "cc_reconcile", "stage": "lark", "status": "ok"}
{"timestamp": "2026-03-06T21:08:03+0800", "level": "INFO", "logger": "etl_logger", "message": "Upload data to LarkSheet Finish", "service": "cc_reconcile", "stage": "lark", "status": "ok"}
{"timestamp": "2026-03-06T22:00:01+0800", "level": "INFO", "logger": "etl_logger", "message": "Start download reports...", "service": "cc_reconcile", "stage": "download", "status": "ok"}
{"timestamp": "2026-03-06T22:00:04+0800", "level": "INFO", "logger": "etl_logger", "message": "Payabl Login Success and Get Token Success", "service": "cc_reconcile", "stage": "download_payabl", "status": "ok"}
{"timestamp": "2026-03-06T22:00:04+0800", "level": "INFO", "logger": "etl_logger", "message": "Start downloading Payabl CC Report for date: 2026-03-05...", "service": "cc_reconcile", "stage": "download_payabl", "status": "ok"}
{"timestamp": "2026-03-06T22:00:38+0800", "level": "INFO", "logger": "etl_logger", "message": "Start downloading Payabl CC Report for date: 2026-03-06...", "service": "cc_reconcile", "stage": "download_payabl", "status": "ok"}
{"timestamp": "2026-03-06T22:01:00+0800", "level": "INFO", "logger": "etl_logger", "message": "Finish downloading Payabl CC Report", "service": "cc_reconcile", "stage": "download_payabl", "status": "ok"}
{"timestamp": "2026-03-06T22:01:00+0800", "level": "INFO", "logger": "etl_logger", "message": "Download Payabl CC Report Finish ，Total: 86452", "service": "cc_reconcile", "stage": "download", "status": "ok"}
{"timestamp": "2026-03-06T22:01:00+0800", "level": "INFO", "logger": "etl_logger", "message": "Login attempt 1/5", "service": "cc_reconcile", "stage": "download_davinci", "status": "ok"}
{"timestamp": "2026-03-06T22:01:01+0800", "level": "INFO", "logger": "etl_logger", "message": "Login response status=200, url=https://admin.vantagemarkets.com/admin/main, cookies=4", "service": "cc_reconcile", "stage": "download_davinci", "status": "ok"}
{"timestamp": "2026-03-06T22:01:01+0800", "level": "INFO", "logger": "etl_logger", "message": "Login successful", "service": "cc_reconcile", "stage": "download_davinci", "status": "ok"}
{"timestamp": "2026-03-06T22:01:02+0800", "level": "INFO", "logger": "etl_logger", "message": "Token obtained successfully", "service": "cc_reconcile", "stage": "download_davinci", "status": "ok"}
{"timestamp": "2026-03-06T22:01:02+0800", "level": "INFO", "logger": "etl_logger", "message": "Start downloading Davinci CC Report for brand: VFSC...", "service": "cc_reconcile", "stage": "download_davinci", "status": "ok"}
{"timestamp": "2026-03-06T22:01:21+0800", "level": "INFO", "logger": "etl_logger", "message": "POST success (VFSC 2026-03-03): cc_withdraw_detail_report_20260306140121.csv, took 19.3s", "service": "cc_reconcile", "stage": "download_davinci", "status": "ok"}
{"timestamp": "2026-03-06T22:01:24+0800", "level": "INFO", "logger": "etl_logger", "message": "Download success (VFSC 2026-03-03): cc_withdraw_detail_report_20260306140121.csv, took 3.2s", "service": "cc_reconcile", "stage": "download_davinci", "status": "ok"}
{"timestamp": "2026-03-06T22:01:47+0800", "level": "INFO", "logger": "etl_logger", "message": "POST success (VFSC 2026-03-04): cc_withdraw_detail_report_20260306140147.csv, took 22.9s", "service": "cc_reconcile", "stage": "download_davinci", "status": "ok"}
{"timestamp": "2026-03-06T22:01:51+0800", "level": "INFO", "logger": "etl_logger", "message": "Download success (VFSC 2026-03-04): cc_withdraw_detail_report_20260306140147.csv, took 4.1s", "service": "cc_reconcile", "stage": "download_davinci", "status": "ok"}
{"timestamp": "2026-03-06T22:02:10+0800", "level": "INFO", "logger": "etl_logger", "message": "POST success (VFSC 2026-03-05): cc_withdraw_detail_report_20260306140210.csv, took 18.8s", "service": "cc_reconcile", "stage": "download_davinci", "status": "ok"}
{"timestamp": "2026-03-06T22:02:16+0800", "level": "INFO", "logger": "etl_logger", "message": "Download success (VFSC 2026-03-05): cc_withdraw_detail_report_20260306140210.csv, took 5.6s", "service": "cc_reconcile", "stage": "download_davinci", "status": "ok"}
{"timestamp": "2026-03-06T22:02:34+0800", "level": "INFO", "logger": "etl_logger", "message": "POST success (VFSC 2026-03-06): cc_withdraw_detail_report_20260306140234.csv, took 18.6s", "service": "cc_reconcile", "stage": "download_davinci", "status": "ok"}
{"timestamp": "2026-03-06T22:02:58+0800", "level": "INFO", "logger": "etl_logger", "message": "Download success (VFSC 2026-03-06): cc_withdraw_detail_report_20260306140234.csv, took 23.4s", "service": "cc_reconcile", "stage": "download_davinci", "status": "ok"}
{"timestamp": "2026-03-06T22:02:58+0800", "level": "INFO", "logger": "etl_logger", "message": "Finish downloading Davinci CC - VFSC Report", "service": "cc_reconcile", "stage": "download_davinci", "status": "ok"}
{"timestamp": "2026-03-06T22:02:58+0800", "level": "INFO", "logger": "etl_logger", "message": "Start downloading Davinci CC Report for brand: VFSC2...", "service": "cc_reconcile", "stage": "download_davinci", "status": "ok"}
{"timestamp": "2026-03-06T22:03:53+0800", "level": "INFO", "logger": "etl_logger", "message": "POST success (VFSC2 2026-03-03): cc_withdraw_detail_report_20260306140352.csv, took 55.1s", "service": "cc_reconcile", "stage": "download_davinci", "status": "ok"}
{"timestamp": "2026-03-06T22:04:00+0800", "level": "INFO", "logger": "etl_logger", "message": "Download success (VFSC2 2026-03-03): cc_withdraw_detail_report_20260306140352.csv, took 6.8s", "service": "cc_reconcile", "stage": "download_davinci", "status": "ok"}
{"timestamp": "2026-03-06T22:04:54+0800", "level": "INFO", "logger": "etl_logger", "message": "POST success (VFSC2 2026-03-04): cc_withdraw_detail_report_20260306140453.csv, took 54.3s", "service": "cc_reconcile", "stage": "download_davinci", "status": "ok"}
{"timestamp": "2026-03-06T22:05:01+0800", "level": "INFO", "logger": "etl_logger", "message": "Download success (VFSC2 2026-03-04): cc_withdraw_detail_report_20260306140453.csv, took 7.5s", "service": "cc_reconcile", "stage": "download_davinci", "status": "ok"}
{"timestamp": "2026-03-06T22:05:54+0800", "level": "INFO", "logger": "etl_logger", "message": "POST success (VFSC2 2026-03-05): cc_withdraw_detail_report_20260306140554.csv, took 52.3s", "service": "cc_reconcile", "stage": "download_davinci", "status": "ok"}
{"timestamp": "2026-03-06T22:06:05+0800", "level": "INFO", "logger": "etl_logger", "message": "Download success (VFSC2 2026-03-05): cc_withdraw_detail_report_20260306140554.csv, took 11.2s", "service": "cc_reconcile", "stage": "download_davinci", "status": "ok"}
{"timestamp": "2026-03-06T22:06:56+0800", "level": "INFO", "logger": "etl_logger", "message": "POST success (VFSC2 2026-03-06): cc_withdraw_detail_report_20260306140656.csv, took 51.6s", "service": "cc_reconcile", "stage": "download_davinci", "status": "ok"}
{"timestamp": "2026-03-06T22:07:03+0800", "level": "INFO", "logger": "etl_logger", "message": "Download success (VFSC2 2026-03-06): cc_withdraw_detail_report_20260306140656.csv, took 6.1s", "service": "cc_reconcile", "stage": "download_davinci", "status": "ok"}
{"timestamp": "2026-03-06T22:07:03+0800", "level": "INFO", "logger": "etl_logger", "message": "Finish downloading Davinci CC - VFSC2 Report", "service": "cc_reconcile", "stage": "download_davinci", "status": "ok"}
{"timestamp": "2026-03-06T22:07:03+0800", "level": "INFO", "logger": "etl_logger", "message": "Finish downloading Davinci CC Report for all brands, total rows: 56579", "service": "cc_reconcile", "stage": "download_davinci", "status": "ok"}
{"timestamp": "2026-03-06T22:07:03+0800", "level": "INFO", "logger": "etl_logger", "message": "Download CRM CC Report Finish ，Total: 56579", "service": "cc_reconcile", "stage": "download", "status": "ok"}
{"timestamp": "2026-03-06T22:07:03+0800", "level": "INFO", "logger": "etl_logger", "message": "Start reconcile...", "service": "cc_reconcile", "stage": "reconcile", "status": "ok"}
{"timestamp": "2026-03-06T22:07:04+0800", "level": "INFO", "logger": "etl_logger", "message": "Reconcile Finish ，Total Mismatch Case: 2", "service": "cc_reconcile", "stage": "reconcile", "status": "ok"}
{"timestamp": "2026-03-06T22:07:04+0800", "level": "INFO", "logger": "etl_logger", "message": "Connect Lark Finish", "service": "cc_reconcile", "stage": "lark", "status": "ok"}
{"timestamp": "2026-03-06T22:07:04+0800", "level": "INFO", "logger": "etl_logger", "message": "Start query existing data in LarkSheet...", "service": "cc_reconcile", "stage": "lark", "status": "ok"}
{"timestamp": "2026-03-06T22:07:05+0800", "level": "INFO", "logger": "etl_logger", "message": "Query existing data in LarkSheet Finish", "service": "cc_reconcile", "stage": "lark", "status": "ok"}
{"timestamp": "2026-03-06T22:07:05+0800", "level": "INFO", "logger": "etl_logger", "message": "Total unique keys in LarkSheet: 162, Total new mismatch cases to upload: 0", "service": "cc_reconcile", "stage": "lark", "status": "ok"}
{"timestamp": "2026-03-06T22:07:05+0800", "level": "INFO", "logger": "etl_logger", "message": "Append data to LarkSheet with range: Kalw4Y!A2:L3, rows: 1, columns: 12", "service": "cc_reconcile", "stage": "lark", "status": "ok"}
{"timestamp": "2026-03-06T22:07:05+0800", "level": "INFO", "logger": "etl_logger", "message": "✅ Successfully appended data to LarkSheet", "service": "cc_reconcile", "stage": "lark", "status": "ok"}
{"timestamp": "2026-03-06T22:07:07+0800", "level": "INFO", "logger": "etl_logger", "message": "Upload data to LarkSheet Finish", "service": "cc_reconcile", "stage": "lark", "status": "ok"}
{"timestamp": "2026-03-06T23:00:01+0800", "level": "INFO", "logger": "etl_logger", "message": "Start download reports...", "service": "cc_reconcile", "stage": "download", "status": "ok"}
{"timestamp": "2026-03-06T23:00:04+0800", "level": "INFO", "logger": "etl_logger", "message": "Payabl Login Success and Get Token Success", "service": "cc_reconcile", "stage": "download_payabl", "status": "ok"}
{"timestamp": "2026-03-06T23:00:04+0800", "level": "INFO", "logger": "etl_logger", "message": "Start downloading Payabl CC Report for date: 2026-03-05...", "service": "cc_reconcile", "stage": "download_payabl", "status": "ok"}
{"timestamp": "2026-03-06T23:00:44+0800", "level": "INFO", "logger": "etl_logger", "message": "Start downloading Payabl CC Report for date: 2026-03-06...", "service": "cc_reconcile", "stage": "download_payabl", "status": "ok"}
{"timestamp": "2026-03-06T23:01:11+0800", "level": "INFO", "logger": "etl_logger", "message": "Finish downloading Payabl CC Report", "service": "cc_reconcile", "stage": "download_payabl", "status": "ok"}
{"timestamp": "2026-03-06T23:01:11+0800", "level": "INFO", "logger": "etl_logger", "message": "Download Payabl CC Report Finish ，Total: 91742", "service": "cc_reconcile", "stage": "download", "status": "ok"}
{"timestamp": "2026-03-06T23:01:11+0800", "level": "INFO", "logger": "etl_logger", "message": "Login attempt 1/5", "service": "cc_reconcile", "stage": "download_davinci", "status": "ok"}
{"timestamp": "2026-03-06T23:01:12+0800", "level": "INFO", "logger": "etl_logger", "message": "Login response status=200, url=https://admin.vantagemarkets.com/admin/main, cookies=4", "service": "cc_reconcile", "stage": "download_davinci", "status": "ok"}
{"timestamp": "2026-03-06T23:01:12+0800", "level": "INFO", "logger": "etl_logger", "message": "Login successful", "service": "cc_reconcile", "stage": "download_davinci", "status": "ok"}
{"timestamp": "2026-03-06T23:01:13+0800", "level": "INFO", "logger": "etl_logger", "message": "Token obtained successfully", "service": "cc_reconcile", "stage": "download_davinci", "status": "ok"}
{"timestamp": "2026-03-06T23:01:13+0800", "level": "INFO", "logger": "etl_logger", "message": "Start downloading Davinci CC Report for brand: VFSC...", "service": "cc_reconcile", "stage": "download_davinci", "status": "ok"}
{"timestamp": "2026-03-06T23:01:32+0800", "level": "INFO", "logger": "etl_logger", "message": "POST success (VFSC 2026-03-03): cc_withdraw_detail_report_20260306150132.csv, took 18.9s", "service": "cc_reconcile", "stage": "download_davinci", "status": "ok"}
{"timestamp": "2026-03-06T23:01:54+0800", "level": "INFO", "logger": "etl_logger", "message": "Download success (VFSC 2026-03-03): cc_withdraw_detail_report_20260306150132.csv, took 22.2s", "service": "cc_reconcile", "stage": "download_davinci", "status": "ok"}
{"timestamp": "2026-03-06T23:02:14+0800", "level": "INFO", "logger": "etl_logger", "message": "POST success (VFSC 2026-03-04): cc_withdraw_detail_report_20260306150214.csv, took 20.0s", "service": "cc_reconcile", "stage": "download_davinci", "status": "ok"}
{"timestamp": "2026-03-06T23:02:16+0800", "level": "INFO", "logger": "etl_logger", "message": "Download success (VFSC 2026-03-04): cc_withdraw_detail_report_20260306150214.csv, took 2.6s", "service": "cc_reconcile", "stage": "download_davinci", "status": "ok"}
{"timestamp": "2026-03-06T23:02:34+0800", "level": "INFO", "logger": "etl_logger", "message": "POST success (VFSC 2026-03-05): cc_withdraw_detail_report_20260306150234.csv, took 18.0s", "service": "cc_reconcile", "stage": "download_davinci", "status": "ok"}
{"timestamp": "2026-03-06T23:02:46+0800", "level": "INFO", "logger": "etl_logger", "message": "Download success (VFSC 2026-03-05): cc_withdraw_detail_report_20260306150234.csv, took 11.9s", "service": "cc_reconcile", "stage": "download_davinci", "status": "ok"}
{"timestamp": "2026-03-06T23:03:05+0800", "level": "INFO", "logger": "etl_logger", "message": "POST success (VFSC 2026-03-06): cc_withdraw_detail_report_20260306150305.csv, took 19.1s", "service": "cc_reconcile", "stage": "download_davinci", "status": "ok"}
{"timestamp": "2026-03-06T23:03:11+0800", "level": "INFO", "logger": "etl_logger", "message": "Download success (VFSC 2026-03-06): cc_withdraw_detail_report_20260306150305.csv, took 5.6s", "service": "cc_reconcile", "stage": "download_davinci", "status": "ok"}
{"timestamp": "2026-03-06T23:03:11+0800", "level": "INFO", "logger": "etl_logger", "message": "Finish downloading Davinci CC - VFSC Report", "service": "cc_reconcile", "stage": "download_davinci", "status": "ok"}
{"timestamp": "2026-03-06T23:03:11+0800", "level": "INFO", "logger": "etl_logger", "message": "Start downloading Davinci CC Report for brand: VFSC2...", "service": "cc_reconcile", "stage": "download_davinci", "status": "ok"}
{"timestamp": "2026-03-06T23:04:05+0800", "level": "INFO", "logger": "etl_logger", "message": "POST success (VFSC2 2026-03-03): cc_withdraw_detail_report_20260306150405.csv, took 53.8s", "service": "cc_reconcile", "stage": "download_davinci", "status": "ok"}
{"timestamp": "2026-03-06T23:14:26+0800", "level": "INFO", "logger": "etl_logger", "message": "Download success (VFSC2 2026-03-03): cc_withdraw_detail_report_20260306150405.csv, took 621.5s", "service": "cc_reconcile", "stage": "download_davinci", "status": "ok"}
{"timestamp": "2026-03-06T23:15:21+0800", "level": "INFO", "logger": "etl_logger", "message": "POST success (VFSC2 2026-03-04): cc_withdraw_detail_report_20260306151520.csv, took 54.1s", "service": "cc_reconcile", "stage": "download_davinci", "status": "ok"}
{"timestamp": "2026-03-06T23:15:52+0800", "level": "INFO", "logger": "etl_logger", "message": "Download success (VFSC2 2026-03-04): cc_withdraw_detail_report_20260306151520.csv, took 31.3s", "service": "cc_reconcile", "stage": "download_davinci", "status": "ok"}
{"timestamp": "2026-03-06T23:16:45+0800", "level": "INFO", "logger": "etl_logger", "message": "POST success (VFSC2 2026-03-05): cc_withdraw_detail_report_20260306151645.csv, took 52.8s", "service": "cc_reconcile", "stage": "download_davinci", "status": "ok"}
{"timestamp": "2026-03-06T23:17:46+0800", "level": "INFO", "logger": "etl_logger", "message": "Download success (VFSC2 2026-03-05): cc_withdraw_detail_report_20260306151645.csv, took 61.0s", "service": "cc_reconcile", "stage": "download_davinci", "status": "ok"}
{"timestamp": "2026-03-06T23:18:37+0800", "level": "INFO", "logger": "etl_logger", "message": "POST success (VFSC2 2026-03-06): cc_withdraw_detail_report_20260306151837.csv, took 51.7s", "service": "cc_reconcile", "stage": "download_davinci", "status": "ok"}
{"timestamp": "2026-03-06T23:19:04+0800", "level": "INFO", "logger": "etl_logger", "message": "Download success (VFSC2 2026-03-06): cc_withdraw_detail_report_20260306151837.csv, took 26.7s", "service": "cc_reconcile", "stage": "download_davinci", "status": "ok"}
{"timestamp": "2026-03-06T23:19:05+0800", "level": "INFO", "logger": "etl_logger", "message": "Finish downloading Davinci CC - VFSC2 Report", "service": "cc_reconcile", "stage": "download_davinci", "status": "ok"}
{"timestamp": "2026-03-06T23:19:05+0800", "level": "INFO", "logger": "etl_logger", "message": "Finish downloading Davinci CC Report for all brands, total rows: 58784", "service": "cc_reconcile", "stage": "download_davinci", "status": "ok"}
{"timestamp": "2026-03-06T23:19:05+0800", "level": "INFO", "logger": "etl_logger", "message": "Download CRM CC Report Finish ，Total: 58784", "service": "cc_reconcile", "stage": "download", "status": "ok"}
{"timestamp": "2026-03-06T23:19:05+0800", "level": "INFO", "logger": "etl_logger", "message": "Start reconcile...", "service": "cc_reconcile", "stage": "reconcile", "status": "ok"}
{"timestamp": "2026-03-06T23:19:06+0800", "level": "INFO", "logger": "etl_logger", "message": "Reconcile Finish ，Total Mismatch Case: 2", "service": "cc_reconcile", "stage": "reconcile", "status": "ok"}
{"timestamp": "2026-03-06T23:19:06+0800", "level": "INFO", "logger": "etl_logger", "message": "Connect Lark Finish", "service": "cc_reconcile", "stage": "lark", "status": "ok"}
{"timestamp": "2026-03-06T23:19:06+0800", "level": "INFO", "logger": "etl_logger", "message": "Start query existing data in LarkSheet...", "service": "cc_reconcile", "stage": "lark", "status": "ok"}
{"timestamp": "2026-03-06T23:19:07+0800", "level": "INFO", "logger": "etl_logger", "message": "Query existing data in LarkSheet Finish", "service": "cc_reconcile", "stage": "lark", "status": "ok"}
{"timestamp": "2026-03-06T23:19:07+0800", "level": "INFO", "logger": "etl_logger", "message": "Total unique keys in LarkSheet: 162, Total new mismatch cases to upload: 0", "service": "cc_reconcile", "stage": "lark", "status": "ok"}
{"timestamp": "2026-03-06T23:19:07+0800", "level": "INFO", "logger": "etl_logger", "message": "Append data to LarkSheet with range: Kalw4Y!A2:L3, rows: 1, columns: 12", "service": "cc_reconcile", "stage": "lark", "status": "ok"}
{"timestamp": "2026-03-06T23:19:07+0800", "level": "INFO", "logger": "etl_logger", "message": "✅ Successfully appended data to LarkSheet", "service": "cc_reconcile", "stage": "lark", "status": "ok"}
{"timestamp": "2026-03-06T23:19:08+0800", "level": "INFO", "logger": "etl_logger", "message": "Upload data to LarkSheet Finish", "service": "cc_reconcile", "stage": "lark", "status": "ok"}
