{"timestamp": "2026-02-23T10:34:02+0800", "level": "INFO", "logger": "etl_logger", "message": "Start download reports...", "service": "cc_reconcile", "stage": "download", "status": "ok"}
{"timestamp": "2026-02-23T10:34:05+0800", "level": "INFO", "logger": "etl_logger", "message": "Payabl Login Success and Get Token Success", "service": "cc_reconcile", "stage": "download_payabl", "status": "ok"}
{"timestamp": "2026-02-23T10:34:05+0800", "level": "INFO", "logger": "etl_logger", "message": "Start downloading Payabl CC Report for date: 2026-02-22...", "service": "cc_reconcile", "stage": "download_payabl", "status": "ok"}
{"timestamp": "2026-02-23T10:34:16+0800", "level": "INFO", "logger": "etl_logger", "message": "Start downloading Payabl CC Report for date: 2026-02-23...", "service": "cc_reconcile", "stage": "download_payabl", "status": "ok"}
{"timestamp": "2026-02-23T10:34:26+0800", "level": "INFO", "logger": "etl_logger", "message": "Finish downloading Payabl CC Report", "service": "cc_reconcile", "stage": "download_payabl", "status": "ok"}
{"timestamp": "2026-02-23T10:34:26+0800", "level": "INFO", "logger": "etl_logger", "message": "Download Payabl CC Report Finish ，Total: 25139", "service": "cc_reconcile", "stage": "download", "status": "ok"}
{"timestamp": "2026-02-23T10:34:26+0800", "level": "INFO", "logger": "etl_logger", "message": "Login attempt 1/5", "service": "cc_reconcile", "stage": "download_davinci", "status": "ok"}
{"timestamp": "2026-02-23T10:34:27+0800", "level": "INFO", "logger": "etl_logger", "message": "Login response status=200, url=https://admin.vantagemarkets.com/admin/main, cookies=4", "service": "cc_reconcile", "stage": "download_davinci", "status": "ok"}
{"timestamp": "2026-02-23T10:34:27+0800", "level": "INFO", "logger": "etl_logger", "message": "Login successful", "service": "cc_reconcile", "stage": "download_davinci", "status": "ok"}
{"timestamp": "2026-02-23T10:34:28+0800", "level": "INFO", "logger": "etl_logger", "message": "Token obtained successfully", "service": "cc_reconcile", "stage": "download_davinci", "status": "ok"}
{"timestamp": "2026-02-23T10:34:28+0800", "level": "INFO", "logger": "etl_logger", "message": "Start downloading Davinci CC Report for brand: VFSC...", "service": "cc_reconcile", "stage": "download_davinci", "status": "ok"}
{"timestamp": "2026-02-23T10:34:46+0800", "level": "INFO", "logger": "etl_logger", "message": "POST success (VFSC 2026-02-20): cc_withdraw_detail_report_20260223023446.csv, took 18.4s", "service": "cc_reconcile", "stage": "download_davinci", "status": "ok"}
{"timestamp": "2026-02-23T10:34:48+0800", "level": "INFO", "logger": "etl_logger", "message": "Download success (VFSC 2026-02-20): cc_withdraw_detail_report_20260223023446.csv, took 2.2s", "service": "cc_reconcile", "stage": "download_davinci", "status": "ok"}
{"timestamp": "2026-02-23T10:35:05+0800", "level": "INFO", "logger": "etl_logger", "message": "POST success (VFSC 2026-02-21): cc_withdraw_detail_report_20260223023505.csv, took 17.1s", "service": "cc_reconcile", "stage": "download_davinci", "status": "ok"}
{"timestamp": "2026-02-23T10:35:07+0800", "level": "INFO", "logger": "etl_logger", "message": "Download success (VFSC 2026-02-21): cc_withdraw_detail_report_20260223023505.csv, took 1.4s", "service": "cc_reconcile", "stage": "download_davinci", "status": "ok"}
{"timestamp": "2026-02-23T10:35:25+0800", "level": "INFO", "logger": "etl_logger", "message": "POST success (VFSC 2026-02-22): cc_withdraw_detail_report_20260223023525.csv, took 18.1s", "service": "cc_reconcile", "stage": "download_davinci", "status": "ok"}
{"timestamp": "2026-02-23T10:35:26+0800", "level": "INFO", "logger": "etl_logger", "message": "Download success (VFSC 2026-02-22): cc_withdraw_detail_report_20260223023525.csv, took 1.6s", "service": "cc_reconcile", "stage": "download_davinci", "status": "ok"}
{"timestamp": "2026-02-23T10:35:45+0800", "level": "INFO", "logger": "etl_logger", "message": "POST success (VFSC 2026-02-23): cc_withdraw_detail_report_20260223023545.csv, took 18.5s", "service": "cc_reconcile", "stage": "download_davinci", "status": "ok"}
{"timestamp": "2026-02-23T10:35:47+0800", "level": "INFO", "logger": "etl_logger", "message": "Download success (VFSC 2026-02-23): cc_withdraw_detail_report_20260223023545.csv, took 1.9s", "service": "cc_reconcile", "stage": "download_davinci", "status": "ok"}
{"timestamp": "2026-02-23T10:35:47+0800", "level": "INFO", "logger": "etl_logger", "message": "Finish downloading Davinci CC - VFSC Report", "service": "cc_reconcile", "stage": "download_davinci", "status": "ok"}
{"timestamp": "2026-02-23T10:35:47+0800", "level": "INFO", "logger": "etl_logger", "message": "Start downloading Davinci CC Report for brand: VFSC2...", "service": "cc_reconcile", "stage": "download_davinci", "status": "ok"}
{"timestamp": "2026-02-23T10:36:39+0800", "level": "INFO", "logger": "etl_logger", "message": "POST success (VFSC2 2026-02-20): cc_withdraw_detail_report_20260223023639.csv, took 52.0s", "service": "cc_reconcile", "stage": "download_davinci", "status": "ok"}
{"timestamp": "2026-02-23T10:36:44+0800", "level": "INFO", "logger": "etl_logger", "message": "Download success (VFSC2 2026-02-20): cc_withdraw_detail_report_20260223023639.csv, took 5.3s", "service": "cc_reconcile", "stage": "download_davinci", "status": "ok"}
{"timestamp": "2026-02-23T10:37:33+0800", "level": "INFO", "logger": "etl_logger", "message": "POST success (VFSC2 2026-02-21): cc_withdraw_detail_report_20260223023733.csv, took 49.1s", "service": "cc_reconcile", "stage": "download_davinci", "status": "ok"}
{"timestamp": "2026-02-23T10:37:36+0800", "level": "INFO", "logger": "etl_logger", "message": "Download success (VFSC2 2026-02-21): cc_withdraw_detail_report_20260223023733.csv, took 2.5s", "service": "cc_reconcile", "stage": "download_davinci", "status": "ok"}
{"timestamp": "2026-02-23T10:38:24+0800", "level": "INFO", "logger": "etl_logger", "message": "POST success (VFSC2 2026-02-22): cc_withdraw_detail_report_20260223023824.csv, took 48.3s", "service": "cc_reconcile", "stage": "download_davinci", "status": "ok"}
{"timestamp": "2026-02-23T10:38:26+0800", "level": "INFO", "logger": "etl_logger", "message": "Download success (VFSC2 2026-02-22): cc_withdraw_detail_report_20260223023824.csv, took 2.3s", "service": "cc_reconcile", "stage": "download_davinci", "status": "ok"}
{"timestamp": "2026-02-23T10:39:15+0800", "level": "INFO", "logger": "etl_logger", "message": "POST success (VFSC2 2026-02-23): cc_withdraw_detail_report_20260223023915.csv, took 48.7s", "service": "cc_reconcile", "stage": "download_davinci", "status": "ok"}
{"timestamp": "2026-02-23T10:39:17+0800", "level": "INFO", "logger": "etl_logger", "message": "Download success (VFSC2 2026-02-23): cc_withdraw_detail_report_20260223023915.csv, took 2.5s", "service": "cc_reconcile", "stage": "download_davinci", "status": "ok"}
{"timestamp": "2026-02-23T10:39:18+0800", "level": "INFO", "logger": "etl_logger", "message": "Finish downloading Davinci CC - VFSC2 Report", "service": "cc_reconcile", "stage": "download_davinci", "status": "ok"}
{"timestamp": "2026-02-23T10:39:18+0800", "level": "INFO", "logger": "etl_logger", "message": "Finish downloading Davinci CC Report for all brands, total rows: 19376", "service": "cc_reconcile", "stage": "download_davinci", "status": "ok"}
{"timestamp": "2026-02-23T10:39:18+0800", "level": "INFO", "logger": "etl_logger", "message": "Download CRM CC Report Finish ，Total: 19376", "service": "cc_reconcile", "stage": "download", "status": "ok"}
{"timestamp": "2026-02-23T10:39:18+0800", "level": "INFO", "logger": "etl_logger", "message": "Start reconcile...", "service": "cc_reconcile", "stage": "reconcile", "status": "ok"}
{"timestamp": "2026-02-23T10:39:18+0800", "level": "INFO", "logger": "etl_logger", "message": "Reconcile Finish ，Total Mismatch Case: 0", "service": "cc_reconcile", "stage": "reconcile", "status": "ok"}
{"timestamp": "2026-02-23T10:39:18+0800", "level": "INFO", "logger": "etl_logger", "message": "Connect Lark Finish", "service": "cc_reconcile", "stage": "lark", "status": "ok"}
{"timestamp": "2026-02-23T10:39:18+0800", "level": "INFO", "logger": "etl_logger", "message": "Start query existing data in LarkSheet...", "service": "cc_reconcile", "stage": "lark", "status": "ok"}
{"timestamp": "2026-02-23T10:39:20+0800", "level": "INFO", "logger": "etl_logger", "message": "Query existing data in LarkSheet Finish", "service": "cc_reconcile", "stage": "lark", "status": "ok"}
{"timestamp": "2026-02-23T10:39:20+0800", "level": "INFO", "logger": "etl_logger", "message": "Total unique keys in LarkSheet: 11, Total new mismatch cases to upload: 0", "service": "cc_reconcile", "stage": "lark", "status": "ok"}
{"timestamp": "2026-02-23T10:39:20+0800", "level": "INFO", "logger": "etl_logger", "message": "Append data to LarkSheet with range: Kalw4Y!A2:L3, rows: 1, columns: 12", "service": "cc_reconcile", "stage": "lark", "status": "ok"}
{"timestamp": "2026-02-23T10:39:20+0800", "level": "INFO", "logger": "etl_logger", "message": "✅ Successfully appended data to LarkSheet", "service": "cc_reconcile", "stage": "lark", "status": "ok"}
{"timestamp": "2026-02-23T10:39:22+0800", "level": "INFO", "logger": "etl_logger", "message": "Upload data to LarkSheet Finish", "service": "cc_reconcile", "stage": "lark", "status": "ok"}
{"timestamp": "2026-02-23T11:04:02+0800", "level": "INFO", "logger": "etl_logger", "message": "Start download reports...", "service": "cc_reconcile", "stage": "download", "status": "ok"}
{"timestamp": "2026-02-23T11:04:05+0800", "level": "INFO", "logger": "etl_logger", "message": "Payabl Login Success and Get Token Success", "service": "cc_reconcile", "stage": "download_payabl", "status": "ok"}
{"timestamp": "2026-02-23T11:04:05+0800", "level": "INFO", "logger": "etl_logger", "message": "Start downloading Payabl CC Report for date: 2026-02-22...", "service": "cc_reconcile", "stage": "download_payabl", "status": "ok"}
{"timestamp": "2026-02-23T11:04:16+0800", "level": "INFO", "logger": "etl_logger", "message": "Start downloading Payabl CC Report for date: 2026-02-23...", "service": "cc_reconcile", "stage": "download_payabl", "status": "ok"}
{"timestamp": "2026-02-23T11:04:26+0800", "level": "INFO", "logger": "etl_logger", "message": "Finish downloading Payabl CC Report", "service": "cc_reconcile", "stage": "download_payabl", "status": "ok"}
{"timestamp": "2026-02-23T11:04:26+0800", "level": "INFO", "logger": "etl_logger", "message": "Download Payabl CC Report Finish ，Total: 25683", "service": "cc_reconcile", "stage": "download", "status": "ok"}
{"timestamp": "2026-02-23T11:04:26+0800", "level": "INFO", "logger": "etl_logger", "message": "Login attempt 1/5", "service": "cc_reconcile", "stage": "download_davinci", "status": "ok"}
{"timestamp": "2026-02-23T11:04:28+0800", "level": "INFO", "logger": "etl_logger", "message": "Login response status=200, url=https://admin.vantagemarkets.com/admin/main, cookies=4", "service": "cc_reconcile", "stage": "download_davinci", "status": "ok"}
{"timestamp": "2026-02-23T11:04:28+0800", "level": "INFO", "logger": "etl_logger", "message": "Login successful", "service": "cc_reconcile", "stage": "download_davinci", "status": "ok"}
{"timestamp": "2026-02-23T11:04:28+0800", "level": "INFO", "logger": "etl_logger", "message": "Token obtained successfully", "service": "cc_reconcile", "stage": "download_davinci", "status": "ok"}
{"timestamp": "2026-02-23T11:04:28+0800", "level": "INFO", "logger": "etl_logger", "message": "Start downloading Davinci CC Report for brand: VFSC...", "service": "cc_reconcile", "stage": "download_davinci", "status": "ok"}
{"timestamp": "2026-02-23T11:04:47+0800", "level": "INFO", "logger": "etl_logger", "message": "POST success (VFSC 2026-02-20): cc_withdraw_detail_report_20260223030447.csv, took 19.1s", "service": "cc_reconcile", "stage": "download_davinci", "status": "ok"}
{"timestamp": "2026-02-23T11:04:49+0800", "level": "INFO", "logger": "etl_logger", "message": "Download success (VFSC 2026-02-20): cc_withdraw_detail_report_20260223030447.csv, took 1.8s", "service": "cc_reconcile", "stage": "download_davinci", "status": "ok"}
{"timestamp": "2026-02-23T11:05:07+0800", "level": "INFO", "logger": "etl_logger", "message": "POST success (VFSC 2026-02-21): cc_withdraw_detail_report_20260223030507.csv, took 18.3s", "service": "cc_reconcile", "stage": "download_davinci", "status": "ok"}
{"timestamp": "2026-02-23T11:05:09+0800", "level": "INFO", "logger": "etl_logger", "message": "Download success (VFSC 2026-02-21): cc_withdraw_detail_report_20260223030507.csv, took 1.8s", "service": "cc_reconcile", "stage": "download_davinci", "status": "ok"}
{"timestamp": "2026-02-23T11:05:26+0800", "level": "INFO", "logger": "etl_logger", "message": "POST success (VFSC 2026-02-22): cc_withdraw_detail_report_20260223030526.csv, took 17.1s", "service": "cc_reconcile", "stage": "download_davinci", "status": "ok"}
{"timestamp": "2026-02-23T11:05:27+0800", "level": "INFO", "logger": "etl_logger", "message": "Download success (VFSC 2026-02-22): cc_withdraw_detail_report_20260223030526.csv, took 1.5s", "service": "cc_reconcile", "stage": "download_davinci", "status": "ok"}
{"timestamp": "2026-02-23T11:05:45+0800", "level": "INFO", "logger": "etl_logger", "message": "POST success (VFSC 2026-02-23): cc_withdraw_detail_report_20260223030545.csv, took 17.2s", "service": "cc_reconcile", "stage": "download_davinci", "status": "ok"}
{"timestamp": "2026-02-23T11:05:46+0800", "level": "INFO", "logger": "etl_logger", "message": "Download success (VFSC 2026-02-23): cc_withdraw_detail_report_20260223030545.csv, took 1.4s", "service": "cc_reconcile", "stage": "download_davinci", "status": "ok"}
{"timestamp": "2026-02-23T11:05:46+0800", "level": "INFO", "logger": "etl_logger", "message": "Finish downloading Davinci CC - VFSC Report", "service": "cc_reconcile", "stage": "download_davinci", "status": "ok"}
{"timestamp": "2026-02-23T11:05:46+0800", "level": "INFO", "logger": "etl_logger", "message": "Start downloading Davinci CC Report for brand: VFSC2...", "service": "cc_reconcile", "stage": "download_davinci", "status": "ok"}
{"timestamp": "2026-02-23T11:06:44+0800", "level": "INFO", "logger": "etl_logger", "message": "POST success (VFSC2 2026-02-20): cc_withdraw_detail_report_20260223030644.csv, took 58.4s", "service": "cc_reconcile", "stage": "download_davinci", "status": "ok"}
{"timestamp": "2026-02-23T11:06:47+0800", "level": "INFO", "logger": "etl_logger", "message": "Download success (VFSC2 2026-02-20): cc_withdraw_detail_report_20260223030644.csv, took 2.4s", "service": "cc_reconcile", "stage": "download_davinci", "status": "ok"}
{"timestamp": "2026-02-23T11:07:37+0800", "level": "INFO", "logger": "etl_logger", "message": "POST success (VFSC2 2026-02-21): cc_withdraw_detail_report_20260223030737.csv, took 50.6s", "service": "cc_reconcile", "stage": "download_davinci", "status": "ok"}
{"timestamp": "2026-02-23T11:07:40+0800", "level": "INFO", "logger": "etl_logger", "message": "Download success (VFSC2 2026-02-21): cc_withdraw_detail_report_20260223030737.csv, took 2.6s", "service": "cc_reconcile", "stage": "download_davinci", "status": "ok"}
{"timestamp": "2026-02-23T11:08:29+0800", "level": "INFO", "logger": "etl_logger", "message": "POST success (VFSC2 2026-02-22): cc_withdraw_detail_report_20260223030829.csv, took 48.8s", "service": "cc_reconcile", "stage": "download_davinci", "status": "ok"}
{"timestamp": "2026-02-23T11:08:31+0800", "level": "INFO", "logger": "etl_logger", "message": "Download success (VFSC2 2026-02-22): cc_withdraw_detail_report_20260223030829.csv, took 2.3s", "service": "cc_reconcile", "stage": "download_davinci", "status": "ok"}
{"timestamp": "2026-02-23T11:09:20+0800", "level": "INFO", "logger": "etl_logger", "message": "POST success (VFSC2 2026-02-23): cc_withdraw_detail_report_20260223030920.csv, took 49.2s", "service": "cc_reconcile", "stage": "download_davinci", "status": "ok"}
{"timestamp": "2026-02-23T11:09:23+0800", "level": "INFO", "logger": "etl_logger", "message": "Download success (VFSC2 2026-02-23): cc_withdraw_detail_report_20260223030920.csv, took 2.6s", "service": "cc_reconcile", "stage": "download_davinci", "status": "ok"}
{"timestamp": "2026-02-23T11:09:23+0800", "level": "INFO", "logger": "etl_logger", "message": "Finish downloading Davinci CC - VFSC2 Report", "service": "cc_reconcile", "stage": "download_davinci", "status": "ok"}
{"timestamp": "2026-02-23T11:09:23+0800", "level": "INFO", "logger": "etl_logger", "message": "Finish downloading Davinci CC Report for all brands, total rows: 19579", "service": "cc_reconcile", "stage": "download_davinci", "status": "ok"}
{"timestamp": "2026-02-23T11:09:23+0800", "level": "INFO", "logger": "etl_logger", "message": "Download CRM CC Report Finish ，Total: 19579", "service": "cc_reconcile", "stage": "download", "status": "ok"}
{"timestamp": "2026-02-23T11:09:23+0800", "level": "INFO", "logger": "etl_logger", "message": "Start reconcile...", "service": "cc_reconcile", "stage": "reconcile", "status": "ok"}
{"timestamp": "2026-02-23T11:09:23+0800", "level": "INFO", "logger": "etl_logger", "message": "Reconcile Finish ，Total Mismatch Case: 0", "service": "cc_reconcile", "stage": "reconcile", "status": "ok"}
{"timestamp": "2026-02-23T11:09:24+0800", "level": "INFO", "logger": "etl_logger", "message": "Connect Lark Finish", "service": "cc_reconcile", "stage": "lark", "status": "ok"}
{"timestamp": "2026-02-23T11:09:24+0800", "level": "INFO", "logger": "etl_logger", "message": "Start query existing data in LarkSheet...", "service": "cc_reconcile", "stage": "lark", "status": "ok"}
{"timestamp": "2026-02-23T11:09:25+0800", "level": "INFO", "logger": "etl_logger", "message": "Query existing data in LarkSheet Finish", "service": "cc_reconcile", "stage": "lark", "status": "ok"}
{"timestamp": "2026-02-23T11:09:25+0800", "level": "INFO", "logger": "etl_logger", "message": "Total unique keys in LarkSheet: 11, Total new mismatch cases to upload: 0", "service": "cc_reconcile", "stage": "lark", "status": "ok"}
{"timestamp": "2026-02-23T11:09:25+0800", "level": "INFO", "logger": "etl_logger", "message": "Append data to LarkSheet with range: Kalw4Y!A2:L3, rows: 1, columns: 12", "service": "cc_reconcile", "stage": "lark", "status": "ok"}
{"timestamp": "2026-02-23T11:09:25+0800", "level": "INFO", "logger": "etl_logger", "message": "✅ Successfully appended data to LarkSheet", "service": "cc_reconcile", "stage": "lark", "status": "ok"}
{"timestamp": "2026-02-23T11:09:27+0800", "level": "INFO", "logger": "etl_logger", "message": "Upload data to LarkSheet Finish", "service": "cc_reconcile", "stage": "lark", "status": "ok"}
{"timestamp": "2026-02-23T12:00:01+0800", "level": "INFO", "logger": "etl_logger", "message": "Start download reports...", "service": "cc_reconcile", "stage": "download", "status": "ok"}
{"timestamp": "2026-02-23T12:00:05+0800", "level": "INFO", "logger": "etl_logger", "message": "Payabl Login Success and Get Token Success", "service": "cc_reconcile", "stage": "download_payabl", "status": "ok"}
{"timestamp": "2026-02-23T12:00:05+0800", "level": "INFO", "logger": "etl_logger", "message": "Start downloading Payabl CC Report for date: 2026-02-22...", "service": "cc_reconcile", "stage": "download_payabl", "status": "ok"}
{"timestamp": "2026-02-23T12:00:17+0800", "level": "INFO", "logger": "etl_logger", "message": "Start downloading Payabl CC Report for date: 2026-02-23...", "service": "cc_reconcile", "stage": "download_payabl", "status": "ok"}
{"timestamp": "2026-02-23T12:00:27+0800", "level": "INFO", "logger": "etl_logger", "message": "Finish downloading Payabl CC Report", "service": "cc_reconcile", "stage": "download_payabl", "status": "ok"}
{"timestamp": "2026-02-23T12:00:27+0800", "level": "INFO", "logger": "etl_logger", "message": "Download Payabl CC Report Finish ，Total: 26458", "service": "cc_reconcile", "stage": "download", "status": "ok"}
{"timestamp": "2026-02-23T12:00:27+0800", "level": "INFO", "logger": "etl_logger", "message": "Login attempt 1/5", "service": "cc_reconcile", "stage": "download_davinci", "status": "ok"}
{"timestamp": "2026-02-23T12:00:29+0800", "level": "INFO", "logger": "etl_logger", "message": "Login response status=200, url=https://admin.vantagemarkets.com/admin/main, cookies=4", "service": "cc_reconcile", "stage": "download_davinci", "status": "ok"}
{"timestamp": "2026-02-23T12:00:29+0800", "level": "INFO", "logger": "etl_logger", "message": "Login successful", "service": "cc_reconcile", "stage": "download_davinci", "status": "ok"}
{"timestamp": "2026-02-23T12:00:29+0800", "level": "INFO", "logger": "etl_logger", "message": "Token obtained successfully", "service": "cc_reconcile", "stage": "download_davinci", "status": "ok"}
{"timestamp": "2026-02-23T12:00:29+0800", "level": "INFO", "logger": "etl_logger", "message": "Start downloading Davinci CC Report for brand: VFSC...", "service": "cc_reconcile", "stage": "download_davinci", "status": "ok"}
{"timestamp": "2026-02-23T12:00:48+0800", "level": "INFO", "logger": "etl_logger", "message": "POST success (VFSC 2026-02-20): cc_withdraw_detail_report_20260223040048.csv, took 18.8s", "service": "cc_reconcile", "stage": "download_davinci", "status": "ok"}
{"timestamp": "2026-02-23T12:00:50+0800", "level": "INFO", "logger": "etl_logger", "message": "Download success (VFSC 2026-02-20): cc_withdraw_detail_report_20260223040048.csv, took 2.3s", "service": "cc_reconcile", "stage": "download_davinci", "status": "ok"}
{"timestamp": "2026-02-23T12:01:09+0800", "level": "INFO", "logger": "etl_logger", "message": "POST success (VFSC 2026-02-21): cc_withdraw_detail_report_20260223040109.csv, took 18.6s", "service": "cc_reconcile", "stage": "download_davinci", "status": "ok"}
{"timestamp": "2026-02-23T12:01:10+0800", "level": "INFO", "logger": "etl_logger", "message": "Download success (VFSC 2026-02-21): cc_withdraw_detail_report_20260223040109.csv, took 1.8s", "service": "cc_reconcile", "stage": "download_davinci", "status": "ok"}
{"timestamp": "2026-02-23T12:01:29+0800", "level": "INFO", "logger": "etl_logger", "message": "POST success (VFSC 2026-02-22): cc_withdraw_detail_report_20260223040129.csv, took 18.2s", "service": "cc_reconcile", "stage": "download_davinci", "status": "ok"}
{"timestamp": "2026-02-23T12:01:30+0800", "level": "INFO", "logger": "etl_logger", "message": "Download success (VFSC 2026-02-22): cc_withdraw_detail_report_20260223040129.csv, took 1.5s", "service": "cc_reconcile", "stage": "download_davinci", "status": "ok"}
{"timestamp": "2026-02-23T12:01:48+0800", "level": "INFO", "logger": "etl_logger", "message": "POST success (VFSC 2026-02-23): cc_withdraw_detail_report_20260223040148.csv, took 17.6s", "service": "cc_reconcile", "stage": "download_davinci", "status": "ok"}
{"timestamp": "2026-02-23T12:01:49+0800", "level": "INFO", "logger": "etl_logger", "message": "Download success (VFSC 2026-02-23): cc_withdraw_detail_report_20260223040148.csv, took 1.7s", "service": "cc_reconcile", "stage": "download_davinci", "status": "ok"}
{"timestamp": "2026-02-23T12:01:49+0800", "level": "INFO", "logger": "etl_logger", "message": "Finish downloading Davinci CC - VFSC Report", "service": "cc_reconcile", "stage": "download_davinci", "status": "ok"}
{"timestamp": "2026-02-23T12:01:49+0800", "level": "INFO", "logger": "etl_logger", "message": "Start downloading Davinci CC Report for brand: VFSC2...", "service": "cc_reconcile", "stage": "download_davinci", "status": "ok"}
{"timestamp": "2026-02-23T12:02:41+0800", "level": "INFO", "logger": "etl_logger", "message": "POST success (VFSC2 2026-02-20): cc_withdraw_detail_report_20260223040241.csv, took 51.3s", "service": "cc_reconcile", "stage": "download_davinci", "status": "ok"}
{"timestamp": "2026-02-23T12:02:44+0800", "level": "INFO", "logger": "etl_logger", "message": "Download success (VFSC2 2026-02-20): cc_withdraw_detail_report_20260223040241.csv, took 3.1s", "service": "cc_reconcile", "stage": "download_davinci", "status": "ok"}
{"timestamp": "2026-02-23T12:03:32+0800", "level": "INFO", "logger": "etl_logger", "message": "POST success (VFSC2 2026-02-21): cc_withdraw_detail_report_20260223040332.csv, took 48.3s", "service": "cc_reconcile", "stage": "download_davinci", "status": "ok"}
{"timestamp": "2026-02-23T12:03:35+0800", "level": "INFO", "logger": "etl_logger", "message": "Download success (VFSC2 2026-02-21): cc_withdraw_detail_report_20260223040332.csv, took 2.5s", "service": "cc_reconcile", "stage": "download_davinci", "status": "ok"}
{"timestamp": "2026-02-23T12:04:22+0800", "level": "INFO", "logger": "etl_logger", "message": "POST success (VFSC2 2026-02-22): cc_withdraw_detail_report_20260223040422.csv, took 47.8s", "service": "cc_reconcile", "stage": "download_davinci", "status": "ok"}
{"timestamp": "2026-02-23T12:04:25+0800", "level": "INFO", "logger": "etl_logger", "message": "Download success (VFSC2 2026-02-22): cc_withdraw_detail_report_20260223040422.csv, took 2.2s", "service": "cc_reconcile", "stage": "download_davinci", "status": "ok"}
{"timestamp": "2026-02-23T12:05:13+0800", "level": "INFO", "logger": "etl_logger", "message": "POST success (VFSC2 2026-02-23): cc_withdraw_detail_report_20260223040513.csv, took 48.1s", "service": "cc_reconcile", "stage": "download_davinci", "status": "ok"}
{"timestamp": "2026-02-23T12:05:15+0800", "level": "INFO", "logger": "etl_logger", "message": "Download success (VFSC2 2026-02-23): cc_withdraw_detail_report_20260223040513.csv, took 2.5s", "service": "cc_reconcile", "stage": "download_davinci", "status": "ok"}
{"timestamp": "2026-02-23T12:05:15+0800", "level": "INFO", "logger": "etl_logger", "message": "Finish downloading Davinci CC - VFSC2 Report", "service": "cc_reconcile", "stage": "download_davinci", "status": "ok"}
{"timestamp": "2026-02-23T12:05:15+0800", "level": "INFO", "logger": "etl_logger", "message": "Finish downloading Davinci CC Report for all brands, total rows: 19858", "service": "cc_reconcile", "stage": "download_davinci", "status": "ok"}
{"timestamp": "2026-02-23T12:05:15+0800", "level": "INFO", "logger": "etl_logger", "message": "Download CRM CC Report Finish ，Total: 19858", "service": "cc_reconcile", "stage": "download", "status": "ok"}
{"timestamp": "2026-02-23T12:05:15+0800", "level": "INFO", "logger": "etl_logger", "message": "Start reconcile...", "service": "cc_reconcile", "stage": "reconcile", "status": "ok"}
Traceback (most recent call last):
  File "/app/main.py", line 72, in <module>
    main()
  File "/app/main.py", line 31, in main
    mismatch_case = reconcile_cc_refunds(payabl_cc, crm_cc)
  File "/app/cc_withdraw_basiclogic.py", line 270, in reconcile_cc_refunds
    case = data_seperatecase(audit_df, df1, df2)            # Data Separate Case    
  File "/app/cc_withdraw_basiclogic.py", line 124, in data_seperatecase
    (df2['Order Amount'].astype(float).isin(diff_2_not_in_1))
  File "/usr/local/lib/python3.10/site-packages/pandas/core/generic.py", line 6643, in astype
    new_data = self._mgr.astype(dtype=dtype, copy=copy, errors=errors)
  File "/usr/local/lib/python3.10/site-packages/pandas/core/internals/managers.py", line 430, in astype
    return self.apply(
  File "/usr/local/lib/python3.10/site-packages/pandas/core/internals/managers.py", line 363, in apply
    applied = getattr(b, f)(**kwargs)
  File "/usr/local/lib/python3.10/site-packages/pandas/core/internals/blocks.py", line 758, in astype
    new_values = astype_array_safe(values, dtype, copy=copy, errors=errors)
  File "/usr/local/lib/python3.10/site-packages/pandas/core/dtypes/astype.py", line 237, in astype_array_safe
    new_values = astype_array(values, dtype, copy=copy)
  File "/usr/local/lib/python3.10/site-packages/pandas/core/dtypes/astype.py", line 182, in astype_array
    values = _astype_nansafe(values, dtype, copy=copy)
  File "/usr/local/lib/python3.10/site-packages/pandas/core/dtypes/astype.py", line 133, in _astype_nansafe
    return arr.astype(dtype, copy=True)
ValueError: could not convert string to float: '-'
{"timestamp": "2026-02-23T13:00:01+0800", "level": "INFO", "logger": "etl_logger", "message": "Start download reports...", "service": "cc_reconcile", "stage": "download", "status": "ok"}
{"timestamp": "2026-02-23T13:00:04+0800", "level": "INFO", "logger": "etl_logger", "message": "Payabl Login Success and Get Token Success", "service": "cc_reconcile", "stage": "download_payabl", "status": "ok"}
{"timestamp": "2026-02-23T13:00:04+0800", "level": "INFO", "logger": "etl_logger", "message": "Start downloading Payabl CC Report for date: 2026-02-22...", "service": "cc_reconcile", "stage": "download_payabl", "status": "ok"}
{"timestamp": "2026-02-23T13:00:17+0800", "level": "INFO", "logger": "etl_logger", "message": "Start downloading Payabl CC Report for date: 2026-02-23...", "service": "cc_reconcile", "stage": "download_payabl", "status": "ok"}
{"timestamp": "2026-02-23T13:00:28+0800", "level": "INFO", "logger": "etl_logger", "message": "Finish downloading Payabl CC Report", "service": "cc_reconcile", "stage": "download_payabl", "status": "ok"}
{"timestamp": "2026-02-23T13:00:28+0800", "level": "INFO", "logger": "etl_logger", "message": "Download Payabl CC Report Finish ，Total: 27010", "service": "cc_reconcile", "stage": "download", "status": "ok"}
{"timestamp": "2026-02-23T13:00:28+0800", "level": "INFO", "logger": "etl_logger", "message": "Login attempt 1/5", "service": "cc_reconcile", "stage": "download_davinci", "status": "ok"}
{"timestamp": "2026-02-23T13:00:29+0800", "level": "INFO", "logger": "etl_logger", "message": "Login response status=200, url=https://admin.vantagemarkets.com/admin/main, cookies=4", "service": "cc_reconcile", "stage": "download_davinci", "status": "ok"}
{"timestamp": "2026-02-23T13:00:29+0800", "level": "INFO", "logger": "etl_logger", "message": "Login successful", "service": "cc_reconcile", "stage": "download_davinci", "status": "ok"}
{"timestamp": "2026-02-23T13:00:30+0800", "level": "INFO", "logger": "etl_logger", "message": "Token obtained successfully", "service": "cc_reconcile", "stage": "download_davinci", "status": "ok"}
{"timestamp": "2026-02-23T13:00:30+0800", "level": "INFO", "logger": "etl_logger", "message": "Start downloading Davinci CC Report for brand: VFSC...", "service": "cc_reconcile", "stage": "download_davinci", "status": "ok"}
{"timestamp": "2026-02-23T13:00:53+0800", "level": "INFO", "logger": "etl_logger", "message": "POST success (VFSC 2026-02-20): cc_withdraw_detail_report_20260223050053.csv, took 23.8s", "service": "cc_reconcile", "stage": "download_davinci", "status": "ok"}
{"timestamp": "2026-02-23T13:00:55+0800", "level": "INFO", "logger": "etl_logger", "message": "Download success (VFSC 2026-02-20): cc_withdraw_detail_report_20260223050053.csv, took 1.7s", "service": "cc_reconcile", "stage": "download_davinci", "status": "ok"}
{"timestamp": "2026-02-23T13:01:14+0800", "level": "INFO", "logger": "etl_logger", "message": "POST success (VFSC 2026-02-21): cc_withdraw_detail_report_20260223050114.csv, took 18.7s", "service": "cc_reconcile", "stage": "download_davinci", "status": "ok"}
{"timestamp": "2026-02-23T13:01:15+0800", "level": "INFO", "logger": "etl_logger", "message": "Download success (VFSC 2026-02-21): cc_withdraw_detail_report_20260223050114.csv, took 1.4s", "service": "cc_reconcile", "stage": "download_davinci", "status": "ok"}
{"timestamp": "2026-02-23T13:01:33+0800", "level": "INFO", "logger": "etl_logger", "message": "POST success (VFSC 2026-02-22): cc_withdraw_detail_report_20260223050133.csv, took 18.2s", "service": "cc_reconcile", "stage": "download_davinci", "status": "ok"}
{"timestamp": "2026-02-23T13:01:35+0800", "level": "INFO", "logger": "etl_logger", "message": "Download success (VFSC 2026-02-22): cc_withdraw_detail_report_20260223050133.csv, took 1.5s", "service": "cc_reconcile", "stage": "download_davinci", "status": "ok"}
{"timestamp": "2026-02-23T13:01:53+0800", "level": "INFO", "logger": "etl_logger", "message": "POST success (VFSC 2026-02-23): cc_withdraw_detail_report_20260223050153.csv, took 17.6s", "service": "cc_reconcile", "stage": "download_davinci", "status": "ok"}
{"timestamp": "2026-02-23T13:01:54+0800", "level": "INFO", "logger": "etl_logger", "message": "Download success (VFSC 2026-02-23): cc_withdraw_detail_report_20260223050153.csv, took 1.8s", "service": "cc_reconcile", "stage": "download_davinci", "status": "ok"}
{"timestamp": "2026-02-23T13:01:54+0800", "level": "INFO", "logger": "etl_logger", "message": "Finish downloading Davinci CC - VFSC Report", "service": "cc_reconcile", "stage": "download_davinci", "status": "ok"}
{"timestamp": "2026-02-23T13:01:54+0800", "level": "INFO", "logger": "etl_logger", "message": "Start downloading Davinci CC Report for brand: VFSC2...", "service": "cc_reconcile", "stage": "download_davinci", "status": "ok"}
{"timestamp": "2026-02-23T13:02:48+0800", "level": "INFO", "logger": "etl_logger", "message": "POST success (VFSC2 2026-02-20): cc_withdraw_detail_report_20260223050247.csv, took 53.1s", "service": "cc_reconcile", "stage": "download_davinci", "status": "ok"}
{"timestamp": "2026-02-23T13:02:51+0800", "level": "INFO", "logger": "etl_logger", "message": "Download success (VFSC2 2026-02-20): cc_withdraw_detail_report_20260223050247.csv, took 3.0s", "service": "cc_reconcile", "stage": "download_davinci", "status": "ok"}
{"timestamp": "2026-02-23T13:03:41+0800", "level": "INFO", "logger": "etl_logger", "message": "POST success (VFSC2 2026-02-21): cc_withdraw_detail_report_20260223050341.csv, took 50.6s", "service": "cc_reconcile", "stage": "download_davinci", "status": "ok"}
{"timestamp": "2026-02-23T13:03:44+0800", "level": "INFO", "logger": "etl_logger", "message": "Download success (VFSC2 2026-02-21): cc_withdraw_detail_report_20260223050341.csv, took 2.5s", "service": "cc_reconcile", "stage": "download_davinci", "status": "ok"}
{"timestamp": "2026-02-23T13:04:34+0800", "level": "INFO", "logger": "etl_logger", "message": "POST success (VFSC2 2026-02-22): cc_withdraw_detail_report_20260223050434.csv, took 50.3s", "service": "cc_reconcile", "stage": "download_davinci", "status": "ok"}
{"timestamp": "2026-02-23T13:04:36+0800", "level": "INFO", "logger": "etl_logger", "message": "Download success (VFSC2 2026-02-22): cc_withdraw_detail_report_20260223050434.csv, took 2.2s", "service": "cc_reconcile", "stage": "download_davinci", "status": "ok"}
{"timestamp": "2026-02-23T13:05:26+0800", "level": "INFO", "logger": "etl_logger", "message": "POST success (VFSC2 2026-02-23): cc_withdraw_detail_report_20260223050526.csv, took 49.9s", "service": "cc_reconcile", "stage": "download_davinci", "status": "ok"}
{"timestamp": "2026-02-23T13:05:29+0800", "level": "INFO", "logger": "etl_logger", "message": "Download success (VFSC2 2026-02-23): cc_withdraw_detail_report_20260223050526.csv, took 2.6s", "service": "cc_reconcile", "stage": "download_davinci", "status": "ok"}
{"timestamp": "2026-02-23T13:05:29+0800", "level": "INFO", "logger": "etl_logger", "message": "Finish downloading Davinci CC - VFSC2 Report", "service": "cc_reconcile", "stage": "download_davinci", "status": "ok"}
{"timestamp": "2026-02-23T13:05:29+0800", "level": "INFO", "logger": "etl_logger", "message": "Finish downloading Davinci CC Report for all brands, total rows: 20014", "service": "cc_reconcile", "stage": "download_davinci", "status": "ok"}
{"timestamp": "2026-02-23T13:05:29+0800", "level": "INFO", "logger": "etl_logger", "message": "Download CRM CC Report Finish ，Total: 20014", "service": "cc_reconcile", "stage": "download", "status": "ok"}
{"timestamp": "2026-02-23T13:05:29+0800", "level": "INFO", "logger": "etl_logger", "message": "Start reconcile...", "service": "cc_reconcile", "stage": "reconcile", "status": "ok"}
{"timestamp": "2026-02-23T13:05:29+0800", "level": "INFO", "logger": "etl_logger", "message": "Reconcile Finish ，Total Mismatch Case: 1", "service": "cc_reconcile", "stage": "reconcile", "status": "ok"}
{"timestamp": "2026-02-23T13:05:29+0800", "level": "INFO", "logger": "etl_logger", "message": "Connect Lark Finish", "service": "cc_reconcile", "stage": "lark", "status": "ok"}
{"timestamp": "2026-02-23T13:05:29+0800", "level": "INFO", "logger": "etl_logger", "message": "Start query existing data in LarkSheet...", "service": "cc_reconcile", "stage": "lark", "status": "ok"}
{"timestamp": "2026-02-23T13:05:30+0800", "level": "INFO", "logger": "etl_logger", "message": "Query existing data in LarkSheet Finish", "service": "cc_reconcile", "stage": "lark", "status": "ok"}
{"timestamp": "2026-02-23T13:05:30+0800", "level": "INFO", "logger": "etl_logger", "message": "Total unique keys in LarkSheet: 12, Total new mismatch cases to upload: 0", "service": "cc_reconcile", "stage": "lark", "status": "ok"}
{"timestamp": "2026-02-23T13:05:30+0800", "level": "INFO", "logger": "etl_logger", "message": "Append data to LarkSheet with range: Kalw4Y!A2:L3, rows: 1, columns: 12", "service": "cc_reconcile", "stage": "lark", "status": "ok"}
{"timestamp": "2026-02-23T13:05:31+0800", "level": "INFO", "logger": "etl_logger", "message": "✅ Successfully appended data to LarkSheet", "service": "cc_reconcile", "stage": "lark", "status": "ok"}
{"timestamp": "2026-02-23T13:05:32+0800", "level": "INFO", "logger": "etl_logger", "message": "Upload data to LarkSheet Finish", "service": "cc_reconcile", "stage": "lark", "status": "ok"}
{"timestamp": "2026-02-23T14:00:02+0800", "level": "INFO", "logger": "etl_logger", "message": "Start download reports...", "service": "cc_reconcile", "stage": "download", "status": "ok"}
{"timestamp": "2026-02-23T14:00:05+0800", "level": "INFO", "logger": "etl_logger", "message": "Payabl Login Success and Get Token Success", "service": "cc_reconcile", "stage": "download_payabl", "status": "ok"}
{"timestamp": "2026-02-23T14:00:05+0800", "level": "INFO", "logger": "etl_logger", "message": "Start downloading Payabl CC Report for date: 2026-02-22...", "service": "cc_reconcile", "stage": "download_payabl", "status": "ok"}
{"timestamp": "2026-02-23T14:00:17+0800", "level": "INFO", "logger": "etl_logger", "message": "Start downloading Payabl CC Report for date: 2026-02-23...", "service": "cc_reconcile", "stage": "download_payabl", "status": "ok"}
{"timestamp": "2026-02-23T14:00:29+0800", "level": "INFO", "logger": "etl_logger", "message": "Finish downloading Payabl CC Report", "service": "cc_reconcile", "stage": "download_payabl", "status": "ok"}
{"timestamp": "2026-02-23T14:00:29+0800", "level": "INFO", "logger": "etl_logger", "message": "Download Payabl CC Report Finish ，Total: 27836", "service": "cc_reconcile", "stage": "download", "status": "ok"}
{"timestamp": "2026-02-23T14:00:29+0800", "level": "INFO", "logger": "etl_logger", "message": "Login attempt 1/5", "service": "cc_reconcile", "stage": "download_davinci", "status": "ok"}
{"timestamp": "2026-02-23T14:00:30+0800", "level": "INFO", "logger": "etl_logger", "message": "Login response status=200, url=https://admin.vantagemarkets.com/admin/main, cookies=4", "service": "cc_reconcile", "stage": "download_davinci", "status": "ok"}
{"timestamp": "2026-02-23T14:00:30+0800", "level": "INFO", "logger": "etl_logger", "message": "Login successful", "service": "cc_reconcile", "stage": "download_davinci", "status": "ok"}
{"timestamp": "2026-02-23T14:00:30+0800", "level": "INFO", "logger": "etl_logger", "message": "Token obtained successfully", "service": "cc_reconcile", "stage": "download_davinci", "status": "ok"}
{"timestamp": "2026-02-23T14:00:30+0800", "level": "INFO", "logger": "etl_logger", "message": "Start downloading Davinci CC Report for brand: VFSC...", "service": "cc_reconcile", "stage": "download_davinci", "status": "ok"}
{"timestamp": "2026-02-23T14:00:52+0800", "level": "INFO", "logger": "etl_logger", "message": "POST success (VFSC 2026-02-20): cc_withdraw_detail_report_20260223060052.csv, took 22.1s", "service": "cc_reconcile", "stage": "download_davinci", "status": "ok"}
{"timestamp": "2026-02-23T14:00:55+0800", "level": "INFO", "logger": "etl_logger", "message": "Download success (VFSC 2026-02-20): cc_withdraw_detail_report_20260223060052.csv, took 2.2s", "service": "cc_reconcile", "stage": "download_davinci", "status": "ok"}
{"timestamp": "2026-02-23T14:01:13+0800", "level": "INFO", "logger": "etl_logger", "message": "POST success (VFSC 2026-02-21): cc_withdraw_detail_report_20260223060113.csv, took 18.5s", "service": "cc_reconcile", "stage": "download_davinci", "status": "ok"}
{"timestamp": "2026-02-23T14:01:15+0800", "level": "INFO", "logger": "etl_logger", "message": "Download success (VFSC 2026-02-21): cc_withdraw_detail_report_20260223060113.csv, took 1.8s", "service": "cc_reconcile", "stage": "download_davinci", "status": "ok"}
{"timestamp": "2026-02-23T14:01:33+0800", "level": "INFO", "logger": "etl_logger", "message": "POST success (VFSC 2026-02-22): cc_withdraw_detail_report_20260223060133.csv, took 17.8s", "service": "cc_reconcile", "stage": "download_davinci", "status": "ok"}
{"timestamp": "2026-02-23T14:01:34+0800", "level": "INFO", "logger": "etl_logger", "message": "Download success (VFSC 2026-02-22): cc_withdraw_detail_report_20260223060133.csv, took 1.5s", "service": "cc_reconcile", "stage": "download_davinci", "status": "ok"}
{"timestamp": "2026-02-23T14:01:52+0800", "level": "INFO", "logger": "etl_logger", "message": "POST success (VFSC 2026-02-23): cc_withdraw_detail_report_20260223060152.csv, took 17.6s", "service": "cc_reconcile", "stage": "download_davinci", "status": "ok"}
{"timestamp": "2026-02-23T14:01:54+0800", "level": "INFO", "logger": "etl_logger", "message": "Download success (VFSC 2026-02-23): cc_withdraw_detail_report_20260223060152.csv, took 1.8s", "service": "cc_reconcile", "stage": "download_davinci", "status": "ok"}
{"timestamp": "2026-02-23T14:01:54+0800", "level": "INFO", "logger": "etl_logger", "message": "Finish downloading Davinci CC - VFSC Report", "service": "cc_reconcile", "stage": "download_davinci", "status": "ok"}
{"timestamp": "2026-02-23T14:01:54+0800", "level": "INFO", "logger": "etl_logger", "message": "Start downloading Davinci CC Report for brand: VFSC2...", "service": "cc_reconcile", "stage": "download_davinci", "status": "ok"}
{"timestamp": "2026-02-23T14:02:44+0800", "level": "INFO", "logger": "etl_logger", "message": "POST success (VFSC2 2026-02-20): cc_withdraw_detail_report_20260223060244.csv, took 50.4s", "service": "cc_reconcile", "stage": "download_davinci", "status": "ok"}
{"timestamp": "2026-02-23T14:02:47+0800", "level": "INFO", "logger": "etl_logger", "message": "Download success (VFSC2 2026-02-20): cc_withdraw_detail_report_20260223060244.csv, took 2.9s", "service": "cc_reconcile", "stage": "download_davinci", "status": "ok"}
{"timestamp": "2026-02-23T14:03:36+0800", "level": "INFO", "logger": "etl_logger", "message": "POST success (VFSC2 2026-02-21): cc_withdraw_detail_report_20260223060336.csv, took 48.6s", "service": "cc_reconcile", "stage": "download_davinci", "status": "ok"}
{"timestamp": "2026-02-23T14:03:38+0800", "level": "INFO", "logger": "etl_logger", "message": "Download success (VFSC2 2026-02-21): cc_withdraw_detail_report_20260223060336.csv, took 2.7s", "service": "cc_reconcile", "stage": "download_davinci", "status": "ok"}
{"timestamp": "2026-02-23T14:04:28+0800", "level": "INFO", "logger": "etl_logger", "message": "POST success (VFSC2 2026-02-22): cc_withdraw_detail_report_20260223060427.csv, took 49.0s", "service": "cc_reconcile", "stage": "download_davinci", "status": "ok"}
{"timestamp": "2026-02-23T14:04:30+0800", "level": "INFO", "logger": "etl_logger", "message": "Download success (VFSC2 2026-02-22): cc_withdraw_detail_report_20260223060427.csv, took 2.3s", "service": "cc_reconcile", "stage": "download_davinci", "status": "ok"}
{"timestamp": "2026-02-23T14:05:24+0800", "level": "INFO", "logger": "etl_logger", "message": "POST success (VFSC2 2026-02-23): cc_withdraw_detail_report_20260223060524.csv, took 54.3s", "service": "cc_reconcile", "stage": "download_davinci", "status": "ok"}
{"timestamp": "2026-02-23T14:05:26+0800", "level": "INFO", "logger": "etl_logger", "message": "Download success (VFSC2 2026-02-23): cc_withdraw_detail_report_20260223060524.csv, took 2.4s", "service": "cc_reconcile", "stage": "download_davinci", "status": "ok"}
{"timestamp": "2026-02-23T14:05:27+0800", "level": "INFO", "logger": "etl_logger", "message": "Finish downloading Davinci CC - VFSC2 Report", "service": "cc_reconcile", "stage": "download_davinci", "status": "ok"}
{"timestamp": "2026-02-23T14:05:27+0800", "level": "INFO", "logger": "etl_logger", "message": "Finish downloading Davinci CC Report for all brands, total rows: 20178", "service": "cc_reconcile", "stage": "download_davinci", "status": "ok"}
{"timestamp": "2026-02-23T14:05:27+0800", "level": "INFO", "logger": "etl_logger", "message": "Download CRM CC Report Finish ，Total: 20178", "service": "cc_reconcile", "stage": "download", "status": "ok"}
{"timestamp": "2026-02-23T14:05:27+0800", "level": "INFO", "logger": "etl_logger", "message": "Start reconcile...", "service": "cc_reconcile", "stage": "reconcile", "status": "ok"}
{"timestamp": "2026-02-23T14:05:27+0800", "level": "INFO", "logger": "etl_logger", "message": "Reconcile Finish ，Total Mismatch Case: 1", "service": "cc_reconcile", "stage": "reconcile", "status": "ok"}
{"timestamp": "2026-02-23T14:05:27+0800", "level": "INFO", "logger": "etl_logger", "message": "Connect Lark Finish", "service": "cc_reconcile", "stage": "lark", "status": "ok"}
{"timestamp": "2026-02-23T14:05:27+0800", "level": "INFO", "logger": "etl_logger", "message": "Start query existing data in LarkSheet...", "service": "cc_reconcile", "stage": "lark", "status": "ok"}
{"timestamp": "2026-02-23T14:05:29+0800", "level": "INFO", "logger": "etl_logger", "message": "Query existing data in LarkSheet Finish", "service": "cc_reconcile", "stage": "lark", "status": "ok"}
{"timestamp": "2026-02-23T14:05:29+0800", "level": "INFO", "logger": "etl_logger", "message": "Total unique keys in LarkSheet: 12, Total new mismatch cases to upload: 0", "service": "cc_reconcile", "stage": "lark", "status": "ok"}
{"timestamp": "2026-02-23T14:05:29+0800", "level": "INFO", "logger": "etl_logger", "message": "Append data to LarkSheet with range: Kalw4Y!A2:L3, rows: 1, columns: 12", "service": "cc_reconcile", "stage": "lark", "status": "ok"}
{"timestamp": "2026-02-23T14:05:29+0800", "level": "INFO", "logger": "etl_logger", "message": "✅ Successfully appended data to LarkSheet", "service": "cc_reconcile", "stage": "lark", "status": "ok"}
{"timestamp": "2026-02-23T14:05:30+0800", "level": "INFO", "logger": "etl_logger", "message": "Upload data to LarkSheet Finish", "service": "cc_reconcile", "stage": "lark", "status": "ok"}
{"timestamp": "2026-02-23T15:00:01+0800", "level": "INFO", "logger": "etl_logger", "message": "Start download reports...", "service": "cc_reconcile", "stage": "download", "status": "ok"}
{"timestamp": "2026-02-23T15:00:05+0800", "level": "INFO", "logger": "etl_logger", "message": "Payabl Login Success and Get Token Success", "service": "cc_reconcile", "stage": "download_payabl", "status": "ok"}
{"timestamp": "2026-02-23T15:00:05+0800", "level": "INFO", "logger": "etl_logger", "message": "Start downloading Payabl CC Report for date: 2026-02-22...", "service": "cc_reconcile", "stage": "download_payabl", "status": "ok"}
{"timestamp": "2026-02-23T15:00:16+0800", "level": "INFO", "logger": "etl_logger", "message": "Start downloading Payabl CC Report for date: 2026-02-23...", "service": "cc_reconcile", "stage": "download_payabl", "status": "ok"}
{"timestamp": "2026-02-23T15:00:29+0800", "level": "INFO", "logger": "etl_logger", "message": "Finish downloading Payabl CC Report", "service": "cc_reconcile", "stage": "download_payabl", "status": "ok"}
{"timestamp": "2026-02-23T15:00:29+0800", "level": "INFO", "logger": "etl_logger", "message": "Download Payabl CC Report Finish ，Total: 28926", "service": "cc_reconcile", "stage": "download", "status": "ok"}
{"timestamp": "2026-02-23T15:00:29+0800", "level": "INFO", "logger": "etl_logger", "message": "Login attempt 1/5", "service": "cc_reconcile", "stage": "download_davinci", "status": "ok"}
{"timestamp": "2026-02-23T15:00:30+0800", "level": "INFO", "logger": "etl_logger", "message": "Login response status=200, url=https://admin.vantagemarkets.com/admin/main, cookies=4", "service": "cc_reconcile", "stage": "download_davinci", "status": "ok"}
{"timestamp": "2026-02-23T15:00:30+0800", "level": "INFO", "logger": "etl_logger", "message": "Login successful", "service": "cc_reconcile", "stage": "download_davinci", "status": "ok"}
{"timestamp": "2026-02-23T15:00:30+0800", "level": "INFO", "logger": "etl_logger", "message": "Token obtained successfully", "service": "cc_reconcile", "stage": "download_davinci", "status": "ok"}
{"timestamp": "2026-02-23T15:00:30+0800", "level": "INFO", "logger": "etl_logger", "message": "Start downloading Davinci CC Report for brand: VFSC...", "service": "cc_reconcile", "stage": "download_davinci", "status": "ok"}
{"timestamp": "2026-02-23T15:00:49+0800", "level": "INFO", "logger": "etl_logger", "message": "POST success (VFSC 2026-02-20): cc_withdraw_detail_report_20260223070049.csv, took 18.8s", "service": "cc_reconcile", "stage": "download_davinci", "status": "ok"}
{"timestamp": "2026-02-23T15:00:51+0800", "level": "INFO", "logger": "etl_logger", "message": "Download success (VFSC 2026-02-20): cc_withdraw_detail_report_20260223070049.csv, took 2.3s", "service": "cc_reconcile", "stage": "download_davinci", "status": "ok"}
{"timestamp": "2026-02-23T15:01:12+0800", "level": "INFO", "logger": "etl_logger", "message": "POST success (VFSC 2026-02-21): cc_withdraw_detail_report_20260223070112.csv, took 20.3s", "service": "cc_reconcile", "stage": "download_davinci", "status": "ok"}
{"timestamp": "2026-02-23T15:01:13+0800", "level": "INFO", "logger": "etl_logger", "message": "Download success (VFSC 2026-02-21): cc_withdraw_detail_report_20260223070112.csv, took 1.9s", "service": "cc_reconcile", "stage": "download_davinci", "status": "ok"}
{"timestamp": "2026-02-23T15:01:33+0800", "level": "INFO", "logger": "etl_logger", "message": "POST success (VFSC 2026-02-22): cc_withdraw_detail_report_20260223070133.csv, took 19.3s", "service": "cc_reconcile", "stage": "download_davinci", "status": "ok"}
{"timestamp": "2026-02-23T15:01:34+0800", "level": "INFO", "logger": "etl_logger", "message": "Download success (VFSC 2026-02-22): cc_withdraw_detail_report_20260223070133.csv, took 1.5s", "service": "cc_reconcile", "stage": "download_davinci", "status": "ok"}
{"timestamp": "2026-02-23T15:01:52+0800", "level": "INFO", "logger": "etl_logger", "message": "POST success (VFSC 2026-02-23): cc_withdraw_detail_report_20260223070152.csv, took 17.7s", "service": "cc_reconcile", "stage": "download_davinci", "status": "ok"}
{"timestamp": "2026-02-23T15:01:54+0800", "level": "INFO", "logger": "etl_logger", "message": "Download success (VFSC 2026-02-23): cc_withdraw_detail_report_20260223070152.csv, took 1.8s", "service": "cc_reconcile", "stage": "download_davinci", "status": "ok"}
{"timestamp": "2026-02-23T15:01:54+0800", "level": "INFO", "logger": "etl_logger", "message": "Finish downloading Davinci CC - VFSC Report", "service": "cc_reconcile", "stage": "download_davinci", "status": "ok"}
{"timestamp": "2026-02-23T15:01:54+0800", "level": "INFO", "logger": "etl_logger", "message": "Start downloading Davinci CC Report for brand: VFSC2...", "service": "cc_reconcile", "stage": "download_davinci", "status": "ok"}
{"timestamp": "2026-02-23T15:02:51+0800", "level": "INFO", "logger": "etl_logger", "message": "POST success (VFSC2 2026-02-20): cc_withdraw_detail_report_20260223070251.csv, took 57.6s", "service": "cc_reconcile", "stage": "download_davinci", "status": "ok"}
{"timestamp": "2026-02-23T15:02:55+0800", "level": "INFO", "logger": "etl_logger", "message": "Download success (VFSC2 2026-02-20): cc_withdraw_detail_report_20260223070251.csv, took 3.1s", "service": "cc_reconcile", "stage": "download_davinci", "status": "ok"}
{"timestamp": "2026-02-23T15:03:51+0800", "level": "INFO", "logger": "etl_logger", "message": "POST success (VFSC2 2026-02-21): cc_withdraw_detail_report_20260223070351.csv, took 56.4s", "service": "cc_reconcile", "stage": "download_davinci", "status": "ok"}
{"timestamp": "2026-02-23T15:03:53+0800", "level": "INFO", "logger": "etl_logger", "message": "Download success (VFSC2 2026-02-21): cc_withdraw_detail_report_20260223070351.csv, took 2.5s", "service": "cc_reconcile", "stage": "download_davinci", "status": "ok"}
{"timestamp": "2026-02-23T15:04:48+0800", "level": "INFO", "logger": "etl_logger", "message": "POST success (VFSC2 2026-02-22): cc_withdraw_detail_report_20260223070448.csv, took 54.4s", "service": "cc_reconcile", "stage": "download_davinci", "status": "ok"}
{"timestamp": "2026-02-23T15:04:50+0800", "level": "INFO", "logger": "etl_logger", "message": "Download success (VFSC2 2026-02-22): cc_withdraw_detail_report_20260223070448.csv, took 2.2s", "service": "cc_reconcile", "stage": "download_davinci", "status": "ok"}
{"timestamp": "2026-02-23T15:05:41+0800", "level": "INFO", "logger": "etl_logger", "message": "POST success (VFSC2 2026-02-23): cc_withdraw_detail_report_20260223070541.csv, took 50.7s", "service": "cc_reconcile", "stage": "download_davinci", "status": "ok"}
{"timestamp": "2026-02-23T15:05:43+0800", "level": "INFO", "logger": "etl_logger", "message": "Download success (VFSC2 2026-02-23): cc_withdraw_detail_report_20260223070541.csv, took 2.5s", "service": "cc_reconcile", "stage": "download_davinci", "status": "ok"}
{"timestamp": "2026-02-23T15:05:44+0800", "level": "INFO", "logger": "etl_logger", "message": "Finish downloading Davinci CC - VFSC2 Report", "service": "cc_reconcile", "stage": "download_davinci", "status": "ok"}
{"timestamp": "2026-02-23T15:05:44+0800", "level": "INFO", "logger": "etl_logger", "message": "Finish downloading Davinci CC Report for all brands, total rows: 20439", "service": "cc_reconcile", "stage": "download_davinci", "status": "ok"}
{"timestamp": "2026-02-23T15:05:44+0800", "level": "INFO", "logger": "etl_logger", "message": "Download CRM CC Report Finish ，Total: 20439", "service": "cc_reconcile", "stage": "download", "status": "ok"}
{"timestamp": "2026-02-23T15:05:44+0800", "level": "INFO", "logger": "etl_logger", "message": "Start reconcile...", "service": "cc_reconcile", "stage": "reconcile", "status": "ok"}
{"timestamp": "2026-02-23T15:05:44+0800", "level": "INFO", "logger": "etl_logger", "message": "Reconcile Finish ，Total Mismatch Case: 1", "service": "cc_reconcile", "stage": "reconcile", "status": "ok"}
{"timestamp": "2026-02-23T15:05:44+0800", "level": "INFO", "logger": "etl_logger", "message": "Connect Lark Finish", "service": "cc_reconcile", "stage": "lark", "status": "ok"}
{"timestamp": "2026-02-23T15:05:44+0800", "level": "INFO", "logger": "etl_logger", "message": "Start query existing data in LarkSheet...", "service": "cc_reconcile", "stage": "lark", "status": "ok"}
{"timestamp": "2026-02-23T15:05:45+0800", "level": "INFO", "logger": "etl_logger", "message": "Query existing data in LarkSheet Finish", "service": "cc_reconcile", "stage": "lark", "status": "ok"}
{"timestamp": "2026-02-23T15:05:45+0800", "level": "INFO", "logger": "etl_logger", "message": "Total unique keys in LarkSheet: 12, Total new mismatch cases to upload: 0", "service": "cc_reconcile", "stage": "lark", "status": "ok"}
{"timestamp": "2026-02-23T15:05:45+0800", "level": "INFO", "logger": "etl_logger", "message": "Append data to LarkSheet with range: Kalw4Y!A2:L3, rows: 1, columns: 12", "service": "cc_reconcile", "stage": "lark", "status": "ok"}
{"timestamp": "2026-02-23T15:05:46+0800", "level": "INFO", "logger": "etl_logger", "message": "✅ Successfully appended data to LarkSheet", "service": "cc_reconcile", "stage": "lark", "status": "ok"}
{"timestamp": "2026-02-23T15:05:47+0800", "level": "INFO", "logger": "etl_logger", "message": "Upload data to LarkSheet Finish", "service": "cc_reconcile", "stage": "lark", "status": "ok"}
{"timestamp": "2026-02-23T16:00:02+0800", "level": "INFO", "logger": "etl_logger", "message": "Start download reports...", "service": "cc_reconcile", "stage": "download", "status": "ok"}
{"timestamp": "2026-02-23T16:00:05+0800", "level": "INFO", "logger": "etl_logger", "message": "Payabl Login Success and Get Token Success", "service": "cc_reconcile", "stage": "download_payabl", "status": "ok"}
{"timestamp": "2026-02-23T16:00:05+0800", "level": "INFO", "logger": "etl_logger", "message": "Start downloading Payabl CC Report for date: 2026-02-22...", "service": "cc_reconcile", "stage": "download_payabl", "status": "ok"}
{"timestamp": "2026-02-23T16:00:16+0800", "level": "INFO", "logger": "etl_logger", "message": "Start downloading Payabl CC Report for date: 2026-02-23...", "service": "cc_reconcile", "stage": "download_payabl", "status": "ok"}
{"timestamp": "2026-02-23T16:00:30+0800", "level": "INFO", "logger": "etl_logger", "message": "Finish downloading Payabl CC Report", "service": "cc_reconcile", "stage": "download_payabl", "status": "ok"}
{"timestamp": "2026-02-23T16:00:30+0800", "level": "INFO", "logger": "etl_logger", "message": "Download Payabl CC Report Finish ，Total: 31052", "service": "cc_reconcile", "stage": "download", "status": "ok"}
{"timestamp": "2026-02-23T16:00:30+0800", "level": "INFO", "logger": "etl_logger", "message": "Login attempt 1/5", "service": "cc_reconcile", "stage": "download_davinci", "status": "ok"}
{"timestamp": "2026-02-23T16:00:31+0800", "level": "INFO", "logger": "etl_logger", "message": "Login response status=200, url=https://admin.vantagemarkets.com/admin/main, cookies=4", "service": "cc_reconcile", "stage": "download_davinci", "status": "ok"}
{"timestamp": "2026-02-23T16:00:31+0800", "level": "INFO", "logger": "etl_logger", "message": "Login successful", "service": "cc_reconcile", "stage": "download_davinci", "status": "ok"}
{"timestamp": "2026-02-23T16:00:31+0800", "level": "INFO", "logger": "etl_logger", "message": "Token obtained successfully", "service": "cc_reconcile", "stage": "download_davinci", "status": "ok"}
{"timestamp": "2026-02-23T16:00:31+0800", "level": "INFO", "logger": "etl_logger", "message": "Start downloading Davinci CC Report for brand: VFSC...", "service": "cc_reconcile", "stage": "download_davinci", "status": "ok"}
{"timestamp": "2026-02-23T16:00:50+0800", "level": "INFO", "logger": "etl_logger", "message": "POST success (VFSC 2026-02-20): cc_withdraw_detail_report_20260223080050.csv, took 19.1s", "service": "cc_reconcile", "stage": "download_davinci", "status": "ok"}
{"timestamp": "2026-02-23T16:00:52+0800", "level": "INFO", "logger": "etl_logger", "message": "Download success (VFSC 2026-02-20): cc_withdraw_detail_report_20260223080050.csv, took 2.2s", "service": "cc_reconcile", "stage": "download_davinci", "status": "ok"}
{"timestamp": "2026-02-23T16:01:11+0800", "level": "INFO", "logger": "etl_logger", "message": "POST success (VFSC 2026-02-21): cc_withdraw_detail_report_20260223080111.csv, took 18.9s", "service": "cc_reconcile", "stage": "download_davinci", "status": "ok"}
{"timestamp": "2026-02-23T16:01:13+0800", "level": "INFO", "logger": "etl_logger", "message": "Download success (VFSC 2026-02-21): cc_withdraw_detail_report_20260223080111.csv, took 1.9s", "service": "cc_reconcile", "stage": "download_davinci", "status": "ok"}
{"timestamp": "2026-02-23T16:01:31+0800", "level": "INFO", "logger": "etl_logger", "message": "POST success (VFSC 2026-02-22): cc_withdraw_detail_report_20260223080131.csv, took 18.0s", "service": "cc_reconcile", "stage": "download_davinci", "status": "ok"}
{"timestamp": "2026-02-23T16:01:33+0800", "level": "INFO", "logger": "etl_logger", "message": "Download success (VFSC 2026-02-22): cc_withdraw_detail_report_20260223080131.csv, took 1.2s", "service": "cc_reconcile", "stage": "download_davinci", "status": "ok"}
{"timestamp": "2026-02-23T16:01:50+0800", "level": "INFO", "logger": "etl_logger", "message": "POST success (VFSC 2026-02-23): cc_withdraw_detail_report_20260223080150.csv, took 17.5s", "service": "cc_reconcile", "stage": "download_davinci", "status": "ok"}
{"timestamp": "2026-02-23T16:01:52+0800", "level": "INFO", "logger": "etl_logger", "message": "Download success (VFSC 2026-02-23): cc_withdraw_detail_report_20260223080150.csv, took 2.1s", "service": "cc_reconcile", "stage": "download_davinci", "status": "ok"}
{"timestamp": "2026-02-23T16:01:52+0800", "level": "INFO", "logger": "etl_logger", "message": "Finish downloading Davinci CC - VFSC Report", "service": "cc_reconcile", "stage": "download_davinci", "status": "ok"}
{"timestamp": "2026-02-23T16:01:52+0800", "level": "INFO", "logger": "etl_logger", "message": "Start downloading Davinci CC Report for brand: VFSC2...", "service": "cc_reconcile", "stage": "download_davinci", "status": "ok"}
{"timestamp": "2026-02-23T16:02:43+0800", "level": "INFO", "logger": "etl_logger", "message": "POST success (VFSC2 2026-02-20): cc_withdraw_detail_report_20260223080243.csv, took 50.8s", "service": "cc_reconcile", "stage": "download_davinci", "status": "ok"}
{"timestamp": "2026-02-23T16:02:46+0800", "level": "INFO", "logger": "etl_logger", "message": "Download success (VFSC2 2026-02-20): cc_withdraw_detail_report_20260223080243.csv, took 3.0s", "service": "cc_reconcile", "stage": "download_davinci", "status": "ok"}
{"timestamp": "2026-02-23T16:03:35+0800", "level": "INFO", "logger": "etl_logger", "message": "POST success (VFSC2 2026-02-21): cc_withdraw_detail_report_20260223080335.csv, took 49.2s", "service": "cc_reconcile", "stage": "download_davinci", "status": "ok"}
{"timestamp": "2026-02-23T16:03:38+0800", "level": "INFO", "logger": "etl_logger", "message": "Download success (VFSC2 2026-02-21): cc_withdraw_detail_report_20260223080335.csv, took 2.4s", "service": "cc_reconcile", "stage": "download_davinci", "status": "ok"}
{"timestamp": "2026-02-23T16:04:27+0800", "level": "INFO", "logger": "etl_logger", "message": "POST success (VFSC2 2026-02-22): cc_withdraw_detail_report_20260223080427.csv, took 48.9s", "service": "cc_reconcile", "stage": "download_davinci", "status": "ok"}
{"timestamp": "2026-02-23T16:04:29+0800", "level": "INFO", "logger": "etl_logger", "message": "Download success (VFSC2 2026-02-22): cc_withdraw_detail_report_20260223080427.csv, took 2.3s", "service": "cc_reconcile", "stage": "download_davinci", "status": "ok"}
{"timestamp": "2026-02-23T16:05:17+0800", "level": "INFO", "logger": "etl_logger", "message": "POST success (VFSC2 2026-02-23): cc_withdraw_detail_report_20260223080517.csv, took 48.3s", "service": "cc_reconcile", "stage": "download_davinci", "status": "ok"}
{"timestamp": "2026-02-23T16:05:20+0800", "level": "INFO", "logger": "etl_logger", "message": "Download success (VFSC2 2026-02-23): cc_withdraw_detail_report_20260223080517.csv, took 2.6s", "service": "cc_reconcile", "stage": "download_davinci", "status": "ok"}
{"timestamp": "2026-02-23T16:05:20+0800", "level": "INFO", "logger": "etl_logger", "message": "Finish downloading Davinci CC - VFSC2 Report", "service": "cc_reconcile", "stage": "download_davinci", "status": "ok"}
{"timestamp": "2026-02-23T16:05:20+0800", "level": "INFO", "logger": "etl_logger", "message": "Finish downloading Davinci CC Report for all brands, total rows: 20866", "service": "cc_reconcile", "stage": "download_davinci", "status": "ok"}
{"timestamp": "2026-02-23T16:05:20+0800", "level": "INFO", "logger": "etl_logger", "message": "Download CRM CC Report Finish ，Total: 20866", "service": "cc_reconcile", "stage": "download", "status": "ok"}
{"timestamp": "2026-02-23T16:05:20+0800", "level": "INFO", "logger": "etl_logger", "message": "Start reconcile...", "service": "cc_reconcile", "stage": "reconcile", "status": "ok"}
{"timestamp": "2026-02-23T16:05:20+0800", "level": "INFO", "logger": "etl_logger", "message": "Reconcile Finish ，Total Mismatch Case: 1", "service": "cc_reconcile", "stage": "reconcile", "status": "ok"}
{"timestamp": "2026-02-23T16:05:21+0800", "level": "INFO", "logger": "etl_logger", "message": "Connect Lark Finish", "service": "cc_reconcile", "stage": "lark", "status": "ok"}
{"timestamp": "2026-02-23T16:05:21+0800", "level": "INFO", "logger": "etl_logger", "message": "Start query existing data in LarkSheet...", "service": "cc_reconcile", "stage": "lark", "status": "ok"}
{"timestamp": "2026-02-23T16:05:22+0800", "level": "INFO", "logger": "etl_logger", "message": "Query existing data in LarkSheet Finish", "service": "cc_reconcile", "stage": "lark", "status": "ok"}
{"timestamp": "2026-02-23T16:05:22+0800", "level": "INFO", "logger": "etl_logger", "message": "Total unique keys in LarkSheet: 12, Total new mismatch cases to upload: 0", "service": "cc_reconcile", "stage": "lark", "status": "ok"}
{"timestamp": "2026-02-23T16:05:22+0800", "level": "INFO", "logger": "etl_logger", "message": "Append data to LarkSheet with range: Kalw4Y!A2:L3, rows: 1, columns: 12", "service": "cc_reconcile", "stage": "lark", "status": "ok"}
{"timestamp": "2026-02-23T16:05:23+0800", "level": "INFO", "logger": "etl_logger", "message": "✅ Successfully appended data to LarkSheet", "service": "cc_reconcile", "stage": "lark", "status": "ok"}
{"timestamp": "2026-02-23T16:05:24+0800", "level": "INFO", "logger": "etl_logger", "message": "Upload data to LarkSheet Finish", "service": "cc_reconcile", "stage": "lark", "status": "ok"}
{"timestamp": "2026-02-23T17:00:01+0800", "level": "INFO", "logger": "etl_logger", "message": "Start download reports...", "service": "cc_reconcile", "stage": "download", "status": "ok"}
{"timestamp": "2026-02-23T17:00:05+0800", "level": "INFO", "logger": "etl_logger", "message": "Payabl Login Success and Get Token Success", "service": "cc_reconcile", "stage": "download_payabl", "status": "ok"}
{"timestamp": "2026-02-23T17:00:05+0800", "level": "INFO", "logger": "etl_logger", "message": "Start downloading Payabl CC Report for date: 2026-02-22...", "service": "cc_reconcile", "stage": "download_payabl", "status": "ok"}
{"timestamp": "2026-02-23T17:00:17+0800", "level": "INFO", "logger": "etl_logger", "message": "Start downloading Payabl CC Report for date: 2026-02-23...", "service": "cc_reconcile", "stage": "download_payabl", "status": "ok"}
{"timestamp": "2026-02-23T17:00:31+0800", "level": "INFO", "logger": "etl_logger", "message": "Finish downloading Payabl CC Report", "service": "cc_reconcile", "stage": "download_payabl", "status": "ok"}
{"timestamp": "2026-02-23T17:00:31+0800", "level": "INFO", "logger": "etl_logger", "message": "Download Payabl CC Report Finish ，Total: 32977", "service": "cc_reconcile", "stage": "download", "status": "ok"}
{"timestamp": "2026-02-23T17:00:31+0800", "level": "INFO", "logger": "etl_logger", "message": "Login attempt 1/5", "service": "cc_reconcile", "stage": "download_davinci", "status": "ok"}
{"timestamp": "2026-02-23T17:00:32+0800", "level": "INFO", "logger": "etl_logger", "message": "Login response status=200, url=https://admin.vantagemarkets.com/admin/main, cookies=4", "service": "cc_reconcile", "stage": "download_davinci", "status": "ok"}
{"timestamp": "2026-02-23T17:00:32+0800", "level": "INFO", "logger": "etl_logger", "message": "Login successful", "service": "cc_reconcile", "stage": "download_davinci", "status": "ok"}
{"timestamp": "2026-02-23T17:00:33+0800", "level": "INFO", "logger": "etl_logger", "message": "Token obtained successfully", "service": "cc_reconcile", "stage": "download_davinci", "status": "ok"}
{"timestamp": "2026-02-23T17:00:33+0800", "level": "INFO", "logger": "etl_logger", "message": "Start downloading Davinci CC Report for brand: VFSC...", "service": "cc_reconcile", "stage": "download_davinci", "status": "ok"}
{"timestamp": "2026-02-23T17:00:54+0800", "level": "INFO", "logger": "etl_logger", "message": "POST success (VFSC 2026-02-20): cc_withdraw_detail_report_20260223090054.csv, took 21.3s", "service": "cc_reconcile", "stage": "download_davinci", "status": "ok"}
{"timestamp": "2026-02-23T17:00:56+0800", "level": "INFO", "logger": "etl_logger", "message": "Download success (VFSC 2026-02-20): cc_withdraw_detail_report_20260223090054.csv, took 2.2s", "service": "cc_reconcile", "stage": "download_davinci", "status": "ok"}
{"timestamp": "2026-02-23T17:01:13+0800", "level": "INFO", "logger": "etl_logger", "message": "POST success (VFSC 2026-02-21): cc_withdraw_detail_report_20260223090113.csv, took 17.1s", "service": "cc_reconcile", "stage": "download_davinci", "status": "ok"}
{"timestamp": "2026-02-23T17:01:15+0800", "level": "INFO", "logger": "etl_logger", "message": "Download success (VFSC 2026-02-21): cc_withdraw_detail_report_20260223090113.csv, took 1.9s", "service": "cc_reconcile", "stage": "download_davinci", "status": "ok"}
{"timestamp": "2026-02-23T17:01:34+0800", "level": "INFO", "logger": "etl_logger", "message": "POST success (VFSC 2026-02-22): cc_withdraw_detail_report_20260223090134.csv, took 18.7s", "service": "cc_reconcile", "stage": "download_davinci", "status": "ok"}
{"timestamp": "2026-02-23T17:01:35+0800", "level": "INFO", "logger": "etl_logger", "message": "Download success (VFSC 2026-02-22): cc_withdraw_detail_report_20260223090134.csv, took 1.5s", "service": "cc_reconcile", "stage": "download_davinci", "status": "ok"}
{"timestamp": "2026-02-23T17:01:53+0800", "level": "INFO", "logger": "etl_logger", "message": "POST success (VFSC 2026-02-23): cc_withdraw_detail_report_20260223090153.csv, took 18.0s", "service": "cc_reconcile", "stage": "download_davinci", "status": "ok"}
{"timestamp": "2026-02-23T17:01:55+0800", "level": "INFO", "logger": "etl_logger", "message": "Download success (VFSC 2026-02-23): cc_withdraw_detail_report_20260223090153.csv, took 1.6s", "service": "cc_reconcile", "stage": "download_davinci", "status": "ok"}
{"timestamp": "2026-02-23T17:01:55+0800", "level": "INFO", "logger": "etl_logger", "message": "Finish downloading Davinci CC - VFSC Report", "service": "cc_reconcile", "stage": "download_davinci", "status": "ok"}
{"timestamp": "2026-02-23T17:01:55+0800", "level": "INFO", "logger": "etl_logger", "message": "Start downloading Davinci CC Report for brand: VFSC2...", "service": "cc_reconcile", "stage": "download_davinci", "status": "ok"}
{"timestamp": "2026-02-23T17:02:46+0800", "level": "INFO", "logger": "etl_logger", "message": "POST success (VFSC2 2026-02-20): cc_withdraw_detail_report_20260223090246.csv, took 50.6s", "service": "cc_reconcile", "stage": "download_davinci", "status": "ok"}
{"timestamp": "2026-02-23T17:02:49+0800", "level": "INFO", "logger": "etl_logger", "message": "Download success (VFSC2 2026-02-20): cc_withdraw_detail_report_20260223090246.csv, took 3.2s", "service": "cc_reconcile", "stage": "download_davinci", "status": "ok"}
{"timestamp": "2026-02-23T17:03:39+0800", "level": "INFO", "logger": "etl_logger", "message": "POST success (VFSC2 2026-02-21): cc_withdraw_detail_report_20260223090339.csv, took 49.7s", "service": "cc_reconcile", "stage": "download_davinci", "status": "ok"}
{"timestamp": "2026-02-23T17:03:41+0800", "level": "INFO", "logger": "etl_logger", "message": "Download success (VFSC2 2026-02-21): cc_withdraw_detail_report_20260223090339.csv, took 2.5s", "service": "cc_reconcile", "stage": "download_davinci", "status": "ok"}
{"timestamp": "2026-02-23T17:04:30+0800", "level": "INFO", "logger": "etl_logger", "message": "POST success (VFSC2 2026-02-22): cc_withdraw_detail_report_20260223090430.csv, took 48.9s", "service": "cc_reconcile", "stage": "download_davinci", "status": "ok"}
{"timestamp": "2026-02-23T17:04:32+0800", "level": "INFO", "logger": "etl_logger", "message": "Download success (VFSC2 2026-02-22): cc_withdraw_detail_report_20260223090430.csv, took 2.4s", "service": "cc_reconcile", "stage": "download_davinci", "status": "ok"}
{"timestamp": "2026-02-23T17:05:24+0800", "level": "INFO", "logger": "etl_logger", "message": "POST success (VFSC2 2026-02-23): cc_withdraw_detail_report_20260223090524.csv, took 51.3s", "service": "cc_reconcile", "stage": "download_davinci", "status": "ok"}
{"timestamp": "2026-02-23T17:05:26+0800", "level": "INFO", "logger": "etl_logger", "message": "Download success (VFSC2 2026-02-23): cc_withdraw_detail_report_20260223090524.csv, took 2.8s", "service": "cc_reconcile", "stage": "download_davinci", "status": "ok"}
{"timestamp": "2026-02-23T17:05:27+0800", "level": "INFO", "logger": "etl_logger", "message": "Finish downloading Davinci CC - VFSC2 Report", "service": "cc_reconcile", "stage": "download_davinci", "status": "ok"}
{"timestamp": "2026-02-23T17:05:27+0800", "level": "INFO", "logger": "etl_logger", "message": "Finish downloading Davinci CC Report for all brands, total rows: 21160", "service": "cc_reconcile", "stage": "download_davinci", "status": "ok"}
{"timestamp": "2026-02-23T17:05:27+0800", "level": "INFO", "logger": "etl_logger", "message": "Download CRM CC Report Finish ，Total: 21160", "service": "cc_reconcile", "stage": "download", "status": "ok"}
{"timestamp": "2026-02-23T17:05:27+0800", "level": "INFO", "logger": "etl_logger", "message": "Start reconcile...", "service": "cc_reconcile", "stage": "reconcile", "status": "ok"}
{"timestamp": "2026-02-23T17:05:27+0800", "level": "INFO", "logger": "etl_logger", "message": "Reconcile Finish ，Total Mismatch Case: 1", "service": "cc_reconcile", "stage": "reconcile", "status": "ok"}
{"timestamp": "2026-02-23T17:05:27+0800", "level": "INFO", "logger": "etl_logger", "message": "Connect Lark Finish", "service": "cc_reconcile", "stage": "lark", "status": "ok"}
{"timestamp": "2026-02-23T17:05:27+0800", "level": "INFO", "logger": "etl_logger", "message": "Start query existing data in LarkSheet...", "service": "cc_reconcile", "stage": "lark", "status": "ok"}
{"timestamp": "2026-02-23T17:05:29+0800", "level": "INFO", "logger": "etl_logger", "message": "Query existing data in LarkSheet Finish", "service": "cc_reconcile", "stage": "lark", "status": "ok"}
{"timestamp": "2026-02-23T17:05:29+0800", "level": "INFO", "logger": "etl_logger", "message": "Total unique keys in LarkSheet: 12, Total new mismatch cases to upload: 0", "service": "cc_reconcile", "stage": "lark", "status": "ok"}
{"timestamp": "2026-02-23T17:05:29+0800", "level": "INFO", "logger": "etl_logger", "message": "Append data to LarkSheet with range: Kalw4Y!A2:L3, rows: 1, columns: 12", "service": "cc_reconcile", "stage": "lark", "status": "ok"}
{"timestamp": "2026-02-23T17:05:29+0800", "level": "INFO", "logger": "etl_logger", "message": "✅ Successfully appended data to LarkSheet", "service": "cc_reconcile", "stage": "lark", "status": "ok"}
{"timestamp": "2026-02-23T17:05:30+0800", "level": "INFO", "logger": "etl_logger", "message": "Upload data to LarkSheet Finish", "service": "cc_reconcile", "stage": "lark", "status": "ok"}
{"timestamp": "2026-02-23T18:00:02+0800", "level": "INFO", "logger": "etl_logger", "message": "Start download reports...", "service": "cc_reconcile", "stage": "download", "status": "ok"}
{"timestamp": "2026-02-23T18:00:05+0800", "level": "INFO", "logger": "etl_logger", "message": "Payabl Login Success and Get Token Success", "service": "cc_reconcile", "stage": "download_payabl", "status": "ok"}
{"timestamp": "2026-02-23T18:00:05+0800", "level": "INFO", "logger": "etl_logger", "message": "Start downloading Payabl CC Report for date: 2026-02-22...", "service": "cc_reconcile", "stage": "download_payabl", "status": "ok"}
{"timestamp": "2026-02-23T18:00:18+0800", "level": "INFO", "logger": "etl_logger", "message": "Start downloading Payabl CC Report for date: 2026-02-23...", "service": "cc_reconcile", "stage": "download_payabl", "status": "ok"}
{"timestamp": "2026-02-23T18:00:32+0800", "level": "INFO", "logger": "etl_logger", "message": "Finish downloading Payabl CC Report", "service": "cc_reconcile", "stage": "download_payabl", "status": "ok"}
{"timestamp": "2026-02-23T18:00:32+0800", "level": "INFO", "logger": "etl_logger", "message": "Download Payabl CC Report Finish ，Total: 34751", "service": "cc_reconcile", "stage": "download", "status": "ok"}
{"timestamp": "2026-02-23T18:00:32+0800", "level": "INFO", "logger": "etl_logger", "message": "Login attempt 1/5", "service": "cc_reconcile", "stage": "download_davinci", "status": "ok"}
{"timestamp": "2026-02-23T18:00:33+0800", "level": "INFO", "logger": "etl_logger", "message": "Login response status=200, url=https://admin.vantagemarkets.com/admin/main, cookies=4", "service": "cc_reconcile", "stage": "download_davinci", "status": "ok"}
{"timestamp": "2026-02-23T18:00:33+0800", "level": "INFO", "logger": "etl_logger", "message": "Login successful", "service": "cc_reconcile", "stage": "download_davinci", "status": "ok"}
{"timestamp": "2026-02-23T18:00:33+0800", "level": "INFO", "logger": "etl_logger", "message": "Token obtained successfully", "service": "cc_reconcile", "stage": "download_davinci", "status": "ok"}
{"timestamp": "2026-02-23T18:00:33+0800", "level": "INFO", "logger": "etl_logger", "message": "Start downloading Davinci CC Report for brand: VFSC...", "service": "cc_reconcile", "stage": "download_davinci", "status": "ok"}
{"timestamp": "2026-02-23T18:00:53+0800", "level": "INFO", "logger": "etl_logger", "message": "POST success (VFSC 2026-02-20): cc_withdraw_detail_report_20260223100053.csv, took 20.3s", "service": "cc_reconcile", "stage": "download_davinci", "status": "ok"}
{"timestamp": "2026-02-23T18:00:56+0800", "level": "INFO", "logger": "etl_logger", "message": "Download success (VFSC 2026-02-20): cc_withdraw_detail_report_20260223100053.csv, took 2.4s", "service": "cc_reconcile", "stage": "download_davinci", "status": "ok"}
{"timestamp": "2026-02-23T18:01:15+0800", "level": "INFO", "logger": "etl_logger", "message": "POST success (VFSC 2026-02-21): cc_withdraw_detail_report_20260223100115.csv, took 19.3s", "service": "cc_reconcile", "stage": "download_davinci", "status": "ok"}
{"timestamp": "2026-02-23T18:01:17+0800", "level": "INFO", "logger": "etl_logger", "message": "Download success (VFSC 2026-02-21): cc_withdraw_detail_report_20260223100115.csv, took 1.7s", "service": "cc_reconcile", "stage": "download_davinci", "status": "ok"}
{"timestamp": "2026-02-23T18:01:35+0800", "level": "INFO", "logger": "etl_logger", "message": "POST success (VFSC 2026-02-22): cc_withdraw_detail_report_20260223100135.csv, took 18.1s", "service": "cc_reconcile", "stage": "download_davinci", "status": "ok"}
{"timestamp": "2026-02-23T18:01:36+0800", "level": "INFO", "logger": "etl_logger", "message": "Download success (VFSC 2026-02-22): cc_withdraw_detail_report_20260223100135.csv, took 1.5s", "service": "cc_reconcile", "stage": "download_davinci", "status": "ok"}
{"timestamp": "2026-02-23T18:01:54+0800", "level": "INFO", "logger": "etl_logger", "message": "POST success (VFSC 2026-02-23): cc_withdraw_detail_report_20260223100154.csv, took 17.8s", "service": "cc_reconcile", "stage": "download_davinci", "status": "ok"}
{"timestamp": "2026-02-23T18:01:56+0800", "level": "INFO", "logger": "etl_logger", "message": "Download success (VFSC 2026-02-23): cc_withdraw_detail_report_20260223100154.csv, took 2.1s", "service": "cc_reconcile", "stage": "download_davinci", "status": "ok"}
{"timestamp": "2026-02-23T18:01:56+0800", "level": "INFO", "logger": "etl_logger", "message": "Finish downloading Davinci CC - VFSC Report", "service": "cc_reconcile", "stage": "download_davinci", "status": "ok"}
{"timestamp": "2026-02-23T18:01:56+0800", "level": "INFO", "logger": "etl_logger", "message": "Start downloading Davinci CC Report for brand: VFSC2...", "service": "cc_reconcile", "stage": "download_davinci", "status": "ok"}
{"timestamp": "2026-02-23T18:02:49+0800", "level": "INFO", "logger": "etl_logger", "message": "POST success (VFSC2 2026-02-20): cc_withdraw_detail_report_20260223100249.csv, took 52.5s", "service": "cc_reconcile", "stage": "download_davinci", "status": "ok"}
{"timestamp": "2026-02-23T18:02:52+0800", "level": "INFO", "logger": "etl_logger", "message": "Download success (VFSC2 2026-02-20): cc_withdraw_detail_report_20260223100249.csv, took 3.1s", "service": "cc_reconcile", "stage": "download_davinci", "status": "ok"}
{"timestamp": "2026-02-23T18:03:41+0800", "level": "INFO", "logger": "etl_logger", "message": "POST success (VFSC2 2026-02-21): cc_withdraw_detail_report_20260223100341.csv, took 49.5s", "service": "cc_reconcile", "stage": "download_davinci", "status": "ok"}
{"timestamp": "2026-02-23T18:03:44+0800", "level": "INFO", "logger": "etl_logger", "message": "Download success (VFSC2 2026-02-21): cc_withdraw_detail_report_20260223100341.csv, took 2.5s", "service": "cc_reconcile", "stage": "download_davinci", "status": "ok"}
{"timestamp": "2026-02-23T18:04:34+0800", "level": "INFO", "logger": "etl_logger", "message": "POST success (VFSC2 2026-02-22): cc_withdraw_detail_report_20260223100434.csv, took 50.1s", "service": "cc_reconcile", "stage": "download_davinci", "status": "ok"}
{"timestamp": "2026-02-23T18:04:36+0800", "level": "INFO", "logger": "etl_logger", "message": "Download success (VFSC2 2026-02-22): cc_withdraw_detail_report_20260223100434.csv, took 2.4s", "service": "cc_reconcile", "stage": "download_davinci", "status": "ok"}
{"timestamp": "2026-02-23T18:05:25+0800", "level": "INFO", "logger": "etl_logger", "message": "POST success (VFSC2 2026-02-23): cc_withdraw_detail_report_20260223100525.csv, took 48.2s", "service": "cc_reconcile", "stage": "download_davinci", "status": "ok"}
{"timestamp": "2026-02-23T18:05:27+0800", "level": "INFO", "logger": "etl_logger", "message": "Download success (VFSC2 2026-02-23): cc_withdraw_detail_report_20260223100525.csv, took 2.2s", "service": "cc_reconcile", "stage": "download_davinci", "status": "ok"}
{"timestamp": "2026-02-23T18:05:27+0800", "level": "INFO", "logger": "etl_logger", "message": "Finish downloading Davinci CC - VFSC2 Report", "service": "cc_reconcile", "stage": "download_davinci", "status": "ok"}
{"timestamp": "2026-02-23T18:05:27+0800", "level": "INFO", "logger": "etl_logger", "message": "Finish downloading Davinci CC Report for all brands, total rows: 21490", "service": "cc_reconcile", "stage": "download_davinci", "status": "ok"}
{"timestamp": "2026-02-23T18:05:27+0800", "level": "INFO", "logger": "etl_logger", "message": "Download CRM CC Report Finish ，Total: 21490", "service": "cc_reconcile", "stage": "download", "status": "ok"}
{"timestamp": "2026-02-23T18:05:27+0800", "level": "INFO", "logger": "etl_logger", "message": "Start reconcile...", "service": "cc_reconcile", "stage": "reconcile", "status": "ok"}
{"timestamp": "2026-02-23T18:05:27+0800", "level": "INFO", "logger": "etl_logger", "message": "Reconcile Finish ，Total Mismatch Case: 1", "service": "cc_reconcile", "stage": "reconcile", "status": "ok"}
{"timestamp": "2026-02-23T18:05:28+0800", "level": "INFO", "logger": "etl_logger", "message": "Connect Lark Finish", "service": "cc_reconcile", "stage": "lark", "status": "ok"}
{"timestamp": "2026-02-23T18:05:28+0800", "level": "INFO", "logger": "etl_logger", "message": "Start query existing data in LarkSheet...", "service": "cc_reconcile", "stage": "lark", "status": "ok"}
{"timestamp": "2026-02-23T18:05:29+0800", "level": "INFO", "logger": "etl_logger", "message": "Query existing data in LarkSheet Finish", "service": "cc_reconcile", "stage": "lark", "status": "ok"}
{"timestamp": "2026-02-23T18:05:29+0800", "level": "INFO", "logger": "etl_logger", "message": "Total unique keys in LarkSheet: 12, Total new mismatch cases to upload: 0", "service": "cc_reconcile", "stage": "lark", "status": "ok"}
{"timestamp": "2026-02-23T18:05:29+0800", "level": "INFO", "logger": "etl_logger", "message": "Append data to LarkSheet with range: Kalw4Y!A2:L3, rows: 1, columns: 12", "service": "cc_reconcile", "stage": "lark", "status": "ok"}
{"timestamp": "2026-02-23T18:05:29+0800", "level": "INFO", "logger": "etl_logger", "message": "✅ Successfully appended data to LarkSheet", "service": "cc_reconcile", "stage": "lark", "status": "ok"}
{"timestamp": "2026-02-23T18:05:30+0800", "level": "INFO", "logger": "etl_logger", "message": "Upload data to LarkSheet Finish", "service": "cc_reconcile", "stage": "lark", "status": "ok"}
{"timestamp": "2026-02-23T19:00:01+0800", "level": "INFO", "logger": "etl_logger", "message": "Start download reports...", "service": "cc_reconcile", "stage": "download", "status": "ok"}
{"timestamp": "2026-02-23T19:00:04+0800", "level": "INFO", "logger": "etl_logger", "message": "Payabl Login Success and Get Token Success", "service": "cc_reconcile", "stage": "download_payabl", "status": "ok"}
{"timestamp": "2026-02-23T19:00:04+0800", "level": "INFO", "logger": "etl_logger", "message": "Start downloading Payabl CC Report for date: 2026-02-22...", "service": "cc_reconcile", "stage": "download_payabl", "status": "ok"}
{"timestamp": "2026-02-23T19:00:17+0800", "level": "INFO", "logger": "etl_logger", "message": "Start downloading Payabl CC Report for date: 2026-02-23...", "service": "cc_reconcile", "stage": "download_payabl", "status": "ok"}
{"timestamp": "2026-02-23T19:00:32+0800", "level": "INFO", "logger": "etl_logger", "message": "Finish downloading Payabl CC Report", "service": "cc_reconcile", "stage": "download_payabl", "status": "ok"}
{"timestamp": "2026-02-23T19:00:32+0800", "level": "INFO", "logger": "etl_logger", "message": "Download Payabl CC Report Finish ，Total: 36620", "service": "cc_reconcile", "stage": "download", "status": "ok"}
{"timestamp": "2026-02-23T19:00:32+0800", "level": "INFO", "logger": "etl_logger", "message": "Login attempt 1/5", "service": "cc_reconcile", "stage": "download_davinci", "status": "ok"}
{"timestamp": "2026-02-23T19:00:33+0800", "level": "INFO", "logger": "etl_logger", "message": "Login response status=200, url=https://admin.vantagemarkets.com/admin/main, cookies=4", "service": "cc_reconcile", "stage": "download_davinci", "status": "ok"}
{"timestamp": "2026-02-23T19:00:33+0800", "level": "INFO", "logger": "etl_logger", "message": "Login successful", "service": "cc_reconcile", "stage": "download_davinci", "status": "ok"}
{"timestamp": "2026-02-23T19:00:33+0800", "level": "INFO", "logger": "etl_logger", "message": "Token obtained successfully", "service": "cc_reconcile", "stage": "download_davinci", "status": "ok"}
{"timestamp": "2026-02-23T19:00:33+0800", "level": "INFO", "logger": "etl_logger", "message": "Start downloading Davinci CC Report for brand: VFSC...", "service": "cc_reconcile", "stage": "download_davinci", "status": "ok"}
{"timestamp": "2026-02-23T19:00:52+0800", "level": "INFO", "logger": "etl_logger", "message": "POST success (VFSC 2026-02-20): cc_withdraw_detail_report_20260223110052.csv, took 18.4s", "service": "cc_reconcile", "stage": "download_davinci", "status": "ok"}
{"timestamp": "2026-02-23T19:00:54+0800", "level": "INFO", "logger": "etl_logger", "message": "Download success (VFSC 2026-02-20): cc_withdraw_detail_report_20260223110052.csv, took 2.1s", "service": "cc_reconcile", "stage": "download_davinci", "status": "ok"}
{"timestamp": "2026-02-23T19:01:11+0800", "level": "INFO", "logger": "etl_logger", "message": "POST success (VFSC 2026-02-21): cc_withdraw_detail_report_20260223110111.csv, took 17.4s", "service": "cc_reconcile", "stage": "download_davinci", "status": "ok"}
{"timestamp": "2026-02-23T19:01:13+0800", "level": "INFO", "logger": "etl_logger", "message": "Download success (VFSC 2026-02-21): cc_withdraw_detail_report_20260223110111.csv, took 1.7s", "service": "cc_reconcile", "stage": "download_davinci", "status": "ok"}
{"timestamp": "2026-02-23T19:01:30+0800", "level": "INFO", "logger": "etl_logger", "message": "POST success (VFSC 2026-02-22): cc_withdraw_detail_report_20260223110130.csv, took 16.7s", "service": "cc_reconcile", "stage": "download_davinci", "status": "ok"}
{"timestamp": "2026-02-23T19:01:31+0800", "level": "INFO", "logger": "etl_logger", "message": "Download success (VFSC 2026-02-22): cc_withdraw_detail_report_20260223110130.csv, took 1.6s", "service": "cc_reconcile", "stage": "download_davinci", "status": "ok"}
{"timestamp": "2026-02-23T19:01:53+0800", "level": "INFO", "logger": "etl_logger", "message": "POST success (VFSC 2026-02-23): cc_withdraw_detail_report_20260223110153.csv, took 21.2s", "service": "cc_reconcile", "stage": "download_davinci", "status": "ok"}
{"timestamp": "2026-02-23T19:01:55+0800", "level": "INFO", "logger": "etl_logger", "message": "Download success (VFSC 2026-02-23): cc_withdraw_detail_report_20260223110153.csv, took 1.9s", "service": "cc_reconcile", "stage": "download_davinci", "status": "ok"}
{"timestamp": "2026-02-23T19:01:55+0800", "level": "INFO", "logger": "etl_logger", "message": "Finish downloading Davinci CC - VFSC Report", "service": "cc_reconcile", "stage": "download_davinci", "status": "ok"}
{"timestamp": "2026-02-23T19:01:55+0800", "level": "INFO", "logger": "etl_logger", "message": "Start downloading Davinci CC Report for brand: VFSC2...", "service": "cc_reconcile", "stage": "download_davinci", "status": "ok"}
{"timestamp": "2026-02-23T19:02:50+0800", "level": "INFO", "logger": "etl_logger", "message": "POST success (VFSC2 2026-02-20): cc_withdraw_detail_report_20260223110250.csv, took 55.7s", "service": "cc_reconcile", "stage": "download_davinci", "status": "ok"}
{"timestamp": "2026-02-23T19:02:53+0800", "level": "INFO", "logger": "etl_logger", "message": "Download success (VFSC2 2026-02-20): cc_withdraw_detail_report_20260223110250.csv, took 3.1s", "service": "cc_reconcile", "stage": "download_davinci", "status": "ok"}
{"timestamp": "2026-02-23T19:03:44+0800", "level": "INFO", "logger": "etl_logger", "message": "POST success (VFSC2 2026-02-21): cc_withdraw_detail_report_20260223110344.csv, took 50.1s", "service": "cc_reconcile", "stage": "download_davinci", "status": "ok"}
{"timestamp": "2026-02-23T19:03:46+0800", "level": "INFO", "logger": "etl_logger", "message": "Download success (VFSC2 2026-02-21): cc_withdraw_detail_report_20260223110344.csv, took 2.4s", "service": "cc_reconcile", "stage": "download_davinci", "status": "ok"}
{"timestamp": "2026-02-23T19:04:37+0800", "level": "INFO", "logger": "etl_logger", "message": "POST success (VFSC2 2026-02-22): cc_withdraw_detail_report_20260223110437.csv, took 50.9s", "service": "cc_reconcile", "stage": "download_davinci", "status": "ok"}
{"timestamp": "2026-02-23T19:04:39+0800", "level": "INFO", "logger": "etl_logger", "message": "Download success (VFSC2 2026-02-22): cc_withdraw_detail_report_20260223110437.csv, took 2.2s", "service": "cc_reconcile", "stage": "download_davinci", "status": "ok"}
{"timestamp": "2026-02-23T19:05:30+0800", "level": "INFO", "logger": "etl_logger", "message": "POST success (VFSC2 2026-02-23): cc_withdraw_detail_report_20260223110530.csv, took 50.7s", "service": "cc_reconcile", "stage": "download_davinci", "status": "ok"}
{"timestamp": "2026-02-23T19:05:32+0800", "level": "INFO", "logger": "etl_logger", "message": "Download success (VFSC2 2026-02-23): cc_withdraw_detail_report_20260223110530.csv, took 2.7s", "service": "cc_reconcile", "stage": "download_davinci", "status": "ok"}
{"timestamp": "2026-02-23T19:05:33+0800", "level": "INFO", "logger": "etl_logger", "message": "Finish downloading Davinci CC - VFSC2 Report", "service": "cc_reconcile", "stage": "download_davinci", "status": "ok"}
{"timestamp": "2026-02-23T19:05:33+0800", "level": "INFO", "logger": "etl_logger", "message": "Finish downloading Davinci CC Report for all brands, total rows: 21932", "service": "cc_reconcile", "stage": "download_davinci", "status": "ok"}
{"timestamp": "2026-02-23T19:05:33+0800", "level": "INFO", "logger": "etl_logger", "message": "Download CRM CC Report Finish ，Total: 21932", "service": "cc_reconcile", "stage": "download", "status": "ok"}
{"timestamp": "2026-02-23T19:05:33+0800", "level": "INFO", "logger": "etl_logger", "message": "Start reconcile...", "service": "cc_reconcile", "stage": "reconcile", "status": "ok"}
{"timestamp": "2026-02-23T19:05:33+0800", "level": "INFO", "logger": "etl_logger", "message": "Reconcile Finish ，Total Mismatch Case: 1", "service": "cc_reconcile", "stage": "reconcile", "status": "ok"}
{"timestamp": "2026-02-23T19:05:33+0800", "level": "INFO", "logger": "etl_logger", "message": "Connect Lark Finish", "service": "cc_reconcile", "stage": "lark", "status": "ok"}
{"timestamp": "2026-02-23T19:05:33+0800", "level": "INFO", "logger": "etl_logger", "message": "Start query existing data in LarkSheet...", "service": "cc_reconcile", "stage": "lark", "status": "ok"}
{"timestamp": "2026-02-23T19:05:34+0800", "level": "INFO", "logger": "etl_logger", "message": "Query existing data in LarkSheet Finish", "service": "cc_reconcile", "stage": "lark", "status": "ok"}
{"timestamp": "2026-02-23T19:05:34+0800", "level": "INFO", "logger": "etl_logger", "message": "Total unique keys in LarkSheet: 12, Total new mismatch cases to upload: 0", "service": "cc_reconcile", "stage": "lark", "status": "ok"}
{"timestamp": "2026-02-23T19:05:34+0800", "level": "INFO", "logger": "etl_logger", "message": "Append data to LarkSheet with range: Kalw4Y!A2:L3, rows: 1, columns: 12", "service": "cc_reconcile", "stage": "lark", "status": "ok"}
{"timestamp": "2026-02-23T19:05:35+0800", "level": "INFO", "logger": "etl_logger", "message": "✅ Successfully appended data to LarkSheet", "service": "cc_reconcile", "stage": "lark", "status": "ok"}
{"timestamp": "2026-02-23T19:05:36+0800", "level": "INFO", "logger": "etl_logger", "message": "Upload data to LarkSheet Finish", "service": "cc_reconcile", "stage": "lark", "status": "ok"}
{"timestamp": "2026-02-23T20:00:01+0800", "level": "INFO", "logger": "etl_logger", "message": "Start download reports...", "service": "cc_reconcile", "stage": "download", "status": "ok"}
{"timestamp": "2026-02-23T20:00:04+0800", "level": "INFO", "logger": "etl_logger", "message": "Payabl Login Success and Get Token Success", "service": "cc_reconcile", "stage": "download_payabl", "status": "ok"}
{"timestamp": "2026-02-23T20:00:04+0800", "level": "INFO", "logger": "etl_logger", "message": "Start downloading Payabl CC Report for date: 2026-02-22...", "service": "cc_reconcile", "stage": "download_payabl", "status": "ok"}
{"timestamp": "2026-02-23T20:00:16+0800", "level": "INFO", "logger": "etl_logger", "message": "Start downloading Payabl CC Report for date: 2026-02-23...", "service": "cc_reconcile", "stage": "download_payabl", "status": "ok"}
{"timestamp": "2026-02-23T20:00:32+0800", "level": "INFO", "logger": "etl_logger", "message": "Finish downloading Payabl CC Report", "service": "cc_reconcile", "stage": "download_payabl", "status": "ok"}
{"timestamp": "2026-02-23T20:00:32+0800", "level": "INFO", "logger": "etl_logger", "message": "Download Payabl CC Report Finish ，Total: 38344", "service": "cc_reconcile", "stage": "download", "status": "ok"}
{"timestamp": "2026-02-23T20:00:32+0800", "level": "INFO", "logger": "etl_logger", "message": "Login attempt 1/5", "service": "cc_reconcile", "stage": "download_davinci", "status": "ok"}
{"timestamp": "2026-02-23T20:00:33+0800", "level": "INFO", "logger": "etl_logger", "message": "Login response status=200, url=https://admin.vantagemarkets.com/admin/main, cookies=4", "service": "cc_reconcile", "stage": "download_davinci", "status": "ok"}
{"timestamp": "2026-02-23T20:00:33+0800", "level": "INFO", "logger": "etl_logger", "message": "Login successful", "service": "cc_reconcile", "stage": "download_davinci", "status": "ok"}
{"timestamp": "2026-02-23T20:00:33+0800", "level": "INFO", "logger": "etl_logger", "message": "Token obtained successfully", "service": "cc_reconcile", "stage": "download_davinci", "status": "ok"}
{"timestamp": "2026-02-23T20:00:33+0800", "level": "INFO", "logger": "etl_logger", "message": "Start downloading Davinci CC Report for brand: VFSC...", "service": "cc_reconcile", "stage": "download_davinci", "status": "ok"}
{"timestamp": "2026-02-23T20:00:54+0800", "level": "INFO", "logger": "etl_logger", "message": "POST success (VFSC 2026-02-20): cc_withdraw_detail_report_20260223120054.csv, took 20.9s", "service": "cc_reconcile", "stage": "download_davinci", "status": "ok"}
{"timestamp": "2026-02-23T20:00:56+0800", "level": "INFO", "logger": "etl_logger", "message": "Download success (VFSC 2026-02-20): cc_withdraw_detail_report_20260223120054.csv, took 2.2s", "service": "cc_reconcile", "stage": "download_davinci", "status": "ok"}
{"timestamp": "2026-02-23T20:01:14+0800", "level": "INFO", "logger": "etl_logger", "message": "POST success (VFSC 2026-02-21): cc_withdraw_detail_report_20260223120114.csv, took 18.0s", "service": "cc_reconcile", "stage": "download_davinci", "status": "ok"}
{"timestamp": "2026-02-23T20:01:16+0800", "level": "INFO", "logger": "etl_logger", "message": "Download success (VFSC 2026-02-21): cc_withdraw_detail_report_20260223120114.csv, took 1.4s", "service": "cc_reconcile", "stage": "download_davinci", "status": "ok"}
{"timestamp": "2026-02-23T20:01:33+0800", "level": "INFO", "logger": "etl_logger", "message": "POST success (VFSC 2026-02-22): cc_withdraw_detail_report_20260223120133.csv, took 17.8s", "service": "cc_reconcile", "stage": "download_davinci", "status": "ok"}
{"timestamp": "2026-02-23T20:01:35+0800", "level": "INFO", "logger": "etl_logger", "message": "Download success (VFSC 2026-02-22): cc_withdraw_detail_report_20260223120133.csv, took 1.5s", "service": "cc_reconcile", "stage": "download_davinci", "status": "ok"}
{"timestamp": "2026-02-23T20:01:53+0800", "level": "INFO", "logger": "etl_logger", "message": "POST success (VFSC 2026-02-23): cc_withdraw_detail_report_20260223120153.csv, took 18.1s", "service": "cc_reconcile", "stage": "download_davinci", "status": "ok"}
{"timestamp": "2026-02-23T20:01:55+0800", "level": "INFO", "logger": "etl_logger", "message": "Download success (VFSC 2026-02-23): cc_withdraw_detail_report_20260223120153.csv, took 2.0s", "service": "cc_reconcile", "stage": "download_davinci", "status": "ok"}
{"timestamp": "2026-02-23T20:01:55+0800", "level": "INFO", "logger": "etl_logger", "message": "Finish downloading Davinci CC - VFSC Report", "service": "cc_reconcile", "stage": "download_davinci", "status": "ok"}
{"timestamp": "2026-02-23T20:01:55+0800", "level": "INFO", "logger": "etl_logger", "message": "Start downloading Davinci CC Report for brand: VFSC2...", "service": "cc_reconcile", "stage": "download_davinci", "status": "ok"}
{"timestamp": "2026-02-23T20:02:46+0800", "level": "INFO", "logger": "etl_logger", "message": "POST success (VFSC2 2026-02-20): cc_withdraw_detail_report_20260223120246.csv, took 51.3s", "service": "cc_reconcile", "stage": "download_davinci", "status": "ok"}
{"timestamp": "2026-02-23T20:02:49+0800", "level": "INFO", "logger": "etl_logger", "message": "Download success (VFSC2 2026-02-20): cc_withdraw_detail_report_20260223120246.csv, took 2.4s", "service": "cc_reconcile", "stage": "download_davinci", "status": "ok"}
{"timestamp": "2026-02-23T20:03:37+0800", "level": "INFO", "logger": "etl_logger", "message": "POST success (VFSC2 2026-02-21): cc_withdraw_detail_report_20260223120337.csv, took 48.3s", "service": "cc_reconcile", "stage": "download_davinci", "status": "ok"}
{"timestamp": "2026-02-23T20:03:40+0800", "level": "INFO", "logger": "etl_logger", "message": "Download success (VFSC2 2026-02-21): cc_withdraw_detail_report_20260223120337.csv, took 2.6s", "service": "cc_reconcile", "stage": "download_davinci", "status": "ok"}
{"timestamp": "2026-02-23T20:04:27+0800", "level": "INFO", "logger": "etl_logger", "message": "POST success (VFSC2 2026-02-22): cc_withdraw_detail_report_20260223120427.csv, took 47.7s", "service": "cc_reconcile", "stage": "download_davinci", "status": "ok"}
{"timestamp": "2026-02-23T20:04:30+0800", "level": "INFO", "logger": "etl_logger", "message": "Download success (VFSC2 2026-02-22): cc_withdraw_detail_report_20260223120427.csv, took 2.3s", "service": "cc_reconcile", "stage": "download_davinci", "status": "ok"}
{"timestamp": "2026-02-23T20:05:19+0800", "level": "INFO", "logger": "etl_logger", "message": "POST success (VFSC2 2026-02-23): cc_withdraw_detail_report_20260223120519.csv, took 49.2s", "service": "cc_reconcile", "stage": "download_davinci", "status": "ok"}
{"timestamp": "2026-02-23T20:05:22+0800", "level": "INFO", "logger": "etl_logger", "message": "Download success (VFSC2 2026-02-23): cc_withdraw_detail_report_20260223120519.csv, took 3.0s", "service": "cc_reconcile", "stage": "download_davinci", "status": "ok"}
{"timestamp": "2026-02-23T20:05:22+0800", "level": "INFO", "logger": "etl_logger", "message": "Finish downloading Davinci CC - VFSC2 Report", "service": "cc_reconcile", "stage": "download_davinci", "status": "ok"}
{"timestamp": "2026-02-23T20:05:22+0800", "level": "INFO", "logger": "etl_logger", "message": "Finish downloading Davinci CC Report for all brands, total rows: 22326", "service": "cc_reconcile", "stage": "download_davinci", "status": "ok"}
{"timestamp": "2026-02-23T20:05:22+0800", "level": "INFO", "logger": "etl_logger", "message": "Download CRM CC Report Finish ，Total: 22326", "service": "cc_reconcile", "stage": "download", "status": "ok"}
{"timestamp": "2026-02-23T20:05:22+0800", "level": "INFO", "logger": "etl_logger", "message": "Start reconcile...", "service": "cc_reconcile", "stage": "reconcile", "status": "ok"}
{"timestamp": "2026-02-23T20:05:22+0800", "level": "INFO", "logger": "etl_logger", "message": "Reconcile Finish ，Total Mismatch Case: 1", "service": "cc_reconcile", "stage": "reconcile", "status": "ok"}
{"timestamp": "2026-02-23T20:05:23+0800", "level": "INFO", "logger": "etl_logger", "message": "Connect Lark Finish", "service": "cc_reconcile", "stage": "lark", "status": "ok"}
{"timestamp": "2026-02-23T20:05:23+0800", "level": "INFO", "logger": "etl_logger", "message": "Start query existing data in LarkSheet...", "service": "cc_reconcile", "stage": "lark", "status": "ok"}
{"timestamp": "2026-02-23T20:05:24+0800", "level": "INFO", "logger": "etl_logger", "message": "Query existing data in LarkSheet Finish", "service": "cc_reconcile", "stage": "lark", "status": "ok"}
{"timestamp": "2026-02-23T20:05:24+0800", "level": "INFO", "logger": "etl_logger", "message": "Total unique keys in LarkSheet: 12, Total new mismatch cases to upload: 0", "service": "cc_reconcile", "stage": "lark", "status": "ok"}
{"timestamp": "2026-02-23T20:05:24+0800", "level": "INFO", "logger": "etl_logger", "message": "Append data to LarkSheet with range: Kalw4Y!A2:L3, rows: 1, columns: 12", "service": "cc_reconcile", "stage": "lark", "status": "ok"}
{"timestamp": "2026-02-23T20:05:24+0800", "level": "INFO", "logger": "etl_logger", "message": "✅ Successfully appended data to LarkSheet", "service": "cc_reconcile", "stage": "lark", "status": "ok"}
{"timestamp": "2026-02-23T20:05:25+0800", "level": "INFO", "logger": "etl_logger", "message": "Upload data to LarkSheet Finish", "service": "cc_reconcile", "stage": "lark", "status": "ok"}
{"timestamp": "2026-02-23T21:00:01+0800", "level": "INFO", "logger": "etl_logger", "message": "Start download reports...", "service": "cc_reconcile", "stage": "download", "status": "ok"}
{"timestamp": "2026-02-23T21:00:04+0800", "level": "INFO", "logger": "etl_logger", "message": "Payabl Login Success and Get Token Success", "service": "cc_reconcile", "stage": "download_payabl", "status": "ok"}
{"timestamp": "2026-02-23T21:00:04+0800", "level": "INFO", "logger": "etl_logger", "message": "Start downloading Payabl CC Report for date: 2026-02-22...", "service": "cc_reconcile", "stage": "download_payabl", "status": "ok"}
{"timestamp": "2026-02-23T21:00:17+0800", "level": "INFO", "logger": "etl_logger", "message": "Start downloading Payabl CC Report for date: 2026-02-23...", "service": "cc_reconcile", "stage": "download_payabl", "status": "ok"}
{"timestamp": "2026-02-23T21:00:32+0800", "level": "INFO", "logger": "etl_logger", "message": "Finish downloading Payabl CC Report", "service": "cc_reconcile", "stage": "download_payabl", "status": "ok"}
{"timestamp": "2026-02-23T21:00:32+0800", "level": "INFO", "logger": "etl_logger", "message": "Download Payabl CC Report Finish ，Total: 40218", "service": "cc_reconcile", "stage": "download", "status": "ok"}
{"timestamp": "2026-02-23T21:00:32+0800", "level": "INFO", "logger": "etl_logger", "message": "Login attempt 1/5", "service": "cc_reconcile", "stage": "download_davinci", "status": "ok"}
{"timestamp": "2026-02-23T21:00:34+0800", "level": "INFO", "logger": "etl_logger", "message": "Login response status=200, url=https://admin.vantagemarkets.com/admin/main, cookies=4", "service": "cc_reconcile", "stage": "download_davinci", "status": "ok"}
{"timestamp": "2026-02-23T21:00:34+0800", "level": "INFO", "logger": "etl_logger", "message": "Login successful", "service": "cc_reconcile", "stage": "download_davinci", "status": "ok"}
{"timestamp": "2026-02-23T21:00:34+0800", "level": "INFO", "logger": "etl_logger", "message": "Token obtained successfully", "service": "cc_reconcile", "stage": "download_davinci", "status": "ok"}
{"timestamp": "2026-02-23T21:00:34+0800", "level": "INFO", "logger": "etl_logger", "message": "Start downloading Davinci CC Report for brand: VFSC...", "service": "cc_reconcile", "stage": "download_davinci", "status": "ok"}
{"timestamp": "2026-02-23T21:00:53+0800", "level": "INFO", "logger": "etl_logger", "message": "POST success (VFSC 2026-02-20): cc_withdraw_detail_report_20260223130053.csv, took 18.4s", "service": "cc_reconcile", "stage": "download_davinci", "status": "ok"}
{"timestamp": "2026-02-23T21:00:55+0800", "level": "INFO", "logger": "etl_logger", "message": "Download success (VFSC 2026-02-20): cc_withdraw_detail_report_20260223130053.csv, took 1.8s", "service": "cc_reconcile", "stage": "download_davinci", "status": "ok"}
{"timestamp": "2026-02-23T21:01:12+0800", "level": "INFO", "logger": "etl_logger", "message": "POST success (VFSC 2026-02-21): cc_withdraw_detail_report_20260223130112.csv, took 17.6s", "service": "cc_reconcile", "stage": "download_davinci", "status": "ok"}
{"timestamp": "2026-02-23T21:01:14+0800", "level": "INFO", "logger": "etl_logger", "message": "Download success (VFSC 2026-02-21): cc_withdraw_detail_report_20260223130112.csv, took 1.4s", "service": "cc_reconcile", "stage": "download_davinci", "status": "ok"}
{"timestamp": "2026-02-23T21:01:31+0800", "level": "INFO", "logger": "etl_logger", "message": "POST success (VFSC 2026-02-22): cc_withdraw_detail_report_20260223130131.csv, took 17.4s", "service": "cc_reconcile", "stage": "download_davinci", "status": "ok"}
{"timestamp": "2026-02-23T21:01:32+0800", "level": "INFO", "logger": "etl_logger", "message": "Download success (VFSC 2026-02-22): cc_withdraw_detail_report_20260223130131.csv, took 1.2s", "service": "cc_reconcile", "stage": "download_davinci", "status": "ok"}
{"timestamp": "2026-02-23T21:01:50+0800", "level": "INFO", "logger": "etl_logger", "message": "POST success (VFSC 2026-02-23): cc_withdraw_detail_report_20260223130150.csv, took 17.7s", "service": "cc_reconcile", "stage": "download_davinci", "status": "ok"}
{"timestamp": "2026-02-23T21:01:59+0800", "level": "INFO", "logger": "etl_logger", "message": "Download success (VFSC 2026-02-23): cc_withdraw_detail_report_20260223130150.csv, took 8.8s", "service": "cc_reconcile", "stage": "download_davinci", "status": "ok"}
{"timestamp": "2026-02-23T21:01:59+0800", "level": "INFO", "logger": "etl_logger", "message": "Finish downloading Davinci CC - VFSC Report", "service": "cc_reconcile", "stage": "download_davinci", "status": "ok"}
{"timestamp": "2026-02-23T21:01:59+0800", "level": "INFO", "logger": "etl_logger", "message": "Start downloading Davinci CC Report for brand: VFSC2...", "service": "cc_reconcile", "stage": "download_davinci", "status": "ok"}
{"timestamp": "2026-02-23T21:02:50+0800", "level": "INFO", "logger": "etl_logger", "message": "POST success (VFSC2 2026-02-20): cc_withdraw_detail_report_20260223130250.csv, took 51.2s", "service": "cc_reconcile", "stage": "download_davinci", "status": "ok"}
{"timestamp": "2026-02-23T21:02:52+0800", "level": "INFO", "logger": "etl_logger", "message": "Download success (VFSC2 2026-02-20): cc_withdraw_detail_report_20260223130250.csv, took 2.4s", "service": "cc_reconcile", "stage": "download_davinci", "status": "ok"}
{"timestamp": "2026-02-23T21:03:41+0800", "level": "INFO", "logger": "etl_logger", "message": "POST success (VFSC2 2026-02-21): cc_withdraw_detail_report_20260223130341.csv, took 48.3s", "service": "cc_reconcile", "stage": "download_davinci", "status": "ok"}
{"timestamp": "2026-02-23T21:03:44+0800", "level": "INFO", "logger": "etl_logger", "message": "Download success (VFSC2 2026-02-21): cc_withdraw_detail_report_20260223130341.csv, took 3.0s", "service": "cc_reconcile", "stage": "download_davinci", "status": "ok"}
{"timestamp": "2026-02-23T21:04:32+0800", "level": "INFO", "logger": "etl_logger", "message": "POST success (VFSC2 2026-02-22): cc_withdraw_detail_report_20260223130432.csv, took 48.0s", "service": "cc_reconcile", "stage": "download_davinci", "status": "ok"}
{"timestamp": "2026-02-23T21:04:34+0800", "level": "INFO", "logger": "etl_logger", "message": "Download success (VFSC2 2026-02-22): cc_withdraw_detail_report_20260223130432.csv, took 2.8s", "service": "cc_reconcile", "stage": "download_davinci", "status": "ok"}
{"timestamp": "2026-02-23T21:05:23+0800", "level": "INFO", "logger": "etl_logger", "message": "POST success (VFSC2 2026-02-23): cc_withdraw_detail_report_20260223130523.csv, took 48.9s", "service": "cc_reconcile", "stage": "download_davinci", "status": "ok"}
{"timestamp": "2026-02-23T21:05:27+0800", "level": "INFO", "logger": "etl_logger", "message": "Download success (VFSC2 2026-02-23): cc_withdraw_detail_report_20260223130523.csv, took 3.1s", "service": "cc_reconcile", "stage": "download_davinci", "status": "ok"}
{"timestamp": "2026-02-23T21:05:27+0800", "level": "INFO", "logger": "etl_logger", "message": "Finish downloading Davinci CC - VFSC2 Report", "service": "cc_reconcile", "stage": "download_davinci", "status": "ok"}
{"timestamp": "2026-02-23T21:05:27+0800", "level": "INFO", "logger": "etl_logger", "message": "Finish downloading Davinci CC Report for all brands, total rows: 22765", "service": "cc_reconcile", "stage": "download_davinci", "status": "ok"}
{"timestamp": "2026-02-23T21:05:27+0800", "level": "INFO", "logger": "etl_logger", "message": "Download CRM CC Report Finish ，Total: 22765", "service": "cc_reconcile", "stage": "download", "status": "ok"}
{"timestamp": "2026-02-23T21:05:27+0800", "level": "INFO", "logger": "etl_logger", "message": "Start reconcile...", "service": "cc_reconcile", "stage": "reconcile", "status": "ok"}
{"timestamp": "2026-02-23T21:05:27+0800", "level": "INFO", "logger": "etl_logger", "message": "Reconcile Finish ，Total Mismatch Case: 1", "service": "cc_reconcile", "stage": "reconcile", "status": "ok"}
{"timestamp": "2026-02-23T21:05:28+0800", "level": "INFO", "logger": "etl_logger", "message": "Connect Lark Finish", "service": "cc_reconcile", "stage": "lark", "status": "ok"}
{"timestamp": "2026-02-23T21:05:28+0800", "level": "INFO", "logger": "etl_logger", "message": "Start query existing data in LarkSheet...", "service": "cc_reconcile", "stage": "lark", "status": "ok"}
{"timestamp": "2026-02-23T21:05:29+0800", "level": "INFO", "logger": "etl_logger", "message": "Query existing data in LarkSheet Finish", "service": "cc_reconcile", "stage": "lark", "status": "ok"}
{"timestamp": "2026-02-23T21:05:29+0800", "level": "INFO", "logger": "etl_logger", "message": "Total unique keys in LarkSheet: 12, Total new mismatch cases to upload: 0", "service": "cc_reconcile", "stage": "lark", "status": "ok"}
{"timestamp": "2026-02-23T21:05:29+0800", "level": "INFO", "logger": "etl_logger", "message": "Append data to LarkSheet with range: Kalw4Y!A2:L3, rows: 1, columns: 12", "service": "cc_reconcile", "stage": "lark", "status": "ok"}
{"timestamp": "2026-02-23T21:05:29+0800", "level": "INFO", "logger": "etl_logger", "message": "✅ Successfully appended data to LarkSheet", "service": "cc_reconcile", "stage": "lark", "status": "ok"}
{"timestamp": "2026-02-23T21:05:30+0800", "level": "INFO", "logger": "etl_logger", "message": "Upload data to LarkSheet Finish", "service": "cc_reconcile", "stage": "lark", "status": "ok"}
{"timestamp": "2026-02-23T22:00:02+0800", "level": "INFO", "logger": "etl_logger", "message": "Start download reports...", "service": "cc_reconcile", "stage": "download", "status": "ok"}
{"timestamp": "2026-02-23T22:00:05+0800", "level": "INFO", "logger": "etl_logger", "message": "Payabl Login Success and Get Token Success", "service": "cc_reconcile", "stage": "download_payabl", "status": "ok"}
{"timestamp": "2026-02-23T22:00:05+0800", "level": "INFO", "logger": "etl_logger", "message": "Start downloading Payabl CC Report for date: 2026-02-22...", "service": "cc_reconcile", "stage": "download_payabl", "status": "ok"}
{"timestamp": "2026-02-23T22:00:16+0800", "level": "INFO", "logger": "etl_logger", "message": "Start downloading Payabl CC Report for date: 2026-02-23...", "service": "cc_reconcile", "stage": "download_payabl", "status": "ok"}
{"timestamp": "2026-02-23T22:00:36+0800", "level": "INFO", "logger": "etl_logger", "message": "Finish downloading Payabl CC Report", "service": "cc_reconcile", "stage": "download_payabl", "status": "ok"}
{"timestamp": "2026-02-23T22:00:36+0800", "level": "INFO", "logger": "etl_logger", "message": "Download Payabl CC Report Finish ，Total: 42156", "service": "cc_reconcile", "stage": "download", "status": "ok"}
{"timestamp": "2026-02-23T22:00:36+0800", "level": "INFO", "logger": "etl_logger", "message": "Login attempt 1/5", "service": "cc_reconcile", "stage": "download_davinci", "status": "ok"}
{"timestamp": "2026-02-23T22:00:37+0800", "level": "INFO", "logger": "etl_logger", "message": "Login response status=200, url=https://admin.vantagemarkets.com/admin/main, cookies=4", "service": "cc_reconcile", "stage": "download_davinci", "status": "ok"}
{"timestamp": "2026-02-23T22:00:37+0800", "level": "INFO", "logger": "etl_logger", "message": "Login successful", "service": "cc_reconcile", "stage": "download_davinci", "status": "ok"}
{"timestamp": "2026-02-23T22:00:37+0800", "level": "INFO", "logger": "etl_logger", "message": "Token obtained successfully", "service": "cc_reconcile", "stage": "download_davinci", "status": "ok"}
{"timestamp": "2026-02-23T22:00:37+0800", "level": "INFO", "logger": "etl_logger", "message": "Start downloading Davinci CC Report for brand: VFSC...", "service": "cc_reconcile", "stage": "download_davinci", "status": "ok"}
{"timestamp": "2026-02-23T22:00:55+0800", "level": "INFO", "logger": "etl_logger", "message": "POST success (VFSC 2026-02-20): cc_withdraw_detail_report_20260223140055.csv, took 17.5s", "service": "cc_reconcile", "stage": "download_davinci", "status": "ok"}
{"timestamp": "2026-02-23T22:00:57+0800", "level": "INFO", "logger": "etl_logger", "message": "Download success (VFSC 2026-02-20): cc_withdraw_detail_report_20260223140055.csv, took 2.4s", "service": "cc_reconcile", "stage": "download_davinci", "status": "ok"}
{"timestamp": "2026-02-23T22:01:18+0800", "level": "INFO", "logger": "etl_logger", "message": "POST success (VFSC 2026-02-21): cc_withdraw_detail_report_20260223140118.csv, took 20.7s", "service": "cc_reconcile", "stage": "download_davinci", "status": "ok"}
{"timestamp": "2026-02-23T22:01:20+0800", "level": "INFO", "logger": "etl_logger", "message": "Download success (VFSC 2026-02-21): cc_withdraw_detail_report_20260223140118.csv, took 2.0s", "service": "cc_reconcile", "stage": "download_davinci", "status": "ok"}
{"timestamp": "2026-02-23T22:01:37+0800", "level": "INFO", "logger": "etl_logger", "message": "POST success (VFSC 2026-02-22): cc_withdraw_detail_report_20260223140137.csv, took 17.2s", "service": "cc_reconcile", "stage": "download_davinci", "status": "ok"}
{"timestamp": "2026-02-23T22:01:39+0800", "level": "INFO", "logger": "etl_logger", "message": "Download success (VFSC 2026-02-22): cc_withdraw_detail_report_20260223140137.csv, took 2.0s", "service": "cc_reconcile", "stage": "download_davinci", "status": "ok"}
{"timestamp": "2026-02-23T22:01:57+0800", "level": "INFO", "logger": "etl_logger", "message": "POST success (VFSC 2026-02-23): cc_withdraw_detail_report_20260223140157.csv, took 18.2s", "service": "cc_reconcile", "stage": "download_davinci", "status": "ok"}
{"timestamp": "2026-02-23T22:02:00+0800", "level": "INFO", "logger": "etl_logger", "message": "Download success (VFSC 2026-02-23): cc_withdraw_detail_report_20260223140157.csv, took 3.1s", "service": "cc_reconcile", "stage": "download_davinci", "status": "ok"}
{"timestamp": "2026-02-23T22:02:00+0800", "level": "INFO", "logger": "etl_logger", "message": "Finish downloading Davinci CC - VFSC Report", "service": "cc_reconcile", "stage": "download_davinci", "status": "ok"}
{"timestamp": "2026-02-23T22:02:00+0800", "level": "INFO", "logger": "etl_logger", "message": "Start downloading Davinci CC Report for brand: VFSC2...", "service": "cc_reconcile", "stage": "download_davinci", "status": "ok"}
{"timestamp": "2026-02-23T22:02:53+0800", "level": "INFO", "logger": "etl_logger", "message": "POST success (VFSC2 2026-02-20): cc_withdraw_detail_report_20260223140253.csv, took 52.4s", "service": "cc_reconcile", "stage": "download_davinci", "status": "ok"}
{"timestamp": "2026-02-23T22:03:00+0800", "level": "INFO", "logger": "etl_logger", "message": "Download success (VFSC2 2026-02-20): cc_withdraw_detail_report_20260223140253.csv, took 7.8s", "service": "cc_reconcile", "stage": "download_davinci", "status": "ok"}
{"timestamp": "2026-02-23T22:03:49+0800", "level": "INFO", "logger": "etl_logger", "message": "POST success (VFSC2 2026-02-21): cc_withdraw_detail_report_20260223140349.csv, took 48.9s", "service": "cc_reconcile", "stage": "download_davinci", "status": "ok"}
{"timestamp": "2026-02-23T22:03:55+0800", "level": "INFO", "logger": "etl_logger", "message": "Download success (VFSC2 2026-02-21): cc_withdraw_detail_report_20260223140349.csv, took 5.5s", "service": "cc_reconcile", "stage": "download_davinci", "status": "ok"}
{"timestamp": "2026-02-23T22:04:46+0800", "level": "INFO", "logger": "etl_logger", "message": "POST success (VFSC2 2026-02-22): cc_withdraw_detail_report_20260223140446.csv, took 51.3s", "service": "cc_reconcile", "stage": "download_davinci", "status": "ok"}
{"timestamp": "2026-02-23T22:04:49+0800", "level": "INFO", "logger": "etl_logger", "message": "Download success (VFSC2 2026-02-22): cc_withdraw_detail_report_20260223140446.csv, took 3.0s", "service": "cc_reconcile", "stage": "download_davinci", "status": "ok"}
{"timestamp": "2026-02-23T22:05:39+0800", "level": "INFO", "logger": "etl_logger", "message": "POST success (VFSC2 2026-02-23): cc_withdraw_detail_report_20260223140538.csv, took 49.4s", "service": "cc_reconcile", "stage": "download_davinci", "status": "ok"}
{"timestamp": "2026-02-23T22:06:02+0800", "level": "INFO", "logger": "etl_logger", "message": "Download success (VFSC2 2026-02-23): cc_withdraw_detail_report_20260223140538.csv, took 23.8s", "service": "cc_reconcile", "stage": "download_davinci", "status": "ok"}
{"timestamp": "2026-02-23T22:06:03+0800", "level": "INFO", "logger": "etl_logger", "message": "Finish downloading Davinci CC - VFSC2 Report", "service": "cc_reconcile", "stage": "download_davinci", "status": "ok"}
{"timestamp": "2026-02-23T22:06:03+0800", "level": "INFO", "logger": "etl_logger", "message": "Finish downloading Davinci CC Report for all brands, total rows: 23258", "service": "cc_reconcile", "stage": "download_davinci", "status": "ok"}
{"timestamp": "2026-02-23T22:06:03+0800", "level": "INFO", "logger": "etl_logger", "message": "Download CRM CC Report Finish ，Total: 23258", "service": "cc_reconcile", "stage": "download", "status": "ok"}
{"timestamp": "2026-02-23T22:06:03+0800", "level": "INFO", "logger": "etl_logger", "message": "Start reconcile...", "service": "cc_reconcile", "stage": "reconcile", "status": "ok"}
{"timestamp": "2026-02-23T22:06:03+0800", "level": "INFO", "logger": "etl_logger", "message": "Reconcile Finish ，Total Mismatch Case: 1", "service": "cc_reconcile", "stage": "reconcile", "status": "ok"}
{"timestamp": "2026-02-23T22:06:03+0800", "level": "INFO", "logger": "etl_logger", "message": "Connect Lark Finish", "service": "cc_reconcile", "stage": "lark", "status": "ok"}
{"timestamp": "2026-02-23T22:06:03+0800", "level": "INFO", "logger": "etl_logger", "message": "Start query existing data in LarkSheet...", "service": "cc_reconcile", "stage": "lark", "status": "ok"}
{"timestamp": "2026-02-23T22:06:04+0800", "level": "INFO", "logger": "etl_logger", "message": "Query existing data in LarkSheet Finish", "service": "cc_reconcile", "stage": "lark", "status": "ok"}
{"timestamp": "2026-02-23T22:06:04+0800", "level": "INFO", "logger": "etl_logger", "message": "Total unique keys in LarkSheet: 12, Total new mismatch cases to upload: 0", "service": "cc_reconcile", "stage": "lark", "status": "ok"}
{"timestamp": "2026-02-23T22:06:04+0800", "level": "INFO", "logger": "etl_logger", "message": "Append data to LarkSheet with range: Kalw4Y!A2:L3, rows: 1, columns: 12", "service": "cc_reconcile", "stage": "lark", "status": "ok"}
{"timestamp": "2026-02-23T22:06:05+0800", "level": "INFO", "logger": "etl_logger", "message": "✅ Successfully appended data to LarkSheet", "service": "cc_reconcile", "stage": "lark", "status": "ok"}
{"timestamp": "2026-02-23T22:06:06+0800", "level": "INFO", "logger": "etl_logger", "message": "Upload data to LarkSheet Finish", "service": "cc_reconcile", "stage": "lark", "status": "ok"}
{"timestamp": "2026-02-23T23:00:01+0800", "level": "INFO", "logger": "etl_logger", "message": "Start download reports...", "service": "cc_reconcile", "stage": "download", "status": "ok"}
{"timestamp": "2026-02-23T23:00:05+0800", "level": "INFO", "logger": "etl_logger", "message": "Payabl Login Success and Get Token Success", "service": "cc_reconcile", "stage": "download_payabl", "status": "ok"}
{"timestamp": "2026-02-23T23:00:05+0800", "level": "INFO", "logger": "etl_logger", "message": "Start downloading Payabl CC Report for date: 2026-02-22...", "service": "cc_reconcile", "stage": "download_payabl", "status": "ok"}
{"timestamp": "2026-02-23T23:00:18+0800", "level": "INFO", "logger": "etl_logger", "message": "Start downloading Payabl CC Report for date: 2026-02-23...", "service": "cc_reconcile", "stage": "download_payabl", "status": "ok"}
{"timestamp": "2026-02-23T23:00:42+0800", "level": "INFO", "logger": "etl_logger", "message": "Finish downloading Payabl CC Report", "service": "cc_reconcile", "stage": "download_payabl", "status": "ok"}
{"timestamp": "2026-02-23T23:00:42+0800", "level": "INFO", "logger": "etl_logger", "message": "Download Payabl CC Report Finish ，Total: 46747", "service": "cc_reconcile", "stage": "download", "status": "ok"}
{"timestamp": "2026-02-23T23:00:42+0800", "level": "INFO", "logger": "etl_logger", "message": "Login attempt 1/5", "service": "cc_reconcile", "stage": "download_davinci", "status": "ok"}
{"timestamp": "2026-02-23T23:00:43+0800", "level": "INFO", "logger": "etl_logger", "message": "Login response status=200, url=https://admin.vantagemarkets.com/admin/main, cookies=4", "service": "cc_reconcile", "stage": "download_davinci", "status": "ok"}
{"timestamp": "2026-02-23T23:00:43+0800", "level": "INFO", "logger": "etl_logger", "message": "Login successful", "service": "cc_reconcile", "stage": "download_davinci", "status": "ok"}
{"timestamp": "2026-02-23T23:00:43+0800", "level": "INFO", "logger": "etl_logger", "message": "Token obtained successfully", "service": "cc_reconcile", "stage": "download_davinci", "status": "ok"}
{"timestamp": "2026-02-23T23:00:43+0800", "level": "INFO", "logger": "etl_logger", "message": "Start downloading Davinci CC Report for brand: VFSC...", "service": "cc_reconcile", "stage": "download_davinci", "status": "ok"}
{"timestamp": "2026-02-23T23:01:13+0800", "level": "INFO", "logger": "etl_logger", "message": "POST success (VFSC 2026-02-20): cc_withdraw_detail_report_20260223150113.csv, took 30.2s", "service": "cc_reconcile", "stage": "download_davinci", "status": "ok"}
{"timestamp": "2026-02-23T23:01:17+0800", "level": "INFO", "logger": "etl_logger", "message": "Download success (VFSC 2026-02-20): cc_withdraw_detail_report_20260223150113.csv, took 3.1s", "service": "cc_reconcile", "stage": "download_davinci", "status": "ok"}
{"timestamp": "2026-02-23T23:01:34+0800", "level": "INFO", "logger": "etl_logger", "message": "POST success (VFSC 2026-02-21): cc_withdraw_detail_report_20260223150134.csv, took 17.3s", "service": "cc_reconcile", "stage": "download_davinci", "status": "ok"}
{"timestamp": "2026-02-23T23:01:36+0800", "level": "INFO", "logger": "etl_logger", "message": "Download success (VFSC 2026-02-21): cc_withdraw_detail_report_20260223150134.csv, took 2.2s", "service": "cc_reconcile", "stage": "download_davinci", "status": "ok"}
{"timestamp": "2026-02-23T23:01:54+0800", "level": "INFO", "logger": "etl_logger", "message": "POST success (VFSC 2026-02-22): cc_withdraw_detail_report_20260223150154.csv, took 18.0s", "service": "cc_reconcile", "stage": "download_davinci", "status": "ok"}
{"timestamp": "2026-02-23T23:01:56+0800", "level": "INFO", "logger": "etl_logger", "message": "Download success (VFSC 2026-02-22): cc_withdraw_detail_report_20260223150154.csv, took 2.0s", "service": "cc_reconcile", "stage": "download_davinci", "status": "ok"}
{"timestamp": "2026-02-23T23:02:15+0800", "level": "INFO", "logger": "etl_logger", "message": "POST success (VFSC 2026-02-23): cc_withdraw_detail_report_20260223150215.csv, took 18.5s", "service": "cc_reconcile", "stage": "download_davinci", "status": "ok"}
{"timestamp": "2026-02-23T23:02:16+0800", "level": "INFO", "logger": "etl_logger", "message": "Download success (VFSC 2026-02-23): cc_withdraw_detail_report_20260223150215.csv, took 1.5s", "service": "cc_reconcile", "stage": "download_davinci", "status": "ok"}
{"timestamp": "2026-02-23T23:02:16+0800", "level": "INFO", "logger": "etl_logger", "message": "Finish downloading Davinci CC - VFSC Report", "service": "cc_reconcile", "stage": "download_davinci", "status": "ok"}
{"timestamp": "2026-02-23T23:02:16+0800", "level": "INFO", "logger": "etl_logger", "message": "Start downloading Davinci CC Report for brand: VFSC2...", "service": "cc_reconcile", "stage": "download_davinci", "status": "ok"}
{"timestamp": "2026-02-23T23:03:08+0800", "level": "INFO", "logger": "etl_logger", "message": "POST success (VFSC2 2026-02-20): cc_withdraw_detail_report_20260223150307.csv, took 51.4s", "service": "cc_reconcile", "stage": "download_davinci", "status": "ok"}
{"timestamp": "2026-02-23T23:03:10+0800", "level": "INFO", "logger": "etl_logger", "message": "Download success (VFSC2 2026-02-20): cc_withdraw_detail_report_20260223150307.csv, took 2.5s", "service": "cc_reconcile", "stage": "download_davinci", "status": "ok"}
{"timestamp": "2026-02-23T23:03:59+0800", "level": "INFO", "logger": "etl_logger", "message": "POST success (VFSC2 2026-02-21): cc_withdraw_detail_report_20260223150359.csv, took 48.8s", "service": "cc_reconcile", "stage": "download_davinci", "status": "ok"}
{"timestamp": "2026-02-23T23:04:05+0800", "level": "INFO", "logger": "etl_logger", "message": "Download success (VFSC2 2026-02-21): cc_withdraw_detail_report_20260223150359.csv, took 6.1s", "service": "cc_reconcile", "stage": "download_davinci", "status": "ok"}
{"timestamp": "2026-02-23T23:04:54+0800", "level": "INFO", "logger": "etl_logger", "message": "POST success (VFSC2 2026-02-22): cc_withdraw_detail_report_20260223150454.csv, took 49.4s", "service": "cc_reconcile", "stage": "download_davinci", "status": "ok"}
{"timestamp": "2026-02-23T23:04:58+0800", "level": "INFO", "logger": "etl_logger", "message": "Download success (VFSC2 2026-02-22): cc_withdraw_detail_report_20260223150454.csv, took 3.3s", "service": "cc_reconcile", "stage": "download_davinci", "status": "ok"}
{"timestamp": "2026-02-23T23:05:49+0800", "level": "INFO", "logger": "etl_logger", "message": "POST success (VFSC2 2026-02-23): cc_withdraw_detail_report_20260223150549.csv, took 51.5s", "service": "cc_reconcile", "stage": "download_davinci", "status": "ok"}
{"timestamp": "2026-02-23T23:05:52+0800", "level": "INFO", "logger": "etl_logger", "message": "Download success (VFSC2 2026-02-23): cc_withdraw_detail_report_20260223150549.csv, took 2.8s", "service": "cc_reconcile", "stage": "download_davinci", "status": "ok"}
{"timestamp": "2026-02-23T23:05:53+0800", "level": "INFO", "logger": "etl_logger", "message": "Finish downloading Davinci CC - VFSC2 Report", "service": "cc_reconcile", "stage": "download_davinci", "status": "ok"}
{"timestamp": "2026-02-23T23:05:53+0800", "level": "INFO", "logger": "etl_logger", "message": "Finish downloading Davinci CC Report for all brands, total rows: 24374", "service": "cc_reconcile", "stage": "download_davinci", "status": "ok"}
{"timestamp": "2026-02-23T23:05:53+0800", "level": "INFO", "logger": "etl_logger", "message": "Download CRM CC Report Finish ，Total: 24374", "service": "cc_reconcile", "stage": "download", "status": "ok"}
{"timestamp": "2026-02-23T23:05:53+0800", "level": "INFO", "logger": "etl_logger", "message": "Start reconcile...", "service": "cc_reconcile", "stage": "reconcile", "status": "ok"}
{"timestamp": "2026-02-23T23:05:53+0800", "level": "INFO", "logger": "etl_logger", "message": "Reconcile Finish ，Total Mismatch Case: 1", "service": "cc_reconcile", "stage": "reconcile", "status": "ok"}
{"timestamp": "2026-02-23T23:05:53+0800", "level": "INFO", "logger": "etl_logger", "message": "Connect Lark Finish", "service": "cc_reconcile", "stage": "lark", "status": "ok"}
{"timestamp": "2026-02-23T23:05:53+0800", "level": "INFO", "logger": "etl_logger", "message": "Start query existing data in LarkSheet...", "service": "cc_reconcile", "stage": "lark", "status": "ok"}
{"timestamp": "2026-02-23T23:05:54+0800", "level": "INFO", "logger": "etl_logger", "message": "Query existing data in LarkSheet Finish", "service": "cc_reconcile", "stage": "lark", "status": "ok"}
{"timestamp": "2026-02-23T23:05:54+0800", "level": "INFO", "logger": "etl_logger", "message": "Total unique keys in LarkSheet: 12, Total new mismatch cases to upload: 0", "service": "cc_reconcile", "stage": "lark", "status": "ok"}
{"timestamp": "2026-02-23T23:05:54+0800", "level": "INFO", "logger": "etl_logger", "message": "Append data to LarkSheet with range: Kalw4Y!A2:L3, rows: 1, columns: 12", "service": "cc_reconcile", "stage": "lark", "status": "ok"}
{"timestamp": "2026-02-23T23:05:54+0800", "level": "INFO", "logger": "etl_logger", "message": "✅ Successfully appended data to LarkSheet", "service": "cc_reconcile", "stage": "lark", "status": "ok"}
{"timestamp": "2026-02-23T23:05:56+0800", "level": "INFO", "logger": "etl_logger", "message": "Upload data to LarkSheet Finish", "service": "cc_reconcile", "stage": "lark", "status": "ok"}
