{"timestamp": "2026-03-05T00:00:02+0800", "level": "INFO", "logger": "etl_logger", "message": "Start download reports...", "service": "cc_reconcile", "stage": "download", "status": "ok"}
{"timestamp": "2026-03-05T00:00:05+0800", "level": "INFO", "logger": "etl_logger", "message": "Payabl Login Success and Get Token Success", "service": "cc_reconcile", "stage": "download_payabl", "status": "ok"}
{"timestamp": "2026-03-05T00:00:05+0800", "level": "INFO", "logger": "etl_logger", "message": "Start downloading Payabl CC Report for date: 2026-03-04...", "service": "cc_reconcile", "stage": "download_payabl", "status": "ok"}
{"timestamp": "2026-03-05T00:00:35+0800", "level": "INFO", "logger": "etl_logger", "message": "Start downloading Payabl CC Report for date: 2026-03-05...", "service": "cc_reconcile", "stage": "download_payabl", "status": "ok"}
{"timestamp": "2026-03-05T00:00:45+0800", "level": "INFO", "logger": "etl_logger", "message": "Finish downloading Payabl CC Report", "service": "cc_reconcile", "stage": "download_payabl", "status": "ok"}
{"timestamp": "2026-03-05T00:00:45+0800", "level": "INFO", "logger": "etl_logger", "message": "Download Payabl CC Report Finish ，Total: 40150", "service": "cc_reconcile", "stage": "download", "status": "ok"}
{"timestamp": "2026-03-05T00:00:45+0800", "level": "INFO", "logger": "etl_logger", "message": "Login attempt 1/5", "service": "cc_reconcile", "stage": "download_davinci", "status": "ok"}
{"timestamp": "2026-03-05T00:00:46+0800", "level": "INFO", "logger": "etl_logger", "message": "Login response status=200, url=https://admin.vantagemarkets.com/admin/main, cookies=4", "service": "cc_reconcile", "stage": "download_davinci", "status": "ok"}
{"timestamp": "2026-03-05T00:00:46+0800", "level": "INFO", "logger": "etl_logger", "message": "Login successful", "service": "cc_reconcile", "stage": "download_davinci", "status": "ok"}
{"timestamp": "2026-03-05T00:00:47+0800", "level": "INFO", "logger": "etl_logger", "message": "Token obtained successfully", "service": "cc_reconcile", "stage": "download_davinci", "status": "ok"}
{"timestamp": "2026-03-05T00:00:47+0800", "level": "INFO", "logger": "etl_logger", "message": "Start downloading Davinci CC Report for brand: VFSC...", "service": "cc_reconcile", "stage": "download_davinci", "status": "ok"}
{"timestamp": "2026-03-05T00:01:05+0800", "level": "INFO", "logger": "etl_logger", "message": "POST success (VFSC 2026-03-01): cc_withdraw_detail_report_20260304160105.csv, took 18.4s", "service": "cc_reconcile", "stage": "download_davinci", "status": "ok"}
{"timestamp": "2026-03-05T00:01:06+0800", "level": "WARNING", "logger": "etl_logger", "message": "Download failed (VFSC 2026-03-01) attempt 1: 502 Server Error: Bad Gateway for url: https://report.vantagemarkets.com/api/download/cc_withdraw_detail_report_20260304160105.csv, took 1.5s", "service": "cc_reconcile", "stage": "download_davinci", "status": "ok"}
{"timestamp": "2026-03-05T00:01:14+0800", "level": "INFO", "logger": "etl_logger", "message": "Download success (VFSC 2026-03-01): cc_withdraw_detail_report_20260304160105.csv, took 2.7s", "service": "cc_reconcile", "stage": "download_davinci", "status": "ok"}
{"timestamp": "2026-03-05T00:01:33+0800", "level": "INFO", "logger": "etl_logger", "message": "POST success (VFSC 2026-03-02): cc_withdraw_detail_report_20260304160133.csv, took 19.3s", "service": "cc_reconcile", "stage": "download_davinci", "status": "ok"}
{"timestamp": "2026-03-05T00:01:40+0800", "level": "INFO", "logger": "etl_logger", "message": "Download success (VFSC 2026-03-02): cc_withdraw_detail_report_20260304160133.csv, took 6.9s", "service": "cc_reconcile", "stage": "download_davinci", "status": "ok"}
{"timestamp": "2026-03-05T00:02:13+0800", "level": "INFO", "logger": "etl_logger", "message": "POST success (VFSC 2026-03-03): cc_withdraw_detail_report_20260304160213.csv, took 33.1s", "service": "cc_reconcile", "stage": "download_davinci", "status": "ok"}
{"timestamp": "2026-03-05T00:02:28+0800", "level": "INFO", "logger": "etl_logger", "message": "Download success (VFSC 2026-03-03): cc_withdraw_detail_report_20260304160213.csv, took 14.5s", "service": "cc_reconcile", "stage": "download_davinci", "status": "ok"}
{"timestamp": "2026-03-05T00:02:46+0800", "level": "INFO", "logger": "etl_logger", "message": "POST success (VFSC 2026-03-04): cc_withdraw_detail_report_20260304160245.csv, took 17.6s", "service": "cc_reconcile", "stage": "download_davinci", "status": "ok"}
{"timestamp": "2026-03-05T00:03:01+0800", "level": "INFO", "logger": "etl_logger", "message": "Download success (VFSC 2026-03-04): cc_withdraw_detail_report_20260304160245.csv, took 15.5s", "service": "cc_reconcile", "stage": "download_davinci", "status": "ok"}
{"timestamp": "2026-03-05T00:03:01+0800", "level": "INFO", "logger": "etl_logger", "message": "Finish downloading Davinci CC - VFSC Report", "service": "cc_reconcile", "stage": "download_davinci", "status": "ok"}
{"timestamp": "2026-03-05T00:03:01+0800", "level": "INFO", "logger": "etl_logger", "message": "Start downloading Davinci CC Report for brand: VFSC2...", "service": "cc_reconcile", "stage": "download_davinci", "status": "ok"}
{"timestamp": "2026-03-05T00:03:53+0800", "level": "INFO", "logger": "etl_logger", "message": "POST success (VFSC2 2026-03-01): cc_withdraw_detail_report_20260304160352.csv, took 51.7s", "service": "cc_reconcile", "stage": "download_davinci", "status": "ok"}
{"timestamp": "2026-03-05T00:04:05+0800", "level": "INFO", "logger": "etl_logger", "message": "Download success (VFSC2 2026-03-01): cc_withdraw_detail_report_20260304160352.csv, took 12.4s", "service": "cc_reconcile", "stage": "download_davinci", "status": "ok"}
{"timestamp": "2026-03-05T00:04:06+0800", "level": "WARNING", "logger": "etl_logger", "message": "POST failed (VFSC2 2026-03-02) attempt 1: 502 Server Error: Bad Gateway for url: https://report.vantagemarkets.com/api/cc-detail/download, took 0.7s", "service": "cc_reconcile", "stage": "download_davinci", "status": "ok"}
{"timestamp": "2026-03-05T00:05:09+0800", "level": "INFO", "logger": "etl_logger", "message": "POST success (VFSC2 2026-03-02): cc_withdraw_detail_report_20260304160509.csv, took 58.1s", "service": "cc_reconcile", "stage": "download_davinci", "status": "ok"}
{"timestamp": "2026-03-05T00:05:10+0800", "level": "WARNING", "logger": "etl_logger", "message": "Download failed (VFSC2 2026-03-02) attempt 1: 502 Server Error: Bad Gateway for url: https://report.vantagemarkets.com/api/download/cc_withdraw_detail_report_20260304160509.csv, took 1.1s", "service": "cc_reconcile", "stage": "download_davinci", "status": "ok"}
{"timestamp": "2026-03-05T00:05:16+0800", "level": "WARNING", "logger": "etl_logger", "message": "Download failed (VFSC2 2026-03-02) attempt 2: 502 Server Error: Bad Gateway for url: https://report.vantagemarkets.com/api/download/cc_withdraw_detail_report_20260304160509.csv, took 1.0s", "service": "cc_reconcile", "stage": "download_davinci", "status": "ok"}
{"timestamp": "2026-03-05T00:06:47+0800", "level": "INFO", "logger": "etl_logger", "message": "Download success (VFSC2 2026-03-02): cc_withdraw_detail_report_20260304160509.csv, took 86.1s", "service": "cc_reconcile", "stage": "download_davinci", "status": "ok"}
{"timestamp": "2026-03-05T00:07:42+0800", "level": "INFO", "logger": "etl_logger", "message": "POST success (VFSC2 2026-03-03): cc_withdraw_detail_report_20260304160741.csv, took 54.4s", "service": "cc_reconcile", "stage": "download_davinci", "status": "ok"}
{"timestamp": "2026-03-05T00:07:45+0800", "level": "INFO", "logger": "etl_logger", "message": "Download success (VFSC2 2026-03-03): cc_withdraw_detail_report_20260304160741.csv, took 3.7s", "service": "cc_reconcile", "stage": "download_davinci", "status": "ok"}
{"timestamp": "2026-03-05T00:08:38+0800", "level": "INFO", "logger": "etl_logger", "message": "POST success (VFSC2 2026-03-04): cc_withdraw_detail_report_20260304160838.csv, took 52.8s", "service": "cc_reconcile", "stage": "download_davinci", "status": "ok"}
{"timestamp": "2026-03-05T00:13:28+0800", "level": "INFO", "logger": "etl_logger", "message": "Download success (VFSC2 2026-03-04): cc_withdraw_detail_report_20260304160838.csv, took 289.3s", "service": "cc_reconcile", "stage": "download_davinci", "status": "ok"}
{"timestamp": "2026-03-05T00:13:28+0800", "level": "INFO", "logger": "etl_logger", "message": "Finish downloading Davinci CC - VFSC2 Report", "service": "cc_reconcile", "stage": "download_davinci", "status": "ok"}
{"timestamp": "2026-03-05T00:13:28+0800", "level": "INFO", "logger": "etl_logger", "message": "Finish downloading Davinci CC Report for all brands, total rows: 60843", "service": "cc_reconcile", "stage": "download_davinci", "status": "ok"}
{"timestamp": "2026-03-05T00:13:28+0800", "level": "INFO", "logger": "etl_logger", "message": "Download CRM CC Report Finish ，Total: 60843", "service": "cc_reconcile", "stage": "download", "status": "ok"}
{"timestamp": "2026-03-05T00:13:28+0800", "level": "INFO", "logger": "etl_logger", "message": "Start reconcile...", "service": "cc_reconcile", "stage": "reconcile", "status": "ok"}
{"timestamp": "2026-03-05T00:13:28+0800", "level": "INFO", "logger": "etl_logger", "message": "Reconcile Finish ，Total Mismatch Case: 1", "service": "cc_reconcile", "stage": "reconcile", "status": "ok"}
{"timestamp": "2026-03-05T00:13:29+0800", "level": "INFO", "logger": "etl_logger", "message": "Connect Lark Finish", "service": "cc_reconcile", "stage": "lark", "status": "ok"}
{"timestamp": "2026-03-05T00:13:29+0800", "level": "INFO", "logger": "etl_logger", "message": "Start query existing data in LarkSheet...", "service": "cc_reconcile", "stage": "lark", "status": "ok"}
{"timestamp": "2026-03-05T00:13:30+0800", "level": "INFO", "logger": "etl_logger", "message": "Query existing data in LarkSheet Finish", "service": "cc_reconcile", "stage": "lark", "status": "ok"}
{"timestamp": "2026-03-05T00:13:30+0800", "level": "INFO", "logger": "etl_logger", "message": "Total unique keys in LarkSheet: 158, Total new mismatch cases to upload: 0", "service": "cc_reconcile", "stage": "lark", "status": "ok"}
{"timestamp": "2026-03-05T00:13:30+0800", "level": "INFO", "logger": "etl_logger", "message": "Append data to LarkSheet with range: Kalw4Y!A2:L3, rows: 1, columns: 12", "service": "cc_reconcile", "stage": "lark", "status": "ok"}
{"timestamp": "2026-03-05T00:13:30+0800", "level": "INFO", "logger": "etl_logger", "message": "✅ Successfully appended data to LarkSheet", "service": "cc_reconcile", "stage": "lark", "status": "ok"}
{"timestamp": "2026-03-05T00:13:31+0800", "level": "INFO", "logger": "etl_logger", "message": "Upload data to LarkSheet Finish", "service": "cc_reconcile", "stage": "lark", "status": "ok"}
{"timestamp": "2026-03-05T01:00:01+0800", "level": "INFO", "logger": "etl_logger", "message": "Start download reports...", "service": "cc_reconcile", "stage": "download", "status": "ok"}
{"timestamp": "2026-03-05T01:00:04+0800", "level": "INFO", "logger": "etl_logger", "message": "Payabl Login Success and Get Token Success", "service": "cc_reconcile", "stage": "download_payabl", "status": "ok"}
{"timestamp": "2026-03-05T01:00:04+0800", "level": "INFO", "logger": "etl_logger", "message": "Start downloading Payabl CC Report for date: 2026-03-04...", "service": "cc_reconcile", "stage": "download_payabl", "status": "ok"}
{"timestamp": "2026-03-05T01:00:37+0800", "level": "INFO", "logger": "etl_logger", "message": "Start downloading Payabl CC Report for date: 2026-03-05...", "service": "cc_reconcile", "stage": "download_payabl", "status": "ok"}
{"timestamp": "2026-03-05T01:00:43+0800", "level": "INFO", "logger": "etl_logger", "message": "Finish downloading Payabl CC Report", "service": "cc_reconcile", "stage": "download_payabl", "status": "ok"}
{"timestamp": "2026-03-05T01:00:43+0800", "level": "INFO", "logger": "etl_logger", "message": "Download Payabl CC Report Finish ，Total: 43020", "service": "cc_reconcile", "stage": "download", "status": "ok"}
{"timestamp": "2026-03-05T01:00:43+0800", "level": "INFO", "logger": "etl_logger", "message": "Login attempt 1/5", "service": "cc_reconcile", "stage": "download_davinci", "status": "ok"}
{"timestamp": "2026-03-05T01:00:44+0800", "level": "INFO", "logger": "etl_logger", "message": "Login response status=200, url=https://admin.vantagemarkets.com/admin/main, cookies=4", "service": "cc_reconcile", "stage": "download_davinci", "status": "ok"}
{"timestamp": "2026-03-05T01:00:44+0800", "level": "INFO", "logger": "etl_logger", "message": "Login successful", "service": "cc_reconcile", "stage": "download_davinci", "status": "ok"}
{"timestamp": "2026-03-05T01:00:45+0800", "level": "INFO", "logger": "etl_logger", "message": "Token obtained successfully", "service": "cc_reconcile", "stage": "download_davinci", "status": "ok"}
{"timestamp": "2026-03-05T01:00:45+0800", "level": "INFO", "logger": "etl_logger", "message": "Start downloading Davinci CC Report for brand: VFSC...", "service": "cc_reconcile", "stage": "download_davinci", "status": "ok"}
{"timestamp": "2026-03-05T01:01:03+0800", "level": "INFO", "logger": "etl_logger", "message": "POST success (VFSC 2026-03-01): cc_withdraw_detail_report_20260304170103.csv, took 18.7s", "service": "cc_reconcile", "stage": "download_davinci", "status": "ok"}
{"timestamp": "2026-03-05T01:01:05+0800", "level": "INFO", "logger": "etl_logger", "message": "Download success (VFSC 2026-03-01): cc_withdraw_detail_report_20260304170103.csv, took 2.0s", "service": "cc_reconcile", "stage": "download_davinci", "status": "ok"}
{"timestamp": "2026-03-05T01:01:06+0800", "level": "WARNING", "logger": "etl_logger", "message": "POST failed (VFSC 2026-03-02) attempt 1: 502 Server Error: Bad Gateway for url: https://report.vantagemarkets.com/api/cc-detail/download, took 0.2s", "service": "cc_reconcile", "stage": "download_davinci", "status": "ok"}
{"timestamp": "2026-03-05T01:01:29+0800", "level": "INFO", "logger": "etl_logger", "message": "POST success (VFSC 2026-03-02): cc_withdraw_detail_report_20260304170129.csv, took 18.2s", "service": "cc_reconcile", "stage": "download_davinci", "status": "ok"}
{"timestamp": "2026-03-05T01:01:33+0800", "level": "INFO", "logger": "etl_logger", "message": "Download success (VFSC 2026-03-02): cc_withdraw_detail_report_20260304170129.csv, took 3.8s", "service": "cc_reconcile", "stage": "download_davinci", "status": "ok"}
{"timestamp": "2026-03-05T01:01:52+0800", "level": "INFO", "logger": "etl_logger", "message": "POST success (VFSC 2026-03-03): cc_withdraw_detail_report_20260304170151.csv, took 19.3s", "service": "cc_reconcile", "stage": "download_davinci", "status": "ok"}
{"timestamp": "2026-03-05T01:01:53+0800", "level": "WARNING", "logger": "etl_logger", "message": "Download failed (VFSC 2026-03-03) attempt 1: 502 Server Error: Bad Gateway for url: https://report.vantagemarkets.com/api/download/cc_withdraw_detail_report_20260304170151.csv, took 1.3s", "service": "cc_reconcile", "stage": "download_davinci", "status": "ok"}
{"timestamp": "2026-03-05T01:01:59+0800", "level": "WARNING", "logger": "etl_logger", "message": "Download failed (VFSC 2026-03-03) attempt 2: 502 Server Error: Bad Gateway for url: https://report.vantagemarkets.com/api/download/cc_withdraw_detail_report_20260304170151.csv, took 0.9s", "service": "cc_reconcile", "stage": "download_davinci", "status": "ok"}
{"timestamp": "2026-03-05T01:02:04+0800", "level": "WARNING", "logger": "etl_logger", "message": "Download failed (VFSC 2026-03-03) attempt 3: 502 Server Error: Bad Gateway for url: https://report.vantagemarkets.com/api/download/cc_withdraw_detail_report_20260304170151.csv, took 0.3s", "service": "cc_reconcile", "stage": "download_davinci", "status": "ok"}
{"timestamp": "2026-03-05T01:02:10+0800", "level": "WARNING", "logger": "etl_logger", "message": "Download failed (VFSC 2026-03-03) attempt 4: 502 Server Error: Bad Gateway for url: https://report.vantagemarkets.com/api/download/cc_withdraw_detail_report_20260304170151.csv, took 0.4s", "service": "cc_reconcile", "stage": "download_davinci", "status": "ok"}
{"timestamp": "2026-03-05T01:02:46+0800", "level": "INFO", "logger": "etl_logger", "message": "Download success (VFSC 2026-03-03): cc_withdraw_detail_report_20260304170151.csv, took 31.4s", "service": "cc_reconcile", "stage": "download_davinci", "status": "ok"}
{"timestamp": "2026-03-05T01:03:04+0800", "level": "INFO", "logger": "etl_logger", "message": "POST success (VFSC 2026-03-04): cc_withdraw_detail_report_20260304170304.csv, took 18.0s", "service": "cc_reconcile", "stage": "download_davinci", "status": "ok"}
{"timestamp": "2026-03-05T01:03:07+0800", "level": "INFO", "logger": "etl_logger", "message": "Download success (VFSC 2026-03-04): cc_withdraw_detail_report_20260304170304.csv, took 2.8s", "service": "cc_reconcile", "stage": "download_davinci", "status": "ok"}
{"timestamp": "2026-03-05T01:03:07+0800", "level": "INFO", "logger": "etl_logger", "message": "Finish downloading Davinci CC - VFSC Report", "service": "cc_reconcile", "stage": "download_davinci", "status": "ok"}
{"timestamp": "2026-03-05T01:03:07+0800", "level": "INFO", "logger": "etl_logger", "message": "Start downloading Davinci CC Report for brand: VFSC2...", "service": "cc_reconcile", "stage": "download_davinci", "status": "ok"}
{"timestamp": "2026-03-05T01:03:07+0800", "level": "WARNING", "logger": "etl_logger", "message": "POST failed (VFSC2 2026-03-01) attempt 1: 502 Server Error: Bad Gateway for url: https://report.vantagemarkets.com/api/cc-detail/download, took 0.5s", "service": "cc_reconcile", "stage": "download_davinci", "status": "ok"}
{"timestamp": "2026-03-05T01:03:13+0800", "level": "WARNING", "logger": "etl_logger", "message": "POST failed (VFSC2 2026-03-01) attempt 2: 502 Server Error: Bad Gateway for url: https://report.vantagemarkets.com/api/cc-detail/download, took 0.2s", "service": "cc_reconcile", "stage": "download_davinci", "status": "ok"}
{"timestamp": "2026-03-05T01:04:10+0800", "level": "INFO", "logger": "etl_logger", "message": "POST success (VFSC2 2026-03-01): cc_withdraw_detail_report_20260304170410.csv, took 52.1s", "service": "cc_reconcile", "stage": "download_davinci", "status": "ok"}
{"timestamp": "2026-03-05T01:04:18+0800", "level": "INFO", "logger": "etl_logger", "message": "Download success (VFSC2 2026-03-01): cc_withdraw_detail_report_20260304170410.csv, took 8.2s", "service": "cc_reconcile", "stage": "download_davinci", "status": "ok"}
{"timestamp": "2026-03-05T01:05:15+0800", "level": "INFO", "logger": "etl_logger", "message": "POST success (VFSC2 2026-03-02): cc_withdraw_detail_report_20260304170515.csv, took 57.2s", "service": "cc_reconcile", "stage": "download_davinci", "status": "ok"}
{"timestamp": "2026-03-05T01:05:19+0800", "level": "INFO", "logger": "etl_logger", "message": "Download success (VFSC2 2026-03-02): cc_withdraw_detail_report_20260304170515.csv, took 3.6s", "service": "cc_reconcile", "stage": "download_davinci", "status": "ok"}
{"timestamp": "2026-03-05T01:06:13+0800", "level": "INFO", "logger": "etl_logger", "message": "POST success (VFSC2 2026-03-03): cc_withdraw_detail_report_20260304170613.csv, took 54.3s", "service": "cc_reconcile", "stage": "download_davinci", "status": "ok"}
{"timestamp": "2026-03-05T01:06:19+0800", "level": "INFO", "logger": "etl_logger", "message": "Download success (VFSC2 2026-03-03): cc_withdraw_detail_report_20260304170613.csv, took 6.1s", "service": "cc_reconcile", "stage": "download_davinci", "status": "ok"}
{"timestamp": "2026-03-05T01:07:12+0800", "level": "INFO", "logger": "etl_logger", "message": "POST success (VFSC2 2026-03-04): cc_withdraw_detail_report_20260304170712.csv, took 52.7s", "service": "cc_reconcile", "stage": "download_davinci", "status": "ok"}
{"timestamp": "2026-03-05T01:07:13+0800", "level": "WARNING", "logger": "etl_logger", "message": "Download failed (VFSC2 2026-03-04) attempt 1: 502 Server Error: Bad Gateway for url: https://report.vantagemarkets.com/api/download/cc_withdraw_detail_report_20260304170712.csv, took 1.0s", "service": "cc_reconcile", "stage": "download_davinci", "status": "ok"}
{"timestamp": "2026-03-05T01:07:19+0800", "level": "WARNING", "logger": "etl_logger", "message": "Download failed (VFSC2 2026-03-04) attempt 2: 502 Server Error: Bad Gateway for url: https://report.vantagemarkets.com/api/download/cc_withdraw_detail_report_20260304170712.csv, took 1.1s", "service": "cc_reconcile", "stage": "download_davinci", "status": "ok"}
{"timestamp": "2026-03-05T01:07:30+0800", "level": "INFO", "logger": "etl_logger", "message": "Download success (VFSC2 2026-03-04): cc_withdraw_detail_report_20260304170712.csv, took 6.3s", "service": "cc_reconcile", "stage": "download_davinci", "status": "ok"}
{"timestamp": "2026-03-05T01:07:31+0800", "level": "INFO", "logger": "etl_logger", "message": "Finish downloading Davinci CC - VFSC2 Report", "service": "cc_reconcile", "stage": "download_davinci", "status": "ok"}
{"timestamp": "2026-03-05T01:07:31+0800", "level": "INFO", "logger": "etl_logger", "message": "Finish downloading Davinci CC Report for all brands, total rows: 61745", "service": "cc_reconcile", "stage": "download_davinci", "status": "ok"}
{"timestamp": "2026-03-05T01:07:31+0800", "level": "INFO", "logger": "etl_logger", "message": "Download CRM CC Report Finish ，Total: 61745", "service": "cc_reconcile", "stage": "download", "status": "ok"}
{"timestamp": "2026-03-05T01:07:31+0800", "level": "INFO", "logger": "etl_logger", "message": "Start reconcile...", "service": "cc_reconcile", "stage": "reconcile", "status": "ok"}
{"timestamp": "2026-03-05T01:07:31+0800", "level": "INFO", "logger": "etl_logger", "message": "Reconcile Finish ，Total Mismatch Case: 1", "service": "cc_reconcile", "stage": "reconcile", "status": "ok"}
{"timestamp": "2026-03-05T01:07:32+0800", "level": "INFO", "logger": "etl_logger", "message": "Connect Lark Finish", "service": "cc_reconcile", "stage": "lark", "status": "ok"}
{"timestamp": "2026-03-05T01:07:32+0800", "level": "INFO", "logger": "etl_logger", "message": "Start query existing data in LarkSheet...", "service": "cc_reconcile", "stage": "lark", "status": "ok"}
{"timestamp": "2026-03-05T01:07:33+0800", "level": "INFO", "logger": "etl_logger", "message": "Query existing data in LarkSheet Finish", "service": "cc_reconcile", "stage": "lark", "status": "ok"}
{"timestamp": "2026-03-05T01:07:33+0800", "level": "INFO", "logger": "etl_logger", "message": "Total unique keys in LarkSheet: 158, Total new mismatch cases to upload: 0", "service": "cc_reconcile", "stage": "lark", "status": "ok"}
{"timestamp": "2026-03-05T01:07:33+0800", "level": "INFO", "logger": "etl_logger", "message": "Append data to LarkSheet with range: Kalw4Y!A2:L3, rows: 1, columns: 12", "service": "cc_reconcile", "stage": "lark", "status": "ok"}
{"timestamp": "2026-03-05T01:07:33+0800", "level": "INFO", "logger": "etl_logger", "message": "✅ Successfully appended data to LarkSheet", "service": "cc_reconcile", "stage": "lark", "status": "ok"}
{"timestamp": "2026-03-05T01:07:34+0800", "level": "INFO", "logger": "etl_logger", "message": "Upload data to LarkSheet Finish", "service": "cc_reconcile", "stage": "lark", "status": "ok"}
{"timestamp": "2026-03-05T02:00:01+0800", "level": "INFO", "logger": "etl_logger", "message": "Start download reports...", "service": "cc_reconcile", "stage": "download", "status": "ok"}
{"timestamp": "2026-03-05T02:00:04+0800", "level": "INFO", "logger": "etl_logger", "message": "Payabl Login Success and Get Token Success", "service": "cc_reconcile", "stage": "download_payabl", "status": "ok"}
{"timestamp": "2026-03-05T02:00:04+0800", "level": "INFO", "logger": "etl_logger", "message": "Start downloading Payabl CC Report for date: 2026-03-04...", "service": "cc_reconcile", "stage": "download_payabl", "status": "ok"}
{"timestamp": "2026-03-05T02:00:33+0800", "level": "INFO", "logger": "etl_logger", "message": "Start downloading Payabl CC Report for date: 2026-03-05...", "service": "cc_reconcile", "stage": "download_payabl", "status": "ok"}
{"timestamp": "2026-03-05T02:00:38+0800", "level": "INFO", "logger": "etl_logger", "message": "Finish downloading Payabl CC Report", "service": "cc_reconcile", "stage": "download_payabl", "status": "ok"}
{"timestamp": "2026-03-05T02:00:38+0800", "level": "INFO", "logger": "etl_logger", "message": "Download Payabl CC Report Finish ，Total: 45650", "service": "cc_reconcile", "stage": "download", "status": "ok"}
{"timestamp": "2026-03-05T02:00:38+0800", "level": "INFO", "logger": "etl_logger", "message": "Login attempt 1/5", "service": "cc_reconcile", "stage": "download_davinci", "status": "ok"}
{"timestamp": "2026-03-05T02:00:40+0800", "level": "INFO", "logger": "etl_logger", "message": "Login response status=200, url=https://admin.vantagemarkets.com/admin/main, cookies=4", "service": "cc_reconcile", "stage": "download_davinci", "status": "ok"}
{"timestamp": "2026-03-05T02:00:40+0800", "level": "INFO", "logger": "etl_logger", "message": "Login successful", "service": "cc_reconcile", "stage": "download_davinci", "status": "ok"}
{"timestamp": "2026-03-05T02:00:40+0800", "level": "INFO", "logger": "etl_logger", "message": "Token obtained successfully", "service": "cc_reconcile", "stage": "download_davinci", "status": "ok"}
{"timestamp": "2026-03-05T02:00:40+0800", "level": "INFO", "logger": "etl_logger", "message": "Start downloading Davinci CC Report for brand: VFSC...", "service": "cc_reconcile", "stage": "download_davinci", "status": "ok"}
{"timestamp": "2026-03-05T02:01:16+0800", "level": "INFO", "logger": "etl_logger", "message": "POST success (VFSC 2026-03-01): cc_withdraw_detail_report_20260304180116.csv, took 36.3s", "service": "cc_reconcile", "stage": "download_davinci", "status": "ok"}
{"timestamp": "2026-03-05T02:01:19+0800", "level": "INFO", "logger": "etl_logger", "message": "Download success (VFSC 2026-03-01): cc_withdraw_detail_report_20260304180116.csv, took 2.2s", "service": "cc_reconcile", "stage": "download_davinci", "status": "ok"}
{"timestamp": "2026-03-05T02:01:37+0800", "level": "INFO", "logger": "etl_logger", "message": "POST success (VFSC 2026-03-02): cc_withdraw_detail_report_20260304180137.csv, took 18.4s", "service": "cc_reconcile", "stage": "download_davinci", "status": "ok"}
{"timestamp": "2026-03-05T02:01:38+0800", "level": "WARNING", "logger": "etl_logger", "message": "Download failed (VFSC 2026-03-02) attempt 1: 502 Server Error: Bad Gateway for url: https://report.vantagemarkets.com/api/download/cc_withdraw_detail_report_20260304180137.csv, took 1.0s", "service": "cc_reconcile", "stage": "download_davinci", "status": "ok"}
{"timestamp": "2026-03-05T02:01:44+0800", "level": "WARNING", "logger": "etl_logger", "message": "Download failed (VFSC 2026-03-02) attempt 2: 502 Server Error: Bad Gateway for url: https://report.vantagemarkets.com/api/download/cc_withdraw_detail_report_20260304180137.csv, took 1.2s", "service": "cc_reconcile", "stage": "download_davinci", "status": "ok"}
{"timestamp": "2026-03-05T02:01:51+0800", "level": "INFO", "logger": "etl_logger", "message": "Download success (VFSC 2026-03-02): cc_withdraw_detail_report_20260304180137.csv, took 1.7s", "service": "cc_reconcile", "stage": "download_davinci", "status": "ok"}
{"timestamp": "2026-03-05T02:01:51+0800", "level": "WARNING", "logger": "etl_logger", "message": "POST failed (VFSC 2026-03-03) attempt 1: 502 Server Error: Bad Gateway for url: https://report.vantagemarkets.com/api/cc-detail/download, took 0.2s", "service": "cc_reconcile", "stage": "download_davinci", "status": "ok"}
{"timestamp": "2026-03-05T02:02:14+0800", "level": "INFO", "logger": "etl_logger", "message": "POST success (VFSC 2026-03-03): cc_withdraw_detail_report_20260304180214.csv, took 18.1s", "service": "cc_reconcile", "stage": "download_davinci", "status": "ok"}
{"timestamp": "2026-03-05T02:02:16+0800", "level": "INFO", "logger": "etl_logger", "message": "Download success (VFSC 2026-03-03): cc_withdraw_detail_report_20260304180214.csv, took 2.0s", "service": "cc_reconcile", "stage": "download_davinci", "status": "ok"}
{"timestamp": "2026-03-05T02:02:34+0800", "level": "INFO", "logger": "etl_logger", "message": "POST success (VFSC 2026-03-04): cc_withdraw_detail_report_20260304180234.csv, took 17.6s", "service": "cc_reconcile", "stage": "download_davinci", "status": "ok"}
{"timestamp": "2026-03-05T02:02:47+0800", "level": "INFO", "logger": "etl_logger", "message": "Download success (VFSC 2026-03-04): cc_withdraw_detail_report_20260304180234.csv, took 13.3s", "service": "cc_reconcile", "stage": "download_davinci", "status": "ok"}
{"timestamp": "2026-03-05T02:02:47+0800", "level": "INFO", "logger": "etl_logger", "message": "Finish downloading Davinci CC - VFSC Report", "service": "cc_reconcile", "stage": "download_davinci", "status": "ok"}
{"timestamp": "2026-03-05T02:02:47+0800", "level": "INFO", "logger": "etl_logger", "message": "Start downloading Davinci CC Report for brand: VFSC2...", "service": "cc_reconcile", "stage": "download_davinci", "status": "ok"}
{"timestamp": "2026-03-05T02:03:38+0800", "level": "INFO", "logger": "etl_logger", "message": "POST success (VFSC2 2026-03-01): cc_withdraw_detail_report_20260304180338.csv, took 51.1s", "service": "cc_reconcile", "stage": "download_davinci", "status": "ok"}
{"timestamp": "2026-03-05T02:03:41+0800", "level": "INFO", "logger": "etl_logger", "message": "Download success (VFSC2 2026-03-01): cc_withdraw_detail_report_20260304180338.csv, took 2.6s", "service": "cc_reconcile", "stage": "download_davinci", "status": "ok"}
{"timestamp": "2026-03-05T02:03:42+0800", "level": "WARNING", "logger": "etl_logger", "message": "POST failed (VFSC2 2026-03-02) attempt 1: 502 Server Error: Bad Gateway for url: https://report.vantagemarkets.com/api/cc-detail/download, took 1.0s", "service": "cc_reconcile", "stage": "download_davinci", "status": "ok"}
{"timestamp": "2026-03-05T02:04:45+0800", "level": "INFO", "logger": "etl_logger", "message": "POST success (VFSC2 2026-03-02): cc_withdraw_detail_report_20260304180445.csv, took 58.4s", "service": "cc_reconcile", "stage": "download_davinci", "status": "ok"}
{"timestamp": "2026-03-05T02:04:49+0800", "level": "INFO", "logger": "etl_logger", "message": "Download success (VFSC2 2026-03-02): cc_withdraw_detail_report_20260304180445.csv, took 3.5s", "service": "cc_reconcile", "stage": "download_davinci", "status": "ok"}
{"timestamp": "2026-03-05T02:05:42+0800", "level": "INFO", "logger": "etl_logger", "message": "POST success (VFSC2 2026-03-03): cc_withdraw_detail_report_20260304180542.csv, took 53.5s", "service": "cc_reconcile", "stage": "download_davinci", "status": "ok"}
{"timestamp": "2026-03-05T02:05:43+0800", "level": "WARNING", "logger": "etl_logger", "message": "Download failed (VFSC2 2026-03-03) attempt 1: 502 Server Error: Bad Gateway for url: https://report.vantagemarkets.com/api/download/cc_withdraw_detail_report_20260304180542.csv, took 1.0s", "service": "cc_reconcile", "stage": "download_davinci", "status": "ok"}
{"timestamp": "2026-03-05T02:05:49+0800", "level": "WARNING", "logger": "etl_logger", "message": "Download failed (VFSC2 2026-03-03) attempt 2: 502 Server Error: Bad Gateway for url: https://report.vantagemarkets.com/api/download/cc_withdraw_detail_report_20260304180542.csv, took 1.0s", "service": "cc_reconcile", "stage": "download_davinci", "status": "ok"}
{"timestamp": "2026-03-05T02:06:00+0800", "level": "INFO", "logger": "etl_logger", "message": "Download success (VFSC2 2026-03-03): cc_withdraw_detail_report_20260304180542.csv, took 5.6s", "service": "cc_reconcile", "stage": "download_davinci", "status": "ok"}
{"timestamp": "2026-03-05T02:06:51+0800", "level": "INFO", "logger": "etl_logger", "message": "POST success (VFSC2 2026-03-04): cc_withdraw_detail_report_20260304180651.csv, took 51.3s", "service": "cc_reconcile", "stage": "download_davinci", "status": "ok"}
{"timestamp": "2026-03-05T02:06:52+0800", "level": "WARNING", "logger": "etl_logger", "message": "Download failed (VFSC2 2026-03-04) attempt 1: 502 Server Error: Bad Gateway for url: https://report.vantagemarkets.com/api/download/cc_withdraw_detail_report_20260304180651.csv, took 1.1s", "service": "cc_reconcile", "stage": "download_davinci", "status": "ok"}
{"timestamp": "2026-03-05T02:06:58+0800", "level": "WARNING", "logger": "etl_logger", "message": "Download failed (VFSC2 2026-03-04) attempt 2: 502 Server Error: Bad Gateway for url: https://report.vantagemarkets.com/api/download/cc_withdraw_detail_report_20260304180651.csv, took 1.0s", "service": "cc_reconcile", "stage": "download_davinci", "status": "ok"}
{"timestamp": "2026-03-05T02:07:06+0800", "level": "INFO", "logger": "etl_logger", "message": "Download success (VFSC2 2026-03-04): cc_withdraw_detail_report_20260304180651.csv, took 2.9s", "service": "cc_reconcile", "stage": "download_davinci", "status": "ok"}
{"timestamp": "2026-03-05T02:07:07+0800", "level": "INFO", "logger": "etl_logger", "message": "Finish downloading Davinci CC - VFSC2 Report", "service": "cc_reconcile", "stage": "download_davinci", "status": "ok"}
{"timestamp": "2026-03-05T02:07:07+0800", "level": "INFO", "logger": "etl_logger", "message": "Finish downloading Davinci CC Report for all brands, total rows: 62455", "service": "cc_reconcile", "stage": "download_davinci", "status": "ok"}
{"timestamp": "2026-03-05T02:07:07+0800", "level": "INFO", "logger": "etl_logger", "message": "Download CRM CC Report Finish ，Total: 62455", "service": "cc_reconcile", "stage": "download", "status": "ok"}
{"timestamp": "2026-03-05T02:07:07+0800", "level": "INFO", "logger": "etl_logger", "message": "Start reconcile...", "service": "cc_reconcile", "stage": "reconcile", "status": "ok"}
{"timestamp": "2026-03-05T02:07:07+0800", "level": "INFO", "logger": "etl_logger", "message": "Reconcile Finish ，Total Mismatch Case: 1", "service": "cc_reconcile", "stage": "reconcile", "status": "ok"}
{"timestamp": "2026-03-05T02:07:08+0800", "level": "INFO", "logger": "etl_logger", "message": "Connect Lark Finish", "service": "cc_reconcile", "stage": "lark", "status": "ok"}
{"timestamp": "2026-03-05T02:07:08+0800", "level": "INFO", "logger": "etl_logger", "message": "Start query existing data in LarkSheet...", "service": "cc_reconcile", "stage": "lark", "status": "ok"}
{"timestamp": "2026-03-05T02:07:09+0800", "level": "INFO", "logger": "etl_logger", "message": "Query existing data in LarkSheet Finish", "service": "cc_reconcile", "stage": "lark", "status": "ok"}
{"timestamp": "2026-03-05T02:07:09+0800", "level": "INFO", "logger": "etl_logger", "message": "Total unique keys in LarkSheet: 158, Total new mismatch cases to upload: 0", "service": "cc_reconcile", "stage": "lark", "status": "ok"}
{"timestamp": "2026-03-05T02:07:09+0800", "level": "INFO", "logger": "etl_logger", "message": "Append data to LarkSheet with range: Kalw4Y!A2:L3, rows: 1, columns: 12", "service": "cc_reconcile", "stage": "lark", "status": "ok"}
{"timestamp": "2026-03-05T02:07:09+0800", "level": "INFO", "logger": "etl_logger", "message": "✅ Successfully appended data to LarkSheet", "service": "cc_reconcile", "stage": "lark", "status": "ok"}
{"timestamp": "2026-03-05T02:07:10+0800", "level": "INFO", "logger": "etl_logger", "message": "Upload data to LarkSheet Finish", "service": "cc_reconcile", "stage": "lark", "status": "ok"}
{"timestamp": "2026-03-05T03:00:01+0800", "level": "INFO", "logger": "etl_logger", "message": "Start download reports...", "service": "cc_reconcile", "stage": "download", "status": "ok"}
{"timestamp": "2026-03-05T03:00:04+0800", "level": "INFO", "logger": "etl_logger", "message": "Payabl Login Success and Get Token Success", "service": "cc_reconcile", "stage": "download_payabl", "status": "ok"}
{"timestamp": "2026-03-05T03:00:04+0800", "level": "INFO", "logger": "etl_logger", "message": "Start downloading Payabl CC Report for date: 2026-03-04...", "service": "cc_reconcile", "stage": "download_payabl", "status": "ok"}
{"timestamp": "2026-03-05T03:00:35+0800", "level": "INFO", "logger": "etl_logger", "message": "Start downloading Payabl CC Report for date: 2026-03-05...", "service": "cc_reconcile", "stage": "download_payabl", "status": "ok"}
{"timestamp": "2026-03-05T03:00:42+0800", "level": "INFO", "logger": "etl_logger", "message": "Finish downloading Payabl CC Report", "service": "cc_reconcile", "stage": "download_payabl", "status": "ok"}
{"timestamp": "2026-03-05T03:00:42+0800", "level": "INFO", "logger": "etl_logger", "message": "Download Payabl CC Report Finish ，Total: 48621", "service": "cc_reconcile", "stage": "download", "status": "ok"}
{"timestamp": "2026-03-05T03:00:42+0800", "level": "INFO", "logger": "etl_logger", "message": "Login attempt 1/5", "service": "cc_reconcile", "stage": "download_davinci", "status": "ok"}
{"timestamp": "2026-03-05T03:00:43+0800", "level": "INFO", "logger": "etl_logger", "message": "Login response status=200, url=https://admin.vantagemarkets.com/admin/main, cookies=4", "service": "cc_reconcile", "stage": "download_davinci", "status": "ok"}
{"timestamp": "2026-03-05T03:00:43+0800", "level": "INFO", "logger": "etl_logger", "message": "Login successful", "service": "cc_reconcile", "stage": "download_davinci", "status": "ok"}
{"timestamp": "2026-03-05T03:00:43+0800", "level": "INFO", "logger": "etl_logger", "message": "Token obtained successfully", "service": "cc_reconcile", "stage": "download_davinci", "status": "ok"}
{"timestamp": "2026-03-05T03:00:43+0800", "level": "INFO", "logger": "etl_logger", "message": "Start downloading Davinci CC Report for brand: VFSC...", "service": "cc_reconcile", "stage": "download_davinci", "status": "ok"}
{"timestamp": "2026-03-05T03:00:44+0800", "level": "WARNING", "logger": "etl_logger", "message": "POST failed (VFSC 2026-03-01) attempt 1: 502 Server Error: Bad Gateway for url: https://report.vantagemarkets.com/api/cc-detail/download, took 0.8s", "service": "cc_reconcile", "stage": "download_davinci", "status": "ok"}
{"timestamp": "2026-03-05T03:00:56+0800", "level": "INFO", "logger": "etl_logger", "message": "POST success (VFSC 2026-03-01): cc_withdraw_detail_report_20260304190056.csv, took 7.2s", "service": "cc_reconcile", "stage": "download_davinci", "status": "ok"}
{"timestamp": "2026-03-05T03:00:57+0800", "level": "WARNING", "logger": "etl_logger", "message": "Download failed (VFSC 2026-03-01) attempt 1: 502 Server Error: Bad Gateway for url: https://report.vantagemarkets.com/api/download/cc_withdraw_detail_report_20260304190056.csv, took 1.0s", "service": "cc_reconcile", "stage": "download_davinci", "status": "ok"}
{"timestamp": "2026-03-05T03:01:03+0800", "level": "INFO", "logger": "etl_logger", "message": "Download success (VFSC 2026-03-01): cc_withdraw_detail_report_20260304190056.csv, took 1.0s", "service": "cc_reconcile", "stage": "download_davinci", "status": "ok"}
{"timestamp": "2026-03-05T03:01:04+0800", "level": "WARNING", "logger": "etl_logger", "message": "POST failed (VFSC 2026-03-02) attempt 1: 502 Server Error: Bad Gateway for url: https://report.vantagemarkets.com/api/cc-detail/download, took 0.2s", "service": "cc_reconcile", "stage": "download_davinci", "status": "ok"}
{"timestamp": "2026-03-05T03:02:53+0800", "level": "WARNING", "logger": "etl_logger", "message": "POST failed (VFSC 2026-03-02) attempt 2: 502 Server Error: Bad Gateway for url: https://report.vantagemarkets.com/api/cc-detail/download, took 104.5s", "service": "cc_reconcile", "stage": "download_davinci", "status": "ok"}
{"timestamp": "2026-03-05T03:02:58+0800", "level": "WARNING", "logger": "etl_logger", "message": "POST failed (VFSC 2026-03-02) attempt 3: 502 Server Error: Bad Gateway for url: https://report.vantagemarkets.com/api/cc-detail/download, took 0.2s", "service": "cc_reconcile", "stage": "download_davinci", "status": "ok"}
{"timestamp": "2026-03-05T03:03:04+0800", "level": "WARNING", "logger": "etl_logger", "message": "POST failed (VFSC 2026-03-02) attempt 4: 502 Server Error: Bad Gateway for url: https://report.vantagemarkets.com/api/cc-detail/download, took 0.2s", "service": "cc_reconcile", "stage": "download_davinci", "status": "ok"}
{"timestamp": "2026-03-05T03:03:47+0800", "level": "INFO", "logger": "etl_logger", "message": "POST success (VFSC 2026-03-02): cc_withdraw_detail_report_20260304190347.csv, took 38.6s", "service": "cc_reconcile", "stage": "download_davinci", "status": "ok"}
{"timestamp": "2026-03-05T03:03:50+0800", "level": "INFO", "logger": "etl_logger", "message": "Download success (VFSC 2026-03-02): cc_withdraw_detail_report_20260304190347.csv, took 2.3s", "service": "cc_reconcile", "stage": "download_davinci", "status": "ok"}
{"timestamp": "2026-03-05T03:04:08+0800", "level": "INFO", "logger": "etl_logger", "message": "POST success (VFSC 2026-03-03): cc_withdraw_detail_report_20260304190408.csv, took 18.5s", "service": "cc_reconcile", "stage": "download_davinci", "status": "ok"}
{"timestamp": "2026-03-05T03:04:09+0800", "level": "WARNING", "logger": "etl_logger", "message": "Download failed (VFSC 2026-03-03) attempt 1: 502 Server Error: Bad Gateway for url: https://report.vantagemarkets.com/api/download/cc_withdraw_detail_report_20260304190408.csv, took 1.0s", "service": "cc_reconcile", "stage": "download_davinci", "status": "ok"}
{"timestamp": "2026-03-05T03:04:16+0800", "level": "INFO", "logger": "etl_logger", "message": "Download success (VFSC 2026-03-03): cc_withdraw_detail_report_20260304190408.csv, took 1.7s", "service": "cc_reconcile", "stage": "download_davinci", "status": "ok"}
{"timestamp": "2026-03-05T03:04:16+0800", "level": "WARNING", "logger": "etl_logger", "message": "POST failed (VFSC 2026-03-04) attempt 1: 502 Server Error: Bad Gateway for url: https://report.vantagemarkets.com/api/cc-detail/download, took 0.2s", "service": "cc_reconcile", "stage": "download_davinci", "status": "ok"}
{"timestamp": "2026-03-05T03:04:21+0800", "level": "WARNING", "logger": "etl_logger", "message": "POST failed (VFSC 2026-03-04) attempt 2: 502 Server Error: Bad Gateway for url: https://report.vantagemarkets.com/api/cc-detail/download, took 0.2s", "service": "cc_reconcile", "stage": "download_davinci", "status": "ok"}
{"timestamp": "2026-03-05T03:04:44+0800", "level": "INFO", "logger": "etl_logger", "message": "POST success (VFSC 2026-03-04): cc_withdraw_detail_report_20260304190444.csv, took 17.8s", "service": "cc_reconcile", "stage": "download_davinci", "status": "ok"}
{"timestamp": "2026-03-05T03:04:46+0800", "level": "INFO", "logger": "etl_logger", "message": "Download success (VFSC 2026-03-04): cc_withdraw_detail_report_20260304190444.csv, took 2.2s", "service": "cc_reconcile", "stage": "download_davinci", "status": "ok"}
{"timestamp": "2026-03-05T03:04:46+0800", "level": "INFO", "logger": "etl_logger", "message": "Finish downloading Davinci CC - VFSC Report", "service": "cc_reconcile", "stage": "download_davinci", "status": "ok"}
{"timestamp": "2026-03-05T03:04:46+0800", "level": "INFO", "logger": "etl_logger", "message": "Start downloading Davinci CC Report for brand: VFSC2...", "service": "cc_reconcile", "stage": "download_davinci", "status": "ok"}
{"timestamp": "2026-03-05T03:04:47+0800", "level": "WARNING", "logger": "etl_logger", "message": "POST failed (VFSC2 2026-03-01) attempt 1: 502 Server Error: Bad Gateway for url: https://report.vantagemarkets.com/api/cc-detail/download, took 0.2s", "service": "cc_reconcile", "stage": "download_davinci", "status": "ok"}
{"timestamp": "2026-03-05T03:04:52+0800", "level": "WARNING", "logger": "etl_logger", "message": "POST failed (VFSC2 2026-03-01) attempt 2: 502 Server Error: Bad Gateway for url: https://report.vantagemarkets.com/api/cc-detail/download, took 0.2s", "service": "cc_reconcile", "stage": "download_davinci", "status": "ok"}
{"timestamp": "2026-03-05T03:04:57+0800", "level": "WARNING", "logger": "etl_logger", "message": "POST failed (VFSC2 2026-03-01) attempt 3: 502 Server Error: Bad Gateway for url: https://report.vantagemarkets.com/api/cc-detail/download, took 0.2s", "service": "cc_reconcile", "stage": "download_davinci", "status": "ok"}
{"timestamp": "2026-03-05T03:05:52+0800", "level": "INFO", "logger": "etl_logger", "message": "POST success (VFSC2 2026-03-01): cc_withdraw_detail_report_20260304190552.csv, took 49.9s", "service": "cc_reconcile", "stage": "download_davinci", "status": "ok"}
{"timestamp": "2026-03-05T03:05:55+0800", "level": "INFO", "logger": "etl_logger", "message": "Download success (VFSC2 2026-03-01): cc_withdraw_detail_report_20260304190552.csv, took 2.6s", "service": "cc_reconcile", "stage": "download_davinci", "status": "ok"}
{"timestamp": "2026-03-05T03:05:55+0800", "level": "WARNING", "logger": "etl_logger", "message": "POST failed (VFSC2 2026-03-02) attempt 1: 502 Server Error: Bad Gateway for url: https://report.vantagemarkets.com/api/cc-detail/download, took 0.2s", "service": "cc_reconcile", "stage": "download_davinci", "status": "ok"}
{"timestamp": "2026-03-05T03:06:55+0800", "level": "INFO", "logger": "etl_logger", "message": "POST success (VFSC2 2026-03-02): cc_withdraw_detail_report_20260304190655.csv, took 55.7s", "service": "cc_reconcile", "stage": "download_davinci", "status": "ok"}
{"timestamp": "2026-03-05T03:06:59+0800", "level": "INFO", "logger": "etl_logger", "message": "Download success (VFSC2 2026-03-02): cc_withdraw_detail_report_20260304190655.csv, took 3.5s", "service": "cc_reconcile", "stage": "download_davinci", "status": "ok"}
{"timestamp": "2026-03-05T03:06:59+0800", "level": "WARNING", "logger": "etl_logger", "message": "POST failed (VFSC2 2026-03-03) attempt 1: 502 Server Error: Bad Gateway for url: https://report.vantagemarkets.com/api/cc-detail/download, took 0.2s", "service": "cc_reconcile", "stage": "download_davinci", "status": "ok"}
{"timestamp": "2026-03-05T03:07:56+0800", "level": "INFO", "logger": "etl_logger", "message": "POST success (VFSC2 2026-03-03): cc_withdraw_detail_report_20260304190756.csv, took 51.9s", "service": "cc_reconcile", "stage": "download_davinci", "status": "ok"}
{"timestamp": "2026-03-05T03:07:59+0800", "level": "INFO", "logger": "etl_logger", "message": "Download success (VFSC2 2026-03-03): cc_withdraw_detail_report_20260304190756.csv, took 3.3s", "service": "cc_reconcile", "stage": "download_davinci", "status": "ok"}
{"timestamp": "2026-03-05T03:08:50+0800", "level": "INFO", "logger": "etl_logger", "message": "POST success (VFSC2 2026-03-04): cc_withdraw_detail_report_20260304190850.csv, took 50.9s", "service": "cc_reconcile", "stage": "download_davinci", "status": "ok"}
{"timestamp": "2026-03-05T03:08:53+0800", "level": "INFO", "logger": "etl_logger", "message": "Download success (VFSC2 2026-03-04): cc_withdraw_detail_report_20260304190850.csv, took 2.9s", "service": "cc_reconcile", "stage": "download_davinci", "status": "ok"}
{"timestamp": "2026-03-05T03:08:54+0800", "level": "INFO", "logger": "etl_logger", "message": "Finish downloading Davinci CC - VFSC2 Report", "service": "cc_reconcile", "stage": "download_davinci", "status": "ok"}
{"timestamp": "2026-03-05T03:08:54+0800", "level": "INFO", "logger": "etl_logger", "message": "Finish downloading Davinci CC Report for all brands, total rows: 63207", "service": "cc_reconcile", "stage": "download_davinci", "status": "ok"}
{"timestamp": "2026-03-05T03:08:54+0800", "level": "INFO", "logger": "etl_logger", "message": "Download CRM CC Report Finish ，Total: 63207", "service": "cc_reconcile", "stage": "download", "status": "ok"}
{"timestamp": "2026-03-05T03:08:54+0800", "level": "INFO", "logger": "etl_logger", "message": "Start reconcile...", "service": "cc_reconcile", "stage": "reconcile", "status": "ok"}
{"timestamp": "2026-03-05T03:08:54+0800", "level": "INFO", "logger": "etl_logger", "message": "Reconcile Finish ，Total Mismatch Case: 1", "service": "cc_reconcile", "stage": "reconcile", "status": "ok"}
{"timestamp": "2026-03-05T03:08:55+0800", "level": "INFO", "logger": "etl_logger", "message": "Connect Lark Finish", "service": "cc_reconcile", "stage": "lark", "status": "ok"}
{"timestamp": "2026-03-05T03:08:55+0800", "level": "INFO", "logger": "etl_logger", "message": "Start query existing data in LarkSheet...", "service": "cc_reconcile", "stage": "lark", "status": "ok"}
{"timestamp": "2026-03-05T03:08:55+0800", "level": "INFO", "logger": "etl_logger", "message": "Query existing data in LarkSheet Finish", "service": "cc_reconcile", "stage": "lark", "status": "ok"}
{"timestamp": "2026-03-05T03:08:55+0800", "level": "INFO", "logger": "etl_logger", "message": "Total unique keys in LarkSheet: 158, Total new mismatch cases to upload: 0", "service": "cc_reconcile", "stage": "lark", "status": "ok"}
{"timestamp": "2026-03-05T03:08:55+0800", "level": "INFO", "logger": "etl_logger", "message": "Append data to LarkSheet with range: Kalw4Y!A2:L3, rows: 1, columns: 12", "service": "cc_reconcile", "stage": "lark", "status": "ok"}
{"timestamp": "2026-03-05T03:08:56+0800", "level": "INFO", "logger": "etl_logger", "message": "✅ Successfully appended data to LarkSheet", "service": "cc_reconcile", "stage": "lark", "status": "ok"}
{"timestamp": "2026-03-05T03:08:57+0800", "level": "INFO", "logger": "etl_logger", "message": "Upload data to LarkSheet Finish", "service": "cc_reconcile", "stage": "lark", "status": "ok"}
{"timestamp": "2026-03-05T04:00:01+0800", "level": "INFO", "logger": "etl_logger", "message": "Start download reports...", "service": "cc_reconcile", "stage": "download", "status": "ok"}
{"timestamp": "2026-03-05T04:00:04+0800", "level": "INFO", "logger": "etl_logger", "message": "Payabl Login Success and Get Token Success", "service": "cc_reconcile", "stage": "download_payabl", "status": "ok"}
{"timestamp": "2026-03-05T04:00:04+0800", "level": "INFO", "logger": "etl_logger", "message": "Start downloading Payabl CC Report for date: 2026-03-04...", "service": "cc_reconcile", "stage": "download_payabl", "status": "ok"}
{"timestamp": "2026-03-05T04:00:36+0800", "level": "INFO", "logger": "etl_logger", "message": "Start downloading Payabl CC Report for date: 2026-03-05...", "service": "cc_reconcile", "stage": "download_payabl", "status": "ok"}
{"timestamp": "2026-03-05T04:00:42+0800", "level": "INFO", "logger": "etl_logger", "message": "Finish downloading Payabl CC Report", "service": "cc_reconcile", "stage": "download_payabl", "status": "ok"}
{"timestamp": "2026-03-05T04:00:42+0800", "level": "INFO", "logger": "etl_logger", "message": "Download Payabl CC Report Finish ，Total: 50558", "service": "cc_reconcile", "stage": "download", "status": "ok"}
{"timestamp": "2026-03-05T04:00:42+0800", "level": "INFO", "logger": "etl_logger", "message": "Login attempt 1/5", "service": "cc_reconcile", "stage": "download_davinci", "status": "ok"}
{"timestamp": "2026-03-05T04:00:43+0800", "level": "INFO", "logger": "etl_logger", "message": "Login response status=200, url=https://admin.vantagemarkets.com/admin/main, cookies=4", "service": "cc_reconcile", "stage": "download_davinci", "status": "ok"}
{"timestamp": "2026-03-05T04:00:43+0800", "level": "INFO", "logger": "etl_logger", "message": "Login successful", "service": "cc_reconcile", "stage": "download_davinci", "status": "ok"}
{"timestamp": "2026-03-05T04:00:44+0800", "level": "INFO", "logger": "etl_logger", "message": "Token obtained successfully", "service": "cc_reconcile", "stage": "download_davinci", "status": "ok"}
{"timestamp": "2026-03-05T04:00:44+0800", "level": "INFO", "logger": "etl_logger", "message": "Start downloading Davinci CC Report for brand: VFSC...", "service": "cc_reconcile", "stage": "download_davinci", "status": "ok"}
{"timestamp": "2026-03-05T04:01:06+0800", "level": "INFO", "logger": "etl_logger", "message": "POST success (VFSC 2026-03-01): cc_withdraw_detail_report_20260304200106.csv, took 21.9s", "service": "cc_reconcile", "stage": "download_davinci", "status": "ok"}
{"timestamp": "2026-03-05T04:01:07+0800", "level": "WARNING", "logger": "etl_logger", "message": "Download failed (VFSC 2026-03-01) attempt 1: 502 Server Error: Bad Gateway for url: https://report.vantagemarkets.com/api/download/cc_withdraw_detail_report_20260304200106.csv, took 1.0s", "service": "cc_reconcile", "stage": "download_davinci", "status": "ok"}
{"timestamp": "2026-03-05T04:01:13+0800", "level": "WARNING", "logger": "etl_logger", "message": "Download failed (VFSC 2026-03-01) attempt 2: 502 Server Error: Bad Gateway for url: https://report.vantagemarkets.com/api/download/cc_withdraw_detail_report_20260304200106.csv, took 0.9s", "service": "cc_reconcile", "stage": "download_davinci", "status": "ok"}
{"timestamp": "2026-03-05T04:01:18+0800", "level": "WARNING", "logger": "etl_logger", "message": "Download failed (VFSC 2026-03-01) attempt 3: 502 Server Error: Bad Gateway for url: https://report.vantagemarkets.com/api/download/cc_withdraw_detail_report_20260304200106.csv, took 0.4s", "service": "cc_reconcile", "stage": "download_davinci", "status": "ok"}
{"timestamp": "2026-03-05T04:01:23+0800", "level": "WARNING", "logger": "etl_logger", "message": "Download failed (VFSC 2026-03-01) attempt 4: 502 Server Error: Bad Gateway for url: https://report.vantagemarkets.com/api/download/cc_withdraw_detail_report_20260304200106.csv, took 0.3s", "service": "cc_reconcile", "stage": "download_davinci", "status": "ok"}
{"timestamp": "2026-03-05T04:01:28+0800", "level": "WARNING", "logger": "etl_logger", "message": "Download failed (VFSC 2026-03-01) attempt 5: 502 Server Error: Bad Gateway for url: https://report.vantagemarkets.com/api/download/cc_withdraw_detail_report_20260304200106.csv, took 0.3s", "service": "cc_reconcile", "stage": "download_davinci", "status": "ok"}
{"timestamp": "2026-03-05T04:01:34+0800", "level": "WARNING", "logger": "etl_logger", "message": "Download failed (VFSC 2026-03-01) attempt 6: 502 Server Error: Bad Gateway for url: https://report.vantagemarkets.com/api/download/cc_withdraw_detail_report_20260304200106.csv, took 0.2s", "service": "cc_reconcile", "stage": "download_davinci", "status": "ok"}
{"timestamp": "2026-03-05T04:01:39+0800", "level": "WARNING", "logger": "etl_logger", "message": "Download failed (VFSC 2026-03-01) attempt 7: 502 Server Error: Bad Gateway for url: https://report.vantagemarkets.com/api/download/cc_withdraw_detail_report_20260304200106.csv, took 0.4s", "service": "cc_reconcile", "stage": "download_davinci", "status": "ok"}
{"timestamp": "2026-03-05T04:01:44+0800", "level": "WARNING", "logger": "etl_logger", "message": "Download failed (VFSC 2026-03-01) attempt 8: 502 Server Error: Bad Gateway for url: https://report.vantagemarkets.com/api/download/cc_withdraw_detail_report_20260304200106.csv, took 0.2s", "service": "cc_reconcile", "stage": "download_davinci", "status": "ok"}
{"timestamp": "2026-03-05T04:01:50+0800", "level": "WARNING", "logger": "etl_logger", "message": "Download failed (VFSC 2026-03-01) attempt 9: 502 Server Error: Bad Gateway for url: https://report.vantagemarkets.com/api/download/cc_withdraw_detail_report_20260304200106.csv, took 0.3s", "service": "cc_reconcile", "stage": "download_davinci", "status": "ok"}
{"timestamp": "2026-03-05T04:01:55+0800", "level": "WARNING", "logger": "etl_logger", "message": "Download failed (VFSC 2026-03-01) attempt 10: 502 Server Error: Bad Gateway for url: https://report.vantagemarkets.com/api/download/cc_withdraw_detail_report_20260304200106.csv, took 0.2s", "service": "cc_reconcile", "stage": "download_davinci", "status": "ok"}
{"timestamp": "2026-03-05T04:01:55+0800", "level": "ERROR", "logger": "etl_logger", "message": "Download failed after 10 attempts (VFSC 2026-03-01)", "service": "cc_reconcile", "stage": "download_davinci", "status": "ok"}
{"timestamp": "2026-03-05T04:02:13+0800", "level": "INFO", "logger": "etl_logger", "message": "POST success (VFSC 2026-03-02): cc_withdraw_detail_report_20260304200213.csv, took 18.4s", "service": "cc_reconcile", "stage": "download_davinci", "status": "ok"}
{"timestamp": "2026-03-05T04:02:14+0800", "level": "WARNING", "logger": "etl_logger", "message": "Download failed (VFSC 2026-03-02) attempt 1: 502 Server Error: Bad Gateway for url: https://report.vantagemarkets.com/api/download/cc_withdraw_detail_report_20260304200213.csv, took 1.0s", "service": "cc_reconcile", "stage": "download_davinci", "status": "ok"}
{"timestamp": "2026-03-05T04:02:20+0800", "level": "WARNING", "logger": "etl_logger", "message": "Download failed (VFSC 2026-03-02) attempt 2: 502 Server Error: Bad Gateway for url: https://report.vantagemarkets.com/api/download/cc_withdraw_detail_report_20260304200213.csv, took 1.0s", "service": "cc_reconcile", "stage": "download_davinci", "status": "ok"}
{"timestamp": "2026-03-05T04:02:27+0800", "level": "INFO", "logger": "etl_logger", "message": "Download success (VFSC 2026-03-02): cc_withdraw_detail_report_20260304200213.csv, took 1.7s", "service": "cc_reconcile", "stage": "download_davinci", "status": "ok"}
{"timestamp": "2026-03-05T04:02:45+0800", "level": "INFO", "logger": "etl_logger", "message": "POST success (VFSC 2026-03-03): cc_withdraw_detail_report_20260304200245.csv, took 18.1s", "service": "cc_reconcile", "stage": "download_davinci", "status": "ok"}
{"timestamp": "2026-03-05T04:02:47+0800", "level": "INFO", "logger": "etl_logger", "message": "Download success (VFSC 2026-03-03): cc_withdraw_detail_report_20260304200245.csv, took 2.3s", "service": "cc_reconcile", "stage": "download_davinci", "status": "ok"}
{"timestamp": "2026-03-05T04:03:06+0800", "level": "INFO", "logger": "etl_logger", "message": "POST success (VFSC 2026-03-04): cc_withdraw_detail_report_20260304200306.csv, took 18.5s", "service": "cc_reconcile", "stage": "download_davinci", "status": "ok"}
{"timestamp": "2026-03-05T04:03:08+0800", "level": "INFO", "logger": "etl_logger", "message": "Download success (VFSC 2026-03-04): cc_withdraw_detail_report_20260304200306.csv, took 2.1s", "service": "cc_reconcile", "stage": "download_davinci", "status": "ok"}
{"timestamp": "2026-03-05T04:03:08+0800", "level": "INFO", "logger": "etl_logger", "message": "Finish downloading Davinci CC - VFSC Report", "service": "cc_reconcile", "stage": "download_davinci", "status": "ok"}
{"timestamp": "2026-03-05T04:03:08+0800", "level": "INFO", "logger": "etl_logger", "message": "Start downloading Davinci CC Report for brand: VFSC2...", "service": "cc_reconcile", "stage": "download_davinci", "status": "ok"}
{"timestamp": "2026-03-05T04:05:13+0800", "level": "WARNING", "logger": "etl_logger", "message": "POST failed (VFSC2 2026-03-01) attempt 1: 524 Server Error:  for url: https://report.vantagemarkets.com/api/cc-detail/download, took 125.0s", "service": "cc_reconcile", "stage": "download_davinci", "status": "ok"}
{"timestamp": "2026-03-05T04:06:09+0800", "level": "INFO", "logger": "etl_logger", "message": "POST success (VFSC2 2026-03-01): cc_withdraw_detail_report_20260304200609.csv, took 50.7s", "service": "cc_reconcile", "stage": "download_davinci", "status": "ok"}
{"timestamp": "2026-03-05T04:06:12+0800", "level": "INFO", "logger": "etl_logger", "message": "Download success (VFSC2 2026-03-01): cc_withdraw_detail_report_20260304200609.csv, took 2.6s", "service": "cc_reconcile", "stage": "download_davinci", "status": "ok"}
{"timestamp": "2026-03-05T04:06:12+0800", "level": "WARNING", "logger": "etl_logger", "message": "POST failed (VFSC2 2026-03-02) attempt 1: 502 Server Error: Bad Gateway for url: https://report.vantagemarkets.com/api/cc-detail/download, took 0.2s", "service": "cc_reconcile", "stage": "download_davinci", "status": "ok"}
{"timestamp": "2026-03-05T04:06:17+0800", "level": "WARNING", "logger": "etl_logger", "message": "POST failed (VFSC2 2026-03-02) attempt 2: 502 Server Error: Bad Gateway for url: https://report.vantagemarkets.com/api/cc-detail/download, took 0.2s", "service": "cc_reconcile", "stage": "download_davinci", "status": "ok"}
{"timestamp": "2026-03-05T04:07:18+0800", "level": "INFO", "logger": "etl_logger", "message": "POST success (VFSC2 2026-03-02): cc_withdraw_detail_report_20260304200717.csv, took 55.8s", "service": "cc_reconcile", "stage": "download_davinci", "status": "ok"}
{"timestamp": "2026-03-05T04:07:21+0800", "level": "INFO", "logger": "etl_logger", "message": "Download success (VFSC2 2026-03-02): cc_withdraw_detail_report_20260304200717.csv, took 3.6s", "service": "cc_reconcile", "stage": "download_davinci", "status": "ok"}
{"timestamp": "2026-03-05T04:08:16+0800", "level": "INFO", "logger": "etl_logger", "message": "POST success (VFSC2 2026-03-03): cc_withdraw_detail_report_20260304200816.csv, took 54.6s", "service": "cc_reconcile", "stage": "download_davinci", "status": "ok"}
{"timestamp": "2026-03-05T04:08:19+0800", "level": "INFO", "logger": "etl_logger", "message": "Download success (VFSC2 2026-03-03): cc_withdraw_detail_report_20260304200816.csv, took 3.2s", "service": "cc_reconcile", "stage": "download_davinci", "status": "ok"}
{"timestamp": "2026-03-05T04:08:19+0800", "level": "WARNING", "logger": "etl_logger", "message": "POST failed (VFSC2 2026-03-04) attempt 1: 502 Server Error: Bad Gateway for url: https://report.vantagemarkets.com/api/cc-detail/download, took 0.2s", "service": "cc_reconcile", "stage": "download_davinci", "status": "ok"}
{"timestamp": "2026-03-05T04:09:16+0800", "level": "INFO", "logger": "etl_logger", "message": "POST success (VFSC2 2026-03-04): cc_withdraw_detail_report_20260304200916.csv, took 51.3s", "service": "cc_reconcile", "stage": "download_davinci", "status": "ok"}
{"timestamp": "2026-03-05T04:09:19+0800", "level": "INFO", "logger": "etl_logger", "message": "Download success (VFSC2 2026-03-04): cc_withdraw_detail_report_20260304200916.csv, took 3.0s", "service": "cc_reconcile", "stage": "download_davinci", "status": "ok"}
{"timestamp": "2026-03-05T04:09:20+0800", "level": "INFO", "logger": "etl_logger", "message": "Finish downloading Davinci CC - VFSC2 Report", "service": "cc_reconcile", "stage": "download_davinci", "status": "ok"}
{"timestamp": "2026-03-05T04:09:20+0800", "level": "INFO", "logger": "etl_logger", "message": "Finish downloading Davinci CC Report for all brands, total rows: 63292", "service": "cc_reconcile", "stage": "download_davinci", "status": "ok"}
{"timestamp": "2026-03-05T04:09:20+0800", "level": "INFO", "logger": "etl_logger", "message": "Download CRM CC Report Finish ，Total: 63292", "service": "cc_reconcile", "stage": "download", "status": "ok"}
{"timestamp": "2026-03-05T04:09:20+0800", "level": "INFO", "logger": "etl_logger", "message": "Start reconcile...", "service": "cc_reconcile", "stage": "reconcile", "status": "ok"}
{"timestamp": "2026-03-05T04:09:20+0800", "level": "INFO", "logger": "etl_logger", "message": "Reconcile Finish ，Total Mismatch Case: 1", "service": "cc_reconcile", "stage": "reconcile", "status": "ok"}
{"timestamp": "2026-03-05T04:09:20+0800", "level": "INFO", "logger": "etl_logger", "message": "Connect Lark Finish", "service": "cc_reconcile", "stage": "lark", "status": "ok"}
{"timestamp": "2026-03-05T04:09:20+0800", "level": "INFO", "logger": "etl_logger", "message": "Start query existing data in LarkSheet...", "service": "cc_reconcile", "stage": "lark", "status": "ok"}
{"timestamp": "2026-03-05T04:09:21+0800", "level": "INFO", "logger": "etl_logger", "message": "Query existing data in LarkSheet Finish", "service": "cc_reconcile", "stage": "lark", "status": "ok"}
{"timestamp": "2026-03-05T04:09:21+0800", "level": "INFO", "logger": "etl_logger", "message": "Total unique keys in LarkSheet: 158, Total new mismatch cases to upload: 0", "service": "cc_reconcile", "stage": "lark", "status": "ok"}
{"timestamp": "2026-03-05T04:09:21+0800", "level": "INFO", "logger": "etl_logger", "message": "Append data to LarkSheet with range: Kalw4Y!A2:L3, rows: 1, columns: 12", "service": "cc_reconcile", "stage": "lark", "status": "ok"}
{"timestamp": "2026-03-05T04:09:21+0800", "level": "INFO", "logger": "etl_logger", "message": "✅ Successfully appended data to LarkSheet", "service": "cc_reconcile", "stage": "lark", "status": "ok"}
{"timestamp": "2026-03-05T04:09:23+0800", "level": "INFO", "logger": "etl_logger", "message": "Upload data to LarkSheet Finish", "service": "cc_reconcile", "stage": "lark", "status": "ok"}
{"timestamp": "2026-03-05T05:00:01+0800", "level": "INFO", "logger": "etl_logger", "message": "Start download reports...", "service": "cc_reconcile", "stage": "download", "status": "ok"}
{"timestamp": "2026-03-05T05:00:04+0800", "level": "INFO", "logger": "etl_logger", "message": "Payabl Login Success and Get Token Success", "service": "cc_reconcile", "stage": "download_payabl", "status": "ok"}
{"timestamp": "2026-03-05T05:00:04+0800", "level": "INFO", "logger": "etl_logger", "message": "Start downloading Payabl CC Report for date: 2026-03-04...", "service": "cc_reconcile", "stage": "download_payabl", "status": "ok"}
{"timestamp": "2026-03-05T05:00:35+0800", "level": "INFO", "logger": "etl_logger", "message": "Start downloading Payabl CC Report for date: 2026-03-05...", "service": "cc_reconcile", "stage": "download_payabl", "status": "ok"}
{"timestamp": "2026-03-05T05:00:43+0800", "level": "INFO", "logger": "etl_logger", "message": "Finish downloading Payabl CC Report", "service": "cc_reconcile", "stage": "download_payabl", "status": "ok"}
{"timestamp": "2026-03-05T05:00:43+0800", "level": "INFO", "logger": "etl_logger", "message": "Download Payabl CC Report Finish ，Total: 52424", "service": "cc_reconcile", "stage": "download", "status": "ok"}
{"timestamp": "2026-03-05T05:00:43+0800", "level": "INFO", "logger": "etl_logger", "message": "Login attempt 1/5", "service": "cc_reconcile", "stage": "download_davinci", "status": "ok"}
{"timestamp": "2026-03-05T05:00:44+0800", "level": "INFO", "logger": "etl_logger", "message": "Login response status=200, url=https://admin.vantagemarkets.com/admin/main, cookies=4", "service": "cc_reconcile", "stage": "download_davinci", "status": "ok"}
{"timestamp": "2026-03-05T05:00:44+0800", "level": "INFO", "logger": "etl_logger", "message": "Login successful", "service": "cc_reconcile", "stage": "download_davinci", "status": "ok"}
{"timestamp": "2026-03-05T05:00:45+0800", "level": "INFO", "logger": "etl_logger", "message": "Token obtained successfully", "service": "cc_reconcile", "stage": "download_davinci", "status": "ok"}
{"timestamp": "2026-03-05T05:00:45+0800", "level": "INFO", "logger": "etl_logger", "message": "Start downloading Davinci CC Report for brand: VFSC...", "service": "cc_reconcile", "stage": "download_davinci", "status": "ok"}
{"timestamp": "2026-03-05T05:01:02+0800", "level": "INFO", "logger": "etl_logger", "message": "POST success (VFSC 2026-03-01): cc_withdraw_detail_report_20260304210102.csv, took 17.6s", "service": "cc_reconcile", "stage": "download_davinci", "status": "ok"}
{"timestamp": "2026-03-05T05:01:04+0800", "level": "INFO", "logger": "etl_logger", "message": "Download success (VFSC 2026-03-01): cc_withdraw_detail_report_20260304210102.csv, took 1.8s", "service": "cc_reconcile", "stage": "download_davinci", "status": "ok"}
{"timestamp": "2026-03-05T05:01:22+0800", "level": "INFO", "logger": "etl_logger", "message": "POST success (VFSC 2026-03-02): cc_withdraw_detail_report_20260304210122.csv, took 17.9s", "service": "cc_reconcile", "stage": "download_davinci", "status": "ok"}
{"timestamp": "2026-03-05T05:01:24+0800", "level": "INFO", "logger": "etl_logger", "message": "Download success (VFSC 2026-03-02): cc_withdraw_detail_report_20260304210122.csv, took 2.4s", "service": "cc_reconcile", "stage": "download_davinci", "status": "ok"}
{"timestamp": "2026-03-05T05:01:25+0800", "level": "WARNING", "logger": "etl_logger", "message": "POST failed (VFSC 2026-03-03) attempt 1: 502 Server Error: Bad Gateway for url: https://report.vantagemarkets.com/api/cc-detail/download, took 0.2s", "service": "cc_reconcile", "stage": "download_davinci", "status": "ok"}
{"timestamp": "2026-03-05T05:01:48+0800", "level": "INFO", "logger": "etl_logger", "message": "POST success (VFSC 2026-03-03): cc_withdraw_detail_report_20260304210148.csv, took 18.1s", "service": "cc_reconcile", "stage": "download_davinci", "status": "ok"}
{"timestamp": "2026-03-05T05:01:50+0800", "level": "INFO", "logger": "etl_logger", "message": "Download success (VFSC 2026-03-03): cc_withdraw_detail_report_20260304210148.csv, took 1.9s", "service": "cc_reconcile", "stage": "download_davinci", "status": "ok"}
{"timestamp": "2026-03-05T05:02:08+0800", "level": "INFO", "logger": "etl_logger", "message": "POST success (VFSC 2026-03-04): cc_withdraw_detail_report_20260304210208.csv, took 18.4s", "service": "cc_reconcile", "stage": "download_davinci", "status": "ok"}
{"timestamp": "2026-03-05T05:02:09+0800", "level": "WARNING", "logger": "etl_logger", "message": "Download failed (VFSC 2026-03-04) attempt 1: 502 Server Error: Bad Gateway for url: https://report.vantagemarkets.com/api/download/cc_withdraw_detail_report_20260304210208.csv, took 1.0s", "service": "cc_reconcile", "stage": "download_davinci", "status": "ok"}
{"timestamp": "2026-03-05T05:02:15+0800", "level": "WARNING", "logger": "etl_logger", "message": "Download failed (VFSC 2026-03-04) attempt 2: 502 Server Error: Bad Gateway for url: https://report.vantagemarkets.com/api/download/cc_withdraw_detail_report_20260304210208.csv, took 0.7s", "service": "cc_reconcile", "stage": "download_davinci", "status": "ok"}
{"timestamp": "2026-03-05T05:02:21+0800", "level": "INFO", "logger": "etl_logger", "message": "Download success (VFSC 2026-03-04): cc_withdraw_detail_report_20260304210208.csv, took 1.5s", "service": "cc_reconcile", "stage": "download_davinci", "status": "ok"}
{"timestamp": "2026-03-05T05:02:21+0800", "level": "INFO", "logger": "etl_logger", "message": "Finish downloading Davinci CC - VFSC Report", "service": "cc_reconcile", "stage": "download_davinci", "status": "ok"}
{"timestamp": "2026-03-05T05:02:21+0800", "level": "INFO", "logger": "etl_logger", "message": "Start downloading Davinci CC Report for brand: VFSC2...", "service": "cc_reconcile", "stage": "download_davinci", "status": "ok"}
{"timestamp": "2026-03-05T05:02:22+0800", "level": "WARNING", "logger": "etl_logger", "message": "POST failed (VFSC2 2026-03-01) attempt 1: 502 Server Error: Bad Gateway for url: https://report.vantagemarkets.com/api/cc-detail/download, took 0.2s", "service": "cc_reconcile", "stage": "download_davinci", "status": "ok"}
{"timestamp": "2026-03-05T05:03:33+0800", "level": "INFO", "logger": "etl_logger", "message": "POST success (VFSC2 2026-03-01): cc_withdraw_detail_report_20260304210333.csv, took 66.4s", "service": "cc_reconcile", "stage": "download_davinci", "status": "ok"}
{"timestamp": "2026-03-05T05:03:36+0800", "level": "INFO", "logger": "etl_logger", "message": "Download success (VFSC2 2026-03-01): cc_withdraw_detail_report_20260304210333.csv, took 2.7s", "service": "cc_reconcile", "stage": "download_davinci", "status": "ok"}
{"timestamp": "2026-03-05T05:04:31+0800", "level": "INFO", "logger": "etl_logger", "message": "POST success (VFSC2 2026-03-02): cc_withdraw_detail_report_20260304210430.csv, took 55.1s", "service": "cc_reconcile", "stage": "download_davinci", "status": "ok"}
{"timestamp": "2026-03-05T05:04:34+0800", "level": "INFO", "logger": "etl_logger", "message": "Download success (VFSC2 2026-03-02): cc_withdraw_detail_report_20260304210430.csv, took 3.5s", "service": "cc_reconcile", "stage": "download_davinci", "status": "ok"}
{"timestamp": "2026-03-05T05:05:35+0800", "level": "INFO", "logger": "etl_logger", "message": "POST success (VFSC2 2026-03-03): cc_withdraw_detail_report_20260304210535.csv, took 60.6s", "service": "cc_reconcile", "stage": "download_davinci", "status": "ok"}
{"timestamp": "2026-03-05T05:05:38+0800", "level": "INFO", "logger": "etl_logger", "message": "Download success (VFSC2 2026-03-03): cc_withdraw_detail_report_20260304210535.csv, took 3.2s", "service": "cc_reconcile", "stage": "download_davinci", "status": "ok"}
{"timestamp": "2026-03-05T05:05:38+0800", "level": "WARNING", "logger": "etl_logger", "message": "POST failed (VFSC2 2026-03-04) attempt 1: 502 Server Error: Bad Gateway for url: https://report.vantagemarkets.com/api/cc-detail/download, took 0.2s", "service": "cc_reconcile", "stage": "download_davinci", "status": "ok"}
{"timestamp": "2026-03-05T05:06:37+0800", "level": "INFO", "logger": "etl_logger", "message": "POST success (VFSC2 2026-03-04): cc_withdraw_detail_report_20260304210637.csv, took 54.2s", "service": "cc_reconcile", "stage": "download_davinci", "status": "ok"}
{"timestamp": "2026-03-05T05:06:40+0800", "level": "INFO", "logger": "etl_logger", "message": "Download success (VFSC2 2026-03-04): cc_withdraw_detail_report_20260304210637.csv, took 2.9s", "service": "cc_reconcile", "stage": "download_davinci", "status": "ok"}
{"timestamp": "2026-03-05T05:06:41+0800", "level": "INFO", "logger": "etl_logger", "message": "Finish downloading Davinci CC - VFSC2 Report", "service": "cc_reconcile", "stage": "download_davinci", "status": "ok"}
{"timestamp": "2026-03-05T05:06:41+0800", "level": "INFO", "logger": "etl_logger", "message": "Finish downloading Davinci CC Report for all brands, total rows: 64333", "service": "cc_reconcile", "stage": "download_davinci", "status": "ok"}
{"timestamp": "2026-03-05T05:06:41+0800", "level": "INFO", "logger": "etl_logger", "message": "Download CRM CC Report Finish ，Total: 64333", "service": "cc_reconcile", "stage": "download", "status": "ok"}
{"timestamp": "2026-03-05T05:06:41+0800", "level": "INFO", "logger": "etl_logger", "message": "Start reconcile...", "service": "cc_reconcile", "stage": "reconcile", "status": "ok"}
{"timestamp": "2026-03-05T05:06:41+0800", "level": "INFO", "logger": "etl_logger", "message": "Reconcile Finish ，Total Mismatch Case: 1", "service": "cc_reconcile", "stage": "reconcile", "status": "ok"}
{"timestamp": "2026-03-05T05:06:42+0800", "level": "INFO", "logger": "etl_logger", "message": "Connect Lark Finish", "service": "cc_reconcile", "stage": "lark", "status": "ok"}
{"timestamp": "2026-03-05T05:06:42+0800", "level": "INFO", "logger": "etl_logger", "message": "Start query existing data in LarkSheet...", "service": "cc_reconcile", "stage": "lark", "status": "ok"}
{"timestamp": "2026-03-05T05:06:43+0800", "level": "INFO", "logger": "etl_logger", "message": "Query existing data in LarkSheet Finish", "service": "cc_reconcile", "stage": "lark", "status": "ok"}
{"timestamp": "2026-03-05T05:06:43+0800", "level": "INFO", "logger": "etl_logger", "message": "Total unique keys in LarkSheet: 158, Total new mismatch cases to upload: 0", "service": "cc_reconcile", "stage": "lark", "status": "ok"}
{"timestamp": "2026-03-05T05:06:43+0800", "level": "INFO", "logger": "etl_logger", "message": "Append data to LarkSheet with range: Kalw4Y!A2:L3, rows: 1, columns: 12", "service": "cc_reconcile", "stage": "lark", "status": "ok"}
{"timestamp": "2026-03-05T05:06:43+0800", "level": "INFO", "logger": "etl_logger", "message": "✅ Successfully appended data to LarkSheet", "service": "cc_reconcile", "stage": "lark", "status": "ok"}
{"timestamp": "2026-03-05T05:06:44+0800", "level": "INFO", "logger": "etl_logger", "message": "Upload data to LarkSheet Finish", "service": "cc_reconcile", "stage": "lark", "status": "ok"}
{"timestamp": "2026-03-05T06:00:01+0800", "level": "INFO", "logger": "etl_logger", "message": "Start download reports...", "service": "cc_reconcile", "stage": "download", "status": "ok"}
{"timestamp": "2026-03-05T06:00:04+0800", "level": "INFO", "logger": "etl_logger", "message": "Payabl Login Success and Get Token Success", "service": "cc_reconcile", "stage": "download_payabl", "status": "ok"}
{"timestamp": "2026-03-05T06:00:04+0800", "level": "INFO", "logger": "etl_logger", "message": "Start downloading Payabl CC Report for date: 2026-03-04...", "service": "cc_reconcile", "stage": "download_payabl", "status": "ok"}
{"timestamp": "2026-03-05T06:00:37+0800", "level": "INFO", "logger": "etl_logger", "message": "Start downloading Payabl CC Report for date: 2026-03-05...", "service": "cc_reconcile", "stage": "download_payabl", "status": "ok"}
{"timestamp": "2026-03-05T06:00:44+0800", "level": "INFO", "logger": "etl_logger", "message": "Finish downloading Payabl CC Report", "service": "cc_reconcile", "stage": "download_payabl", "status": "ok"}
{"timestamp": "2026-03-05T06:00:44+0800", "level": "INFO", "logger": "etl_logger", "message": "Download Payabl CC Report Finish ，Total: 54157", "service": "cc_reconcile", "stage": "download", "status": "ok"}
{"timestamp": "2026-03-05T06:00:44+0800", "level": "INFO", "logger": "etl_logger", "message": "Login attempt 1/5", "service": "cc_reconcile", "stage": "download_davinci", "status": "ok"}
{"timestamp": "2026-03-05T06:00:45+0800", "level": "INFO", "logger": "etl_logger", "message": "Login response status=200, url=https://admin.vantagemarkets.com/admin/main, cookies=4", "service": "cc_reconcile", "stage": "download_davinci", "status": "ok"}
{"timestamp": "2026-03-05T06:00:45+0800", "level": "INFO", "logger": "etl_logger", "message": "Login successful", "service": "cc_reconcile", "stage": "download_davinci", "status": "ok"}
{"timestamp": "2026-03-05T06:00:45+0800", "level": "INFO", "logger": "etl_logger", "message": "Token obtained successfully", "service": "cc_reconcile", "stage": "download_davinci", "status": "ok"}
{"timestamp": "2026-03-05T06:00:45+0800", "level": "INFO", "logger": "etl_logger", "message": "Start downloading Davinci CC Report for brand: VFSC...", "service": "cc_reconcile", "stage": "download_davinci", "status": "ok"}
{"timestamp": "2026-03-05T06:01:07+0800", "level": "INFO", "logger": "etl_logger", "message": "POST success (VFSC 2026-03-02): cc_withdraw_detail_report_20260304220107.csv, took 21.4s", "service": "cc_reconcile", "stage": "download_davinci", "status": "ok"}
{"timestamp": "2026-03-05T06:01:09+0800", "level": "INFO", "logger": "etl_logger", "message": "Download success (VFSC 2026-03-02): cc_withdraw_detail_report_20260304220107.csv, took 1.9s", "service": "cc_reconcile", "stage": "download_davinci", "status": "ok"}
{"timestamp": "2026-03-05T06:01:27+0800", "level": "INFO", "logger": "etl_logger", "message": "POST success (VFSC 2026-03-03): cc_withdraw_detail_report_20260304220127.csv, took 18.2s", "service": "cc_reconcile", "stage": "download_davinci", "status": "ok"}
{"timestamp": "2026-03-05T06:01:29+0800", "level": "INFO", "logger": "etl_logger", "message": "Download success (VFSC 2026-03-03): cc_withdraw_detail_report_20260304220127.csv, took 2.4s", "service": "cc_reconcile", "stage": "download_davinci", "status": "ok"}
{"timestamp": "2026-03-05T06:01:47+0800", "level": "INFO", "logger": "etl_logger", "message": "POST success (VFSC 2026-03-04): cc_withdraw_detail_report_20260304220147.csv, took 17.7s", "service": "cc_reconcile", "stage": "download_davinci", "status": "ok"}
{"timestamp": "2026-03-05T06:01:48+0800", "level": "WARNING", "logger": "etl_logger", "message": "Download failed (VFSC 2026-03-04) attempt 1: 502 Server Error: Bad Gateway for url: https://report.vantagemarkets.com/api/download/cc_withdraw_detail_report_20260304220147.csv, took 1.0s", "service": "cc_reconcile", "stage": "download_davinci", "status": "ok"}
{"timestamp": "2026-03-05T06:01:54+0800", "level": "WARNING", "logger": "etl_logger", "message": "Download failed (VFSC 2026-03-04) attempt 2: 502 Server Error: Bad Gateway for url: https://report.vantagemarkets.com/api/download/cc_withdraw_detail_report_20260304220147.csv, took 0.6s", "service": "cc_reconcile", "stage": "download_davinci", "status": "ok"}
{"timestamp": "2026-03-05T06:02:00+0800", "level": "INFO", "logger": "etl_logger", "message": "Download success (VFSC 2026-03-04): cc_withdraw_detail_report_20260304220147.csv, took 1.5s", "service": "cc_reconcile", "stage": "download_davinci", "status": "ok"}
Traceback (most recent call last):
  File "/app/main.py", line 72, in <module>
    main()
  File "/app/main.py", line 24, in main
    crm_cc    = download_davinci_cc_reports()
  File "/app/cc_withdraw_crawler.py", line 276, in download_davinci_cc_reports
    filename = response.json()['data']['file']
KeyError: 'file'
{"timestamp": "2026-03-05T07:00:01+0800", "level": "INFO", "logger": "etl_logger", "message": "Start download reports...", "service": "cc_reconcile", "stage": "download", "status": "ok"}
{"timestamp": "2026-03-05T07:00:04+0800", "level": "INFO", "logger": "etl_logger", "message": "Payabl Login Success and Get Token Success", "service": "cc_reconcile", "stage": "download_payabl", "status": "ok"}
{"timestamp": "2026-03-05T07:00:04+0800", "level": "INFO", "logger": "etl_logger", "message": "Start downloading Payabl CC Report for date: 2026-03-04...", "service": "cc_reconcile", "stage": "download_payabl", "status": "ok"}
{"timestamp": "2026-03-05T07:00:40+0800", "level": "INFO", "logger": "etl_logger", "message": "Start downloading Payabl CC Report for date: 2026-03-05...", "service": "cc_reconcile", "stage": "download_payabl", "status": "ok"}
{"timestamp": "2026-03-05T07:00:48+0800", "level": "INFO", "logger": "etl_logger", "message": "Finish downloading Payabl CC Report", "service": "cc_reconcile", "stage": "download_payabl", "status": "ok"}
{"timestamp": "2026-03-05T07:00:48+0800", "level": "INFO", "logger": "etl_logger", "message": "Download Payabl CC Report Finish ，Total: 55359", "service": "cc_reconcile", "stage": "download", "status": "ok"}
{"timestamp": "2026-03-05T07:00:48+0800", "level": "INFO", "logger": "etl_logger", "message": "Login attempt 1/5", "service": "cc_reconcile", "stage": "download_davinci", "status": "ok"}
{"timestamp": "2026-03-05T07:00:49+0800", "level": "INFO", "logger": "etl_logger", "message": "Login response status=200, url=https://admin.vantagemarkets.com/admin/main, cookies=4", "service": "cc_reconcile", "stage": "download_davinci", "status": "ok"}
{"timestamp": "2026-03-05T07:00:49+0800", "level": "INFO", "logger": "etl_logger", "message": "Login successful", "service": "cc_reconcile", "stage": "download_davinci", "status": "ok"}
{"timestamp": "2026-03-05T07:00:50+0800", "level": "INFO", "logger": "etl_logger", "message": "Token obtained successfully", "service": "cc_reconcile", "stage": "download_davinci", "status": "ok"}
{"timestamp": "2026-03-05T07:00:50+0800", "level": "INFO", "logger": "etl_logger", "message": "Start downloading Davinci CC Report for brand: VFSC...", "service": "cc_reconcile", "stage": "download_davinci", "status": "ok"}
{"timestamp": "2026-03-05T07:01:09+0800", "level": "INFO", "logger": "etl_logger", "message": "POST success (VFSC 2026-03-02): cc_withdraw_detail_report_20260304230109.csv, took 19.3s", "service": "cc_reconcile", "stage": "download_davinci", "status": "ok"}
{"timestamp": "2026-03-05T07:01:11+0800", "level": "INFO", "logger": "etl_logger", "message": "Download success (VFSC 2026-03-02): cc_withdraw_detail_report_20260304230109.csv, took 2.2s", "service": "cc_reconcile", "stage": "download_davinci", "status": "ok"}
{"timestamp": "2026-03-05T07:01:30+0800", "level": "INFO", "logger": "etl_logger", "message": "POST success (VFSC 2026-03-03): cc_withdraw_detail_report_20260304230129.csv, took 18.3s", "service": "cc_reconcile", "stage": "download_davinci", "status": "ok"}
{"timestamp": "2026-03-05T07:01:32+0800", "level": "INFO", "logger": "etl_logger", "message": "Download success (VFSC 2026-03-03): cc_withdraw_detail_report_20260304230129.csv, took 2.4s", "service": "cc_reconcile", "stage": "download_davinci", "status": "ok"}
{"timestamp": "2026-03-05T07:01:51+0800", "level": "INFO", "logger": "etl_logger", "message": "POST success (VFSC 2026-03-04): cc_withdraw_detail_report_20260304230151.csv, took 18.8s", "service": "cc_reconcile", "stage": "download_davinci", "status": "ok"}
{"timestamp": "2026-03-05T07:01:51+0800", "level": "WARNING", "logger": "etl_logger", "message": "Download failed (VFSC 2026-03-04) attempt 1: 502 Server Error: Bad Gateway for url: https://report.vantagemarkets.com/api/download/cc_withdraw_detail_report_20260304230151.csv, took 0.8s", "service": "cc_reconcile", "stage": "download_davinci", "status": "ok"}
{"timestamp": "2026-03-05T07:01:57+0800", "level": "WARNING", "logger": "etl_logger", "message": "Download failed (VFSC 2026-03-04) attempt 2: 502 Server Error: Bad Gateway for url: https://report.vantagemarkets.com/api/download/cc_withdraw_detail_report_20260304230151.csv, took 0.3s", "service": "cc_reconcile", "stage": "download_davinci", "status": "ok"}
{"timestamp": "2026-03-05T07:02:03+0800", "level": "INFO", "logger": "etl_logger", "message": "Download success (VFSC 2026-03-04): cc_withdraw_detail_report_20260304230151.csv, took 1.2s", "service": "cc_reconcile", "stage": "download_davinci", "status": "ok"}
{"timestamp": "2026-03-05T07:02:21+0800", "level": "INFO", "logger": "etl_logger", "message": "POST success (VFSC 2026-03-05): cc_withdraw_detail_report_20260304230221.csv, took 18.0s", "service": "cc_reconcile", "stage": "download_davinci", "status": "ok"}
{"timestamp": "2026-03-05T07:02:22+0800", "level": "INFO", "logger": "etl_logger", "message": "Download success (VFSC 2026-03-05): cc_withdraw_detail_report_20260304230221.csv, took 0.8s", "service": "cc_reconcile", "stage": "download_davinci", "status": "ok"}
{"timestamp": "2026-03-05T07:02:22+0800", "level": "INFO", "logger": "etl_logger", "message": "Finish downloading Davinci CC - VFSC Report", "service": "cc_reconcile", "stage": "download_davinci", "status": "ok"}
{"timestamp": "2026-03-05T07:02:22+0800", "level": "INFO", "logger": "etl_logger", "message": "Start downloading Davinci CC Report for brand: VFSC2...", "service": "cc_reconcile", "stage": "download_davinci", "status": "ok"}
{"timestamp": "2026-03-05T07:03:30+0800", "level": "INFO", "logger": "etl_logger", "message": "POST success (VFSC2 2026-03-02): cc_withdraw_detail_report_20260304230330.csv, took 68.1s", "service": "cc_reconcile", "stage": "download_davinci", "status": "ok"}
{"timestamp": "2026-03-05T07:03:33+0800", "level": "INFO", "logger": "etl_logger", "message": "Download success (VFSC2 2026-03-02): cc_withdraw_detail_report_20260304230330.csv, took 3.5s", "service": "cc_reconcile", "stage": "download_davinci", "status": "ok"}
{"timestamp": "2026-03-05T07:04:31+0800", "level": "INFO", "logger": "etl_logger", "message": "POST success (VFSC2 2026-03-03): cc_withdraw_detail_report_20260304230431.csv, took 57.7s", "service": "cc_reconcile", "stage": "download_davinci", "status": "ok"}
{"timestamp": "2026-03-05T07:04:32+0800", "level": "WARNING", "logger": "etl_logger", "message": "Download failed (VFSC2 2026-03-03) attempt 1: 502 Server Error: Bad Gateway for url: https://report.vantagemarkets.com/api/download/cc_withdraw_detail_report_20260304230431.csv, took 1.0s", "service": "cc_reconcile", "stage": "download_davinci", "status": "ok"}
{"timestamp": "2026-03-05T07:04:38+0800", "level": "WARNING", "logger": "etl_logger", "message": "Download failed (VFSC2 2026-03-03) attempt 2: 502 Server Error: Bad Gateway for url: https://report.vantagemarkets.com/api/download/cc_withdraw_detail_report_20260304230431.csv, took 0.5s", "service": "cc_reconcile", "stage": "download_davinci", "status": "ok"}
{"timestamp": "2026-03-05T07:04:45+0800", "level": "INFO", "logger": "etl_logger", "message": "Download success (VFSC2 2026-03-03): cc_withdraw_detail_report_20260304230431.csv, took 2.5s", "service": "cc_reconcile", "stage": "download_davinci", "status": "ok"}
{"timestamp": "2026-03-05T07:04:45+0800", "level": "WARNING", "logger": "etl_logger", "message": "POST failed (VFSC2 2026-03-04) attempt 1: 502 Server Error: Bad Gateway for url: https://report.vantagemarkets.com/api/cc-detail/download, took 0.2s", "service": "cc_reconcile", "stage": "download_davinci", "status": "ok"}
{"timestamp": "2026-03-05T07:04:51+0800", "level": "WARNING", "logger": "etl_logger", "message": "POST failed (VFSC2 2026-03-04) attempt 2: 502 Server Error: Bad Gateway for url: https://report.vantagemarkets.com/api/cc-detail/download, took 0.2s", "service": "cc_reconcile", "stage": "download_davinci", "status": "ok"}
{"timestamp": "2026-03-05T07:04:56+0800", "level": "WARNING", "logger": "etl_logger", "message": "POST failed (VFSC2 2026-03-04) attempt 3: 502 Server Error: Bad Gateway for url: https://report.vantagemarkets.com/api/cc-detail/download, took 0.2s", "service": "cc_reconcile", "stage": "download_davinci", "status": "ok"}
{"timestamp": "2026-03-05T07:05:58+0800", "level": "INFO", "logger": "etl_logger", "message": "POST success (VFSC2 2026-03-04): cc_withdraw_detail_report_20260304230557.csv, took 56.7s", "service": "cc_reconcile", "stage": "download_davinci", "status": "ok"}
{"timestamp": "2026-03-05T07:05:59+0800", "level": "WARNING", "logger": "etl_logger", "message": "Download failed (VFSC2 2026-03-04) attempt 1: 502 Server Error: Bad Gateway for url: https://report.vantagemarkets.com/api/download/cc_withdraw_detail_report_20260304230557.csv, took 1.0s", "service": "cc_reconcile", "stage": "download_davinci", "status": "ok"}
{"timestamp": "2026-03-05T07:06:05+0800", "level": "WARNING", "logger": "etl_logger", "message": "Download failed (VFSC2 2026-03-04) attempt 2: 502 Server Error: Bad Gateway for url: https://report.vantagemarkets.com/api/download/cc_withdraw_detail_report_20260304230557.csv, took 1.0s", "service": "cc_reconcile", "stage": "download_davinci", "status": "ok"}
{"timestamp": "2026-03-05T07:06:12+0800", "level": "INFO", "logger": "etl_logger", "message": "Download success (VFSC2 2026-03-04): cc_withdraw_detail_report_20260304230557.csv, took 2.5s", "service": "cc_reconcile", "stage": "download_davinci", "status": "ok"}
{"timestamp": "2026-03-05T07:07:01+0800", "level": "INFO", "logger": "etl_logger", "message": "POST success (VFSC2 2026-03-05): cc_withdraw_detail_report_20260304230701.csv, took 48.8s", "service": "cc_reconcile", "stage": "download_davinci", "status": "ok"}
{"timestamp": "2026-03-05T07:07:03+0800", "level": "INFO", "logger": "etl_logger", "message": "Download success (VFSC2 2026-03-05): cc_withdraw_detail_report_20260304230701.csv, took 1.7s", "service": "cc_reconcile", "stage": "download_davinci", "status": "ok"}
{"timestamp": "2026-03-05T07:07:03+0800", "level": "INFO", "logger": "etl_logger", "message": "Finish downloading Davinci CC - VFSC2 Report", "service": "cc_reconcile", "stage": "download_davinci", "status": "ok"}
{"timestamp": "2026-03-05T07:07:03+0800", "level": "INFO", "logger": "etl_logger", "message": "Finish downloading Davinci CC Report for all brands, total rows: 60324", "service": "cc_reconcile", "stage": "download_davinci", "status": "ok"}
{"timestamp": "2026-03-05T07:07:03+0800", "level": "INFO", "logger": "etl_logger", "message": "Download CRM CC Report Finish ，Total: 60324", "service": "cc_reconcile", "stage": "download", "status": "ok"}
{"timestamp": "2026-03-05T07:07:03+0800", "level": "INFO", "logger": "etl_logger", "message": "Start reconcile...", "service": "cc_reconcile", "stage": "reconcile", "status": "ok"}
{"timestamp": "2026-03-05T07:07:04+0800", "level": "INFO", "logger": "etl_logger", "message": "Reconcile Finish ，Total Mismatch Case: 2", "service": "cc_reconcile", "stage": "reconcile", "status": "ok"}
{"timestamp": "2026-03-05T07:07:04+0800", "level": "INFO", "logger": "etl_logger", "message": "Connect Lark Finish", "service": "cc_reconcile", "stage": "lark", "status": "ok"}
{"timestamp": "2026-03-05T07:07:04+0800", "level": "INFO", "logger": "etl_logger", "message": "Start query existing data in LarkSheet...", "service": "cc_reconcile", "stage": "lark", "status": "ok"}
{"timestamp": "2026-03-05T07:07:05+0800", "level": "INFO", "logger": "etl_logger", "message": "Query existing data in LarkSheet Finish", "service": "cc_reconcile", "stage": "lark", "status": "ok"}
{"timestamp": "2026-03-05T07:07:05+0800", "level": "INFO", "logger": "etl_logger", "message": "Total unique keys in LarkSheet: 158, Total new mismatch cases to upload: 1", "service": "cc_reconcile", "stage": "lark", "status": "ok"}
{"timestamp": "2026-03-05T07:07:05+0800", "level": "INFO", "logger": "etl_logger", "message": "Append data to LarkSheet with range: Kalw4Y!A2:L3, rows: 1, columns: 12", "service": "cc_reconcile", "stage": "lark", "status": "ok"}
{"timestamp": "2026-03-05T07:07:05+0800", "level": "INFO", "logger": "etl_logger", "message": "✅ Successfully appended data to LarkSheet", "service": "cc_reconcile", "stage": "lark", "status": "ok"}
{"timestamp": "2026-03-05T07:07:07+0800", "level": "INFO", "logger": "etl_logger", "message": "Upload data to LarkSheet Finish", "service": "cc_reconcile", "stage": "lark", "status": "ok"}
{"timestamp": "2026-03-05T08:00:02+0800", "level": "INFO", "logger": "etl_logger", "message": "Start download reports...", "service": "cc_reconcile", "stage": "download", "status": "ok"}
{"timestamp": "2026-03-05T08:00:05+0800", "level": "INFO", "logger": "etl_logger", "message": "Payabl Login Success and Get Token Success", "service": "cc_reconcile", "stage": "download_payabl", "status": "ok"}
{"timestamp": "2026-03-05T08:00:05+0800", "level": "INFO", "logger": "etl_logger", "message": "Start downloading Payabl CC Report for date: 2026-03-04...", "service": "cc_reconcile", "stage": "download_payabl", "status": "ok"}
{"timestamp": "2026-03-05T08:00:37+0800", "level": "INFO", "logger": "etl_logger", "message": "Start downloading Payabl CC Report for date: 2026-03-05...", "service": "cc_reconcile", "stage": "download_payabl", "status": "ok"}
{"timestamp": "2026-03-05T08:00:46+0800", "level": "INFO", "logger": "etl_logger", "message": "Finish downloading Payabl CC Report", "service": "cc_reconcile", "stage": "download_payabl", "status": "ok"}
{"timestamp": "2026-03-05T08:00:46+0800", "level": "INFO", "logger": "etl_logger", "message": "Download Payabl CC Report Finish ，Total: 56924", "service": "cc_reconcile", "stage": "download", "status": "ok"}
{"timestamp": "2026-03-05T08:00:46+0800", "level": "INFO", "logger": "etl_logger", "message": "Login attempt 1/5", "service": "cc_reconcile", "stage": "download_davinci", "status": "ok"}
{"timestamp": "2026-03-05T08:00:47+0800", "level": "INFO", "logger": "etl_logger", "message": "Login response status=200, url=https://admin.vantagemarkets.com/admin/main, cookies=4", "service": "cc_reconcile", "stage": "download_davinci", "status": "ok"}
{"timestamp": "2026-03-05T08:00:47+0800", "level": "INFO", "logger": "etl_logger", "message": "Login successful", "service": "cc_reconcile", "stage": "download_davinci", "status": "ok"}
{"timestamp": "2026-03-05T08:00:48+0800", "level": "INFO", "logger": "etl_logger", "message": "Token obtained successfully", "service": "cc_reconcile", "stage": "download_davinci", "status": "ok"}
{"timestamp": "2026-03-05T08:00:48+0800", "level": "INFO", "logger": "etl_logger", "message": "Start downloading Davinci CC Report for brand: VFSC...", "service": "cc_reconcile", "stage": "download_davinci", "status": "ok"}
{"timestamp": "2026-03-05T08:01:07+0800", "level": "INFO", "logger": "etl_logger", "message": "POST success (VFSC 2026-03-02): cc_withdraw_detail_report_20260305000107.csv, took 19.7s", "service": "cc_reconcile", "stage": "download_davinci", "status": "ok"}
{"timestamp": "2026-03-05T08:01:08+0800", "level": "WARNING", "logger": "etl_logger", "message": "Download failed (VFSC 2026-03-02) attempt 1: 502 Server Error: Bad Gateway for url: https://report.vantagemarkets.com/api/download/cc_withdraw_detail_report_20260305000107.csv, took 1.0s", "service": "cc_reconcile", "stage": "download_davinci", "status": "ok"}
{"timestamp": "2026-03-05T08:01:14+0800", "level": "WARNING", "logger": "etl_logger", "message": "Download failed (VFSC 2026-03-02) attempt 2: 502 Server Error: Bad Gateway for url: https://report.vantagemarkets.com/api/download/cc_withdraw_detail_report_20260305000107.csv, took 1.0s", "service": "cc_reconcile", "stage": "download_davinci", "status": "ok"}
{"timestamp": "2026-03-05T08:01:21+0800", "level": "INFO", "logger": "etl_logger", "message": "Download success (VFSC 2026-03-02): cc_withdraw_detail_report_20260305000107.csv, took 1.8s", "service": "cc_reconcile", "stage": "download_davinci", "status": "ok"}
{"timestamp": "2026-03-05T08:01:40+0800", "level": "INFO", "logger": "etl_logger", "message": "POST success (VFSC 2026-03-03): cc_withdraw_detail_report_20260305000140.csv, took 18.3s", "service": "cc_reconcile", "stage": "download_davinci", "status": "ok"}
{"timestamp": "2026-03-05T08:01:42+0800", "level": "INFO", "logger": "etl_logger", "message": "Download success (VFSC 2026-03-03): cc_withdraw_detail_report_20260305000140.csv, took 2.4s", "service": "cc_reconcile", "stage": "download_davinci", "status": "ok"}
{"timestamp": "2026-03-05T08:02:01+0800", "level": "INFO", "logger": "etl_logger", "message": "POST success (VFSC 2026-03-04): cc_withdraw_detail_report_20260305000201.csv, took 18.8s", "service": "cc_reconcile", "stage": "download_davinci", "status": "ok"}
{"timestamp": "2026-03-05T08:02:02+0800", "level": "WARNING", "logger": "etl_logger", "message": "Download failed (VFSC 2026-03-04) attempt 1: 502 Server Error: Bad Gateway for url: https://report.vantagemarkets.com/api/download/cc_withdraw_detail_report_20260305000201.csv, took 1.0s", "service": "cc_reconcile", "stage": "download_davinci", "status": "ok"}
{"timestamp": "2026-03-05T08:02:07+0800", "level": "WARNING", "logger": "etl_logger", "message": "Download failed (VFSC 2026-03-04) attempt 2: 502 Server Error: Bad Gateway for url: https://report.vantagemarkets.com/api/download/cc_withdraw_detail_report_20260305000201.csv, took 0.7s", "service": "cc_reconcile", "stage": "download_davinci", "status": "ok"}
{"timestamp": "2026-03-05T08:02:14+0800", "level": "INFO", "logger": "etl_logger", "message": "Download success (VFSC 2026-03-04): cc_withdraw_detail_report_20260305000201.csv, took 1.5s", "service": "cc_reconcile", "stage": "download_davinci", "status": "ok"}
{"timestamp": "2026-03-05T08:02:32+0800", "level": "INFO", "logger": "etl_logger", "message": "POST success (VFSC 2026-03-05): cc_withdraw_detail_report_20260305000232.csv, took 17.8s", "service": "cc_reconcile", "stage": "download_davinci", "status": "ok"}
{"timestamp": "2026-03-05T08:02:33+0800", "level": "WARNING", "logger": "etl_logger", "message": "Download failed (VFSC 2026-03-05) attempt 1: 502 Server Error: Bad Gateway for url: https://report.vantagemarkets.com/api/download/cc_withdraw_detail_report_20260305000232.csv, took 1.0s", "service": "cc_reconcile", "stage": "download_davinci", "status": "ok"}
{"timestamp": "2026-03-05T08:02:38+0800", "level": "INFO", "logger": "etl_logger", "message": "Download success (VFSC 2026-03-05): cc_withdraw_detail_report_20260305000232.csv, took 0.6s", "service": "cc_reconcile", "stage": "download_davinci", "status": "ok"}
{"timestamp": "2026-03-05T08:02:38+0800", "level": "INFO", "logger": "etl_logger", "message": "Finish downloading Davinci CC - VFSC Report", "service": "cc_reconcile", "stage": "download_davinci", "status": "ok"}
{"timestamp": "2026-03-05T08:02:38+0800", "level": "INFO", "logger": "etl_logger", "message": "Start downloading Davinci CC Report for brand: VFSC2...", "service": "cc_reconcile", "stage": "download_davinci", "status": "ok"}
{"timestamp": "2026-03-05T08:03:40+0800", "level": "INFO", "logger": "etl_logger", "message": "POST success (VFSC2 2026-03-02): cc_withdraw_detail_report_20260305000339.csv, took 61.3s", "service": "cc_reconcile", "stage": "download_davinci", "status": "ok"}
{"timestamp": "2026-03-05T08:03:41+0800", "level": "WARNING", "logger": "etl_logger", "message": "Download failed (VFSC2 2026-03-02) attempt 1: 502 Server Error: Bad Gateway for url: https://report.vantagemarkets.com/api/download/cc_withdraw_detail_report_20260305000339.csv, took 1.0s", "service": "cc_reconcile", "stage": "download_davinci", "status": "ok"}
{"timestamp": "2026-03-05T08:03:49+0800", "level": "INFO", "logger": "etl_logger", "message": "Download success (VFSC2 2026-03-02): cc_withdraw_detail_report_20260305000339.csv, took 2.8s", "service": "cc_reconcile", "stage": "download_davinci", "status": "ok"}
{"timestamp": "2026-03-05T08:04:41+0800", "level": "INFO", "logger": "etl_logger", "message": "POST success (VFSC2 2026-03-03): cc_withdraw_detail_report_20260305000441.csv, took 52.1s", "service": "cc_reconcile", "stage": "download_davinci", "status": "ok"}
{"timestamp": "2026-03-05T08:04:44+0800", "level": "INFO", "logger": "etl_logger", "message": "Download success (VFSC2 2026-03-03): cc_withdraw_detail_report_20260305000441.csv, took 3.2s", "service": "cc_reconcile", "stage": "download_davinci", "status": "ok"}
{"timestamp": "2026-03-05T08:05:36+0800", "level": "INFO", "logger": "etl_logger", "message": "POST success (VFSC2 2026-03-04): cc_withdraw_detail_report_20260305000536.csv, took 51.9s", "service": "cc_reconcile", "stage": "download_davinci", "status": "ok"}
{"timestamp": "2026-03-05T08:05:39+0800", "level": "INFO", "logger": "etl_logger", "message": "Download success (VFSC2 2026-03-04): cc_withdraw_detail_report_20260305000536.csv, took 3.2s", "service": "cc_reconcile", "stage": "download_davinci", "status": "ok"}
{"timestamp": "2026-03-05T08:05:39+0800", "level": "WARNING", "logger": "etl_logger", "message": "POST failed (VFSC2 2026-03-05) attempt 1: 502 Server Error: Bad Gateway for url: https://report.vantagemarkets.com/api/cc-detail/download, took 0.2s", "service": "cc_reconcile", "stage": "download_davinci", "status": "ok"}
{"timestamp": "2026-03-05T08:05:45+0800", "level": "WARNING", "logger": "etl_logger", "message": "POST failed (VFSC2 2026-03-05) attempt 2: 502 Server Error: Bad Gateway for url: https://report.vantagemarkets.com/api/cc-detail/download, took 0.2s", "service": "cc_reconcile", "stage": "download_davinci", "status": "ok"}
{"timestamp": "2026-03-05T08:06:42+0800", "level": "INFO", "logger": "etl_logger", "message": "POST success (VFSC2 2026-03-05): cc_withdraw_detail_report_20260305000642.csv, took 52.8s", "service": "cc_reconcile", "stage": "download_davinci", "status": "ok"}
{"timestamp": "2026-03-05T08:06:44+0800", "level": "INFO", "logger": "etl_logger", "message": "Download success (VFSC2 2026-03-05): cc_withdraw_detail_report_20260305000642.csv, took 2.0s", "service": "cc_reconcile", "stage": "download_davinci", "status": "ok"}
{"timestamp": "2026-03-05T08:06:45+0800", "level": "INFO", "logger": "etl_logger", "message": "Finish downloading Davinci CC - VFSC2 Report", "service": "cc_reconcile", "stage": "download_davinci", "status": "ok"}
{"timestamp": "2026-03-05T08:06:45+0800", "level": "INFO", "logger": "etl_logger", "message": "Finish downloading Davinci CC Report for all brands, total rows: 60715", "service": "cc_reconcile", "stage": "download_davinci", "status": "ok"}
{"timestamp": "2026-03-05T08:06:45+0800", "level": "INFO", "logger": "etl_logger", "message": "Download CRM CC Report Finish ，Total: 60715", "service": "cc_reconcile", "stage": "download", "status": "ok"}
{"timestamp": "2026-03-05T08:06:45+0800", "level": "INFO", "logger": "etl_logger", "message": "Start reconcile...", "service": "cc_reconcile", "stage": "reconcile", "status": "ok"}
{"timestamp": "2026-03-05T08:06:45+0800", "level": "INFO", "logger": "etl_logger", "message": "Reconcile Finish ，Total Mismatch Case: 2", "service": "cc_reconcile", "stage": "reconcile", "status": "ok"}
{"timestamp": "2026-03-05T08:06:46+0800", "level": "INFO", "logger": "etl_logger", "message": "Connect Lark Finish", "service": "cc_reconcile", "stage": "lark", "status": "ok"}
{"timestamp": "2026-03-05T08:06:46+0800", "level": "INFO", "logger": "etl_logger", "message": "Start query existing data in LarkSheet...", "service": "cc_reconcile", "stage": "lark", "status": "ok"}
{"timestamp": "2026-03-05T08:06:47+0800", "level": "INFO", "logger": "etl_logger", "message": "Query existing data in LarkSheet Finish", "service": "cc_reconcile", "stage": "lark", "status": "ok"}
{"timestamp": "2026-03-05T08:06:47+0800", "level": "INFO", "logger": "etl_logger", "message": "Total unique keys in LarkSheet: 159, Total new mismatch cases to upload: 0", "service": "cc_reconcile", "stage": "lark", "status": "ok"}
{"timestamp": "2026-03-05T08:06:47+0800", "level": "INFO", "logger": "etl_logger", "message": "Append data to LarkSheet with range: Kalw4Y!A2:L3, rows: 1, columns: 12", "service": "cc_reconcile", "stage": "lark", "status": "ok"}
{"timestamp": "2026-03-05T08:06:47+0800", "level": "INFO", "logger": "etl_logger", "message": "✅ Successfully appended data to LarkSheet", "service": "cc_reconcile", "stage": "lark", "status": "ok"}
{"timestamp": "2026-03-05T08:06:48+0800", "level": "INFO", "logger": "etl_logger", "message": "Upload data to LarkSheet Finish", "service": "cc_reconcile", "stage": "lark", "status": "ok"}
{"timestamp": "2026-03-05T09:00:01+0800", "level": "INFO", "logger": "etl_logger", "message": "Start download reports...", "service": "cc_reconcile", "stage": "download", "status": "ok"}
{"timestamp": "2026-03-05T09:00:04+0800", "level": "INFO", "logger": "etl_logger", "message": "Payabl Login Success and Get Token Success", "service": "cc_reconcile", "stage": "download_payabl", "status": "ok"}
{"timestamp": "2026-03-05T09:00:04+0800", "level": "INFO", "logger": "etl_logger", "message": "Start downloading Payabl CC Report for date: 2026-03-04...", "service": "cc_reconcile", "stage": "download_payabl", "status": "ok"}
{"timestamp": "2026-03-05T09:00:38+0800", "level": "INFO", "logger": "etl_logger", "message": "Start downloading Payabl CC Report for date: 2026-03-05...", "service": "cc_reconcile", "stage": "download_payabl", "status": "ok"}
{"timestamp": "2026-03-05T09:00:49+0800", "level": "INFO", "logger": "etl_logger", "message": "Finish downloading Payabl CC Report", "service": "cc_reconcile", "stage": "download_payabl", "status": "ok"}
{"timestamp": "2026-03-05T09:00:49+0800", "level": "INFO", "logger": "etl_logger", "message": "Download Payabl CC Report Finish ，Total: 58243", "service": "cc_reconcile", "stage": "download", "status": "ok"}
{"timestamp": "2026-03-05T09:00:49+0800", "level": "INFO", "logger": "etl_logger", "message": "Login attempt 1/5", "service": "cc_reconcile", "stage": "download_davinci", "status": "ok"}
{"timestamp": "2026-03-05T09:00:50+0800", "level": "INFO", "logger": "etl_logger", "message": "Login response status=200, url=https://admin.vantagemarkets.com/admin/main, cookies=4", "service": "cc_reconcile", "stage": "download_davinci", "status": "ok"}
{"timestamp": "2026-03-05T09:00:50+0800", "level": "INFO", "logger": "etl_logger", "message": "Login successful", "service": "cc_reconcile", "stage": "download_davinci", "status": "ok"}
{"timestamp": "2026-03-05T09:00:50+0800", "level": "INFO", "logger": "etl_logger", "message": "Token obtained successfully", "service": "cc_reconcile", "stage": "download_davinci", "status": "ok"}
{"timestamp": "2026-03-05T09:00:50+0800", "level": "INFO", "logger": "etl_logger", "message": "Start downloading Davinci CC Report for brand: VFSC...", "service": "cc_reconcile", "stage": "download_davinci", "status": "ok"}
{"timestamp": "2026-03-05T09:01:10+0800", "level": "INFO", "logger": "etl_logger", "message": "POST success (VFSC 2026-03-02): cc_withdraw_detail_report_20260305010110.csv, took 19.6s", "service": "cc_reconcile", "stage": "download_davinci", "status": "ok"}
{"timestamp": "2026-03-05T09:01:11+0800", "level": "WARNING", "logger": "etl_logger", "message": "Download failed (VFSC 2026-03-02) attempt 1: 502 Server Error: Bad Gateway for url: https://report.vantagemarkets.com/api/download/cc_withdraw_detail_report_20260305010110.csv, took 1.0s", "service": "cc_reconcile", "stage": "download_davinci", "status": "ok"}
{"timestamp": "2026-03-05T09:01:18+0800", "level": "INFO", "logger": "etl_logger", "message": "Download success (VFSC 2026-03-02): cc_withdraw_detail_report_20260305010110.csv, took 1.8s", "service": "cc_reconcile", "stage": "download_davinci", "status": "ok"}
{"timestamp": "2026-03-05T09:01:36+0800", "level": "INFO", "logger": "etl_logger", "message": "POST success (VFSC 2026-03-03): cc_withdraw_detail_report_20260305010136.csv, took 18.4s", "service": "cc_reconcile", "stage": "download_davinci", "status": "ok"}
{"timestamp": "2026-03-05T09:01:39+0800", "level": "INFO", "logger": "etl_logger", "message": "Download success (VFSC 2026-03-03): cc_withdraw_detail_report_20260305010136.csv, took 2.4s", "service": "cc_reconcile", "stage": "download_davinci", "status": "ok"}
{"timestamp": "2026-03-05T09:01:58+0800", "level": "INFO", "logger": "etl_logger", "message": "POST success (VFSC 2026-03-04): cc_withdraw_detail_report_20260305010158.csv, took 18.9s", "service": "cc_reconcile", "stage": "download_davinci", "status": "ok"}
{"timestamp": "2026-03-05T09:01:59+0800", "level": "WARNING", "logger": "etl_logger", "message": "Download failed (VFSC 2026-03-04) attempt 1: 502 Server Error: Bad Gateway for url: https://report.vantagemarkets.com/api/download/cc_withdraw_detail_report_20260305010158.csv, took 1.0s", "service": "cc_reconcile", "stage": "download_davinci", "status": "ok"}
{"timestamp": "2026-03-05T09:02:04+0800", "level": "WARNING", "logger": "etl_logger", "message": "Download failed (VFSC 2026-03-04) attempt 2: 502 Server Error: Bad Gateway for url: https://report.vantagemarkets.com/api/download/cc_withdraw_detail_report_20260305010158.csv, took 0.6s", "service": "cc_reconcile", "stage": "download_davinci", "status": "ok"}
{"timestamp": "2026-03-05T09:02:11+0800", "level": "INFO", "logger": "etl_logger", "message": "Download success (VFSC 2026-03-04): cc_withdraw_detail_report_20260305010158.csv, took 1.5s", "service": "cc_reconcile", "stage": "download_davinci", "status": "ok"}
{"timestamp": "2026-03-05T09:02:29+0800", "level": "INFO", "logger": "etl_logger", "message": "POST success (VFSC 2026-03-05): cc_withdraw_detail_report_20260305010229.csv, took 18.3s", "service": "cc_reconcile", "stage": "download_davinci", "status": "ok"}
{"timestamp": "2026-03-05T09:02:30+0800", "level": "INFO", "logger": "etl_logger", "message": "Download success (VFSC 2026-03-05): cc_withdraw_detail_report_20260305010229.csv, took 1.0s", "service": "cc_reconcile", "stage": "download_davinci", "status": "ok"}
{"timestamp": "2026-03-05T09:02:30+0800", "level": "INFO", "logger": "etl_logger", "message": "Finish downloading Davinci CC - VFSC Report", "service": "cc_reconcile", "stage": "download_davinci", "status": "ok"}
{"timestamp": "2026-03-05T09:02:30+0800", "level": "INFO", "logger": "etl_logger", "message": "Start downloading Davinci CC Report for brand: VFSC2...", "service": "cc_reconcile", "stage": "download_davinci", "status": "ok"}
{"timestamp": "2026-03-05T09:02:30+0800", "level": "WARNING", "logger": "etl_logger", "message": "POST failed (VFSC2 2026-03-02) attempt 1: 502 Server Error: Bad Gateway for url: https://report.vantagemarkets.com/api/cc-detail/download, took 0.2s", "service": "cc_reconcile", "stage": "download_davinci", "status": "ok"}
{"timestamp": "2026-03-05T09:03:33+0800", "level": "INFO", "logger": "etl_logger", "message": "POST success (VFSC2 2026-03-02): cc_withdraw_detail_report_20260305010332.csv, took 57.4s", "service": "cc_reconcile", "stage": "download_davinci", "status": "ok"}
{"timestamp": "2026-03-05T09:03:36+0800", "level": "INFO", "logger": "etl_logger", "message": "Download success (VFSC2 2026-03-02): cc_withdraw_detail_report_20260305010332.csv, took 3.4s", "service": "cc_reconcile", "stage": "download_davinci", "status": "ok"}
{"timestamp": "2026-03-05T09:04:30+0800", "level": "INFO", "logger": "etl_logger", "message": "POST success (VFSC2 2026-03-03): cc_withdraw_detail_report_20260305010429.csv, took 53.3s", "service": "cc_reconcile", "stage": "download_davinci", "status": "ok"}
{"timestamp": "2026-03-05T09:04:31+0800", "level": "WARNING", "logger": "etl_logger", "message": "Download failed (VFSC2 2026-03-03) attempt 1: 502 Server Error: Bad Gateway for url: https://report.vantagemarkets.com/api/download/cc_withdraw_detail_report_20260305010429.csv, took 1.0s", "service": "cc_reconcile", "stage": "download_davinci", "status": "ok"}
{"timestamp": "2026-03-05T09:04:36+0800", "level": "WARNING", "logger": "etl_logger", "message": "Download failed (VFSC2 2026-03-03) attempt 2: 502 Server Error: Bad Gateway for url: https://report.vantagemarkets.com/api/download/cc_withdraw_detail_report_20260305010429.csv, took 0.8s", "service": "cc_reconcile", "stage": "download_davinci", "status": "ok"}
{"timestamp": "2026-03-05T09:04:44+0800", "level": "INFO", "logger": "etl_logger", "message": "Download success (VFSC2 2026-03-03): cc_withdraw_detail_report_20260305010429.csv, took 2.5s", "service": "cc_reconcile", "stage": "download_davinci", "status": "ok"}
{"timestamp": "2026-03-05T09:05:37+0800", "level": "INFO", "logger": "etl_logger", "message": "POST success (VFSC2 2026-03-04): cc_withdraw_detail_report_20260305010537.csv, took 53.0s", "service": "cc_reconcile", "stage": "download_davinci", "status": "ok"}
{"timestamp": "2026-03-05T09:05:40+0800", "level": "INFO", "logger": "etl_logger", "message": "Download success (VFSC2 2026-03-04): cc_withdraw_detail_report_20260305010537.csv, took 3.0s", "service": "cc_reconcile", "stage": "download_davinci", "status": "ok"}
{"timestamp": "2026-03-05T09:06:38+0800", "level": "INFO", "logger": "etl_logger", "message": "POST success (VFSC2 2026-03-05): cc_withdraw_detail_report_20260305010637.csv, took 57.6s", "service": "cc_reconcile", "stage": "download_davinci", "status": "ok"}
{"timestamp": "2026-03-05T09:06:40+0800", "level": "INFO", "logger": "etl_logger", "message": "Download success (VFSC2 2026-03-05): cc_withdraw_detail_report_20260305010637.csv, took 2.1s", "service": "cc_reconcile", "stage": "download_davinci", "status": "ok"}
{"timestamp": "2026-03-05T09:06:40+0800", "level": "INFO", "logger": "etl_logger", "message": "Finish downloading Davinci CC - VFSC2 Report", "service": "cc_reconcile", "stage": "download_davinci", "status": "ok"}
{"timestamp": "2026-03-05T09:06:40+0800", "level": "INFO", "logger": "etl_logger", "message": "Finish downloading Davinci CC Report for all brands, total rows: 61118", "service": "cc_reconcile", "stage": "download_davinci", "status": "ok"}
{"timestamp": "2026-03-05T09:06:40+0800", "level": "INFO", "logger": "etl_logger", "message": "Download CRM CC Report Finish ，Total: 61118", "service": "cc_reconcile", "stage": "download", "status": "ok"}
{"timestamp": "2026-03-05T09:06:40+0800", "level": "INFO", "logger": "etl_logger", "message": "Start reconcile...", "service": "cc_reconcile", "stage": "reconcile", "status": "ok"}
{"timestamp": "2026-03-05T09:06:41+0800", "level": "INFO", "logger": "etl_logger", "message": "Reconcile Finish ，Total Mismatch Case: 3", "service": "cc_reconcile", "stage": "reconcile", "status": "ok"}
{"timestamp": "2026-03-05T09:06:41+0800", "level": "INFO", "logger": "etl_logger", "message": "Connect Lark Finish", "service": "cc_reconcile", "stage": "lark", "status": "ok"}
{"timestamp": "2026-03-05T09:06:41+0800", "level": "INFO", "logger": "etl_logger", "message": "Start query existing data in LarkSheet...", "service": "cc_reconcile", "stage": "lark", "status": "ok"}
{"timestamp": "2026-03-05T09:06:42+0800", "level": "INFO", "logger": "etl_logger", "message": "Query existing data in LarkSheet Finish", "service": "cc_reconcile", "stage": "lark", "status": "ok"}
{"timestamp": "2026-03-05T09:06:42+0800", "level": "INFO", "logger": "etl_logger", "message": "Total unique keys in LarkSheet: 159, Total new mismatch cases to upload: 1", "service": "cc_reconcile", "stage": "lark", "status": "ok"}
{"timestamp": "2026-03-05T09:06:42+0800", "level": "INFO", "logger": "etl_logger", "message": "Append data to LarkSheet with range: Kalw4Y!A2:L3, rows: 1, columns: 12", "service": "cc_reconcile", "stage": "lark", "status": "ok"}
{"timestamp": "2026-03-05T09:06:42+0800", "level": "INFO", "logger": "etl_logger", "message": "✅ Successfully appended data to LarkSheet", "service": "cc_reconcile", "stage": "lark", "status": "ok"}
{"timestamp": "2026-03-05T09:06:44+0800", "level": "INFO", "logger": "etl_logger", "message": "Upload data to LarkSheet Finish", "service": "cc_reconcile", "stage": "lark", "status": "ok"}
{"timestamp": "2026-03-05T10:00:02+0800", "level": "INFO", "logger": "etl_logger", "message": "Start download reports...", "service": "cc_reconcile", "stage": "download", "status": "ok"}
{"timestamp": "2026-03-05T10:00:05+0800", "level": "INFO", "logger": "etl_logger", "message": "Payabl Login Success and Get Token Success", "service": "cc_reconcile", "stage": "download_payabl", "status": "ok"}
{"timestamp": "2026-03-05T10:00:05+0800", "level": "INFO", "logger": "etl_logger", "message": "Start downloading Payabl CC Report for date: 2026-03-04...", "service": "cc_reconcile", "stage": "download_payabl", "status": "ok"}
{"timestamp": "2026-03-05T10:00:38+0800", "level": "INFO", "logger": "etl_logger", "message": "Start downloading Payabl CC Report for date: 2026-03-05...", "service": "cc_reconcile", "stage": "download_payabl", "status": "ok"}
{"timestamp": "2026-03-05T10:00:48+0800", "level": "INFO", "logger": "etl_logger", "message": "Finish downloading Payabl CC Report", "service": "cc_reconcile", "stage": "download_payabl", "status": "ok"}
{"timestamp": "2026-03-05T10:00:48+0800", "level": "INFO", "logger": "etl_logger", "message": "Download Payabl CC Report Finish ，Total: 59426", "service": "cc_reconcile", "stage": "download", "status": "ok"}
{"timestamp": "2026-03-05T10:00:48+0800", "level": "INFO", "logger": "etl_logger", "message": "Login attempt 1/5", "service": "cc_reconcile", "stage": "download_davinci", "status": "ok"}
{"timestamp": "2026-03-05T10:00:49+0800", "level": "INFO", "logger": "etl_logger", "message": "Login response status=200, url=https://admin.vantagemarkets.com/admin/main, cookies=4", "service": "cc_reconcile", "stage": "download_davinci", "status": "ok"}
{"timestamp": "2026-03-05T10:00:49+0800", "level": "INFO", "logger": "etl_logger", "message": "Login successful", "service": "cc_reconcile", "stage": "download_davinci", "status": "ok"}
{"timestamp": "2026-03-05T10:00:49+0800", "level": "INFO", "logger": "etl_logger", "message": "Token obtained successfully", "service": "cc_reconcile", "stage": "download_davinci", "status": "ok"}
{"timestamp": "2026-03-05T10:00:49+0800", "level": "INFO", "logger": "etl_logger", "message": "Start downloading Davinci CC Report for brand: VFSC...", "service": "cc_reconcile", "stage": "download_davinci", "status": "ok"}
{"timestamp": "2026-03-05T10:01:09+0800", "level": "INFO", "logger": "etl_logger", "message": "POST success (VFSC 2026-03-02): cc_withdraw_detail_report_20260305020109.csv, took 20.0s", "service": "cc_reconcile", "stage": "download_davinci", "status": "ok"}
{"timestamp": "2026-03-05T10:01:10+0800", "level": "WARNING", "logger": "etl_logger", "message": "Download failed (VFSC 2026-03-02) attempt 1: 502 Server Error: Bad Gateway for url: https://report.vantagemarkets.com/api/download/cc_withdraw_detail_report_20260305020109.csv, took 1.0s", "service": "cc_reconcile", "stage": "download_davinci", "status": "ok"}
{"timestamp": "2026-03-05T10:01:16+0800", "level": "WARNING", "logger": "etl_logger", "message": "Download failed (VFSC 2026-03-02) attempt 2: 502 Server Error: Bad Gateway for url: https://report.vantagemarkets.com/api/download/cc_withdraw_detail_report_20260305020109.csv, took 0.8s", "service": "cc_reconcile", "stage": "download_davinci", "status": "ok"}
{"timestamp": "2026-03-05T10:01:21+0800", "level": "WARNING", "logger": "etl_logger", "message": "Download failed (VFSC 2026-03-02) attempt 3: 502 Server Error: Bad Gateway for url: https://report.vantagemarkets.com/api/download/cc_withdraw_detail_report_20260305020109.csv, took 0.4s", "service": "cc_reconcile", "stage": "download_davinci", "status": "ok"}
{"timestamp": "2026-03-05T10:01:27+0800", "level": "WARNING", "logger": "etl_logger", "message": "Download failed (VFSC 2026-03-02) attempt 4: 502 Server Error: Bad Gateway for url: https://report.vantagemarkets.com/api/download/cc_withdraw_detail_report_20260305020109.csv, took 0.4s", "service": "cc_reconcile", "stage": "download_davinci", "status": "ok"}
{"timestamp": "2026-03-05T10:01:32+0800", "level": "WARNING", "logger": "etl_logger", "message": "Download failed (VFSC 2026-03-02) attempt 5: 502 Server Error: Bad Gateway for url: https://report.vantagemarkets.com/api/download/cc_withdraw_detail_report_20260305020109.csv, took 0.4s", "service": "cc_reconcile", "stage": "download_davinci", "status": "ok"}
{"timestamp": "2026-03-05T10:01:37+0800", "level": "WARNING", "logger": "etl_logger", "message": "Download failed (VFSC 2026-03-02) attempt 6: 502 Server Error: Bad Gateway for url: https://report.vantagemarkets.com/api/download/cc_withdraw_detail_report_20260305020109.csv, took 0.4s", "service": "cc_reconcile", "stage": "download_davinci", "status": "ok"}
{"timestamp": "2026-03-05T10:01:44+0800", "level": "INFO", "logger": "etl_logger", "message": "Download success (VFSC 2026-03-02): cc_withdraw_detail_report_20260305020109.csv, took 1.7s", "service": "cc_reconcile", "stage": "download_davinci", "status": "ok"}
{"timestamp": "2026-03-05T10:02:02+0800", "level": "INFO", "logger": "etl_logger", "message": "POST success (VFSC 2026-03-03): cc_withdraw_detail_report_20260305020202.csv, took 18.0s", "service": "cc_reconcile", "stage": "download_davinci", "status": "ok"}
{"timestamp": "2026-03-05T10:02:05+0800", "level": "INFO", "logger": "etl_logger", "message": "Download success (VFSC 2026-03-03): cc_withdraw_detail_report_20260305020202.csv, took 2.5s", "service": "cc_reconcile", "stage": "download_davinci", "status": "ok"}
{"timestamp": "2026-03-05T10:02:05+0800", "level": "WARNING", "logger": "etl_logger", "message": "POST failed (VFSC 2026-03-04) attempt 1: 502 Server Error: Bad Gateway for url: https://report.vantagemarkets.com/api/cc-detail/download, took 0.2s", "service": "cc_reconcile", "stage": "download_davinci", "status": "ok"}
{"timestamp": "2026-03-05T10:02:31+0800", "level": "INFO", "logger": "etl_logger", "message": "POST success (VFSC 2026-03-04): cc_withdraw_detail_report_20260305020231.csv, took 21.4s", "service": "cc_reconcile", "stage": "download_davinci", "status": "ok"}
{"timestamp": "2026-03-05T10:02:33+0800", "level": "INFO", "logger": "etl_logger", "message": "Download success (VFSC 2026-03-04): cc_withdraw_detail_report_20260305020231.csv, took 2.2s", "service": "cc_reconcile", "stage": "download_davinci", "status": "ok"}
{"timestamp": "2026-03-05T10:02:52+0800", "level": "INFO", "logger": "etl_logger", "message": "POST success (VFSC 2026-03-05): cc_withdraw_detail_report_20260305020252.csv, took 18.9s", "service": "cc_reconcile", "stage": "download_davinci", "status": "ok"}
{"timestamp": "2026-03-05T10:02:54+0800", "level": "INFO", "logger": "etl_logger", "message": "Download success (VFSC 2026-03-05): cc_withdraw_detail_report_20260305020252.csv, took 1.4s", "service": "cc_reconcile", "stage": "download_davinci", "status": "ok"}
{"timestamp": "2026-03-05T10:02:54+0800", "level": "INFO", "logger": "etl_logger", "message": "Finish downloading Davinci CC - VFSC Report", "service": "cc_reconcile", "stage": "download_davinci", "status": "ok"}
{"timestamp": "2026-03-05T10:02:54+0800", "level": "INFO", "logger": "etl_logger", "message": "Start downloading Davinci CC Report for brand: VFSC2...", "service": "cc_reconcile", "stage": "download_davinci", "status": "ok"}
{"timestamp": "2026-03-05T10:02:54+0800", "level": "WARNING", "logger": "etl_logger", "message": "POST failed (VFSC2 2026-03-02) attempt 1: 502 Server Error: Bad Gateway for url: https://report.vantagemarkets.com/api/cc-detail/download, took 0.3s", "service": "cc_reconcile", "stage": "download_davinci", "status": "ok"}
{"timestamp": "2026-03-05T10:04:03+0800", "level": "INFO", "logger": "etl_logger", "message": "POST success (VFSC2 2026-03-02): cc_withdraw_detail_report_20260305020402.csv, took 63.6s", "service": "cc_reconcile", "stage": "download_davinci", "status": "ok"}
{"timestamp": "2026-03-05T10:04:06+0800", "level": "INFO", "logger": "etl_logger", "message": "Download success (VFSC2 2026-03-02): cc_withdraw_detail_report_20260305020402.csv, took 3.6s", "service": "cc_reconcile", "stage": "download_davinci", "status": "ok"}
{"timestamp": "2026-03-05T10:04:38+0800", "level": "WARNING", "logger": "etl_logger", "message": "POST failed (VFSC2 2026-03-03) attempt 1: 500 Server Error: Internal Server Error for url: https://report.vantagemarkets.com/api/cc-detail/download, took 32.1s", "service": "cc_reconcile", "stage": "download_davinci", "status": "ok"}
{"timestamp": "2026-03-05T10:04:44+0800", "level": "WARNING", "logger": "etl_logger", "message": "POST failed (VFSC2 2026-03-03) attempt 2: 502 Server Error: Bad Gateway for url: https://report.vantagemarkets.com/api/cc-detail/download, took 0.3s", "service": "cc_reconcile", "stage": "download_davinci", "status": "ok"}
{"timestamp": "2026-03-05T10:05:50+0800", "level": "INFO", "logger": "etl_logger", "message": "POST success (VFSC2 2026-03-03): cc_withdraw_detail_report_20260305020549.csv, took 61.0s", "service": "cc_reconcile", "stage": "download_davinci", "status": "ok"}
{"timestamp": "2026-03-05T10:05:51+0800", "level": "WARNING", "logger": "etl_logger", "message": "Download failed (VFSC2 2026-03-03) attempt 1: 502 Server Error: Bad Gateway for url: https://report.vantagemarkets.com/api/download/cc_withdraw_detail_report_20260305020549.csv, took 1.0s", "service": "cc_reconcile", "stage": "download_davinci", "status": "ok"}
{"timestamp": "2026-03-05T10:05:56+0800", "level": "WARNING", "logger": "etl_logger", "message": "Download failed (VFSC2 2026-03-03) attempt 2: 502 Server Error: Bad Gateway for url: https://report.vantagemarkets.com/api/download/cc_withdraw_detail_report_20260305020549.csv, took 0.6s", "service": "cc_reconcile", "stage": "download_davinci", "status": "ok"}
{"timestamp": "2026-03-05T10:06:04+0800", "level": "INFO", "logger": "etl_logger", "message": "Download success (VFSC2 2026-03-03): cc_withdraw_detail_report_20260305020549.csv, took 2.5s", "service": "cc_reconcile", "stage": "download_davinci", "status": "ok"}
{"timestamp": "2026-03-05T10:07:03+0800", "level": "INFO", "logger": "etl_logger", "message": "POST success (VFSC2 2026-03-04): cc_withdraw_detail_report_20260305020703.csv, took 59.1s", "service": "cc_reconcile", "stage": "download_davinci", "status": "ok"}
{"timestamp": "2026-03-05T10:07:04+0800", "level": "WARNING", "logger": "etl_logger", "message": "Download failed (VFSC2 2026-03-04) attempt 1: 502 Server Error: Bad Gateway for url: https://report.vantagemarkets.com/api/download/cc_withdraw_detail_report_20260305020703.csv, took 1.0s", "service": "cc_reconcile", "stage": "download_davinci", "status": "ok"}
{"timestamp": "2026-03-05T10:07:11+0800", "level": "INFO", "logger": "etl_logger", "message": "Download success (VFSC2 2026-03-04): cc_withdraw_detail_report_20260305020703.csv, took 2.4s", "service": "cc_reconcile", "stage": "download_davinci", "status": "ok"}
{"timestamp": "2026-03-05T10:08:05+0800", "level": "INFO", "logger": "etl_logger", "message": "POST success (VFSC2 2026-03-05): cc_withdraw_detail_report_20260305020805.csv, took 53.9s", "service": "cc_reconcile", "stage": "download_davinci", "status": "ok"}
{"timestamp": "2026-03-05T10:08:08+0800", "level": "INFO", "logger": "etl_logger", "message": "Download success (VFSC2 2026-03-05): cc_withdraw_detail_report_20260305020805.csv, took 2.2s", "service": "cc_reconcile", "stage": "download_davinci", "status": "ok"}
{"timestamp": "2026-03-05T10:08:09+0800", "level": "INFO", "logger": "etl_logger", "message": "Finish downloading Davinci CC - VFSC2 Report", "service": "cc_reconcile", "stage": "download_davinci", "status": "ok"}
{"timestamp": "2026-03-05T10:08:09+0800", "level": "INFO", "logger": "etl_logger", "message": "Finish downloading Davinci CC Report for all brands, total rows: 61547", "service": "cc_reconcile", "stage": "download_davinci", "status": "ok"}
{"timestamp": "2026-03-05T10:08:09+0800", "level": "INFO", "logger": "etl_logger", "message": "Download CRM CC Report Finish ，Total: 61547", "service": "cc_reconcile", "stage": "download", "status": "ok"}
{"timestamp": "2026-03-05T10:08:09+0800", "level": "INFO", "logger": "etl_logger", "message": "Start reconcile...", "service": "cc_reconcile", "stage": "reconcile", "status": "ok"}
{"timestamp": "2026-03-05T10:08:09+0800", "level": "INFO", "logger": "etl_logger", "message": "Reconcile Finish ，Total Mismatch Case: 3", "service": "cc_reconcile", "stage": "reconcile", "status": "ok"}
{"timestamp": "2026-03-05T10:08:10+0800", "level": "INFO", "logger": "etl_logger", "message": "Connect Lark Finish", "service": "cc_reconcile", "stage": "lark", "status": "ok"}
{"timestamp": "2026-03-05T10:08:10+0800", "level": "INFO", "logger": "etl_logger", "message": "Start query existing data in LarkSheet...", "service": "cc_reconcile", "stage": "lark", "status": "ok"}
{"timestamp": "2026-03-05T10:08:11+0800", "level": "INFO", "logger": "etl_logger", "message": "Query existing data in LarkSheet Finish", "service": "cc_reconcile", "stage": "lark", "status": "ok"}
{"timestamp": "2026-03-05T10:08:11+0800", "level": "INFO", "logger": "etl_logger", "message": "Total unique keys in LarkSheet: 160, Total new mismatch cases to upload: 0", "service": "cc_reconcile", "stage": "lark", "status": "ok"}
{"timestamp": "2026-03-05T10:08:11+0800", "level": "INFO", "logger": "etl_logger", "message": "Append data to LarkSheet with range: Kalw4Y!A2:L3, rows: 1, columns: 12", "service": "cc_reconcile", "stage": "lark", "status": "ok"}
{"timestamp": "2026-03-05T10:08:11+0800", "level": "INFO", "logger": "etl_logger", "message": "✅ Successfully appended data to LarkSheet", "service": "cc_reconcile", "stage": "lark", "status": "ok"}
{"timestamp": "2026-03-05T10:08:12+0800", "level": "INFO", "logger": "etl_logger", "message": "Upload data to LarkSheet Finish", "service": "cc_reconcile", "stage": "lark", "status": "ok"}
{"timestamp": "2026-03-05T11:00:01+0800", "level": "INFO", "logger": "etl_logger", "message": "Start download reports...", "service": "cc_reconcile", "stage": "download", "status": "ok"}
{"timestamp": "2026-03-05T11:00:06+0800", "level": "INFO", "logger": "etl_logger", "message": "Payabl Login Success and Get Token Success", "service": "cc_reconcile", "stage": "download_payabl", "status": "ok"}
{"timestamp": "2026-03-05T11:00:06+0800", "level": "INFO", "logger": "etl_logger", "message": "Start downloading Payabl CC Report for date: 2026-03-04...", "service": "cc_reconcile", "stage": "download_payabl", "status": "ok"}
{"timestamp": "2026-03-05T11:00:59+0800", "level": "INFO", "logger": "etl_logger", "message": "Start downloading Payabl CC Report for date: 2026-03-05...", "service": "cc_reconcile", "stage": "download_payabl", "status": "ok"}
{"timestamp": "2026-03-05T11:01:09+0800", "level": "INFO", "logger": "etl_logger", "message": "Finish downloading Payabl CC Report", "service": "cc_reconcile", "stage": "download_payabl", "status": "ok"}
{"timestamp": "2026-03-05T11:01:09+0800", "level": "INFO", "logger": "etl_logger", "message": "Download Payabl CC Report Finish ，Total: 60240", "service": "cc_reconcile", "stage": "download", "status": "ok"}
{"timestamp": "2026-03-05T11:01:09+0800", "level": "INFO", "logger": "etl_logger", "message": "Login attempt 1/5", "service": "cc_reconcile", "stage": "download_davinci", "status": "ok"}
{"timestamp": "2026-03-05T11:01:10+0800", "level": "INFO", "logger": "etl_logger", "message": "Login response status=200, url=https://admin.vantagemarkets.com/admin/main, cookies=4", "service": "cc_reconcile", "stage": "download_davinci", "status": "ok"}
{"timestamp": "2026-03-05T11:01:10+0800", "level": "INFO", "logger": "etl_logger", "message": "Login successful", "service": "cc_reconcile", "stage": "download_davinci", "status": "ok"}
{"timestamp": "2026-03-05T11:01:11+0800", "level": "INFO", "logger": "etl_logger", "message": "Token obtained successfully", "service": "cc_reconcile", "stage": "download_davinci", "status": "ok"}
{"timestamp": "2026-03-05T11:01:11+0800", "level": "INFO", "logger": "etl_logger", "message": "Start downloading Davinci CC Report for brand: VFSC...", "service": "cc_reconcile", "stage": "download_davinci", "status": "ok"}
{"timestamp": "2026-03-05T11:01:11+0800", "level": "WARNING", "logger": "etl_logger", "message": "POST failed (VFSC 2026-03-02) attempt 1: 502 Server Error: Bad Gateway for url: https://report.vantagemarkets.com/api/cc-detail/download, took 0.3s", "service": "cc_reconcile", "stage": "download_davinci", "status": "ok"}
{"timestamp": "2026-03-05T11:01:16+0800", "level": "WARNING", "logger": "etl_logger", "message": "POST failed (VFSC 2026-03-02) attempt 2: 502 Server Error: Bad Gateway for url: https://report.vantagemarkets.com/api/cc-detail/download, took 0.2s", "service": "cc_reconcile", "stage": "download_davinci", "status": "ok"}
{"timestamp": "2026-03-05T11:01:42+0800", "level": "INFO", "logger": "etl_logger", "message": "POST success (VFSC 2026-03-02): cc_withdraw_detail_report_20260305030142.csv, took 20.8s", "service": "cc_reconcile", "stage": "download_davinci", "status": "ok"}
{"timestamp": "2026-03-05T11:01:44+0800", "level": "INFO", "logger": "etl_logger", "message": "Download success (VFSC 2026-03-02): cc_withdraw_detail_report_20260305030142.csv, took 2.3s", "service": "cc_reconcile", "stage": "download_davinci", "status": "ok"}
{"timestamp": "2026-03-05T11:02:04+0800", "level": "INFO", "logger": "etl_logger", "message": "POST success (VFSC 2026-03-03): cc_withdraw_detail_report_20260305030204.csv, took 19.1s", "service": "cc_reconcile", "stage": "download_davinci", "status": "ok"}
{"timestamp": "2026-03-05T11:02:06+0800", "level": "INFO", "logger": "etl_logger", "message": "Download success (VFSC 2026-03-03): cc_withdraw_detail_report_20260305030204.csv, took 2.4s", "service": "cc_reconcile", "stage": "download_davinci", "status": "ok"}
{"timestamp": "2026-03-05T11:02:06+0800", "level": "WARNING", "logger": "etl_logger", "message": "POST failed (VFSC 2026-03-04) attempt 1: 502 Server Error: Bad Gateway for url: https://report.vantagemarkets.com/api/cc-detail/download, took 0.2s", "service": "cc_reconcile", "stage": "download_davinci", "status": "ok"}
{"timestamp": "2026-03-05T11:02:12+0800", "level": "WARNING", "logger": "etl_logger", "message": "POST failed (VFSC 2026-03-04) attempt 2: 502 Server Error: Bad Gateway for url: https://report.vantagemarkets.com/api/cc-detail/download, took 0.2s", "service": "cc_reconcile", "stage": "download_davinci", "status": "ok"}
{"timestamp": "2026-03-05T11:02:35+0800", "level": "INFO", "logger": "etl_logger", "message": "POST success (VFSC 2026-03-04): cc_withdraw_detail_report_20260305030235.csv, took 18.3s", "service": "cc_reconcile", "stage": "download_davinci", "status": "ok"}
{"timestamp": "2026-03-05T11:02:37+0800", "level": "INFO", "logger": "etl_logger", "message": "Download success (VFSC 2026-03-04): cc_withdraw_detail_report_20260305030235.csv, took 2.2s", "service": "cc_reconcile", "stage": "download_davinci", "status": "ok"}
{"timestamp": "2026-03-05T11:02:55+0800", "level": "INFO", "logger": "etl_logger", "message": "POST success (VFSC 2026-03-05): cc_withdraw_detail_report_20260305030255.csv, took 18.0s", "service": "cc_reconcile", "stage": "download_davinci", "status": "ok"}
{"timestamp": "2026-03-05T11:02:56+0800", "level": "INFO", "logger": "etl_logger", "message": "Download success (VFSC 2026-03-05): cc_withdraw_detail_report_20260305030255.csv, took 1.5s", "service": "cc_reconcile", "stage": "download_davinci", "status": "ok"}
{"timestamp": "2026-03-05T11:02:57+0800", "level": "INFO", "logger": "etl_logger", "message": "Finish downloading Davinci CC - VFSC Report", "service": "cc_reconcile", "stage": "download_davinci", "status": "ok"}
{"timestamp": "2026-03-05T11:02:57+0800", "level": "INFO", "logger": "etl_logger", "message": "Start downloading Davinci CC Report for brand: VFSC2...", "service": "cc_reconcile", "stage": "download_davinci", "status": "ok"}
{"timestamp": "2026-03-05T11:04:03+0800", "level": "INFO", "logger": "etl_logger", "message": "POST success (VFSC2 2026-03-02): cc_withdraw_detail_report_20260305030402.csv, took 66.3s", "service": "cc_reconcile", "stage": "download_davinci", "status": "ok"}
{"timestamp": "2026-03-05T11:04:07+0800", "level": "INFO", "logger": "etl_logger", "message": "Download success (VFSC2 2026-03-02): cc_withdraw_detail_report_20260305030402.csv, took 3.6s", "service": "cc_reconcile", "stage": "download_davinci", "status": "ok"}
{"timestamp": "2026-03-05T11:05:04+0800", "level": "INFO", "logger": "etl_logger", "message": "POST success (VFSC2 2026-03-03): cc_withdraw_detail_report_20260305030504.csv, took 57.8s", "service": "cc_reconcile", "stage": "download_davinci", "status": "ok"}
{"timestamp": "2026-03-05T11:05:05+0800", "level": "WARNING", "logger": "etl_logger", "message": "Download failed (VFSC2 2026-03-03) attempt 1: 502 Server Error: Bad Gateway for url: https://report.vantagemarkets.com/api/download/cc_withdraw_detail_report_20260305030504.csv, took 1.0s", "service": "cc_reconcile", "stage": "download_davinci", "status": "ok"}
{"timestamp": "2026-03-05T11:05:11+0800", "level": "WARNING", "logger": "etl_logger", "message": "Download failed (VFSC2 2026-03-03) attempt 2: 502 Server Error: Bad Gateway for url: https://report.vantagemarkets.com/api/download/cc_withdraw_detail_report_20260305030504.csv, took 0.8s", "service": "cc_reconcile", "stage": "download_davinci", "status": "ok"}
{"timestamp": "2026-03-05T11:05:19+0800", "level": "INFO", "logger": "etl_logger", "message": "Download success (VFSC2 2026-03-03): cc_withdraw_detail_report_20260305030504.csv, took 2.6s", "service": "cc_reconcile", "stage": "download_davinci", "status": "ok"}
{"timestamp": "2026-03-05T11:06:20+0800", "level": "INFO", "logger": "etl_logger", "message": "POST success (VFSC2 2026-03-04): cc_withdraw_detail_report_20260305030619.csv, took 60.8s", "service": "cc_reconcile", "stage": "download_davinci", "status": "ok"}
{"timestamp": "2026-03-05T11:06:21+0800", "level": "WARNING", "logger": "etl_logger", "message": "Download failed (VFSC2 2026-03-04) attempt 1: 502 Server Error: Bad Gateway for url: https://report.vantagemarkets.com/api/download/cc_withdraw_detail_report_20260305030619.csv, took 1.0s", "service": "cc_reconcile", "stage": "download_davinci", "status": "ok"}
{"timestamp": "2026-03-05T11:06:28+0800", "level": "INFO", "logger": "etl_logger", "message": "Download success (VFSC2 2026-03-04): cc_withdraw_detail_report_20260305030619.csv, took 2.3s", "service": "cc_reconcile", "stage": "download_davinci", "status": "ok"}
{"timestamp": "2026-03-05T11:07:24+0800", "level": "INFO", "logger": "etl_logger", "message": "POST success (VFSC2 2026-03-05): cc_withdraw_detail_report_20260305030724.csv, took 55.9s", "service": "cc_reconcile", "stage": "download_davinci", "status": "ok"}
{"timestamp": "2026-03-05T11:07:26+0800", "level": "INFO", "logger": "etl_logger", "message": "Download success (VFSC2 2026-03-05): cc_withdraw_detail_report_20260305030724.csv, took 2.3s", "service": "cc_reconcile", "stage": "download_davinci", "status": "ok"}
{"timestamp": "2026-03-05T11:07:27+0800", "level": "INFO", "logger": "etl_logger", "message": "Finish downloading Davinci CC - VFSC2 Report", "service": "cc_reconcile", "stage": "download_davinci", "status": "ok"}
{"timestamp": "2026-03-05T11:07:27+0800", "level": "INFO", "logger": "etl_logger", "message": "Finish downloading Davinci CC Report for all brands, total rows: 61887", "service": "cc_reconcile", "stage": "download_davinci", "status": "ok"}
{"timestamp": "2026-03-05T11:07:27+0800", "level": "INFO", "logger": "etl_logger", "message": "Download CRM CC Report Finish ，Total: 61887", "service": "cc_reconcile", "stage": "download", "status": "ok"}
{"timestamp": "2026-03-05T11:07:27+0800", "level": "INFO", "logger": "etl_logger", "message": "Start reconcile...", "service": "cc_reconcile", "stage": "reconcile", "status": "ok"}
{"timestamp": "2026-03-05T11:07:27+0800", "level": "INFO", "logger": "etl_logger", "message": "Reconcile Finish ，Total Mismatch Case: 3", "service": "cc_reconcile", "stage": "reconcile", "status": "ok"}
{"timestamp": "2026-03-05T11:07:28+0800", "level": "INFO", "logger": "etl_logger", "message": "Connect Lark Finish", "service": "cc_reconcile", "stage": "lark", "status": "ok"}
{"timestamp": "2026-03-05T11:07:28+0800", "level": "INFO", "logger": "etl_logger", "message": "Start query existing data in LarkSheet...", "service": "cc_reconcile", "stage": "lark", "status": "ok"}
{"timestamp": "2026-03-05T11:07:29+0800", "level": "INFO", "logger": "etl_logger", "message": "Query existing data in LarkSheet Finish", "service": "cc_reconcile", "stage": "lark", "status": "ok"}
{"timestamp": "2026-03-05T11:07:29+0800", "level": "INFO", "logger": "etl_logger", "message": "Total unique keys in LarkSheet: 160, Total new mismatch cases to upload: 0", "service": "cc_reconcile", "stage": "lark", "status": "ok"}
{"timestamp": "2026-03-05T11:07:29+0800", "level": "INFO", "logger": "etl_logger", "message": "Append data to LarkSheet with range: Kalw4Y!A2:L3, rows: 1, columns: 12", "service": "cc_reconcile", "stage": "lark", "status": "ok"}
{"timestamp": "2026-03-05T11:07:29+0800", "level": "INFO", "logger": "etl_logger", "message": "✅ Successfully appended data to LarkSheet", "service": "cc_reconcile", "stage": "lark", "status": "ok"}
{"timestamp": "2026-03-05T11:07:30+0800", "level": "INFO", "logger": "etl_logger", "message": "Upload data to LarkSheet Finish", "service": "cc_reconcile", "stage": "lark", "status": "ok"}
{"timestamp": "2026-03-05T12:00:01+0800", "level": "INFO", "logger": "etl_logger", "message": "Start download reports...", "service": "cc_reconcile", "stage": "download", "status": "ok"}
{"timestamp": "2026-03-05T12:00:05+0800", "level": "INFO", "logger": "etl_logger", "message": "Payabl Login Success and Get Token Success", "service": "cc_reconcile", "stage": "download_payabl", "status": "ok"}
{"timestamp": "2026-03-05T12:00:05+0800", "level": "INFO", "logger": "etl_logger", "message": "Start downloading Payabl CC Report for date: 2026-03-04...", "service": "cc_reconcile", "stage": "download_payabl", "status": "ok"}
{"timestamp": "2026-03-05T12:00:48+0800", "level": "INFO", "logger": "etl_logger", "message": "Start downloading Payabl CC Report for date: 2026-03-05...", "service": "cc_reconcile", "stage": "download_payabl", "status": "ok"}
{"timestamp": "2026-03-05T12:00:59+0800", "level": "INFO", "logger": "etl_logger", "message": "Finish downloading Payabl CC Report", "service": "cc_reconcile", "stage": "download_payabl", "status": "ok"}
{"timestamp": "2026-03-05T12:00:59+0800", "level": "INFO", "logger": "etl_logger", "message": "Download Payabl CC Report Finish ，Total: 60844", "service": "cc_reconcile", "stage": "download", "status": "ok"}
{"timestamp": "2026-03-05T12:00:59+0800", "level": "INFO", "logger": "etl_logger", "message": "Login attempt 1/5", "service": "cc_reconcile", "stage": "download_davinci", "status": "ok"}
{"timestamp": "2026-03-05T12:01:00+0800", "level": "INFO", "logger": "etl_logger", "message": "Login response status=200, url=https://admin.vantagemarkets.com/login/to_login, cookies=3", "service": "cc_reconcile", "stage": "download_davinci", "status": "ok"}
{"timestamp": "2026-03-05T12:01:00+0800", "level": "WARNING", "logger": "etl_logger", "message": "被導回 login 頁面（可能帳密/TOTP/風控）", "service": "cc_reconcile", "stage": "download_davinci", "status": "ok"}
{"timestamp": "2026-03-05T12:01:02+0800", "level": "INFO", "logger": "etl_logger", "message": "Login attempt 2/5", "service": "cc_reconcile", "stage": "download_davinci", "status": "ok"}
{"timestamp": "2026-03-05T12:01:04+0800", "level": "INFO", "logger": "etl_logger", "message": "Login response status=200, url=https://admin.vantagemarkets.com/admin/main, cookies=4", "service": "cc_reconcile", "stage": "download_davinci", "status": "ok"}
{"timestamp": "2026-03-05T12:01:04+0800", "level": "INFO", "logger": "etl_logger", "message": "Login successful", "service": "cc_reconcile", "stage": "download_davinci", "status": "ok"}
{"timestamp": "2026-03-05T12:01:04+0800", "level": "INFO", "logger": "etl_logger", "message": "Token obtained successfully", "service": "cc_reconcile", "stage": "download_davinci", "status": "ok"}
{"timestamp": "2026-03-05T12:01:04+0800", "level": "INFO", "logger": "etl_logger", "message": "Start downloading Davinci CC Report for brand: VFSC...", "service": "cc_reconcile", "stage": "download_davinci", "status": "ok"}
{"timestamp": "2026-03-05T12:01:23+0800", "level": "INFO", "logger": "etl_logger", "message": "POST success (VFSC 2026-03-02): cc_withdraw_detail_report_20260305040123.csv, took 18.9s", "service": "cc_reconcile", "stage": "download_davinci", "status": "ok"}
{"timestamp": "2026-03-05T12:01:24+0800", "level": "WARNING", "logger": "etl_logger", "message": "Download failed (VFSC 2026-03-02) attempt 1: 502 Server Error: Bad Gateway for url: https://report.vantagemarkets.com/api/download/cc_withdraw_detail_report_20260305040123.csv, took 1.0s", "service": "cc_reconcile", "stage": "download_davinci", "status": "ok"}
{"timestamp": "2026-03-05T12:01:30+0800", "level": "WARNING", "logger": "etl_logger", "message": "Download failed (VFSC 2026-03-02) attempt 2: 502 Server Error: Bad Gateway for url: https://report.vantagemarkets.com/api/download/cc_withdraw_detail_report_20260305040123.csv, took 0.7s", "service": "cc_reconcile", "stage": "download_davinci", "status": "ok"}
{"timestamp": "2026-03-05T12:01:36+0800", "level": "INFO", "logger": "etl_logger", "message": "Download success (VFSC 2026-03-02): cc_withdraw_detail_report_20260305040123.csv, took 1.7s", "service": "cc_reconcile", "stage": "download_davinci", "status": "ok"}
{"timestamp": "2026-03-05T12:01:54+0800", "level": "INFO", "logger": "etl_logger", "message": "POST success (VFSC 2026-03-03): cc_withdraw_detail_report_20260305040154.csv, took 17.6s", "service": "cc_reconcile", "stage": "download_davinci", "status": "ok"}
{"timestamp": "2026-03-05T12:01:56+0800", "level": "INFO", "logger": "etl_logger", "message": "Download success (VFSC 2026-03-03): cc_withdraw_detail_report_20260305040154.csv, took 2.4s", "service": "cc_reconcile", "stage": "download_davinci", "status": "ok"}
{"timestamp": "2026-03-05T12:01:57+0800", "level": "WARNING", "logger": "etl_logger", "message": "POST failed (VFSC 2026-03-04) attempt 1: 502 Server Error: Bad Gateway for url: https://report.vantagemarkets.com/api/cc-detail/download, took 0.2s", "service": "cc_reconcile", "stage": "download_davinci", "status": "ok"}
{"timestamp": "2026-03-05T12:02:19+0800", "level": "INFO", "logger": "etl_logger", "message": "POST success (VFSC 2026-03-04): cc_withdraw_detail_report_20260305040219.csv, took 17.6s", "service": "cc_reconcile", "stage": "download_davinci", "status": "ok"}
{"timestamp": "2026-03-05T12:02:21+0800", "level": "INFO", "logger": "etl_logger", "message": "Download success (VFSC 2026-03-04): cc_withdraw_detail_report_20260305040219.csv, took 2.1s", "service": "cc_reconcile", "stage": "download_davinci", "status": "ok"}
{"timestamp": "2026-03-05T12:02:39+0800", "level": "INFO", "logger": "etl_logger", "message": "POST success (VFSC 2026-03-05): cc_withdraw_detail_report_20260305040239.csv, took 17.8s", "service": "cc_reconcile", "stage": "download_davinci", "status": "ok"}
{"timestamp": "2026-03-05T12:02:41+0800", "level": "INFO", "logger": "etl_logger", "message": "Download success (VFSC 2026-03-05): cc_withdraw_detail_report_20260305040239.csv, took 1.5s", "service": "cc_reconcile", "stage": "download_davinci", "status": "ok"}
{"timestamp": "2026-03-05T12:02:41+0800", "level": "INFO", "logger": "etl_logger", "message": "Finish downloading Davinci CC - VFSC Report", "service": "cc_reconcile", "stage": "download_davinci", "status": "ok"}
{"timestamp": "2026-03-05T12:02:41+0800", "level": "INFO", "logger": "etl_logger", "message": "Start downloading Davinci CC Report for brand: VFSC2...", "service": "cc_reconcile", "stage": "download_davinci", "status": "ok"}
{"timestamp": "2026-03-05T12:02:41+0800", "level": "WARNING", "logger": "etl_logger", "message": "POST failed (VFSC2 2026-03-02) attempt 1: 502 Server Error: Bad Gateway for url: https://report.vantagemarkets.com/api/cc-detail/download, took 0.3s", "service": "cc_reconcile", "stage": "download_davinci", "status": "ok"}
{"timestamp": "2026-03-05T12:03:42+0800", "level": "INFO", "logger": "etl_logger", "message": "POST success (VFSC2 2026-03-02): cc_withdraw_detail_report_20260305040342.csv, took 56.4s", "service": "cc_reconcile", "stage": "download_davinci", "status": "ok"}
{"timestamp": "2026-03-05T12:03:46+0800", "level": "INFO", "logger": "etl_logger", "message": "Download success (VFSC2 2026-03-02): cc_withdraw_detail_report_20260305040342.csv, took 3.4s", "service": "cc_reconcile", "stage": "download_davinci", "status": "ok"}
{"timestamp": "2026-03-05T12:03:46+0800", "level": "WARNING", "logger": "etl_logger", "message": "POST failed (VFSC2 2026-03-03) attempt 1: 502 Server Error: Bad Gateway for url: https://report.vantagemarkets.com/api/cc-detail/download, took 0.2s", "service": "cc_reconcile", "stage": "download_davinci", "status": "ok"}
{"timestamp": "2026-03-05T12:04:58+0800", "level": "INFO", "logger": "etl_logger", "message": "POST success (VFSC2 2026-03-03): cc_withdraw_detail_report_20260305040458.csv, took 67.3s", "service": "cc_reconcile", "stage": "download_davinci", "status": "ok"}
{"timestamp": "2026-03-05T12:04:59+0800", "level": "WARNING", "logger": "etl_logger", "message": "Download failed (VFSC2 2026-03-03) attempt 1: 502 Server Error: Bad Gateway for url: https://report.vantagemarkets.com/api/download/cc_withdraw_detail_report_20260305040458.csv, took 0.9s", "service": "cc_reconcile", "stage": "download_davinci", "status": "ok"}
{"timestamp": "2026-03-05T12:05:05+0800", "level": "WARNING", "logger": "etl_logger", "message": "Download failed (VFSC2 2026-03-03) attempt 2: 502 Server Error: Bad Gateway for url: https://report.vantagemarkets.com/api/download/cc_withdraw_detail_report_20260305040458.csv, took 0.9s", "service": "cc_reconcile", "stage": "download_davinci", "status": "ok"}
{"timestamp": "2026-03-05T12:06:46+0800", "level": "INFO", "logger": "etl_logger", "message": "Download success (VFSC2 2026-03-03): cc_withdraw_detail_report_20260305040458.csv, took 96.0s", "service": "cc_reconcile", "stage": "download_davinci", "status": "ok"}
{"timestamp": "2026-03-05T12:07:52+0800", "level": "INFO", "logger": "etl_logger", "message": "POST success (VFSC2 2026-03-04): cc_withdraw_detail_report_20260305040751.csv, took 65.3s", "service": "cc_reconcile", "stage": "download_davinci", "status": "ok"}
{"timestamp": "2026-03-05T12:07:53+0800", "level": "WARNING", "logger": "etl_logger", "message": "Download failed (VFSC2 2026-03-04) attempt 1: 502 Server Error: Bad Gateway for url: https://report.vantagemarkets.com/api/download/cc_withdraw_detail_report_20260305040751.csv, took 1.0s", "service": "cc_reconcile", "stage": "download_davinci", "status": "ok"}
{"timestamp": "2026-03-05T12:08:00+0800", "level": "INFO", "logger": "etl_logger", "message": "Download success (VFSC2 2026-03-04): cc_withdraw_detail_report_20260305040751.csv, took 2.4s", "service": "cc_reconcile", "stage": "download_davinci", "status": "ok"}
{"timestamp": "2026-03-05T12:09:03+0800", "level": "INFO", "logger": "etl_logger", "message": "POST success (VFSC2 2026-03-05): cc_withdraw_detail_report_20260305040903.csv, took 63.1s", "service": "cc_reconcile", "stage": "download_davinci", "status": "ok"}
{"timestamp": "2026-03-05T12:09:06+0800", "level": "INFO", "logger": "etl_logger", "message": "Download success (VFSC2 2026-03-05): cc_withdraw_detail_report_20260305040903.csv, took 2.4s", "service": "cc_reconcile", "stage": "download_davinci", "status": "ok"}
{"timestamp": "2026-03-05T12:09:06+0800", "level": "INFO", "logger": "etl_logger", "message": "Finish downloading Davinci CC - VFSC2 Report", "service": "cc_reconcile", "stage": "download_davinci", "status": "ok"}
{"timestamp": "2026-03-05T12:09:06+0800", "level": "INFO", "logger": "etl_logger", "message": "Finish downloading Davinci CC Report for all brands, total rows: 62157", "service": "cc_reconcile", "stage": "download_davinci", "status": "ok"}
{"timestamp": "2026-03-05T12:09:06+0800", "level": "INFO", "logger": "etl_logger", "message": "Download CRM CC Report Finish ，Total: 62157", "service": "cc_reconcile", "stage": "download", "status": "ok"}
{"timestamp": "2026-03-05T12:09:06+0800", "level": "INFO", "logger": "etl_logger", "message": "Start reconcile...", "service": "cc_reconcile", "stage": "reconcile", "status": "ok"}
{"timestamp": "2026-03-05T12:09:07+0800", "level": "INFO", "logger": "etl_logger", "message": "Reconcile Finish ，Total Mismatch Case: 3", "service": "cc_reconcile", "stage": "reconcile", "status": "ok"}
{"timestamp": "2026-03-05T12:09:07+0800", "level": "INFO", "logger": "etl_logger", "message": "Connect Lark Finish", "service": "cc_reconcile", "stage": "lark", "status": "ok"}
{"timestamp": "2026-03-05T12:09:07+0800", "level": "INFO", "logger": "etl_logger", "message": "Start query existing data in LarkSheet...", "service": "cc_reconcile", "stage": "lark", "status": "ok"}
{"timestamp": "2026-03-05T12:09:08+0800", "level": "INFO", "logger": "etl_logger", "message": "Query existing data in LarkSheet Finish", "service": "cc_reconcile", "stage": "lark", "status": "ok"}
{"timestamp": "2026-03-05T12:09:08+0800", "level": "INFO", "logger": "etl_logger", "message": "Total unique keys in LarkSheet: 160, Total new mismatch cases to upload: 0", "service": "cc_reconcile", "stage": "lark", "status": "ok"}
{"timestamp": "2026-03-05T12:09:08+0800", "level": "INFO", "logger": "etl_logger", "message": "Append data to LarkSheet with range: Kalw4Y!A2:L3, rows: 1, columns: 12", "service": "cc_reconcile", "stage": "lark", "status": "ok"}
{"timestamp": "2026-03-05T12:09:09+0800", "level": "INFO", "logger": "etl_logger", "message": "✅ Successfully appended data to LarkSheet", "service": "cc_reconcile", "stage": "lark", "status": "ok"}
{"timestamp": "2026-03-05T12:09:10+0800", "level": "INFO", "logger": "etl_logger", "message": "Upload data to LarkSheet Finish", "service": "cc_reconcile", "stage": "lark", "status": "ok"}
{"timestamp": "2026-03-05T13:00:02+0800", "level": "INFO", "logger": "etl_logger", "message": "Start download reports...", "service": "cc_reconcile", "stage": "download", "status": "ok"}
{"timestamp": "2026-03-05T13:00:07+0800", "level": "INFO", "logger": "etl_logger", "message": "Payabl Login Success and Get Token Success", "service": "cc_reconcile", "stage": "download_payabl", "status": "ok"}
{"timestamp": "2026-03-05T13:00:07+0800", "level": "INFO", "logger": "etl_logger", "message": "Start downloading Payabl CC Report for date: 2026-03-04...", "service": "cc_reconcile", "stage": "download_payabl", "status": "ok"}
{"timestamp": "2026-03-05T13:02:04+0800", "level": "INFO", "logger": "etl_logger", "message": "Start downloading Payabl CC Report for date: 2026-03-05...", "service": "cc_reconcile", "stage": "download_payabl", "status": "ok"}
{"timestamp": "2026-03-05T13:02:14+0800", "level": "INFO", "logger": "etl_logger", "message": "Finish downloading Payabl CC Report", "service": "cc_reconcile", "stage": "download_payabl", "status": "ok"}
{"timestamp": "2026-03-05T13:02:14+0800", "level": "INFO", "logger": "etl_logger", "message": "Download Payabl CC Report Finish ，Total: 61570", "service": "cc_reconcile", "stage": "download", "status": "ok"}
{"timestamp": "2026-03-05T13:02:14+0800", "level": "INFO", "logger": "etl_logger", "message": "Login attempt 1/5", "service": "cc_reconcile", "stage": "download_davinci", "status": "ok"}
{"timestamp": "2026-03-05T13:02:15+0800", "level": "INFO", "logger": "etl_logger", "message": "Login response status=200, url=https://admin.vantagemarkets.com/admin/main, cookies=4", "service": "cc_reconcile", "stage": "download_davinci", "status": "ok"}
{"timestamp": "2026-03-05T13:02:15+0800", "level": "INFO", "logger": "etl_logger", "message": "Login successful", "service": "cc_reconcile", "stage": "download_davinci", "status": "ok"}
{"timestamp": "2026-03-05T13:02:16+0800", "level": "INFO", "logger": "etl_logger", "message": "Token obtained successfully", "service": "cc_reconcile", "stage": "download_davinci", "status": "ok"}
{"timestamp": "2026-03-05T13:02:16+0800", "level": "INFO", "logger": "etl_logger", "message": "Start downloading Davinci CC Report for brand: VFSC...", "service": "cc_reconcile", "stage": "download_davinci", "status": "ok"}
{"timestamp": "2026-03-05T13:03:02+0800", "level": "INFO", "logger": "etl_logger", "message": "POST success (VFSC 2026-03-02): cc_withdraw_detail_report_20260305050302.csv, took 46.5s", "service": "cc_reconcile", "stage": "download_davinci", "status": "ok"}
{"timestamp": "2026-03-05T13:03:05+0800", "level": "INFO", "logger": "etl_logger", "message": "Download success (VFSC 2026-03-02): cc_withdraw_detail_report_20260305050302.csv, took 2.4s", "service": "cc_reconcile", "stage": "download_davinci", "status": "ok"}
{"timestamp": "2026-03-05T13:03:05+0800", "level": "WARNING", "logger": "etl_logger", "message": "POST failed (VFSC 2026-03-03) attempt 1: 502 Server Error: Bad Gateway for url: https://report.vantagemarkets.com/api/cc-detail/download, took 0.2s", "service": "cc_reconcile", "stage": "download_davinci", "status": "ok"}
{"timestamp": "2026-03-05T13:03:29+0800", "level": "INFO", "logger": "etl_logger", "message": "POST success (VFSC 2026-03-03): cc_withdraw_detail_report_20260305050329.csv, took 19.3s", "service": "cc_reconcile", "stage": "download_davinci", "status": "ok"}
{"timestamp": "2026-03-05T13:03:30+0800", "level": "WARNING", "logger": "etl_logger", "message": "Download failed (VFSC 2026-03-03) attempt 1: 502 Server Error: Bad Gateway for url: https://report.vantagemarkets.com/api/download/cc_withdraw_detail_report_20260305050329.csv, took 1.0s", "service": "cc_reconcile", "stage": "download_davinci", "status": "ok"}
{"timestamp": "2026-03-05T13:03:36+0800", "level": "WARNING", "logger": "etl_logger", "message": "Download failed (VFSC 2026-03-03) attempt 2: 502 Server Error: Bad Gateway for url: https://report.vantagemarkets.com/api/download/cc_withdraw_detail_report_20260305050329.csv, took 1.0s", "service": "cc_reconcile", "stage": "download_davinci", "status": "ok"}
{"timestamp": "2026-03-05T13:03:43+0800", "level": "INFO", "logger": "etl_logger", "message": "Download success (VFSC 2026-03-03): cc_withdraw_detail_report_20260305050329.csv, took 1.7s", "service": "cc_reconcile", "stage": "download_davinci", "status": "ok"}
{"timestamp": "2026-03-05T13:03:43+0800", "level": "WARNING", "logger": "etl_logger", "message": "POST failed (VFSC 2026-03-04) attempt 1: 502 Server Error: Bad Gateway for url: https://report.vantagemarkets.com/api/cc-detail/download, took 0.2s", "service": "cc_reconcile", "stage": "download_davinci", "status": "ok"}
{"timestamp": "2026-03-05T13:04:07+0800", "level": "INFO", "logger": "etl_logger", "message": "POST success (VFSC 2026-03-04): cc_withdraw_detail_report_20260305050407.csv, took 18.5s", "service": "cc_reconcile", "stage": "download_davinci", "status": "ok"}
{"timestamp": "2026-03-05T13:04:08+0800", "level": "WARNING", "logger": "etl_logger", "message": "Download failed (VFSC 2026-03-04) attempt 1: 502 Server Error: Bad Gateway for url: https://report.vantagemarkets.com/api/download/cc_withdraw_detail_report_20260305050407.csv, took 1.0s", "service": "cc_reconcile", "stage": "download_davinci", "status": "ok"}
{"timestamp": "2026-03-05T13:04:14+0800", "level": "INFO", "logger": "etl_logger", "message": "Download success (VFSC 2026-03-04): cc_withdraw_detail_report_20260305050407.csv, took 1.5s", "service": "cc_reconcile", "stage": "download_davinci", "status": "ok"}
{"timestamp": "2026-03-05T13:04:33+0800", "level": "INFO", "logger": "etl_logger", "message": "POST success (VFSC 2026-03-05): cc_withdraw_detail_report_20260305050433.csv, took 18.5s", "service": "cc_reconcile", "stage": "download_davinci", "status": "ok"}
{"timestamp": "2026-03-05T13:04:34+0800", "level": "WARNING", "logger": "etl_logger", "message": "Download failed (VFSC 2026-03-05) attempt 1: 502 Server Error: Bad Gateway for url: https://report.vantagemarkets.com/api/download/cc_withdraw_detail_report_20260305050433.csv, took 1.0s", "service": "cc_reconcile", "stage": "download_davinci", "status": "ok"}
{"timestamp": "2026-03-05T13:04:40+0800", "level": "WARNING", "logger": "etl_logger", "message": "Download failed (VFSC 2026-03-05) attempt 2: 502 Server Error: Bad Gateway for url: https://report.vantagemarkets.com/api/download/cc_withdraw_detail_report_20260305050433.csv, took 0.9s", "service": "cc_reconcile", "stage": "download_davinci", "status": "ok"}
{"timestamp": "2026-03-05T13:04:46+0800", "level": "INFO", "logger": "etl_logger", "message": "Download success (VFSC 2026-03-05): cc_withdraw_detail_report_20260305050433.csv, took 1.1s", "service": "cc_reconcile", "stage": "download_davinci", "status": "ok"}
{"timestamp": "2026-03-05T13:04:46+0800", "level": "INFO", "logger": "etl_logger", "message": "Finish downloading Davinci CC - VFSC Report", "service": "cc_reconcile", "stage": "download_davinci", "status": "ok"}
{"timestamp": "2026-03-05T13:04:46+0800", "level": "INFO", "logger": "etl_logger", "message": "Start downloading Davinci CC Report for brand: VFSC2...", "service": "cc_reconcile", "stage": "download_davinci", "status": "ok"}
{"timestamp": "2026-03-05T13:05:57+0800", "level": "INFO", "logger": "etl_logger", "message": "POST success (VFSC2 2026-03-02): cc_withdraw_detail_report_20260305050556.csv, took 70.7s", "service": "cc_reconcile", "stage": "download_davinci", "status": "ok"}
{"timestamp": "2026-03-05T13:05:58+0800", "level": "WARNING", "logger": "etl_logger", "message": "Download failed (VFSC2 2026-03-02) attempt 1: 502 Server Error: Bad Gateway for url: https://report.vantagemarkets.com/api/download/cc_withdraw_detail_report_20260305050556.csv, took 1.0s", "service": "cc_reconcile", "stage": "download_davinci", "status": "ok"}
{"timestamp": "2026-03-05T13:06:03+0800", "level": "WARNING", "logger": "etl_logger", "message": "Download failed (VFSC2 2026-03-02) attempt 2: 502 Server Error: Bad Gateway for url: https://report.vantagemarkets.com/api/download/cc_withdraw_detail_report_20260305050556.csv, took 0.5s", "service": "cc_reconcile", "stage": "download_davinci", "status": "ok"}
{"timestamp": "2026-03-05T13:06:08+0800", "level": "WARNING", "logger": "etl_logger", "message": "Download failed (VFSC2 2026-03-02) attempt 3: 502 Server Error: Bad Gateway for url: https://report.vantagemarkets.com/api/download/cc_withdraw_detail_report_20260305050556.csv, took 0.4s", "service": "cc_reconcile", "stage": "download_davinci", "status": "ok"}
{"timestamp": "2026-03-05T13:06:14+0800", "level": "WARNING", "logger": "etl_logger", "message": "Download failed (VFSC2 2026-03-02) attempt 4: 502 Server Error: Bad Gateway for url: https://report.vantagemarkets.com/api/download/cc_withdraw_detail_report_20260305050556.csv, took 0.4s", "service": "cc_reconcile", "stage": "download_davinci", "status": "ok"}
{"timestamp": "2026-03-05T13:06:19+0800", "level": "WARNING", "logger": "etl_logger", "message": "Download failed (VFSC2 2026-03-02) attempt 5: 502 Server Error: Bad Gateway for url: https://report.vantagemarkets.com/api/download/cc_withdraw_detail_report_20260305050556.csv, took 0.3s", "service": "cc_reconcile", "stage": "download_davinci", "status": "ok"}
{"timestamp": "2026-03-05T13:06:25+0800", "level": "WARNING", "logger": "etl_logger", "message": "Download failed (VFSC2 2026-03-02) attempt 6: 502 Server Error: Bad Gateway for url: https://report.vantagemarkets.com/api/download/cc_withdraw_detail_report_20260305050556.csv, took 0.4s", "service": "cc_reconcile", "stage": "download_davinci", "status": "ok"}
{"timestamp": "2026-03-05T13:06:30+0800", "level": "WARNING", "logger": "etl_logger", "message": "Download failed (VFSC2 2026-03-02) attempt 7: 502 Server Error: Bad Gateway for url: https://report.vantagemarkets.com/api/download/cc_withdraw_detail_report_20260305050556.csv, took 0.3s", "service": "cc_reconcile", "stage": "download_davinci", "status": "ok"}
{"timestamp": "2026-03-05T13:06:38+0800", "level": "INFO", "logger": "etl_logger", "message": "Download success (VFSC2 2026-03-02): cc_withdraw_detail_report_20260305050556.csv, took 2.8s", "service": "cc_reconcile", "stage": "download_davinci", "status": "ok"}
{"timestamp": "2026-03-05T13:07:47+0800", "level": "INFO", "logger": "etl_logger", "message": "POST success (VFSC2 2026-03-03): cc_withdraw_detail_report_20260305050746.csv, took 68.9s", "service": "cc_reconcile", "stage": "download_davinci", "status": "ok"}
{"timestamp": "2026-03-05T13:07:50+0800", "level": "INFO", "logger": "etl_logger", "message": "Download success (VFSC2 2026-03-03): cc_withdraw_detail_report_20260305050746.csv, took 3.2s", "service": "cc_reconcile", "stage": "download_davinci", "status": "ok"}
{"timestamp": "2026-03-05T13:08:42+0800", "level": "INFO", "logger": "etl_logger", "message": "POST success (VFSC2 2026-03-04): cc_withdraw_detail_report_20260305050842.csv, took 52.0s", "service": "cc_reconcile", "stage": "download_davinci", "status": "ok"}
{"timestamp": "2026-03-05T13:08:45+0800", "level": "INFO", "logger": "etl_logger", "message": "Download success (VFSC2 2026-03-04): cc_withdraw_detail_report_20260305050842.csv, took 3.2s", "service": "cc_reconcile", "stage": "download_davinci", "status": "ok"}
{"timestamp": "2026-03-05T13:08:45+0800", "level": "WARNING", "logger": "etl_logger", "message": "POST failed (VFSC2 2026-03-05) attempt 1: 502 Server Error: Bad Gateway for url: https://report.vantagemarkets.com/api/cc-detail/download, took 0.3s", "service": "cc_reconcile", "stage": "download_davinci", "status": "ok"}
{"timestamp": "2026-03-05T13:09:51+0800", "level": "INFO", "logger": "etl_logger", "message": "POST success (VFSC2 2026-03-05): cc_withdraw_detail_report_20260305050951.csv, took 61.2s", "service": "cc_reconcile", "stage": "download_davinci", "status": "ok"}
{"timestamp": "2026-03-05T13:09:52+0800", "level": "WARNING", "logger": "etl_logger", "message": "Download failed (VFSC2 2026-03-05) attempt 1: 502 Server Error: Bad Gateway for url: https://report.vantagemarkets.com/api/download/cc_withdraw_detail_report_20260305050951.csv, took 0.9s", "service": "cc_reconcile", "stage": "download_davinci", "status": "ok"}
{"timestamp": "2026-03-05T13:09:58+0800", "level": "WARNING", "logger": "etl_logger", "message": "Download failed (VFSC2 2026-03-05) attempt 2: 502 Server Error: Bad Gateway for url: https://report.vantagemarkets.com/api/download/cc_withdraw_detail_report_20260305050951.csv, took 0.3s", "service": "cc_reconcile", "stage": "download_davinci", "status": "ok"}
{"timestamp": "2026-03-05T13:10:07+0800", "level": "INFO", "logger": "etl_logger", "message": "Download success (VFSC2 2026-03-05): cc_withdraw_detail_report_20260305050951.csv, took 4.1s", "service": "cc_reconcile", "stage": "download_davinci", "status": "ok"}
{"timestamp": "2026-03-05T13:10:08+0800", "level": "INFO", "logger": "etl_logger", "message": "Finish downloading Davinci CC - VFSC2 Report", "service": "cc_reconcile", "stage": "download_davinci", "status": "ok"}
{"timestamp": "2026-03-05T13:10:08+0800", "level": "INFO", "logger": "etl_logger", "message": "Finish downloading Davinci CC Report for all brands, total rows: 62329", "service": "cc_reconcile", "stage": "download_davinci", "status": "ok"}
{"timestamp": "2026-03-05T13:10:08+0800", "level": "INFO", "logger": "etl_logger", "message": "Download CRM CC Report Finish ，Total: 62329", "service": "cc_reconcile", "stage": "download", "status": "ok"}
{"timestamp": "2026-03-05T13:10:08+0800", "level": "INFO", "logger": "etl_logger", "message": "Start reconcile...", "service": "cc_reconcile", "stage": "reconcile", "status": "ok"}
{"timestamp": "2026-03-05T13:10:08+0800", "level": "INFO", "logger": "etl_logger", "message": "Reconcile Finish ，Total Mismatch Case: 3", "service": "cc_reconcile", "stage": "reconcile", "status": "ok"}
{"timestamp": "2026-03-05T13:10:08+0800", "level": "INFO", "logger": "etl_logger", "message": "Connect Lark Finish", "service": "cc_reconcile", "stage": "lark", "status": "ok"}
{"timestamp": "2026-03-05T13:10:08+0800", "level": "INFO", "logger": "etl_logger", "message": "Start query existing data in LarkSheet...", "service": "cc_reconcile", "stage": "lark", "status": "ok"}
{"timestamp": "2026-03-05T13:10:09+0800", "level": "INFO", "logger": "etl_logger", "message": "Query existing data in LarkSheet Finish", "service": "cc_reconcile", "stage": "lark", "status": "ok"}
{"timestamp": "2026-03-05T13:10:09+0800", "level": "INFO", "logger": "etl_logger", "message": "Total unique keys in LarkSheet: 160, Total new mismatch cases to upload: 0", "service": "cc_reconcile", "stage": "lark", "status": "ok"}
{"timestamp": "2026-03-05T13:10:09+0800", "level": "INFO", "logger": "etl_logger", "message": "Append data to LarkSheet with range: Kalw4Y!A2:L3, rows: 1, columns: 12", "service": "cc_reconcile", "stage": "lark", "status": "ok"}
{"timestamp": "2026-03-05T13:10:10+0800", "level": "INFO", "logger": "etl_logger", "message": "✅ Successfully appended data to LarkSheet", "service": "cc_reconcile", "stage": "lark", "status": "ok"}
{"timestamp": "2026-03-05T13:10:11+0800", "level": "INFO", "logger": "etl_logger", "message": "Upload data to LarkSheet Finish", "service": "cc_reconcile", "stage": "lark", "status": "ok"}
{"timestamp": "2026-03-05T14:00:02+0800", "level": "INFO", "logger": "etl_logger", "message": "Start download reports...", "service": "cc_reconcile", "stage": "download", "status": "ok"}
{"timestamp": "2026-03-05T14:00:05+0800", "level": "INFO", "logger": "etl_logger", "message": "Payabl Login Success and Get Token Success", "service": "cc_reconcile", "stage": "download_payabl", "status": "ok"}
{"timestamp": "2026-03-05T14:00:05+0800", "level": "INFO", "logger": "etl_logger", "message": "Start downloading Payabl CC Report for date: 2026-03-04...", "service": "cc_reconcile", "stage": "download_payabl", "status": "ok"}
{"timestamp": "2026-03-05T14:00:38+0800", "level": "INFO", "logger": "etl_logger", "message": "Start downloading Payabl CC Report for date: 2026-03-05...", "service": "cc_reconcile", "stage": "download_payabl", "status": "ok"}
{"timestamp": "2026-03-05T14:00:50+0800", "level": "INFO", "logger": "etl_logger", "message": "Finish downloading Payabl CC Report", "service": "cc_reconcile", "stage": "download_payabl", "status": "ok"}
{"timestamp": "2026-03-05T14:00:50+0800", "level": "INFO", "logger": "etl_logger", "message": "Download Payabl CC Report Finish ，Total: 62426", "service": "cc_reconcile", "stage": "download", "status": "ok"}
{"timestamp": "2026-03-05T14:00:50+0800", "level": "INFO", "logger": "etl_logger", "message": "Login attempt 1/5", "service": "cc_reconcile", "stage": "download_davinci", "status": "ok"}
{"timestamp": "2026-03-05T14:00:51+0800", "level": "INFO", "logger": "etl_logger", "message": "Login response status=200, url=https://admin.vantagemarkets.com/admin/main, cookies=4", "service": "cc_reconcile", "stage": "download_davinci", "status": "ok"}
{"timestamp": "2026-03-05T14:00:51+0800", "level": "INFO", "logger": "etl_logger", "message": "Login successful", "service": "cc_reconcile", "stage": "download_davinci", "status": "ok"}
{"timestamp": "2026-03-05T14:00:51+0800", "level": "INFO", "logger": "etl_logger", "message": "Token obtained successfully", "service": "cc_reconcile", "stage": "download_davinci", "status": "ok"}
{"timestamp": "2026-03-05T14:00:51+0800", "level": "INFO", "logger": "etl_logger", "message": "Start downloading Davinci CC Report for brand: VFSC...", "service": "cc_reconcile", "stage": "download_davinci", "status": "ok"}
{"timestamp": "2026-03-05T14:00:52+0800", "level": "WARNING", "logger": "etl_logger", "message": "POST failed (VFSC 2026-03-02) attempt 1: 502 Server Error: Bad Gateway for url: https://report.vantagemarkets.com/api/cc-detail/download, took 0.9s", "service": "cc_reconcile", "stage": "download_davinci", "status": "ok"}
{"timestamp": "2026-03-05T14:01:15+0800", "level": "INFO", "logger": "etl_logger", "message": "POST success (VFSC 2026-03-02): cc_withdraw_detail_report_20260305060115.csv, took 17.9s", "service": "cc_reconcile", "stage": "download_davinci", "status": "ok"}
{"timestamp": "2026-03-05T14:01:18+0800", "level": "INFO", "logger": "etl_logger", "message": "Download success (VFSC 2026-03-02): cc_withdraw_detail_report_20260305060115.csv, took 2.4s", "service": "cc_reconcile", "stage": "download_davinci", "status": "ok"}
{"timestamp": "2026-03-05T14:01:36+0800", "level": "INFO", "logger": "etl_logger", "message": "POST success (VFSC 2026-03-03): cc_withdraw_detail_report_20260305060136.csv, took 17.8s", "service": "cc_reconcile", "stage": "download_davinci", "status": "ok"}
{"timestamp": "2026-03-05T14:01:38+0800", "level": "INFO", "logger": "etl_logger", "message": "Download success (VFSC 2026-03-03): cc_withdraw_detail_report_20260305060136.csv, took 2.4s", "service": "cc_reconcile", "stage": "download_davinci", "status": "ok"}
{"timestamp": "2026-03-05T14:01:56+0800", "level": "INFO", "logger": "etl_logger", "message": "POST success (VFSC 2026-03-04): cc_withdraw_detail_report_20260305060156.csv, took 18.0s", "service": "cc_reconcile", "stage": "download_davinci", "status": "ok"}
{"timestamp": "2026-03-05T14:01:58+0800", "level": "INFO", "logger": "etl_logger", "message": "Download success (VFSC 2026-03-04): cc_withdraw_detail_report_20260305060156.csv, took 2.1s", "service": "cc_reconcile", "stage": "download_davinci", "status": "ok"}
{"timestamp": "2026-03-05T14:02:15+0800", "level": "INFO", "logger": "etl_logger", "message": "POST success (VFSC 2026-03-05): cc_withdraw_detail_report_20260305060215.csv, took 16.8s", "service": "cc_reconcile", "stage": "download_davinci", "status": "ok"}
{"timestamp": "2026-03-05T14:02:17+0800", "level": "INFO", "logger": "etl_logger", "message": "Download success (VFSC 2026-03-05): cc_withdraw_detail_report_20260305060215.csv, took 1.8s", "service": "cc_reconcile", "stage": "download_davinci", "status": "ok"}
{"timestamp": "2026-03-05T14:02:17+0800", "level": "INFO", "logger": "etl_logger", "message": "Finish downloading Davinci CC - VFSC Report", "service": "cc_reconcile", "stage": "download_davinci", "status": "ok"}
{"timestamp": "2026-03-05T14:02:17+0800", "level": "INFO", "logger": "etl_logger", "message": "Start downloading Davinci CC Report for brand: VFSC2...", "service": "cc_reconcile", "stage": "download_davinci", "status": "ok"}
{"timestamp": "2026-03-05T14:02:17+0800", "level": "WARNING", "logger": "etl_logger", "message": "POST failed (VFSC2 2026-03-02) attempt 1: 502 Server Error: Bad Gateway for url: https://report.vantagemarkets.com/api/cc-detail/download, took 0.2s", "service": "cc_reconcile", "stage": "download_davinci", "status": "ok"}
{"timestamp": "2026-03-05T14:03:19+0800", "level": "INFO", "logger": "etl_logger", "message": "POST success (VFSC2 2026-03-02): cc_withdraw_detail_report_20260305060319.csv, took 57.1s", "service": "cc_reconcile", "stage": "download_davinci", "status": "ok"}
{"timestamp": "2026-03-05T14:03:23+0800", "level": "INFO", "logger": "etl_logger", "message": "Download success (VFSC2 2026-03-02): cc_withdraw_detail_report_20260305060319.csv, took 3.6s", "service": "cc_reconcile", "stage": "download_davinci", "status": "ok"}
{"timestamp": "2026-03-05T14:03:23+0800", "level": "WARNING", "logger": "etl_logger", "message": "POST failed (VFSC2 2026-03-03) attempt 1: 502 Server Error: Bad Gateway for url: https://report.vantagemarkets.com/api/cc-detail/download, took 0.2s", "service": "cc_reconcile", "stage": "download_davinci", "status": "ok"}
{"timestamp": "2026-03-05T14:03:28+0800", "level": "WARNING", "logger": "etl_logger", "message": "POST failed (VFSC2 2026-03-03) attempt 2: 502 Server Error: Bad Gateway for url: https://report.vantagemarkets.com/api/cc-detail/download, took 0.3s", "service": "cc_reconcile", "stage": "download_davinci", "status": "ok"}
{"timestamp": "2026-03-05T14:04:27+0800", "level": "INFO", "logger": "etl_logger", "message": "POST success (VFSC2 2026-03-03): cc_withdraw_detail_report_20260305060426.csv, took 53.5s", "service": "cc_reconcile", "stage": "download_davinci", "status": "ok"}
{"timestamp": "2026-03-05T14:04:28+0800", "level": "WARNING", "logger": "etl_logger", "message": "Download failed (VFSC2 2026-03-03) attempt 1: 502 Server Error: Bad Gateway for url: https://report.vantagemarkets.com/api/download/cc_withdraw_detail_report_20260305060426.csv, took 0.8s", "service": "cc_reconcile", "stage": "download_davinci", "status": "ok"}
{"timestamp": "2026-03-05T14:04:33+0800", "level": "WARNING", "logger": "etl_logger", "message": "Download failed (VFSC2 2026-03-03) attempt 2: 502 Server Error: Bad Gateway for url: https://report.vantagemarkets.com/api/download/cc_withdraw_detail_report_20260305060426.csv, took 0.7s", "service": "cc_reconcile", "stage": "download_davinci", "status": "ok"}
{"timestamp": "2026-03-05T14:04:40+0800", "level": "INFO", "logger": "etl_logger", "message": "Download success (VFSC2 2026-03-03): cc_withdraw_detail_report_20260305060426.csv, took 2.1s", "service": "cc_reconcile", "stage": "download_davinci", "status": "ok"}
{"timestamp": "2026-03-05T14:04:40+0800", "level": "WARNING", "logger": "etl_logger", "message": "POST failed (VFSC2 2026-03-04) attempt 1: 502 Server Error: Bad Gateway for url: https://report.vantagemarkets.com/api/cc-detail/download, took 0.2s", "service": "cc_reconcile", "stage": "download_davinci", "status": "ok"}
{"timestamp": "2026-03-05T14:04:46+0800", "level": "WARNING", "logger": "etl_logger", "message": "POST failed (VFSC2 2026-03-04) attempt 2: 502 Server Error: Bad Gateway for url: https://report.vantagemarkets.com/api/cc-detail/download, took 0.2s", "service": "cc_reconcile", "stage": "download_davinci", "status": "ok"}
{"timestamp": "2026-03-05T14:04:51+0800", "level": "WARNING", "logger": "etl_logger", "message": "POST failed (VFSC2 2026-03-04) attempt 3: 502 Server Error: Bad Gateway for url: https://report.vantagemarkets.com/api/cc-detail/download, took 0.2s", "service": "cc_reconcile", "stage": "download_davinci", "status": "ok"}
{"timestamp": "2026-03-05T14:05:48+0800", "level": "INFO", "logger": "etl_logger", "message": "POST success (VFSC2 2026-03-04): cc_withdraw_detail_report_20260305060547.csv, took 51.7s", "service": "cc_reconcile", "stage": "download_davinci", "status": "ok"}
{"timestamp": "2026-03-05T14:05:51+0800", "level": "INFO", "logger": "etl_logger", "message": "Download success (VFSC2 2026-03-04): cc_withdraw_detail_report_20260305060547.csv, took 3.0s", "service": "cc_reconcile", "stage": "download_davinci", "status": "ok"}
{"timestamp": "2026-03-05T14:06:40+0800", "level": "INFO", "logger": "etl_logger", "message": "POST success (VFSC2 2026-03-05): cc_withdraw_detail_report_20260305060640.csv, took 49.0s", "service": "cc_reconcile", "stage": "download_davinci", "status": "ok"}
{"timestamp": "2026-03-05T14:06:42+0800", "level": "INFO", "logger": "etl_logger", "message": "Download success (VFSC2 2026-03-05): cc_withdraw_detail_report_20260305060640.csv, took 2.4s", "service": "cc_reconcile", "stage": "download_davinci", "status": "ok"}
{"timestamp": "2026-03-05T14:06:43+0800", "level": "INFO", "logger": "etl_logger", "message": "Finish downloading Davinci CC - VFSC2 Report", "service": "cc_reconcile", "stage": "download_davinci", "status": "ok"}
{"timestamp": "2026-03-05T14:06:43+0800", "level": "INFO", "logger": "etl_logger", "message": "Finish downloading Davinci CC Report for all brands, total rows: 62572", "service": "cc_reconcile", "stage": "download_davinci", "status": "ok"}
{"timestamp": "2026-03-05T14:06:43+0800", "level": "INFO", "logger": "etl_logger", "message": "Download CRM CC Report Finish ，Total: 62572", "service": "cc_reconcile", "stage": "download", "status": "ok"}
{"timestamp": "2026-03-05T14:06:43+0800", "level": "INFO", "logger": "etl_logger", "message": "Start reconcile...", "service": "cc_reconcile", "stage": "reconcile", "status": "ok"}
{"timestamp": "2026-03-05T14:06:43+0800", "level": "INFO", "logger": "etl_logger", "message": "Reconcile Finish ，Total Mismatch Case: 3", "service": "cc_reconcile", "stage": "reconcile", "status": "ok"}
{"timestamp": "2026-03-05T14:06:44+0800", "level": "INFO", "logger": "etl_logger", "message": "Connect Lark Finish", "service": "cc_reconcile", "stage": "lark", "status": "ok"}
{"timestamp": "2026-03-05T14:06:44+0800", "level": "INFO", "logger": "etl_logger", "message": "Start query existing data in LarkSheet...", "service": "cc_reconcile", "stage": "lark", "status": "ok"}
{"timestamp": "2026-03-05T14:06:45+0800", "level": "INFO", "logger": "etl_logger", "message": "Query existing data in LarkSheet Finish", "service": "cc_reconcile", "stage": "lark", "status": "ok"}
{"timestamp": "2026-03-05T14:06:45+0800", "level": "INFO", "logger": "etl_logger", "message": "Total unique keys in LarkSheet: 160, Total new mismatch cases to upload: 0", "service": "cc_reconcile", "stage": "lark", "status": "ok"}
{"timestamp": "2026-03-05T14:06:45+0800", "level": "INFO", "logger": "etl_logger", "message": "Append data to LarkSheet with range: Kalw4Y!A2:L3, rows: 1, columns: 12", "service": "cc_reconcile", "stage": "lark", "status": "ok"}
{"timestamp": "2026-03-05T14:06:45+0800", "level": "INFO", "logger": "etl_logger", "message": "✅ Successfully appended data to LarkSheet", "service": "cc_reconcile", "stage": "lark", "status": "ok"}
{"timestamp": "2026-03-05T14:06:47+0800", "level": "INFO", "logger": "etl_logger", "message": "Upload data to LarkSheet Finish", "service": "cc_reconcile", "stage": "lark", "status": "ok"}
{"timestamp": "2026-03-05T15:00:01+0800", "level": "INFO", "logger": "etl_logger", "message": "Start download reports...", "service": "cc_reconcile", "stage": "download", "status": "ok"}
{"timestamp": "2026-03-05T15:00:05+0800", "level": "INFO", "logger": "etl_logger", "message": "Payabl Login Success and Get Token Success", "service": "cc_reconcile", "stage": "download_payabl", "status": "ok"}
{"timestamp": "2026-03-05T15:00:05+0800", "level": "INFO", "logger": "etl_logger", "message": "Start downloading Payabl CC Report for date: 2026-03-04...", "service": "cc_reconcile", "stage": "download_payabl", "status": "ok"}
{"timestamp": "2026-03-05T15:00:42+0800", "level": "INFO", "logger": "etl_logger", "message": "Start downloading Payabl CC Report for date: 2026-03-05...", "service": "cc_reconcile", "stage": "download_payabl", "status": "ok"}
{"timestamp": "2026-03-05T15:00:55+0800", "level": "INFO", "logger": "etl_logger", "message": "Finish downloading Payabl CC Report", "service": "cc_reconcile", "stage": "download_payabl", "status": "ok"}
{"timestamp": "2026-03-05T15:00:55+0800", "level": "INFO", "logger": "etl_logger", "message": "Download Payabl CC Report Finish ，Total: 64706", "service": "cc_reconcile", "stage": "download", "status": "ok"}
{"timestamp": "2026-03-05T15:00:55+0800", "level": "INFO", "logger": "etl_logger", "message": "Login attempt 1/5", "service": "cc_reconcile", "stage": "download_davinci", "status": "ok"}
{"timestamp": "2026-03-05T15:00:56+0800", "level": "INFO", "logger": "etl_logger", "message": "Login response status=200, url=https://admin.vantagemarkets.com/admin/main, cookies=4", "service": "cc_reconcile", "stage": "download_davinci", "status": "ok"}
{"timestamp": "2026-03-05T15:00:56+0800", "level": "INFO", "logger": "etl_logger", "message": "Login successful", "service": "cc_reconcile", "stage": "download_davinci", "status": "ok"}
{"timestamp": "2026-03-05T15:00:56+0800", "level": "INFO", "logger": "etl_logger", "message": "Token obtained successfully", "service": "cc_reconcile", "stage": "download_davinci", "status": "ok"}
{"timestamp": "2026-03-05T15:00:56+0800", "level": "INFO", "logger": "etl_logger", "message": "Start downloading Davinci CC Report for brand: VFSC...", "service": "cc_reconcile", "stage": "download_davinci", "status": "ok"}
{"timestamp": "2026-03-05T15:01:15+0800", "level": "INFO", "logger": "etl_logger", "message": "POST success (VFSC 2026-03-02): cc_withdraw_detail_report_20260305070115.csv, took 19.0s", "service": "cc_reconcile", "stage": "download_davinci", "status": "ok"}
{"timestamp": "2026-03-05T15:01:18+0800", "level": "INFO", "logger": "etl_logger", "message": "Download success (VFSC 2026-03-02): cc_withdraw_detail_report_20260305070115.csv, took 2.4s", "service": "cc_reconcile", "stage": "download_davinci", "status": "ok"}
{"timestamp": "2026-03-05T15:01:18+0800", "level": "WARNING", "logger": "etl_logger", "message": "POST failed (VFSC 2026-03-03) attempt 1: 502 Server Error: Bad Gateway for url: https://report.vantagemarkets.com/api/cc-detail/download, took 0.2s", "service": "cc_reconcile", "stage": "download_davinci", "status": "ok"}
{"timestamp": "2026-03-05T15:01:23+0800", "level": "WARNING", "logger": "etl_logger", "message": "POST failed (VFSC 2026-03-03) attempt 2: 502 Server Error: Bad Gateway for url: https://report.vantagemarkets.com/api/cc-detail/download, took 0.2s", "service": "cc_reconcile", "stage": "download_davinci", "status": "ok"}
{"timestamp": "2026-03-05T15:01:28+0800", "level": "WARNING", "logger": "etl_logger", "message": "POST failed (VFSC 2026-03-03) attempt 3: 502 Server Error: Bad Gateway for url: https://report.vantagemarkets.com/api/cc-detail/download, took 0.2s", "service": "cc_reconcile", "stage": "download_davinci", "status": "ok"}
{"timestamp": "2026-03-05T15:01:33+0800", "level": "WARNING", "logger": "etl_logger", "message": "POST failed (VFSC 2026-03-03) attempt 4: 502 Server Error: Bad Gateway for url: https://report.vantagemarkets.com/api/cc-detail/download, took 0.2s", "service": "cc_reconcile", "stage": "download_davinci", "status": "ok"}
{"timestamp": "2026-03-05T15:01:39+0800", "level": "WARNING", "logger": "etl_logger", "message": "POST failed (VFSC 2026-03-03) attempt 5: 502 Server Error: Bad Gateway for url: https://report.vantagemarkets.com/api/cc-detail/download, took 0.2s", "service": "cc_reconcile", "stage": "download_davinci", "status": "ok"}
{"timestamp": "2026-03-05T15:01:44+0800", "level": "WARNING", "logger": "etl_logger", "message": "POST failed (VFSC 2026-03-03) attempt 6: 502 Server Error: Bad Gateway for url: https://report.vantagemarkets.com/api/cc-detail/download, took 0.2s", "service": "cc_reconcile", "stage": "download_davinci", "status": "ok"}
{"timestamp": "2026-03-05T15:01:49+0800", "level": "WARNING", "logger": "etl_logger", "message": "POST failed (VFSC 2026-03-03) attempt 7: 502 Server Error: Bad Gateway for url: https://report.vantagemarkets.com/api/cc-detail/download, took 0.2s", "service": "cc_reconcile", "stage": "download_davinci", "status": "ok"}
{"timestamp": "2026-03-05T15:01:54+0800", "level": "WARNING", "logger": "etl_logger", "message": "POST failed (VFSC 2026-03-03) attempt 8: 502 Server Error: Bad Gateway for url: https://report.vantagemarkets.com/api/cc-detail/download, took 0.2s", "service": "cc_reconcile", "stage": "download_davinci", "status": "ok"}
{"timestamp": "2026-03-05T15:02:00+0800", "level": "WARNING", "logger": "etl_logger", "message": "POST failed (VFSC 2026-03-03) attempt 9: 502 Server Error: Bad Gateway for url: https://report.vantagemarkets.com/api/cc-detail/download, took 0.2s", "service": "cc_reconcile", "stage": "download_davinci", "status": "ok"}
{"timestamp": "2026-03-05T15:02:05+0800", "level": "WARNING", "logger": "etl_logger", "message": "POST failed (VFSC 2026-03-03) attempt 10: 502 Server Error: Bad Gateway for url: https://report.vantagemarkets.com/api/cc-detail/download, took 0.2s", "service": "cc_reconcile", "stage": "download_davinci", "status": "ok"}
{"timestamp": "2026-03-05T15:02:05+0800", "level": "ERROR", "logger": "etl_logger", "message": "POST failed after 10 attempts (VFSC 2026-03-03)", "service": "cc_reconcile", "stage": "download_davinci", "status": "ok"}
{"timestamp": "2026-03-05T15:02:05+0800", "level": "WARNING", "logger": "etl_logger", "message": "POST failed (VFSC 2026-03-04) attempt 1: 502 Server Error: Bad Gateway for url: https://report.vantagemarkets.com/api/cc-detail/download, took 0.2s", "service": "cc_reconcile", "stage": "download_davinci", "status": "ok"}
{"timestamp": "2026-03-05T15:02:10+0800", "level": "WARNING", "logger": "etl_logger", "message": "POST failed (VFSC 2026-03-04) attempt 2: 502 Server Error: Bad Gateway for url: https://report.vantagemarkets.com/api/cc-detail/download, took 0.2s", "service": "cc_reconcile", "stage": "download_davinci", "status": "ok"}
{"timestamp": "2026-03-05T15:02:36+0800", "level": "INFO", "logger": "etl_logger", "message": "POST success (VFSC 2026-03-04): cc_withdraw_detail_report_20260305070236.csv, took 20.3s", "service": "cc_reconcile", "stage": "download_davinci", "status": "ok"}
{"timestamp": "2026-03-05T15:02:37+0800", "level": "WARNING", "logger": "etl_logger", "message": "Download failed (VFSC 2026-03-04) attempt 1: 502 Server Error: Bad Gateway for url: https://report.vantagemarkets.com/api/download/cc_withdraw_detail_report_20260305070236.csv, took 1.0s", "service": "cc_reconcile", "stage": "download_davinci", "status": "ok"}
{"timestamp": "2026-03-05T15:02:42+0800", "level": "WARNING", "logger": "etl_logger", "message": "Download failed (VFSC 2026-03-04) attempt 2: 502 Server Error: Bad Gateway for url: https://report.vantagemarkets.com/api/download/cc_withdraw_detail_report_20260305070236.csv, took 0.7s", "service": "cc_reconcile", "stage": "download_davinci", "status": "ok"}
{"timestamp": "2026-03-05T15:02:48+0800", "level": "WARNING", "logger": "etl_logger", "message": "Download failed (VFSC 2026-03-04) attempt 3: 502 Server Error: Bad Gateway for url: https://report.vantagemarkets.com/api/download/cc_withdraw_detail_report_20260305070236.csv, took 0.4s", "service": "cc_reconcile", "stage": "download_davinci", "status": "ok"}
{"timestamp": "2026-03-05T15:02:53+0800", "level": "WARNING", "logger": "etl_logger", "message": "Download failed (VFSC 2026-03-04) attempt 4: 502 Server Error: Bad Gateway for url: https://report.vantagemarkets.com/api/download/cc_withdraw_detail_report_20260305070236.csv, took 0.3s", "service": "cc_reconcile", "stage": "download_davinci", "status": "ok"}
{"timestamp": "2026-03-05T15:03:00+0800", "level": "INFO", "logger": "etl_logger", "message": "Download success (VFSC 2026-03-04): cc_withdraw_detail_report_20260305070236.csv, took 1.5s", "service": "cc_reconcile", "stage": "download_davinci", "status": "ok"}
{"timestamp": "2026-03-05T15:03:00+0800", "level": "WARNING", "logger": "etl_logger", "message": "POST failed (VFSC 2026-03-05) attempt 1: 502 Server Error: Bad Gateway for url: https://report.vantagemarkets.com/api/cc-detail/download, took 0.2s", "service": "cc_reconcile", "stage": "download_davinci", "status": "ok"}
{"timestamp": "2026-03-05T15:03:05+0800", "level": "WARNING", "logger": "etl_logger", "message": "POST failed (VFSC 2026-03-05) attempt 2: 502 Server Error: Bad Gateway for url: https://report.vantagemarkets.com/api/cc-detail/download, took 0.2s", "service": "cc_reconcile", "stage": "download_davinci", "status": "ok"}
{"timestamp": "2026-03-05T15:03:36+0800", "level": "INFO", "logger": "etl_logger", "message": "POST success (VFSC 2026-03-05): cc_withdraw_detail_report_20260305070336.csv, took 26.2s", "service": "cc_reconcile", "stage": "download_davinci", "status": "ok"}
{"timestamp": "2026-03-05T15:03:38+0800", "level": "INFO", "logger": "etl_logger", "message": "Download success (VFSC 2026-03-05): cc_withdraw_detail_report_20260305070336.csv, took 1.8s", "service": "cc_reconcile", "stage": "download_davinci", "status": "ok"}
{"timestamp": "2026-03-05T15:03:38+0800", "level": "INFO", "logger": "etl_logger", "message": "Finish downloading Davinci CC - VFSC Report", "service": "cc_reconcile", "stage": "download_davinci", "status": "ok"}
{"timestamp": "2026-03-05T15:03:38+0800", "level": "INFO", "logger": "etl_logger", "message": "Start downloading Davinci CC Report for brand: VFSC2...", "service": "cc_reconcile", "stage": "download_davinci", "status": "ok"}
{"timestamp": "2026-03-05T15:03:38+0800", "level": "WARNING", "logger": "etl_logger", "message": "POST failed (VFSC2 2026-03-02) attempt 1: 502 Server Error: Bad Gateway for url: https://report.vantagemarkets.com/api/cc-detail/download, took 0.2s", "service": "cc_reconcile", "stage": "download_davinci", "status": "ok"}
{"timestamp": "2026-03-05T15:04:43+0800", "level": "INFO", "logger": "etl_logger", "message": "POST success (VFSC2 2026-03-02): cc_withdraw_detail_report_20260305070442.csv, took 59.3s", "service": "cc_reconcile", "stage": "download_davinci", "status": "ok"}
{"timestamp": "2026-03-05T15:04:44+0800", "level": "WARNING", "logger": "etl_logger", "message": "Download failed (VFSC2 2026-03-02) attempt 1: 502 Server Error: Bad Gateway for url: https://report.vantagemarkets.com/api/download/cc_withdraw_detail_report_20260305070442.csv, took 0.9s", "service": "cc_reconcile", "stage": "download_davinci", "status": "ok"}
{"timestamp": "2026-03-05T15:04:49+0800", "level": "WARNING", "logger": "etl_logger", "message": "Download failed (VFSC2 2026-03-02) attempt 2: 502 Server Error: Bad Gateway for url: https://report.vantagemarkets.com/api/download/cc_withdraw_detail_report_20260305070442.csv, took 0.6s", "service": "cc_reconcile", "stage": "download_davinci", "status": "ok"}
{"timestamp": "2026-03-05T15:04:57+0800", "level": "INFO", "logger": "etl_logger", "message": "Download success (VFSC2 2026-03-02): cc_withdraw_detail_report_20260305070442.csv, took 2.6s", "service": "cc_reconcile", "stage": "download_davinci", "status": "ok"}
{"timestamp": "2026-03-05T15:04:57+0800", "level": "WARNING", "logger": "etl_logger", "message": "POST failed (VFSC2 2026-03-03) attempt 1: 502 Server Error: Bad Gateway for url: https://report.vantagemarkets.com/api/cc-detail/download, took 0.3s", "service": "cc_reconcile", "stage": "download_davinci", "status": "ok"}
{"timestamp": "2026-03-05T15:05:57+0800", "level": "INFO", "logger": "etl_logger", "message": "POST success (VFSC2 2026-03-03): cc_withdraw_detail_report_20260305070557.csv, took 55.0s", "service": "cc_reconcile", "stage": "download_davinci", "status": "ok"}
{"timestamp": "2026-03-05T15:06:00+0800", "level": "INFO", "logger": "etl_logger", "message": "Download success (VFSC2 2026-03-03): cc_withdraw_detail_report_20260305070557.csv, took 3.2s", "service": "cc_reconcile", "stage": "download_davinci", "status": "ok"}
{"timestamp": "2026-03-05T15:06:01+0800", "level": "WARNING", "logger": "etl_logger", "message": "POST failed (VFSC2 2026-03-04) attempt 1: 502 Server Error: Bad Gateway for url: https://report.vantagemarkets.com/api/cc-detail/download, took 0.2s", "service": "cc_reconcile", "stage": "download_davinci", "status": "ok"}
{"timestamp": "2026-03-05T15:06:06+0800", "level": "WARNING", "logger": "etl_logger", "message": "POST failed (VFSC2 2026-03-04) attempt 2: 502 Server Error: Bad Gateway for url: https://report.vantagemarkets.com/api/cc-detail/download, took 0.2s", "service": "cc_reconcile", "stage": "download_davinci", "status": "ok"}
{"timestamp": "2026-03-05T15:06:11+0800", "level": "WARNING", "logger": "etl_logger", "message": "POST failed (VFSC2 2026-03-04) attempt 3: 502 Server Error: Bad Gateway for url: https://report.vantagemarkets.com/api/cc-detail/download, took 0.2s", "service": "cc_reconcile", "stage": "download_davinci", "status": "ok"}
{"timestamp": "2026-03-05T15:07:09+0800", "level": "INFO", "logger": "etl_logger", "message": "POST success (VFSC2 2026-03-04): cc_withdraw_detail_report_20260305070709.csv, took 52.8s", "service": "cc_reconcile", "stage": "download_davinci", "status": "ok"}
{"timestamp": "2026-03-05T15:07:10+0800", "level": "WARNING", "logger": "etl_logger", "message": "Download failed (VFSC2 2026-03-04) attempt 1: 502 Server Error: Bad Gateway for url: https://report.vantagemarkets.com/api/download/cc_withdraw_detail_report_20260305070709.csv, took 1.0s", "service": "cc_reconcile", "stage": "download_davinci", "status": "ok"}
{"timestamp": "2026-03-05T15:07:16+0800", "level": "WARNING", "logger": "etl_logger", "message": "Download failed (VFSC2 2026-03-04) attempt 2: 502 Server Error: Bad Gateway for url: https://report.vantagemarkets.com/api/download/cc_withdraw_detail_report_20260305070709.csv, took 0.7s", "service": "cc_reconcile", "stage": "download_davinci", "status": "ok"}
{"timestamp": "2026-03-05T15:07:21+0800", "level": "WARNING", "logger": "etl_logger", "message": "Download failed (VFSC2 2026-03-04) attempt 3: 502 Server Error: Bad Gateway for url: https://report.vantagemarkets.com/api/download/cc_withdraw_detail_report_20260305070709.csv, took 0.4s", "service": "cc_reconcile", "stage": "download_davinci", "status": "ok"}
{"timestamp": "2026-03-05T15:07:26+0800", "level": "WARNING", "logger": "etl_logger", "message": "Download failed (VFSC2 2026-03-04) attempt 4: 502 Server Error: Bad Gateway for url: https://report.vantagemarkets.com/api/download/cc_withdraw_detail_report_20260305070709.csv, took 0.4s", "service": "cc_reconcile", "stage": "download_davinci", "status": "ok"}
{"timestamp": "2026-03-05T15:07:32+0800", "level": "WARNING", "logger": "etl_logger", "message": "Download failed (VFSC2 2026-03-04) attempt 5: 502 Server Error: Bad Gateway for url: https://report.vantagemarkets.com/api/download/cc_withdraw_detail_report_20260305070709.csv, took 0.4s", "service": "cc_reconcile", "stage": "download_davinci", "status": "ok"}
{"timestamp": "2026-03-05T15:07:37+0800", "level": "WARNING", "logger": "etl_logger", "message": "Download failed (VFSC2 2026-03-04) attempt 6: 502 Server Error: Bad Gateway for url: https://report.vantagemarkets.com/api/download/cc_withdraw_detail_report_20260305070709.csv, took 0.5s", "service": "cc_reconcile", "stage": "download_davinci", "status": "ok"}
{"timestamp": "2026-03-05T15:07:43+0800", "level": "WARNING", "logger": "etl_logger", "message": "Download failed (VFSC2 2026-03-04) attempt 7: 502 Server Error: Bad Gateway for url: https://report.vantagemarkets.com/api/download/cc_withdraw_detail_report_20260305070709.csv, took 0.4s", "service": "cc_reconcile", "stage": "download_davinci", "status": "ok"}
{"timestamp": "2026-03-05T15:07:48+0800", "level": "WARNING", "logger": "etl_logger", "message": "Download failed (VFSC2 2026-03-04) attempt 8: 502 Server Error: Bad Gateway for url: https://report.vantagemarkets.com/api/download/cc_withdraw_detail_report_20260305070709.csv, took 0.5s", "service": "cc_reconcile", "stage": "download_davinci", "status": "ok"}
{"timestamp": "2026-03-05T15:07:55+0800", "level": "INFO", "logger": "etl_logger", "message": "Download success (VFSC2 2026-03-04): cc_withdraw_detail_report_20260305070709.csv, took 2.4s", "service": "cc_reconcile", "stage": "download_davinci", "status": "ok"}
{"timestamp": "2026-03-05T15:08:46+0800", "level": "INFO", "logger": "etl_logger", "message": "POST success (VFSC2 2026-03-05): cc_withdraw_detail_report_20260305070846.csv, took 50.4s", "service": "cc_reconcile", "stage": "download_davinci", "status": "ok"}
{"timestamp": "2026-03-05T15:08:48+0800", "level": "INFO", "logger": "etl_logger", "message": "Download success (VFSC2 2026-03-05): cc_withdraw_detail_report_20260305070846.csv, took 2.2s", "service": "cc_reconcile", "stage": "download_davinci", "status": "ok"}
{"timestamp": "2026-03-05T15:08:49+0800", "level": "INFO", "logger": "etl_logger", "message": "Finish downloading Davinci CC - VFSC2 Report", "service": "cc_reconcile", "stage": "download_davinci", "status": "ok"}
{"timestamp": "2026-03-05T15:08:49+0800", "level": "INFO", "logger": "etl_logger", "message": "Finish downloading Davinci CC Report for all brands, total rows: 61020", "service": "cc_reconcile", "stage": "download_davinci", "status": "ok"}
{"timestamp": "2026-03-05T15:08:49+0800", "level": "INFO", "logger": "etl_logger", "message": "Download CRM CC Report Finish ，Total: 61020", "service": "cc_reconcile", "stage": "download", "status": "ok"}
{"timestamp": "2026-03-05T15:08:49+0800", "level": "INFO", "logger": "etl_logger", "message": "Start reconcile...", "service": "cc_reconcile", "stage": "reconcile", "status": "ok"}
{"timestamp": "2026-03-05T15:08:49+0800", "level": "INFO", "logger": "etl_logger", "message": "Reconcile Finish ，Total Mismatch Case: 3", "service": "cc_reconcile", "stage": "reconcile", "status": "ok"}
{"timestamp": "2026-03-05T15:08:49+0800", "level": "INFO", "logger": "etl_logger", "message": "Connect Lark Finish", "service": "cc_reconcile", "stage": "lark", "status": "ok"}
{"timestamp": "2026-03-05T15:08:49+0800", "level": "INFO", "logger": "etl_logger", "message": "Start query existing data in LarkSheet...", "service": "cc_reconcile", "stage": "lark", "status": "ok"}
{"timestamp": "2026-03-05T15:08:51+0800", "level": "INFO", "logger": "etl_logger", "message": "Query existing data in LarkSheet Finish", "service": "cc_reconcile", "stage": "lark", "status": "ok"}
{"timestamp": "2026-03-05T15:08:51+0800", "level": "INFO", "logger": "etl_logger", "message": "Total unique keys in LarkSheet: 160, Total new mismatch cases to upload: 0", "service": "cc_reconcile", "stage": "lark", "status": "ok"}
{"timestamp": "2026-03-05T15:08:51+0800", "level": "INFO", "logger": "etl_logger", "message": "Append data to LarkSheet with range: Kalw4Y!A2:L3, rows: 1, columns: 12", "service": "cc_reconcile", "stage": "lark", "status": "ok"}
{"timestamp": "2026-03-05T15:08:51+0800", "level": "INFO", "logger": "etl_logger", "message": "✅ Successfully appended data to LarkSheet", "service": "cc_reconcile", "stage": "lark", "status": "ok"}
{"timestamp": "2026-03-05T15:08:53+0800", "level": "INFO", "logger": "etl_logger", "message": "Upload data to LarkSheet Finish", "service": "cc_reconcile", "stage": "lark", "status": "ok"}
{"timestamp": "2026-03-05T16:00:01+0800", "level": "INFO", "logger": "etl_logger", "message": "Start download reports...", "service": "cc_reconcile", "stage": "download", "status": "ok"}
{"timestamp": "2026-03-05T16:00:05+0800", "level": "INFO", "logger": "etl_logger", "message": "Payabl Login Success and Get Token Success", "service": "cc_reconcile", "stage": "download_payabl", "status": "ok"}
{"timestamp": "2026-03-05T16:00:05+0800", "level": "INFO", "logger": "etl_logger", "message": "Start downloading Payabl CC Report for date: 2026-03-04...", "service": "cc_reconcile", "stage": "download_payabl", "status": "ok"}
{"timestamp": "2026-03-05T16:00:41+0800", "level": "INFO", "logger": "etl_logger", "message": "Start downloading Payabl CC Report for date: 2026-03-05...", "service": "cc_reconcile", "stage": "download_payabl", "status": "ok"}
{"timestamp": "2026-03-05T16:00:52+0800", "level": "INFO", "logger": "etl_logger", "message": "Finish downloading Payabl CC Report", "service": "cc_reconcile", "stage": "download_payabl", "status": "ok"}
{"timestamp": "2026-03-05T16:00:52+0800", "level": "INFO", "logger": "etl_logger", "message": "Download Payabl CC Report Finish ，Total: 66615", "service": "cc_reconcile", "stage": "download", "status": "ok"}
{"timestamp": "2026-03-05T16:00:52+0800", "level": "INFO", "logger": "etl_logger", "message": "Login attempt 1/5", "service": "cc_reconcile", "stage": "download_davinci", "status": "ok"}
{"timestamp": "2026-03-05T16:00:53+0800", "level": "INFO", "logger": "etl_logger", "message": "Login response status=200, url=https://admin.vantagemarkets.com/admin/main, cookies=4", "service": "cc_reconcile", "stage": "download_davinci", "status": "ok"}
{"timestamp": "2026-03-05T16:00:53+0800", "level": "INFO", "logger": "etl_logger", "message": "Login successful", "service": "cc_reconcile", "stage": "download_davinci", "status": "ok"}
{"timestamp": "2026-03-05T16:00:53+0800", "level": "INFO", "logger": "etl_logger", "message": "Token obtained successfully", "service": "cc_reconcile", "stage": "download_davinci", "status": "ok"}
{"timestamp": "2026-03-05T16:00:53+0800", "level": "INFO", "logger": "etl_logger", "message": "Start downloading Davinci CC Report for brand: VFSC...", "service": "cc_reconcile", "stage": "download_davinci", "status": "ok"}
{"timestamp": "2026-03-05T16:01:13+0800", "level": "INFO", "logger": "etl_logger", "message": "POST success (VFSC 2026-03-02): cc_withdraw_detail_report_20260305080113.csv, took 19.5s", "service": "cc_reconcile", "stage": "download_davinci", "status": "ok"}
{"timestamp": "2026-03-05T16:01:15+0800", "level": "INFO", "logger": "etl_logger", "message": "Download success (VFSC 2026-03-02): cc_withdraw_detail_report_20260305080113.csv, took 2.5s", "service": "cc_reconcile", "stage": "download_davinci", "status": "ok"}
{"timestamp": "2026-03-05T16:01:43+0800", "level": "INFO", "logger": "etl_logger", "message": "POST success (VFSC 2026-03-03): cc_withdraw_detail_report_20260305080143.csv, took 27.6s", "service": "cc_reconcile", "stage": "download_davinci", "status": "ok"}
{"timestamp": "2026-03-05T16:01:45+0800", "level": "INFO", "logger": "etl_logger", "message": "Download success (VFSC 2026-03-03): cc_withdraw_detail_report_20260305080143.csv, took 2.4s", "service": "cc_reconcile", "stage": "download_davinci", "status": "ok"}
{"timestamp": "2026-03-05T16:02:05+0800", "level": "INFO", "logger": "etl_logger", "message": "POST success (VFSC 2026-03-04): cc_withdraw_detail_report_20260305080205.csv, took 19.3s", "service": "cc_reconcile", "stage": "download_davinci", "status": "ok"}
{"timestamp": "2026-03-05T16:02:07+0800", "level": "INFO", "logger": "etl_logger", "message": "Download success (VFSC 2026-03-04): cc_withdraw_detail_report_20260305080205.csv, took 2.2s", "service": "cc_reconcile", "stage": "download_davinci", "status": "ok"}
{"timestamp": "2026-03-05T16:02:25+0800", "level": "INFO", "logger": "etl_logger", "message": "POST success (VFSC 2026-03-05): cc_withdraw_detail_report_20260305080225.csv, took 17.8s", "service": "cc_reconcile", "stage": "download_davinci", "status": "ok"}
{"timestamp": "2026-03-05T16:02:26+0800", "level": "INFO", "logger": "etl_logger", "message": "Download success (VFSC 2026-03-05): cc_withdraw_detail_report_20260305080225.csv, took 1.8s", "service": "cc_reconcile", "stage": "download_davinci", "status": "ok"}
{"timestamp": "2026-03-05T16:02:26+0800", "level": "INFO", "logger": "etl_logger", "message": "Finish downloading Davinci CC - VFSC Report", "service": "cc_reconcile", "stage": "download_davinci", "status": "ok"}
{"timestamp": "2026-03-05T16:02:26+0800", "level": "INFO", "logger": "etl_logger", "message": "Start downloading Davinci CC Report for brand: VFSC2...", "service": "cc_reconcile", "stage": "download_davinci", "status": "ok"}
{"timestamp": "2026-03-05T16:03:30+0800", "level": "INFO", "logger": "etl_logger", "message": "POST success (VFSC2 2026-03-02): cc_withdraw_detail_report_20260305080330.csv, took 63.7s", "service": "cc_reconcile", "stage": "download_davinci", "status": "ok"}
{"timestamp": "2026-03-05T16:03:34+0800", "level": "INFO", "logger": "etl_logger", "message": "Download success (VFSC2 2026-03-02): cc_withdraw_detail_report_20260305080330.csv, took 3.4s", "service": "cc_reconcile", "stage": "download_davinci", "status": "ok"}
{"timestamp": "2026-03-05T16:04:27+0800", "level": "INFO", "logger": "etl_logger", "message": "POST success (VFSC2 2026-03-03): cc_withdraw_detail_report_20260305080427.csv, took 53.8s", "service": "cc_reconcile", "stage": "download_davinci", "status": "ok"}
{"timestamp": "2026-03-05T16:04:31+0800", "level": "INFO", "logger": "etl_logger", "message": "Download success (VFSC2 2026-03-03): cc_withdraw_detail_report_20260305080427.csv, took 3.3s", "service": "cc_reconcile", "stage": "download_davinci", "status": "ok"}
{"timestamp": "2026-03-05T16:05:24+0800", "level": "INFO", "logger": "etl_logger", "message": "POST success (VFSC2 2026-03-04): cc_withdraw_detail_report_20260305080523.csv, took 52.7s", "service": "cc_reconcile", "stage": "download_davinci", "status": "ok"}
{"timestamp": "2026-03-05T16:05:26+0800", "level": "INFO", "logger": "etl_logger", "message": "Download success (VFSC2 2026-03-04): cc_withdraw_detail_report_20260305080523.csv, took 2.9s", "service": "cc_reconcile", "stage": "download_davinci", "status": "ok"}
{"timestamp": "2026-03-05T16:06:25+0800", "level": "INFO", "logger": "etl_logger", "message": "POST success (VFSC2 2026-03-05): cc_withdraw_detail_report_20260305080625.csv, took 58.5s", "service": "cc_reconcile", "stage": "download_davinci", "status": "ok"}
{"timestamp": "2026-03-05T16:06:27+0800", "level": "INFO", "logger": "etl_logger", "message": "Download success (VFSC2 2026-03-05): cc_withdraw_detail_report_20260305080625.csv, took 2.0s", "service": "cc_reconcile", "stage": "download_davinci", "status": "ok"}
{"timestamp": "2026-03-05T16:06:28+0800", "level": "INFO", "logger": "etl_logger", "message": "Finish downloading Davinci CC - VFSC2 Report", "service": "cc_reconcile", "stage": "download_davinci", "status": "ok"}
{"timestamp": "2026-03-05T16:06:28+0800", "level": "INFO", "logger": "etl_logger", "message": "Finish downloading Davinci CC Report for all brands, total rows: 63446", "service": "cc_reconcile", "stage": "download_davinci", "status": "ok"}
{"timestamp": "2026-03-05T16:06:28+0800", "level": "INFO", "logger": "etl_logger", "message": "Download CRM CC Report Finish ，Total: 63446", "service": "cc_reconcile", "stage": "download", "status": "ok"}
{"timestamp": "2026-03-05T16:06:28+0800", "level": "INFO", "logger": "etl_logger", "message": "Start reconcile...", "service": "cc_reconcile", "stage": "reconcile", "status": "ok"}
{"timestamp": "2026-03-05T16:06:28+0800", "level": "INFO", "logger": "etl_logger", "message": "Reconcile Finish ，Total Mismatch Case: 3", "service": "cc_reconcile", "stage": "reconcile", "status": "ok"}
{"timestamp": "2026-03-05T16:06:29+0800", "level": "INFO", "logger": "etl_logger", "message": "Connect Lark Finish", "service": "cc_reconcile", "stage": "lark", "status": "ok"}
{"timestamp": "2026-03-05T16:06:29+0800", "level": "INFO", "logger": "etl_logger", "message": "Start query existing data in LarkSheet...", "service": "cc_reconcile", "stage": "lark", "status": "ok"}
{"timestamp": "2026-03-05T16:06:30+0800", "level": "INFO", "logger": "etl_logger", "message": "Query existing data in LarkSheet Finish", "service": "cc_reconcile", "stage": "lark", "status": "ok"}
{"timestamp": "2026-03-05T16:06:30+0800", "level": "INFO", "logger": "etl_logger", "message": "Total unique keys in LarkSheet: 160, Total new mismatch cases to upload: 0", "service": "cc_reconcile", "stage": "lark", "status": "ok"}
{"timestamp": "2026-03-05T16:06:30+0800", "level": "INFO", "logger": "etl_logger", "message": "Append data to LarkSheet with range: Kalw4Y!A2:L3, rows: 1, columns: 12", "service": "cc_reconcile", "stage": "lark", "status": "ok"}
{"timestamp": "2026-03-05T16:06:30+0800", "level": "INFO", "logger": "etl_logger", "message": "✅ Successfully appended data to LarkSheet", "service": "cc_reconcile", "stage": "lark", "status": "ok"}
{"timestamp": "2026-03-05T16:06:32+0800", "level": "INFO", "logger": "etl_logger", "message": "Upload data to LarkSheet Finish", "service": "cc_reconcile", "stage": "lark", "status": "ok"}
{"timestamp": "2026-03-05T17:00:02+0800", "level": "INFO", "logger": "etl_logger", "message": "Start download reports...", "service": "cc_reconcile", "stage": "download", "status": "ok"}
{"timestamp": "2026-03-05T17:00:05+0800", "level": "INFO", "logger": "etl_logger", "message": "Payabl Login Success and Get Token Success", "service": "cc_reconcile", "stage": "download_payabl", "status": "ok"}
{"timestamp": "2026-03-05T17:00:05+0800", "level": "INFO", "logger": "etl_logger", "message": "Start downloading Payabl CC Report for date: 2026-03-04...", "service": "cc_reconcile", "stage": "download_payabl", "status": "ok"}
{"timestamp": "2026-03-05T17:00:42+0800", "level": "INFO", "logger": "etl_logger", "message": "Start downloading Payabl CC Report for date: 2026-03-05...", "service": "cc_reconcile", "stage": "download_payabl", "status": "ok"}
{"timestamp": "2026-03-05T17:00:57+0800", "level": "INFO", "logger": "etl_logger", "message": "Finish downloading Payabl CC Report", "service": "cc_reconcile", "stage": "download_payabl", "status": "ok"}
{"timestamp": "2026-03-05T17:00:57+0800", "level": "INFO", "logger": "etl_logger", "message": "Download Payabl CC Report Finish ，Total: 69183", "service": "cc_reconcile", "stage": "download", "status": "ok"}
{"timestamp": "2026-03-05T17:00:57+0800", "level": "INFO", "logger": "etl_logger", "message": "Login attempt 1/5", "service": "cc_reconcile", "stage": "download_davinci", "status": "ok"}
{"timestamp": "2026-03-05T17:00:58+0800", "level": "INFO", "logger": "etl_logger", "message": "Login response status=200, url=https://admin.vantagemarkets.com/admin/main, cookies=4", "service": "cc_reconcile", "stage": "download_davinci", "status": "ok"}
{"timestamp": "2026-03-05T17:00:58+0800", "level": "INFO", "logger": "etl_logger", "message": "Login successful", "service": "cc_reconcile", "stage": "download_davinci", "status": "ok"}
{"timestamp": "2026-03-05T17:00:58+0800", "level": "INFO", "logger": "etl_logger", "message": "Token obtained successfully", "service": "cc_reconcile", "stage": "download_davinci", "status": "ok"}
{"timestamp": "2026-03-05T17:00:58+0800", "level": "INFO", "logger": "etl_logger", "message": "Start downloading Davinci CC Report for brand: VFSC...", "service": "cc_reconcile", "stage": "download_davinci", "status": "ok"}
{"timestamp": "2026-03-05T17:01:19+0800", "level": "INFO", "logger": "etl_logger", "message": "POST success (VFSC 2026-03-02): cc_withdraw_detail_report_20260305090119.csv, took 20.7s", "service": "cc_reconcile", "stage": "download_davinci", "status": "ok"}
{"timestamp": "2026-03-05T17:01:21+0800", "level": "INFO", "logger": "etl_logger", "message": "Download success (VFSC 2026-03-02): cc_withdraw_detail_report_20260305090119.csv, took 2.0s", "service": "cc_reconcile", "stage": "download_davinci", "status": "ok"}
{"timestamp": "2026-03-05T17:01:39+0800", "level": "INFO", "logger": "etl_logger", "message": "POST success (VFSC 2026-03-03): cc_withdraw_detail_report_20260305090139.csv, took 18.5s", "service": "cc_reconcile", "stage": "download_davinci", "status": "ok"}
{"timestamp": "2026-03-05T17:01:42+0800", "level": "INFO", "logger": "etl_logger", "message": "Download success (VFSC 2026-03-03): cc_withdraw_detail_report_20260305090139.csv, took 2.2s", "service": "cc_reconcile", "stage": "download_davinci", "status": "ok"}
{"timestamp": "2026-03-05T17:02:00+0800", "level": "INFO", "logger": "etl_logger", "message": "POST success (VFSC 2026-03-04): cc_withdraw_detail_report_20260305090200.csv, took 18.5s", "service": "cc_reconcile", "stage": "download_davinci", "status": "ok"}
{"timestamp": "2026-03-05T17:02:02+0800", "level": "INFO", "logger": "etl_logger", "message": "Download success (VFSC 2026-03-04): cc_withdraw_detail_report_20260305090200.csv, took 2.2s", "service": "cc_reconcile", "stage": "download_davinci", "status": "ok"}
{"timestamp": "2026-03-05T17:02:21+0800", "level": "INFO", "logger": "etl_logger", "message": "POST success (VFSC 2026-03-05): cc_withdraw_detail_report_20260305090221.csv, took 18.4s", "service": "cc_reconcile", "stage": "download_davinci", "status": "ok"}
{"timestamp": "2026-03-05T17:02:23+0800", "level": "INFO", "logger": "etl_logger", "message": "Download success (VFSC 2026-03-05): cc_withdraw_detail_report_20260305090221.csv, took 1.8s", "service": "cc_reconcile", "stage": "download_davinci", "status": "ok"}
{"timestamp": "2026-03-05T17:02:23+0800", "level": "INFO", "logger": "etl_logger", "message": "Finish downloading Davinci CC - VFSC Report", "service": "cc_reconcile", "stage": "download_davinci", "status": "ok"}
{"timestamp": "2026-03-05T17:02:23+0800", "level": "INFO", "logger": "etl_logger", "message": "Start downloading Davinci CC Report for brand: VFSC2...", "service": "cc_reconcile", "stage": "download_davinci", "status": "ok"}
{"timestamp": "2026-03-05T17:03:21+0800", "level": "INFO", "logger": "etl_logger", "message": "POST success (VFSC2 2026-03-02): cc_withdraw_detail_report_20260305090321.csv, took 58.5s", "service": "cc_reconcile", "stage": "download_davinci", "status": "ok"}
{"timestamp": "2026-03-05T17:03:25+0800", "level": "INFO", "logger": "etl_logger", "message": "Download success (VFSC2 2026-03-02): cc_withdraw_detail_report_20260305090321.csv, took 3.4s", "service": "cc_reconcile", "stage": "download_davinci", "status": "ok"}
{"timestamp": "2026-03-05T17:04:18+0800", "level": "INFO", "logger": "etl_logger", "message": "POST success (VFSC2 2026-03-03): cc_withdraw_detail_report_20260305090418.csv, took 53.9s", "service": "cc_reconcile", "stage": "download_davinci", "status": "ok"}
{"timestamp": "2026-03-05T17:04:22+0800", "level": "INFO", "logger": "etl_logger", "message": "Download success (VFSC2 2026-03-03): cc_withdraw_detail_report_20260305090418.csv, took 3.2s", "service": "cc_reconcile", "stage": "download_davinci", "status": "ok"}
{"timestamp": "2026-03-05T17:05:15+0800", "level": "INFO", "logger": "etl_logger", "message": "POST success (VFSC2 2026-03-04): cc_withdraw_detail_report_20260305090515.csv, took 53.6s", "service": "cc_reconcile", "stage": "download_davinci", "status": "ok"}
{"timestamp": "2026-03-05T17:05:18+0800", "level": "INFO", "logger": "etl_logger", "message": "Download success (VFSC2 2026-03-04): cc_withdraw_detail_report_20260305090515.csv, took 3.1s", "service": "cc_reconcile", "stage": "download_davinci", "status": "ok"}
{"timestamp": "2026-03-05T17:06:11+0800", "level": "INFO", "logger": "etl_logger", "message": "POST success (VFSC2 2026-03-05): cc_withdraw_detail_report_20260305090611.csv, took 52.5s", "service": "cc_reconcile", "stage": "download_davinci", "status": "ok"}
{"timestamp": "2026-03-05T17:06:13+0800", "level": "INFO", "logger": "etl_logger", "message": "Download success (VFSC2 2026-03-05): cc_withdraw_detail_report_20260305090611.csv, took 2.4s", "service": "cc_reconcile", "stage": "download_davinci", "status": "ok"}
{"timestamp": "2026-03-05T17:06:14+0800", "level": "INFO", "logger": "etl_logger", "message": "Finish downloading Davinci CC - VFSC2 Report", "service": "cc_reconcile", "stage": "download_davinci", "status": "ok"}
{"timestamp": "2026-03-05T17:06:14+0800", "level": "INFO", "logger": "etl_logger", "message": "Finish downloading Davinci CC Report for all brands, total rows: 64119", "service": "cc_reconcile", "stage": "download_davinci", "status": "ok"}
{"timestamp": "2026-03-05T17:06:14+0800", "level": "INFO", "logger": "etl_logger", "message": "Download CRM CC Report Finish ，Total: 64119", "service": "cc_reconcile", "stage": "download", "status": "ok"}
{"timestamp": "2026-03-05T17:06:14+0800", "level": "INFO", "logger": "etl_logger", "message": "Start reconcile...", "service": "cc_reconcile", "stage": "reconcile", "status": "ok"}
{"timestamp": "2026-03-05T17:06:14+0800", "level": "INFO", "logger": "etl_logger", "message": "Reconcile Finish ，Total Mismatch Case: 3", "service": "cc_reconcile", "stage": "reconcile", "status": "ok"}
{"timestamp": "2026-03-05T17:06:15+0800", "level": "INFO", "logger": "etl_logger", "message": "Connect Lark Finish", "service": "cc_reconcile", "stage": "lark", "status": "ok"}
{"timestamp": "2026-03-05T17:06:15+0800", "level": "INFO", "logger": "etl_logger", "message": "Start query existing data in LarkSheet...", "service": "cc_reconcile", "stage": "lark", "status": "ok"}
{"timestamp": "2026-03-05T17:06:16+0800", "level": "INFO", "logger": "etl_logger", "message": "Query existing data in LarkSheet Finish", "service": "cc_reconcile", "stage": "lark", "status": "ok"}
{"timestamp": "2026-03-05T17:06:16+0800", "level": "INFO", "logger": "etl_logger", "message": "Total unique keys in LarkSheet: 160, Total new mismatch cases to upload: 0", "service": "cc_reconcile", "stage": "lark", "status": "ok"}
{"timestamp": "2026-03-05T17:06:16+0800", "level": "INFO", "logger": "etl_logger", "message": "Append data to LarkSheet with range: Kalw4Y!A2:L3, rows: 1, columns: 12", "service": "cc_reconcile", "stage": "lark", "status": "ok"}
{"timestamp": "2026-03-05T17:06:16+0800", "level": "INFO", "logger": "etl_logger", "message": "✅ Successfully appended data to LarkSheet", "service": "cc_reconcile", "stage": "lark", "status": "ok"}
{"timestamp": "2026-03-05T17:06:18+0800", "level": "INFO", "logger": "etl_logger", "message": "Upload data to LarkSheet Finish", "service": "cc_reconcile", "stage": "lark", "status": "ok"}
{"timestamp": "2026-03-05T18:00:02+0800", "level": "INFO", "logger": "etl_logger", "message": "Start download reports...", "service": "cc_reconcile", "stage": "download", "status": "ok"}
{"timestamp": "2026-03-05T18:00:05+0800", "level": "INFO", "logger": "etl_logger", "message": "Payabl Login Success and Get Token Success", "service": "cc_reconcile", "stage": "download_payabl", "status": "ok"}
{"timestamp": "2026-03-05T18:00:05+0800", "level": "INFO", "logger": "etl_logger", "message": "Start downloading Payabl CC Report for date: 2026-03-04...", "service": "cc_reconcile", "stage": "download_payabl", "status": "ok"}
{"timestamp": "2026-03-05T18:00:39+0800", "level": "INFO", "logger": "etl_logger", "message": "Start downloading Payabl CC Report for date: 2026-03-05...", "service": "cc_reconcile", "stage": "download_payabl", "status": "ok"}
{"timestamp": "2026-03-05T18:00:54+0800", "level": "INFO", "logger": "etl_logger", "message": "Finish downloading Payabl CC Report", "service": "cc_reconcile", "stage": "download_payabl", "status": "ok"}
{"timestamp": "2026-03-05T18:00:54+0800", "level": "INFO", "logger": "etl_logger", "message": "Download Payabl CC Report Finish ，Total: 72090", "service": "cc_reconcile", "stage": "download", "status": "ok"}
{"timestamp": "2026-03-05T18:00:54+0800", "level": "INFO", "logger": "etl_logger", "message": "Login attempt 1/5", "service": "cc_reconcile", "stage": "download_davinci", "status": "ok"}
{"timestamp": "2026-03-05T18:00:55+0800", "level": "INFO", "logger": "etl_logger", "message": "Login response status=200, url=https://admin.vantagemarkets.com/admin/main, cookies=4", "service": "cc_reconcile", "stage": "download_davinci", "status": "ok"}
{"timestamp": "2026-03-05T18:00:55+0800", "level": "INFO", "logger": "etl_logger", "message": "Login successful", "service": "cc_reconcile", "stage": "download_davinci", "status": "ok"}
{"timestamp": "2026-03-05T18:00:55+0800", "level": "INFO", "logger": "etl_logger", "message": "Token obtained successfully", "service": "cc_reconcile", "stage": "download_davinci", "status": "ok"}
{"timestamp": "2026-03-05T18:00:55+0800", "level": "INFO", "logger": "etl_logger", "message": "Start downloading Davinci CC Report for brand: VFSC...", "service": "cc_reconcile", "stage": "download_davinci", "status": "ok"}
{"timestamp": "2026-03-05T18:01:14+0800", "level": "INFO", "logger": "etl_logger", "message": "POST success (VFSC 2026-03-02): cc_withdraw_detail_report_20260305100114.csv, took 18.8s", "service": "cc_reconcile", "stage": "download_davinci", "status": "ok"}
{"timestamp": "2026-03-05T18:01:16+0800", "level": "INFO", "logger": "etl_logger", "message": "Download success (VFSC 2026-03-02): cc_withdraw_detail_report_20260305100114.csv, took 2.4s", "service": "cc_reconcile", "stage": "download_davinci", "status": "ok"}
{"timestamp": "2026-03-05T18:01:34+0800", "level": "INFO", "logger": "etl_logger", "message": "POST success (VFSC 2026-03-03): cc_withdraw_detail_report_20260305100134.csv, took 17.8s", "service": "cc_reconcile", "stage": "download_davinci", "status": "ok"}
{"timestamp": "2026-03-05T18:01:36+0800", "level": "INFO", "logger": "etl_logger", "message": "Download success (VFSC 2026-03-03): cc_withdraw_detail_report_20260305100134.csv, took 2.4s", "service": "cc_reconcile", "stage": "download_davinci", "status": "ok"}
{"timestamp": "2026-03-05T18:01:54+0800", "level": "INFO", "logger": "etl_logger", "message": "POST success (VFSC 2026-03-04): cc_withdraw_detail_report_20260305100154.csv, took 18.0s", "service": "cc_reconcile", "stage": "download_davinci", "status": "ok"}
{"timestamp": "2026-03-05T18:01:56+0800", "level": "INFO", "logger": "etl_logger", "message": "Download success (VFSC 2026-03-04): cc_withdraw_detail_report_20260305100154.csv, took 2.1s", "service": "cc_reconcile", "stage": "download_davinci", "status": "ok"}
{"timestamp": "2026-03-05T18:02:14+0800", "level": "INFO", "logger": "etl_logger", "message": "POST success (VFSC 2026-03-05): cc_withdraw_detail_report_20260305100214.csv, took 17.3s", "service": "cc_reconcile", "stage": "download_davinci", "status": "ok"}
{"timestamp": "2026-03-05T18:02:15+0800", "level": "INFO", "logger": "etl_logger", "message": "Download success (VFSC 2026-03-05): cc_withdraw_detail_report_20260305100214.csv, took 1.6s", "service": "cc_reconcile", "stage": "download_davinci", "status": "ok"}
{"timestamp": "2026-03-05T18:02:15+0800", "level": "INFO", "logger": "etl_logger", "message": "Finish downloading Davinci CC - VFSC Report", "service": "cc_reconcile", "stage": "download_davinci", "status": "ok"}
{"timestamp": "2026-03-05T18:02:15+0800", "level": "INFO", "logger": "etl_logger", "message": "Start downloading Davinci CC Report for brand: VFSC2...", "service": "cc_reconcile", "stage": "download_davinci", "status": "ok"}
{"timestamp": "2026-03-05T18:03:12+0800", "level": "INFO", "logger": "etl_logger", "message": "POST success (VFSC2 2026-03-02): cc_withdraw_detail_report_20260305100311.csv, took 56.3s", "service": "cc_reconcile", "stage": "download_davinci", "status": "ok"}
{"timestamp": "2026-03-05T18:03:15+0800", "level": "INFO", "logger": "etl_logger", "message": "Download success (VFSC2 2026-03-02): cc_withdraw_detail_report_20260305100311.csv, took 3.4s", "service": "cc_reconcile", "stage": "download_davinci", "status": "ok"}
{"timestamp": "2026-03-05T18:04:08+0800", "level": "INFO", "logger": "etl_logger", "message": "POST success (VFSC2 2026-03-03): cc_withdraw_detail_report_20260305100408.csv, took 53.4s", "service": "cc_reconcile", "stage": "download_davinci", "status": "ok"}
{"timestamp": "2026-03-05T18:04:12+0800", "level": "INFO", "logger": "etl_logger", "message": "Download success (VFSC2 2026-03-03): cc_withdraw_detail_report_20260305100408.csv, took 3.2s", "service": "cc_reconcile", "stage": "download_davinci", "status": "ok"}
{"timestamp": "2026-03-05T18:05:04+0800", "level": "INFO", "logger": "etl_logger", "message": "POST success (VFSC2 2026-03-04): cc_withdraw_detail_report_20260305100503.csv, took 52.0s", "service": "cc_reconcile", "stage": "download_davinci", "status": "ok"}
{"timestamp": "2026-03-05T18:05:07+0800", "level": "INFO", "logger": "etl_logger", "message": "Download success (VFSC2 2026-03-04): cc_withdraw_detail_report_20260305100503.csv, took 3.2s", "service": "cc_reconcile", "stage": "download_davinci", "status": "ok"}
{"timestamp": "2026-03-05T18:05:59+0800", "level": "INFO", "logger": "etl_logger", "message": "POST success (VFSC2 2026-03-05): cc_withdraw_detail_report_20260305100559.csv, took 52.3s", "service": "cc_reconcile", "stage": "download_davinci", "status": "ok"}
{"timestamp": "2026-03-05T18:06:02+0800", "level": "INFO", "logger": "etl_logger", "message": "Download success (VFSC2 2026-03-05): cc_withdraw_detail_report_20260305100559.csv, took 2.6s", "service": "cc_reconcile", "stage": "download_davinci", "status": "ok"}
{"timestamp": "2026-03-05T18:06:03+0800", "level": "INFO", "logger": "etl_logger", "message": "Finish downloading Davinci CC - VFSC2 Report", "service": "cc_reconcile", "stage": "download_davinci", "status": "ok"}
{"timestamp": "2026-03-05T18:06:03+0800", "level": "INFO", "logger": "etl_logger", "message": "Finish downloading Davinci CC Report for all brands, total rows: 64721", "service": "cc_reconcile", "stage": "download_davinci", "status": "ok"}
{"timestamp": "2026-03-05T18:06:03+0800", "level": "INFO", "logger": "etl_logger", "message": "Download CRM CC Report Finish ，Total: 64721", "service": "cc_reconcile", "stage": "download", "status": "ok"}
{"timestamp": "2026-03-05T18:06:03+0800", "level": "INFO", "logger": "etl_logger", "message": "Start reconcile...", "service": "cc_reconcile", "stage": "reconcile", "status": "ok"}
{"timestamp": "2026-03-05T18:06:03+0800", "level": "INFO", "logger": "etl_logger", "message": "Reconcile Finish ，Total Mismatch Case: 3", "service": "cc_reconcile", "stage": "reconcile", "status": "ok"}
{"timestamp": "2026-03-05T18:06:03+0800", "level": "INFO", "logger": "etl_logger", "message": "Connect Lark Finish", "service": "cc_reconcile", "stage": "lark", "status": "ok"}
{"timestamp": "2026-03-05T18:06:03+0800", "level": "INFO", "logger": "etl_logger", "message": "Start query existing data in LarkSheet...", "service": "cc_reconcile", "stage": "lark", "status": "ok"}
{"timestamp": "2026-03-05T18:06:05+0800", "level": "INFO", "logger": "etl_logger", "message": "Query existing data in LarkSheet Finish", "service": "cc_reconcile", "stage": "lark", "status": "ok"}
{"timestamp": "2026-03-05T18:06:05+0800", "level": "INFO", "logger": "etl_logger", "message": "Total unique keys in LarkSheet: 160, Total new mismatch cases to upload: 0", "service": "cc_reconcile", "stage": "lark", "status": "ok"}
{"timestamp": "2026-03-05T18:06:05+0800", "level": "INFO", "logger": "etl_logger", "message": "Append data to LarkSheet with range: Kalw4Y!A2:L3, rows: 1, columns: 12", "service": "cc_reconcile", "stage": "lark", "status": "ok"}
{"timestamp": "2026-03-05T18:06:05+0800", "level": "INFO", "logger": "etl_logger", "message": "✅ Successfully appended data to LarkSheet", "service": "cc_reconcile", "stage": "lark", "status": "ok"}
{"timestamp": "2026-03-05T18:06:07+0800", "level": "INFO", "logger": "etl_logger", "message": "Upload data to LarkSheet Finish", "service": "cc_reconcile", "stage": "lark", "status": "ok"}
{"timestamp": "2026-03-05T19:00:02+0800", "level": "INFO", "logger": "etl_logger", "message": "Start download reports...", "service": "cc_reconcile", "stage": "download", "status": "ok"}
{"timestamp": "2026-03-05T19:00:05+0800", "level": "INFO", "logger": "etl_logger", "message": "Payabl Login Success and Get Token Success", "service": "cc_reconcile", "stage": "download_payabl", "status": "ok"}
{"timestamp": "2026-03-05T19:00:05+0800", "level": "INFO", "logger": "etl_logger", "message": "Start downloading Payabl CC Report for date: 2026-03-04...", "service": "cc_reconcile", "stage": "download_payabl", "status": "ok"}
{"timestamp": "2026-03-05T19:00:40+0800", "level": "INFO", "logger": "etl_logger", "message": "Start downloading Payabl CC Report for date: 2026-03-05...", "service": "cc_reconcile", "stage": "download_payabl", "status": "ok"}
{"timestamp": "2026-03-05T19:00:55+0800", "level": "INFO", "logger": "etl_logger", "message": "Finish downloading Payabl CC Report", "service": "cc_reconcile", "stage": "download_payabl", "status": "ok"}
{"timestamp": "2026-03-05T19:00:55+0800", "level": "INFO", "logger": "etl_logger", "message": "Download Payabl CC Report Finish ，Total: 74569", "service": "cc_reconcile", "stage": "download", "status": "ok"}
{"timestamp": "2026-03-05T19:00:55+0800", "level": "INFO", "logger": "etl_logger", "message": "Login attempt 1/5", "service": "cc_reconcile", "stage": "download_davinci", "status": "ok"}
{"timestamp": "2026-03-05T19:00:56+0800", "level": "INFO", "logger": "etl_logger", "message": "Login response status=200, url=https://admin.vantagemarkets.com/admin/main, cookies=4", "service": "cc_reconcile", "stage": "download_davinci", "status": "ok"}
{"timestamp": "2026-03-05T19:00:56+0800", "level": "INFO", "logger": "etl_logger", "message": "Login successful", "service": "cc_reconcile", "stage": "download_davinci", "status": "ok"}
{"timestamp": "2026-03-05T19:00:57+0800", "level": "INFO", "logger": "etl_logger", "message": "Token obtained successfully", "service": "cc_reconcile", "stage": "download_davinci", "status": "ok"}
{"timestamp": "2026-03-05T19:00:57+0800", "level": "INFO", "logger": "etl_logger", "message": "Start downloading Davinci CC Report for brand: VFSC...", "service": "cc_reconcile", "stage": "download_davinci", "status": "ok"}
{"timestamp": "2026-03-05T19:01:16+0800", "level": "INFO", "logger": "etl_logger", "message": "POST success (VFSC 2026-03-02): cc_withdraw_detail_report_20260305110116.csv, took 19.0s", "service": "cc_reconcile", "stage": "download_davinci", "status": "ok"}
{"timestamp": "2026-03-05T19:01:18+0800", "level": "INFO", "logger": "etl_logger", "message": "Download success (VFSC 2026-03-02): cc_withdraw_detail_report_20260305110116.csv, took 2.4s", "service": "cc_reconcile", "stage": "download_davinci", "status": "ok"}
{"timestamp": "2026-03-05T19:01:36+0800", "level": "INFO", "logger": "etl_logger", "message": "POST success (VFSC 2026-03-03): cc_withdraw_detail_report_20260305110136.csv, took 18.1s", "service": "cc_reconcile", "stage": "download_davinci", "status": "ok"}
{"timestamp": "2026-03-05T19:01:39+0800", "level": "INFO", "logger": "etl_logger", "message": "Download success (VFSC 2026-03-03): cc_withdraw_detail_report_20260305110136.csv, took 2.4s", "service": "cc_reconcile", "stage": "download_davinci", "status": "ok"}
{"timestamp": "2026-03-05T19:01:57+0800", "level": "INFO", "logger": "etl_logger", "message": "POST success (VFSC 2026-03-04): cc_withdraw_detail_report_20260305110157.csv, took 18.3s", "service": "cc_reconcile", "stage": "download_davinci", "status": "ok"}
{"timestamp": "2026-03-05T19:01:59+0800", "level": "INFO", "logger": "etl_logger", "message": "Download success (VFSC 2026-03-04): cc_withdraw_detail_report_20260305110157.csv, took 2.2s", "service": "cc_reconcile", "stage": "download_davinci", "status": "ok"}
{"timestamp": "2026-03-05T19:02:17+0800", "level": "INFO", "logger": "etl_logger", "message": "POST success (VFSC 2026-03-05): cc_withdraw_detail_report_20260305110217.csv, took 17.9s", "service": "cc_reconcile", "stage": "download_davinci", "status": "ok"}
{"timestamp": "2026-03-05T19:02:19+0800", "level": "INFO", "logger": "etl_logger", "message": "Download success (VFSC 2026-03-05): cc_withdraw_detail_report_20260305110217.csv, took 1.9s", "service": "cc_reconcile", "stage": "download_davinci", "status": "ok"}
{"timestamp": "2026-03-05T19:02:19+0800", "level": "INFO", "logger": "etl_logger", "message": "Finish downloading Davinci CC - VFSC Report", "service": "cc_reconcile", "stage": "download_davinci", "status": "ok"}
{"timestamp": "2026-03-05T19:02:19+0800", "level": "INFO", "logger": "etl_logger", "message": "Start downloading Davinci CC Report for brand: VFSC2...", "service": "cc_reconcile", "stage": "download_davinci", "status": "ok"}
{"timestamp": "2026-03-05T19:03:17+0800", "level": "INFO", "logger": "etl_logger", "message": "POST success (VFSC2 2026-03-02): cc_withdraw_detail_report_20260305110317.csv, took 57.9s", "service": "cc_reconcile", "stage": "download_davinci", "status": "ok"}
{"timestamp": "2026-03-05T19:03:20+0800", "level": "INFO", "logger": "etl_logger", "message": "Download success (VFSC2 2026-03-02): cc_withdraw_detail_report_20260305110317.csv, took 3.4s", "service": "cc_reconcile", "stage": "download_davinci", "status": "ok"}
{"timestamp": "2026-03-05T19:04:13+0800", "level": "INFO", "logger": "etl_logger", "message": "POST success (VFSC2 2026-03-03): cc_withdraw_detail_report_20260305110412.csv, took 52.2s", "service": "cc_reconcile", "stage": "download_davinci", "status": "ok"}
{"timestamp": "2026-03-05T19:04:16+0800", "level": "INFO", "logger": "etl_logger", "message": "Download success (VFSC2 2026-03-03): cc_withdraw_detail_report_20260305110412.csv, took 3.2s", "service": "cc_reconcile", "stage": "download_davinci", "status": "ok"}
{"timestamp": "2026-03-05T19:05:07+0800", "level": "INFO", "logger": "etl_logger", "message": "POST success (VFSC2 2026-03-04): cc_withdraw_detail_report_20260305110506.csv, took 51.0s", "service": "cc_reconcile", "stage": "download_davinci", "status": "ok"}
{"timestamp": "2026-03-05T19:05:10+0800", "level": "INFO", "logger": "etl_logger", "message": "Download success (VFSC2 2026-03-04): cc_withdraw_detail_report_20260305110506.csv, took 3.0s", "service": "cc_reconcile", "stage": "download_davinci", "status": "ok"}
{"timestamp": "2026-03-05T19:06:00+0800", "level": "INFO", "logger": "etl_logger", "message": "POST success (VFSC2 2026-03-05): cc_withdraw_detail_report_20260305110600.csv, took 50.7s", "service": "cc_reconcile", "stage": "download_davinci", "status": "ok"}
{"timestamp": "2026-03-05T19:06:03+0800", "level": "INFO", "logger": "etl_logger", "message": "Download success (VFSC2 2026-03-05): cc_withdraw_detail_report_20260305110600.csv, took 2.7s", "service": "cc_reconcile", "stage": "download_davinci", "status": "ok"}
{"timestamp": "2026-03-05T19:06:04+0800", "level": "INFO", "logger": "etl_logger", "message": "Finish downloading Davinci CC - VFSC2 Report", "service": "cc_reconcile", "stage": "download_davinci", "status": "ok"}
{"timestamp": "2026-03-05T19:06:04+0800", "level": "INFO", "logger": "etl_logger", "message": "Finish downloading Davinci CC Report for all brands, total rows: 65263", "service": "cc_reconcile", "stage": "download_davinci", "status": "ok"}
{"timestamp": "2026-03-05T19:06:04+0800", "level": "INFO", "logger": "etl_logger", "message": "Download CRM CC Report Finish ，Total: 65263", "service": "cc_reconcile", "stage": "download", "status": "ok"}
{"timestamp": "2026-03-05T19:06:04+0800", "level": "INFO", "logger": "etl_logger", "message": "Start reconcile...", "service": "cc_reconcile", "stage": "reconcile", "status": "ok"}
{"timestamp": "2026-03-05T19:06:04+0800", "level": "INFO", "logger": "etl_logger", "message": "Reconcile Finish ，Total Mismatch Case: 3", "service": "cc_reconcile", "stage": "reconcile", "status": "ok"}
{"timestamp": "2026-03-05T19:06:05+0800", "level": "INFO", "logger": "etl_logger", "message": "Connect Lark Finish", "service": "cc_reconcile", "stage": "lark", "status": "ok"}
{"timestamp": "2026-03-05T19:06:05+0800", "level": "INFO", "logger": "etl_logger", "message": "Start query existing data in LarkSheet...", "service": "cc_reconcile", "stage": "lark", "status": "ok"}
{"timestamp": "2026-03-05T19:06:06+0800", "level": "INFO", "logger": "etl_logger", "message": "Query existing data in LarkSheet Finish", "service": "cc_reconcile", "stage": "lark", "status": "ok"}
{"timestamp": "2026-03-05T19:06:06+0800", "level": "INFO", "logger": "etl_logger", "message": "Total unique keys in LarkSheet: 160, Total new mismatch cases to upload: 0", "service": "cc_reconcile", "stage": "lark", "status": "ok"}
{"timestamp": "2026-03-05T19:06:06+0800", "level": "INFO", "logger": "etl_logger", "message": "Append data to LarkSheet with range: Kalw4Y!A2:L3, rows: 1, columns: 12", "service": "cc_reconcile", "stage": "lark", "status": "ok"}
{"timestamp": "2026-03-05T19:06:06+0800", "level": "INFO", "logger": "etl_logger", "message": "✅ Successfully appended data to LarkSheet", "service": "cc_reconcile", "stage": "lark", "status": "ok"}
{"timestamp": "2026-03-05T19:06:07+0800", "level": "INFO", "logger": "etl_logger", "message": "Upload data to LarkSheet Finish", "service": "cc_reconcile", "stage": "lark", "status": "ok"}
{"timestamp": "2026-03-05T20:00:01+0800", "level": "INFO", "logger": "etl_logger", "message": "Start download reports...", "service": "cc_reconcile", "stage": "download", "status": "ok"}
{"timestamp": "2026-03-05T20:00:04+0800", "level": "INFO", "logger": "etl_logger", "message": "Payabl Login Success and Get Token Success", "service": "cc_reconcile", "stage": "download_payabl", "status": "ok"}
{"timestamp": "2026-03-05T20:00:04+0800", "level": "INFO", "logger": "etl_logger", "message": "Start downloading Payabl CC Report for date: 2026-03-04...", "service": "cc_reconcile", "stage": "download_payabl", "status": "ok"}
{"timestamp": "2026-03-05T20:00:37+0800", "level": "INFO", "logger": "etl_logger", "message": "Start downloading Payabl CC Report for date: 2026-03-05...", "service": "cc_reconcile", "stage": "download_payabl", "status": "ok"}
{"timestamp": "2026-03-05T20:00:51+0800", "level": "INFO", "logger": "etl_logger", "message": "Finish downloading Payabl CC Report", "service": "cc_reconcile", "stage": "download_payabl", "status": "ok"}
{"timestamp": "2026-03-05T20:00:51+0800", "level": "INFO", "logger": "etl_logger", "message": "Download Payabl CC Report Finish ，Total: 76146", "service": "cc_reconcile", "stage": "download", "status": "ok"}
{"timestamp": "2026-03-05T20:00:51+0800", "level": "INFO", "logger": "etl_logger", "message": "Login attempt 1/5", "service": "cc_reconcile", "stage": "download_davinci", "status": "ok"}
{"timestamp": "2026-03-05T20:00:52+0800", "level": "INFO", "logger": "etl_logger", "message": "Login response status=200, url=https://admin.vantagemarkets.com/admin/main, cookies=4", "service": "cc_reconcile", "stage": "download_davinci", "status": "ok"}
{"timestamp": "2026-03-05T20:00:52+0800", "level": "INFO", "logger": "etl_logger", "message": "Login successful", "service": "cc_reconcile", "stage": "download_davinci", "status": "ok"}
{"timestamp": "2026-03-05T20:00:53+0800", "level": "INFO", "logger": "etl_logger", "message": "Token obtained successfully", "service": "cc_reconcile", "stage": "download_davinci", "status": "ok"}
{"timestamp": "2026-03-05T20:00:53+0800", "level": "INFO", "logger": "etl_logger", "message": "Start downloading Davinci CC Report for brand: VFSC...", "service": "cc_reconcile", "stage": "download_davinci", "status": "ok"}
{"timestamp": "2026-03-05T20:01:12+0800", "level": "INFO", "logger": "etl_logger", "message": "POST success (VFSC 2026-03-02): cc_withdraw_detail_report_20260305120112.csv, took 18.8s", "service": "cc_reconcile", "stage": "download_davinci", "status": "ok"}
{"timestamp": "2026-03-05T20:01:14+0800", "level": "INFO", "logger": "etl_logger", "message": "Download success (VFSC 2026-03-02): cc_withdraw_detail_report_20260305120112.csv, took 2.4s", "service": "cc_reconcile", "stage": "download_davinci", "status": "ok"}
{"timestamp": "2026-03-05T20:01:32+0800", "level": "INFO", "logger": "etl_logger", "message": "POST success (VFSC 2026-03-03): cc_withdraw_detail_report_20260305120132.csv, took 18.0s", "service": "cc_reconcile", "stage": "download_davinci", "status": "ok"}
{"timestamp": "2026-03-05T20:01:37+0800", "level": "INFO", "logger": "etl_logger", "message": "Download success (VFSC 2026-03-03): cc_withdraw_detail_report_20260305120132.csv, took 5.0s", "service": "cc_reconcile", "stage": "download_davinci", "status": "ok"}
{"timestamp": "2026-03-05T20:01:55+0800", "level": "INFO", "logger": "etl_logger", "message": "POST success (VFSC 2026-03-04): cc_withdraw_detail_report_20260305120155.csv, took 18.2s", "service": "cc_reconcile", "stage": "download_davinci", "status": "ok"}
{"timestamp": "2026-03-05T20:01:58+0800", "level": "INFO", "logger": "etl_logger", "message": "Download success (VFSC 2026-03-04): cc_withdraw_detail_report_20260305120155.csv, took 2.7s", "service": "cc_reconcile", "stage": "download_davinci", "status": "ok"}
{"timestamp": "2026-03-05T20:02:16+0800", "level": "INFO", "logger": "etl_logger", "message": "POST success (VFSC 2026-03-05): cc_withdraw_detail_report_20260305120216.csv, took 17.9s", "service": "cc_reconcile", "stage": "download_davinci", "status": "ok"}
{"timestamp": "2026-03-05T20:02:18+0800", "level": "INFO", "logger": "etl_logger", "message": "Download success (VFSC 2026-03-05): cc_withdraw_detail_report_20260305120216.csv, took 2.4s", "service": "cc_reconcile", "stage": "download_davinci", "status": "ok"}
{"timestamp": "2026-03-05T20:02:18+0800", "level": "INFO", "logger": "etl_logger", "message": "Finish downloading Davinci CC - VFSC Report", "service": "cc_reconcile", "stage": "download_davinci", "status": "ok"}
{"timestamp": "2026-03-05T20:02:18+0800", "level": "INFO", "logger": "etl_logger", "message": "Start downloading Davinci CC Report for brand: VFSC2...", "service": "cc_reconcile", "stage": "download_davinci", "status": "ok"}
{"timestamp": "2026-03-05T20:03:16+0800", "level": "INFO", "logger": "etl_logger", "message": "POST success (VFSC2 2026-03-02): cc_withdraw_detail_report_20260305120315.csv, took 57.2s", "service": "cc_reconcile", "stage": "download_davinci", "status": "ok"}
{"timestamp": "2026-03-05T20:03:47+0800", "level": "INFO", "logger": "etl_logger", "message": "Download success (VFSC2 2026-03-02): cc_withdraw_detail_report_20260305120315.csv, took 31.9s", "service": "cc_reconcile", "stage": "download_davinci", "status": "ok"}
{"timestamp": "2026-03-05T20:04:40+0800", "level": "INFO", "logger": "etl_logger", "message": "POST success (VFSC2 2026-03-03): cc_withdraw_detail_report_20260305120439.csv, took 52.2s", "service": "cc_reconcile", "stage": "download_davinci", "status": "ok"}
{"timestamp": "2026-03-05T20:04:46+0800", "level": "INFO", "logger": "etl_logger", "message": "Download success (VFSC2 2026-03-03): cc_withdraw_detail_report_20260305120439.csv, took 6.6s", "service": "cc_reconcile", "stage": "download_davinci", "status": "ok"}
{"timestamp": "2026-03-05T20:05:38+0800", "level": "INFO", "logger": "etl_logger", "message": "POST success (VFSC2 2026-03-04): cc_withdraw_detail_report_20260305120538.csv, took 51.6s", "service": "cc_reconcile", "stage": "download_davinci", "status": "ok"}
{"timestamp": "2026-03-05T20:10:33+0800", "level": "INFO", "logger": "etl_logger", "message": "Download success (VFSC2 2026-03-04): cc_withdraw_detail_report_20260305120538.csv, took 295.2s", "service": "cc_reconcile", "stage": "download_davinci", "status": "ok"}
{"timestamp": "2026-03-05T20:11:24+0800", "level": "INFO", "logger": "etl_logger", "message": "POST success (VFSC2 2026-03-05): cc_withdraw_detail_report_20260305121124.csv, took 51.6s", "service": "cc_reconcile", "stage": "download_davinci", "status": "ok"}
{"timestamp": "2026-03-05T20:11:29+0800", "level": "INFO", "logger": "etl_logger", "message": "Download success (VFSC2 2026-03-05): cc_withdraw_detail_report_20260305121124.csv, took 4.2s", "service": "cc_reconcile", "stage": "download_davinci", "status": "ok"}
{"timestamp": "2026-03-05T20:11:30+0800", "level": "INFO", "logger": "etl_logger", "message": "Finish downloading Davinci CC - VFSC2 Report", "service": "cc_reconcile", "stage": "download_davinci", "status": "ok"}
{"timestamp": "2026-03-05T20:11:30+0800", "level": "INFO", "logger": "etl_logger", "message": "Finish downloading Davinci CC Report for all brands, total rows: 65741", "service": "cc_reconcile", "stage": "download_davinci", "status": "ok"}
{"timestamp": "2026-03-05T20:11:30+0800", "level": "INFO", "logger": "etl_logger", "message": "Download CRM CC Report Finish ，Total: 65741", "service": "cc_reconcile", "stage": "download", "status": "ok"}
{"timestamp": "2026-03-05T20:11:30+0800", "level": "INFO", "logger": "etl_logger", "message": "Start reconcile...", "service": "cc_reconcile", "stage": "reconcile", "status": "ok"}
{"timestamp": "2026-03-05T20:11:30+0800", "level": "INFO", "logger": "etl_logger", "message": "Reconcile Finish ，Total Mismatch Case: 3", "service": "cc_reconcile", "stage": "reconcile", "status": "ok"}
{"timestamp": "2026-03-05T20:11:30+0800", "level": "INFO", "logger": "etl_logger", "message": "Connect Lark Finish", "service": "cc_reconcile", "stage": "lark", "status": "ok"}
{"timestamp": "2026-03-05T20:11:30+0800", "level": "INFO", "logger": "etl_logger", "message": "Start query existing data in LarkSheet...", "service": "cc_reconcile", "stage": "lark", "status": "ok"}
{"timestamp": "2026-03-05T20:11:31+0800", "level": "INFO", "logger": "etl_logger", "message": "Query existing data in LarkSheet Finish", "service": "cc_reconcile", "stage": "lark", "status": "ok"}
{"timestamp": "2026-03-05T20:11:31+0800", "level": "INFO", "logger": "etl_logger", "message": "Total unique keys in LarkSheet: 160, Total new mismatch cases to upload: 0", "service": "cc_reconcile", "stage": "lark", "status": "ok"}
{"timestamp": "2026-03-05T20:11:31+0800", "level": "INFO", "logger": "etl_logger", "message": "Append data to LarkSheet with range: Kalw4Y!A2:L3, rows: 1, columns: 12", "service": "cc_reconcile", "stage": "lark", "status": "ok"}
{"timestamp": "2026-03-05T20:11:32+0800", "level": "INFO", "logger": "etl_logger", "message": "✅ Successfully appended data to LarkSheet", "service": "cc_reconcile", "stage": "lark", "status": "ok"}
{"timestamp": "2026-03-05T20:11:33+0800", "level": "INFO", "logger": "etl_logger", "message": "Upload data to LarkSheet Finish", "service": "cc_reconcile", "stage": "lark", "status": "ok"}
{"timestamp": "2026-03-05T21:00:02+0800", "level": "INFO", "logger": "etl_logger", "message": "Start download reports...", "service": "cc_reconcile", "stage": "download", "status": "ok"}
{"timestamp": "2026-03-05T21:00:05+0800", "level": "INFO", "logger": "etl_logger", "message": "Payabl Login Success and Get Token Success", "service": "cc_reconcile", "stage": "download_payabl", "status": "ok"}
{"timestamp": "2026-03-05T21:00:05+0800", "level": "INFO", "logger": "etl_logger", "message": "Start downloading Payabl CC Report for date: 2026-03-04...", "service": "cc_reconcile", "stage": "download_payabl", "status": "ok"}
{"timestamp": "2026-03-05T21:00:44+0800", "level": "INFO", "logger": "etl_logger", "message": "Start downloading Payabl CC Report for date: 2026-03-05...", "service": "cc_reconcile", "stage": "download_payabl", "status": "ok"}
{"timestamp": "2026-03-05T21:01:00+0800", "level": "INFO", "logger": "etl_logger", "message": "Finish downloading Payabl CC Report", "service": "cc_reconcile", "stage": "download_payabl", "status": "ok"}
{"timestamp": "2026-03-05T21:01:00+0800", "level": "INFO", "logger": "etl_logger", "message": "Download Payabl CC Report Finish ，Total: 77990", "service": "cc_reconcile", "stage": "download", "status": "ok"}
{"timestamp": "2026-03-05T21:01:00+0800", "level": "INFO", "logger": "etl_logger", "message": "Login attempt 1/5", "service": "cc_reconcile", "stage": "download_davinci", "status": "ok"}
{"timestamp": "2026-03-05T21:01:01+0800", "level": "INFO", "logger": "etl_logger", "message": "Login response status=200, url=https://admin.vantagemarkets.com/admin/main, cookies=4", "service": "cc_reconcile", "stage": "download_davinci", "status": "ok"}
{"timestamp": "2026-03-05T21:01:01+0800", "level": "INFO", "logger": "etl_logger", "message": "Login successful", "service": "cc_reconcile", "stage": "download_davinci", "status": "ok"}
{"timestamp": "2026-03-05T21:01:01+0800", "level": "INFO", "logger": "etl_logger", "message": "Token obtained successfully", "service": "cc_reconcile", "stage": "download_davinci", "status": "ok"}
{"timestamp": "2026-03-05T21:01:01+0800", "level": "INFO", "logger": "etl_logger", "message": "Start downloading Davinci CC Report for brand: VFSC...", "service": "cc_reconcile", "stage": "download_davinci", "status": "ok"}
{"timestamp": "2026-03-05T21:01:21+0800", "level": "INFO", "logger": "etl_logger", "message": "POST success (VFSC 2026-03-02): cc_withdraw_detail_report_20260305130120.csv, took 19.5s", "service": "cc_reconcile", "stage": "download_davinci", "status": "ok"}
{"timestamp": "2026-03-05T21:01:40+0800", "level": "INFO", "logger": "etl_logger", "message": "Download success (VFSC 2026-03-02): cc_withdraw_detail_report_20260305130120.csv, took 19.0s", "service": "cc_reconcile", "stage": "download_davinci", "status": "ok"}
{"timestamp": "2026-03-05T21:02:18+0800", "level": "INFO", "logger": "etl_logger", "message": "POST success (VFSC 2026-03-03): cc_withdraw_detail_report_20260305130218.csv, took 38.7s", "service": "cc_reconcile", "stage": "download_davinci", "status": "ok"}
{"timestamp": "2026-03-05T21:02:23+0800", "level": "INFO", "logger": "etl_logger", "message": "Download success (VFSC 2026-03-03): cc_withdraw_detail_report_20260305130218.csv, took 4.7s", "service": "cc_reconcile", "stage": "download_davinci", "status": "ok"}
{"timestamp": "2026-03-05T21:02:41+0800", "level": "INFO", "logger": "etl_logger", "message": "POST success (VFSC 2026-03-04): cc_withdraw_detail_report_20260305130241.csv, took 17.7s", "service": "cc_reconcile", "stage": "download_davinci", "status": "ok"}
{"timestamp": "2026-03-05T21:03:36+0800", "level": "INFO", "logger": "etl_logger", "message": "Download success (VFSC 2026-03-04): cc_withdraw_detail_report_20260305130241.csv, took 55.7s", "service": "cc_reconcile", "stage": "download_davinci", "status": "ok"}
{"timestamp": "2026-03-05T21:03:55+0800", "level": "INFO", "logger": "etl_logger", "message": "POST success (VFSC 2026-03-05): cc_withdraw_detail_report_20260305130355.csv, took 18.8s", "service": "cc_reconcile", "stage": "download_davinci", "status": "ok"}
{"timestamp": "2026-03-05T21:03:58+0800", "level": "INFO", "logger": "etl_logger", "message": "Download success (VFSC 2026-03-05): cc_withdraw_detail_report_20260305130355.csv, took 2.3s", "service": "cc_reconcile", "stage": "download_davinci", "status": "ok"}
{"timestamp": "2026-03-05T21:03:58+0800", "level": "INFO", "logger": "etl_logger", "message": "Finish downloading Davinci CC - VFSC Report", "service": "cc_reconcile", "stage": "download_davinci", "status": "ok"}
{"timestamp": "2026-03-05T21:03:58+0800", "level": "INFO", "logger": "etl_logger", "message": "Start downloading Davinci CC Report for brand: VFSC2...", "service": "cc_reconcile", "stage": "download_davinci", "status": "ok"}
{"timestamp": "2026-03-05T21:04:55+0800", "level": "INFO", "logger": "etl_logger", "message": "POST success (VFSC2 2026-03-02): cc_withdraw_detail_report_20260305130454.csv, took 57.0s", "service": "cc_reconcile", "stage": "download_davinci", "status": "ok"}
{"timestamp": "2026-03-05T21:05:27+0800", "level": "INFO", "logger": "etl_logger", "message": "Download success (VFSC2 2026-03-02): cc_withdraw_detail_report_20260305130454.csv, took 32.3s", "service": "cc_reconcile", "stage": "download_davinci", "status": "ok"}
{"timestamp": "2026-03-05T21:06:20+0800", "level": "INFO", "logger": "etl_logger", "message": "POST success (VFSC2 2026-03-03): cc_withdraw_detail_report_20260305130620.csv, took 53.2s", "service": "cc_reconcile", "stage": "download_davinci", "status": "ok"}
{"timestamp": "2026-03-05T21:06:26+0800", "level": "INFO", "logger": "etl_logger", "message": "Download success (VFSC2 2026-03-03): cc_withdraw_detail_report_20260305130620.csv, took 5.6s", "service": "cc_reconcile", "stage": "download_davinci", "status": "ok"}
{"timestamp": "2026-03-05T21:07:17+0800", "level": "INFO", "logger": "etl_logger", "message": "POST success (VFSC2 2026-03-04): cc_withdraw_detail_report_20260305130717.csv, took 51.5s", "service": "cc_reconcile", "stage": "download_davinci", "status": "ok"}
{"timestamp": "2026-03-05T21:07:20+0800", "level": "INFO", "logger": "etl_logger", "message": "Download success (VFSC2 2026-03-04): cc_withdraw_detail_report_20260305130717.csv, took 3.4s", "service": "cc_reconcile", "stage": "download_davinci", "status": "ok"}
{"timestamp": "2026-03-05T21:08:12+0800", "level": "INFO", "logger": "etl_logger", "message": "POST success (VFSC2 2026-03-05): cc_withdraw_detail_report_20260305130811.csv, took 51.3s", "service": "cc_reconcile", "stage": "download_davinci", "status": "ok"}
{"timestamp": "2026-03-05T21:08:17+0800", "level": "INFO", "logger": "etl_logger", "message": "Download success (VFSC2 2026-03-05): cc_withdraw_detail_report_20260305130811.csv, took 4.9s", "service": "cc_reconcile", "stage": "download_davinci", "status": "ok"}
{"timestamp": "2026-03-05T21:08:17+0800", "level": "INFO", "logger": "etl_logger", "message": "Finish downloading Davinci CC - VFSC2 Report", "service": "cc_reconcile", "stage": "download_davinci", "status": "ok"}
{"timestamp": "2026-03-05T21:08:17+0800", "level": "INFO", "logger": "etl_logger", "message": "Finish downloading Davinci CC Report for all brands, total rows: 66197", "service": "cc_reconcile", "stage": "download_davinci", "status": "ok"}
{"timestamp": "2026-03-05T21:08:17+0800", "level": "INFO", "logger": "etl_logger", "message": "Download CRM CC Report Finish ，Total: 66197", "service": "cc_reconcile", "stage": "download", "status": "ok"}
{"timestamp": "2026-03-05T21:08:17+0800", "level": "INFO", "logger": "etl_logger", "message": "Start reconcile...", "service": "cc_reconcile", "stage": "reconcile", "status": "ok"}
{"timestamp": "2026-03-05T21:08:18+0800", "level": "INFO", "logger": "etl_logger", "message": "Reconcile Finish ，Total Mismatch Case: 3", "service": "cc_reconcile", "stage": "reconcile", "status": "ok"}
{"timestamp": "2026-03-05T21:08:18+0800", "level": "INFO", "logger": "etl_logger", "message": "Connect Lark Finish", "service": "cc_reconcile", "stage": "lark", "status": "ok"}
{"timestamp": "2026-03-05T21:08:18+0800", "level": "INFO", "logger": "etl_logger", "message": "Start query existing data in LarkSheet...", "service": "cc_reconcile", "stage": "lark", "status": "ok"}
{"timestamp": "2026-03-05T21:08:19+0800", "level": "INFO", "logger": "etl_logger", "message": "Query existing data in LarkSheet Finish", "service": "cc_reconcile", "stage": "lark", "status": "ok"}
{"timestamp": "2026-03-05T21:08:19+0800", "level": "INFO", "logger": "etl_logger", "message": "Total unique keys in LarkSheet: 160, Total new mismatch cases to upload: 0", "service": "cc_reconcile", "stage": "lark", "status": "ok"}
{"timestamp": "2026-03-05T21:08:19+0800", "level": "INFO", "logger": "etl_logger", "message": "Append data to LarkSheet with range: Kalw4Y!A2:L3, rows: 1, columns: 12", "service": "cc_reconcile", "stage": "lark", "status": "ok"}
{"timestamp": "2026-03-05T21:08:20+0800", "level": "INFO", "logger": "etl_logger", "message": "✅ Successfully appended data to LarkSheet", "service": "cc_reconcile", "stage": "lark", "status": "ok"}
{"timestamp": "2026-03-05T21:08:21+0800", "level": "INFO", "logger": "etl_logger", "message": "Upload data to LarkSheet Finish", "service": "cc_reconcile", "stage": "lark", "status": "ok"}
{"timestamp": "2026-03-05T22:00:01+0800", "level": "INFO", "logger": "etl_logger", "message": "Start download reports...", "service": "cc_reconcile", "stage": "download", "status": "ok"}
{"timestamp": "2026-03-05T22:00:04+0800", "level": "INFO", "logger": "etl_logger", "message": "Payabl Login Success and Get Token Success", "service": "cc_reconcile", "stage": "download_payabl", "status": "ok"}
{"timestamp": "2026-03-05T22:00:04+0800", "level": "INFO", "logger": "etl_logger", "message": "Start downloading Payabl CC Report for date: 2026-03-04...", "service": "cc_reconcile", "stage": "download_payabl", "status": "ok"}
{"timestamp": "2026-03-05T22:00:42+0800", "level": "INFO", "logger": "etl_logger", "message": "Start downloading Payabl CC Report for date: 2026-03-05...", "service": "cc_reconcile", "stage": "download_payabl", "status": "ok"}
{"timestamp": "2026-03-05T22:01:05+0800", "level": "INFO", "logger": "etl_logger", "message": "Finish downloading Payabl CC Report", "service": "cc_reconcile", "stage": "download_payabl", "status": "ok"}
{"timestamp": "2026-03-05T22:01:05+0800", "level": "INFO", "logger": "etl_logger", "message": "Download Payabl CC Report Finish ，Total: 83647", "service": "cc_reconcile", "stage": "download", "status": "ok"}
{"timestamp": "2026-03-05T22:01:05+0800", "level": "INFO", "logger": "etl_logger", "message": "Login attempt 1/5", "service": "cc_reconcile", "stage": "download_davinci", "status": "ok"}
{"timestamp": "2026-03-05T22:01:06+0800", "level": "INFO", "logger": "etl_logger", "message": "Login response status=200, url=https://admin.vantagemarkets.com/admin/main, cookies=4", "service": "cc_reconcile", "stage": "download_davinci", "status": "ok"}
{"timestamp": "2026-03-05T22:01:06+0800", "level": "INFO", "logger": "etl_logger", "message": "Login successful", "service": "cc_reconcile", "stage": "download_davinci", "status": "ok"}
{"timestamp": "2026-03-05T22:01:06+0800", "level": "INFO", "logger": "etl_logger", "message": "Token obtained successfully", "service": "cc_reconcile", "stage": "download_davinci", "status": "ok"}
{"timestamp": "2026-03-05T22:01:06+0800", "level": "INFO", "logger": "etl_logger", "message": "Start downloading Davinci CC Report for brand: VFSC...", "service": "cc_reconcile", "stage": "download_davinci", "status": "ok"}
{"timestamp": "2026-03-05T22:01:28+0800", "level": "INFO", "logger": "etl_logger", "message": "POST success (VFSC 2026-03-02): cc_withdraw_detail_report_20260305140128.csv, took 21.5s", "service": "cc_reconcile", "stage": "download_davinci", "status": "ok"}
{"timestamp": "2026-03-05T22:01:31+0800", "level": "INFO", "logger": "etl_logger", "message": "Download success (VFSC 2026-03-02): cc_withdraw_detail_report_20260305140128.csv, took 3.6s", "service": "cc_reconcile", "stage": "download_davinci", "status": "ok"}
{"timestamp": "2026-03-05T22:01:51+0800", "level": "INFO", "logger": "etl_logger", "message": "POST success (VFSC 2026-03-03): cc_withdraw_detail_report_20260305140151.csv, took 19.9s", "service": "cc_reconcile", "stage": "download_davinci", "status": "ok"}
{"timestamp": "2026-03-05T22:01:59+0800", "level": "INFO", "logger": "etl_logger", "message": "Download success (VFSC 2026-03-03): cc_withdraw_detail_report_20260305140151.csv, took 7.5s", "service": "cc_reconcile", "stage": "download_davinci", "status": "ok"}
{"timestamp": "2026-03-05T22:02:17+0800", "level": "INFO", "logger": "etl_logger", "message": "POST success (VFSC 2026-03-04): cc_withdraw_detail_report_20260305140217.csv, took 18.5s", "service": "cc_reconcile", "stage": "download_davinci", "status": "ok"}
{"timestamp": "2026-03-05T22:02:23+0800", "level": "INFO", "logger": "etl_logger", "message": "Download success (VFSC 2026-03-04): cc_withdraw_detail_report_20260305140217.csv, took 6.3s", "service": "cc_reconcile", "stage": "download_davinci", "status": "ok"}
{"timestamp": "2026-03-05T22:02:41+0800", "level": "INFO", "logger": "etl_logger", "message": "POST success (VFSC 2026-03-05): cc_withdraw_detail_report_20260305140241.csv, took 18.0s", "service": "cc_reconcile", "stage": "download_davinci", "status": "ok"}
{"timestamp": "2026-03-05T22:03:25+0800", "level": "INFO", "logger": "etl_logger", "message": "Download success (VFSC 2026-03-05): cc_withdraw_detail_report_20260305140241.csv, took 43.4s", "service": "cc_reconcile", "stage": "download_davinci", "status": "ok"}
{"timestamp": "2026-03-05T22:03:25+0800", "level": "INFO", "logger": "etl_logger", "message": "Finish downloading Davinci CC - VFSC Report", "service": "cc_reconcile", "stage": "download_davinci", "status": "ok"}
{"timestamp": "2026-03-05T22:03:25+0800", "level": "INFO", "logger": "etl_logger", "message": "Start downloading Davinci CC Report for brand: VFSC2...", "service": "cc_reconcile", "stage": "download_davinci", "status": "ok"}
{"timestamp": "2026-03-05T22:04:21+0800", "level": "INFO", "logger": "etl_logger", "message": "POST success (VFSC2 2026-03-02): cc_withdraw_detail_report_20260305140420.csv, took 55.9s", "service": "cc_reconcile", "stage": "download_davinci", "status": "ok"}
{"timestamp": "2026-03-05T22:04:48+0800", "level": "INFO", "logger": "etl_logger", "message": "Download success (VFSC2 2026-03-02): cc_withdraw_detail_report_20260305140420.csv, took 27.4s", "service": "cc_reconcile", "stage": "download_davinci", "status": "ok"}
{"timestamp": "2026-03-05T22:05:29+0800", "level": "WARNING", "logger": "etl_logger", "message": "POST failed (VFSC2 2026-03-03) attempt 1: 520 Server Error:  for url: https://report.vantagemarkets.com/api/cc-detail/download, took 40.7s", "service": "cc_reconcile", "stage": "download_davinci", "status": "ok"}
{"timestamp": "2026-03-05T22:06:27+0800", "level": "INFO", "logger": "etl_logger", "message": "POST success (VFSC2 2026-03-03): cc_withdraw_detail_report_20260305140627.csv, took 53.5s", "service": "cc_reconcile", "stage": "download_davinci", "status": "ok"}
{"timestamp": "2026-03-05T22:25:05+0800", "level": "INFO", "logger": "etl_logger", "message": "Download success (VFSC2 2026-03-03): cc_withdraw_detail_report_20260305140627.csv, took 1118.0s", "service": "cc_reconcile", "stage": "download_davinci", "status": "ok"}
{"timestamp": "2026-03-05T22:26:00+0800", "level": "INFO", "logger": "etl_logger", "message": "POST success (VFSC2 2026-03-04): cc_withdraw_detail_report_20260305142559.csv, took 54.8s", "service": "cc_reconcile", "stage": "download_davinci", "status": "ok"}
{"timestamp": "2026-03-05T22:26:40+0800", "level": "INFO", "logger": "etl_logger", "message": "Download success (VFSC2 2026-03-04): cc_withdraw_detail_report_20260305142559.csv, took 40.0s", "service": "cc_reconcile", "stage": "download_davinci", "status": "ok"}
{"timestamp": "2026-03-05T22:27:30+0800", "level": "INFO", "logger": "etl_logger", "message": "POST success (VFSC2 2026-03-05): cc_withdraw_detail_report_20260305142730.csv, took 50.0s", "service": "cc_reconcile", "stage": "download_davinci", "status": "ok"}
{"timestamp": "2026-03-05T22:27:38+0800", "level": "INFO", "logger": "etl_logger", "message": "Download success (VFSC2 2026-03-05): cc_withdraw_detail_report_20260305142730.csv, took 7.9s", "service": "cc_reconcile", "stage": "download_davinci", "status": "ok"}
{"timestamp": "2026-03-05T22:27:39+0800", "level": "INFO", "logger": "etl_logger", "message": "Finish downloading Davinci CC - VFSC2 Report", "service": "cc_reconcile", "stage": "download_davinci", "status": "ok"}
{"timestamp": "2026-03-05T22:27:39+0800", "level": "INFO", "logger": "etl_logger", "message": "Finish downloading Davinci CC Report for all brands, total rows: 67738", "service": "cc_reconcile", "stage": "download_davinci", "status": "ok"}
{"timestamp": "2026-03-05T22:27:39+0800", "level": "INFO", "logger": "etl_logger", "message": "Download CRM CC Report Finish ，Total: 67738", "service": "cc_reconcile", "stage": "download", "status": "ok"}
{"timestamp": "2026-03-05T22:27:39+0800", "level": "INFO", "logger": "etl_logger", "message": "Start reconcile...", "service": "cc_reconcile", "stage": "reconcile", "status": "ok"}
{"timestamp": "2026-03-05T22:27:39+0800", "level": "INFO", "logger": "etl_logger", "message": "Reconcile Finish ，Total Mismatch Case: 3", "service": "cc_reconcile", "stage": "reconcile", "status": "ok"}
{"timestamp": "2026-03-05T22:27:40+0800", "level": "INFO", "logger": "etl_logger", "message": "Connect Lark Finish", "service": "cc_reconcile", "stage": "lark", "status": "ok"}
{"timestamp": "2026-03-05T22:27:40+0800", "level": "INFO", "logger": "etl_logger", "message": "Start query existing data in LarkSheet...", "service": "cc_reconcile", "stage": "lark", "status": "ok"}
{"timestamp": "2026-03-05T22:27:41+0800", "level": "INFO", "logger": "etl_logger", "message": "Query existing data in LarkSheet Finish", "service": "cc_reconcile", "stage": "lark", "status": "ok"}
{"timestamp": "2026-03-05T22:27:41+0800", "level": "INFO", "logger": "etl_logger", "message": "Total unique keys in LarkSheet: 160, Total new mismatch cases to upload: 0", "service": "cc_reconcile", "stage": "lark", "status": "ok"}
{"timestamp": "2026-03-05T22:27:41+0800", "level": "INFO", "logger": "etl_logger", "message": "Append data to LarkSheet with range: Kalw4Y!A2:L3, rows: 1, columns: 12", "service": "cc_reconcile", "stage": "lark", "status": "ok"}
{"timestamp": "2026-03-05T22:27:41+0800", "level": "INFO", "logger": "etl_logger", "message": "✅ Successfully appended data to LarkSheet", "service": "cc_reconcile", "stage": "lark", "status": "ok"}
{"timestamp": "2026-03-05T22:27:42+0800", "level": "INFO", "logger": "etl_logger", "message": "Upload data to LarkSheet Finish", "service": "cc_reconcile", "stage": "lark", "status": "ok"}
{"timestamp": "2026-03-05T23:00:01+0800", "level": "INFO", "logger": "etl_logger", "message": "Start download reports...", "service": "cc_reconcile", "stage": "download", "status": "ok"}
{"timestamp": "2026-03-05T23:00:04+0800", "level": "INFO", "logger": "etl_logger", "message": "Payabl Login Success and Get Token Success", "service": "cc_reconcile", "stage": "download_payabl", "status": "ok"}
{"timestamp": "2026-03-05T23:00:04+0800", "level": "INFO", "logger": "etl_logger", "message": "Start downloading Payabl CC Report for date: 2026-03-04...", "service": "cc_reconcile", "stage": "download_payabl", "status": "ok"}
{"timestamp": "2026-03-05T23:00:42+0800", "level": "INFO", "logger": "etl_logger", "message": "Start downloading Payabl CC Report for date: 2026-03-05...", "service": "cc_reconcile", "stage": "download_payabl", "status": "ok"}
{"timestamp": "2026-03-05T23:01:08+0800", "level": "INFO", "logger": "etl_logger", "message": "Finish downloading Payabl CC Report", "service": "cc_reconcile", "stage": "download_payabl", "status": "ok"}
{"timestamp": "2026-03-05T23:01:08+0800", "level": "INFO", "logger": "etl_logger", "message": "Download Payabl CC Report Finish ，Total: 88275", "service": "cc_reconcile", "stage": "download", "status": "ok"}
{"timestamp": "2026-03-05T23:01:08+0800", "level": "INFO", "logger": "etl_logger", "message": "Login attempt 1/5", "service": "cc_reconcile", "stage": "download_davinci", "status": "ok"}
{"timestamp": "2026-03-05T23:01:09+0800", "level": "INFO", "logger": "etl_logger", "message": "Login response status=200, url=https://admin.vantagemarkets.com/admin/main, cookies=4", "service": "cc_reconcile", "stage": "download_davinci", "status": "ok"}
{"timestamp": "2026-03-05T23:01:09+0800", "level": "INFO", "logger": "etl_logger", "message": "Login successful", "service": "cc_reconcile", "stage": "download_davinci", "status": "ok"}
{"timestamp": "2026-03-05T23:01:09+0800", "level": "INFO", "logger": "etl_logger", "message": "Token obtained successfully", "service": "cc_reconcile", "stage": "download_davinci", "status": "ok"}
{"timestamp": "2026-03-05T23:01:09+0800", "level": "INFO", "logger": "etl_logger", "message": "Start downloading Davinci CC Report for brand: VFSC...", "service": "cc_reconcile", "stage": "download_davinci", "status": "ok"}
{"timestamp": "2026-03-05T23:01:28+0800", "level": "INFO", "logger": "etl_logger", "message": "POST success (VFSC 2026-03-02): cc_withdraw_detail_report_20260305150127.csv, took 19.1s", "service": "cc_reconcile", "stage": "download_davinci", "status": "ok"}
{"timestamp": "2026-03-05T23:01:31+0800", "level": "INFO", "logger": "etl_logger", "message": "Download success (VFSC 2026-03-02): cc_withdraw_detail_report_20260305150127.csv, took 2.6s", "service": "cc_reconcile", "stage": "download_davinci", "status": "ok"}
{"timestamp": "2026-03-05T23:01:49+0800", "level": "INFO", "logger": "etl_logger", "message": "POST success (VFSC 2026-03-03): cc_withdraw_detail_report_20260305150149.csv, took 18.3s", "service": "cc_reconcile", "stage": "download_davinci", "status": "ok"}
{"timestamp": "2026-03-05T23:01:51+0800", "level": "INFO", "logger": "etl_logger", "message": "Download success (VFSC 2026-03-03): cc_withdraw_detail_report_20260305150149.csv, took 2.0s", "service": "cc_reconcile", "stage": "download_davinci", "status": "ok"}
{"timestamp": "2026-03-05T23:02:09+0800", "level": "INFO", "logger": "etl_logger", "message": "POST success (VFSC 2026-03-04): cc_withdraw_detail_report_20260305150209.csv, took 17.7s", "service": "cc_reconcile", "stage": "download_davinci", "status": "ok"}
{"timestamp": "2026-03-05T23:02:15+0800", "level": "INFO", "logger": "etl_logger", "message": "Download success (VFSC 2026-03-04): cc_withdraw_detail_report_20260305150209.csv, took 5.7s", "service": "cc_reconcile", "stage": "download_davinci", "status": "ok"}
{"timestamp": "2026-03-05T23:02:33+0800", "level": "INFO", "logger": "etl_logger", "message": "POST success (VFSC 2026-03-05): cc_withdraw_detail_report_20260305150233.csv, took 18.6s", "service": "cc_reconcile", "stage": "download_davinci", "status": "ok"}
{"timestamp": "2026-03-05T23:02:36+0800", "level": "INFO", "logger": "etl_logger", "message": "Download success (VFSC 2026-03-05): cc_withdraw_detail_report_20260305150233.csv, took 3.0s", "service": "cc_reconcile", "stage": "download_davinci", "status": "ok"}
{"timestamp": "2026-03-05T23:02:37+0800", "level": "INFO", "logger": "etl_logger", "message": "Finish downloading Davinci CC - VFSC Report", "service": "cc_reconcile", "stage": "download_davinci", "status": "ok"}
{"timestamp": "2026-03-05T23:02:37+0800", "level": "INFO", "logger": "etl_logger", "message": "Start downloading Davinci CC Report for brand: VFSC2...", "service": "cc_reconcile", "stage": "download_davinci", "status": "ok"}
{"timestamp": "2026-03-05T23:03:34+0800", "level": "INFO", "logger": "etl_logger", "message": "POST success (VFSC2 2026-03-02): cc_withdraw_detail_report_20260305150333.csv, took 57.2s", "service": "cc_reconcile", "stage": "download_davinci", "status": "ok"}
{"timestamp": "2026-03-05T23:04:46+0800", "level": "INFO", "logger": "etl_logger", "message": "Download success (VFSC2 2026-03-02): cc_withdraw_detail_report_20260305150333.csv, took 71.7s", "service": "cc_reconcile", "stage": "download_davinci", "status": "ok"}
{"timestamp": "2026-03-05T23:05:38+0800", "level": "INFO", "logger": "etl_logger", "message": "POST success (VFSC2 2026-03-03): cc_withdraw_detail_report_20260305150538.csv, took 52.6s", "service": "cc_reconcile", "stage": "download_davinci", "status": "ok"}
{"timestamp": "2026-03-05T23:05:41+0800", "level": "INFO", "logger": "etl_logger", "message": "Download success (VFSC2 2026-03-03): cc_withdraw_detail_report_20260305150538.csv, took 2.7s", "service": "cc_reconcile", "stage": "download_davinci", "status": "ok"}
{"timestamp": "2026-03-05T23:06:33+0800", "level": "INFO", "logger": "etl_logger", "message": "POST success (VFSC2 2026-03-04): cc_withdraw_detail_report_20260305150633.csv, took 52.5s", "service": "cc_reconcile", "stage": "download_davinci", "status": "ok"}
{"timestamp": "2026-03-05T23:08:10+0800", "level": "INFO", "logger": "etl_logger", "message": "Download success (VFSC2 2026-03-04): cc_withdraw_detail_report_20260305150633.csv, took 97.1s", "service": "cc_reconcile", "stage": "download_davinci", "status": "ok"}
{"timestamp": "2026-03-05T23:09:01+0800", "level": "INFO", "logger": "etl_logger", "message": "POST success (VFSC2 2026-03-05): cc_withdraw_detail_report_20260305150900.csv, took 50.1s", "service": "cc_reconcile", "stage": "download_davinci", "status": "ok"}
{"timestamp": "2026-03-05T23:11:12+0800", "level": "INFO", "logger": "etl_logger", "message": "Download success (VFSC2 2026-03-05): cc_withdraw_detail_report_20260305150900.csv, took 131.7s", "service": "cc_reconcile", "stage": "download_davinci", "status": "ok"}
{"timestamp": "2026-03-05T23:11:13+0800", "level": "INFO", "logger": "etl_logger", "message": "Finish downloading Davinci CC - VFSC2 Report", "service": "cc_reconcile", "stage": "download_davinci", "status": "ok"}
{"timestamp": "2026-03-05T23:11:13+0800", "level": "INFO", "logger": "etl_logger", "message": "Finish downloading Davinci CC Report for all brands, total rows: 68492", "service": "cc_reconcile", "stage": "download_davinci", "status": "ok"}
{"timestamp": "2026-03-05T23:11:13+0800", "level": "INFO", "logger": "etl_logger", "message": "Download CRM CC Report Finish ，Total: 68492", "service": "cc_reconcile", "stage": "download", "status": "ok"}
{"timestamp": "2026-03-05T23:11:13+0800", "level": "INFO", "logger": "etl_logger", "message": "Start reconcile...", "service": "cc_reconcile", "stage": "reconcile", "status": "ok"}
{"timestamp": "2026-03-05T23:11:14+0800", "level": "INFO", "logger": "etl_logger", "message": "Reconcile Finish ，Total Mismatch Case: 3", "service": "cc_reconcile", "stage": "reconcile", "status": "ok"}
{"timestamp": "2026-03-05T23:11:14+0800", "level": "INFO", "logger": "etl_logger", "message": "Connect Lark Finish", "service": "cc_reconcile", "stage": "lark", "status": "ok"}
{"timestamp": "2026-03-05T23:11:14+0800", "level": "INFO", "logger": "etl_logger", "message": "Start query existing data in LarkSheet...", "service": "cc_reconcile", "stage": "lark", "status": "ok"}
{"timestamp": "2026-03-05T23:11:15+0800", "level": "INFO", "logger": "etl_logger", "message": "Query existing data in LarkSheet Finish", "service": "cc_reconcile", "stage": "lark", "status": "ok"}
{"timestamp": "2026-03-05T23:11:15+0800", "level": "INFO", "logger": "etl_logger", "message": "Total unique keys in LarkSheet: 160, Total new mismatch cases to upload: 0", "service": "cc_reconcile", "stage": "lark", "status": "ok"}
{"timestamp": "2026-03-05T23:11:15+0800", "level": "INFO", "logger": "etl_logger", "message": "Append data to LarkSheet with range: Kalw4Y!A2:L3, rows: 1, columns: 12", "service": "cc_reconcile", "stage": "lark", "status": "ok"}
{"timestamp": "2026-03-05T23:11:15+0800", "level": "INFO", "logger": "etl_logger", "message": "✅ Successfully appended data to LarkSheet", "service": "cc_reconcile", "stage": "lark", "status": "ok"}
{"timestamp": "2026-03-05T23:11:17+0800", "level": "INFO", "logger": "etl_logger", "message": "Upload data to LarkSheet Finish", "service": "cc_reconcile", "stage": "lark", "status": "ok"}
