{"timestamp": "2026-02-15T00:00:01+0800", "level": "INFO", "logger": "etl_logger", "message": "Start download reports...", "service": "cc_reconcile", "stage": "download", "status": "ok"}
{"timestamp": "2026-02-15T00:00:05+0800", "level": "INFO", "logger": "etl_logger", "message": "Payabl Login Success and Get Token Success", "service": "cc_reconcile", "stage": "download_payabl", "status": "ok"}
{"timestamp": "2026-02-15T00:00:05+0800", "level": "INFO", "logger": "etl_logger", "message": "Start downloading Payabl CC Report for date: 2026-02-14...", "service": "cc_reconcile", "stage": "download_payabl", "status": "ok"}
{"timestamp": "2026-02-15T00:00:19+0800", "level": "INFO", "logger": "etl_logger", "message": "Start downloading Payabl CC Report for date: 2026-02-15...", "service": "cc_reconcile", "stage": "download_payabl", "status": "ok"}
{"timestamp": "2026-02-15T00:00:27+0800", "level": "INFO", "logger": "etl_logger", "message": "Finish downloading Payabl CC Report", "service": "cc_reconcile", "stage": "download_payabl", "status": "ok"}
{"timestamp": "2026-02-15T00:00:27+0800", "level": "INFO", "logger": "etl_logger", "message": "Download Payabl CC Report Finish ，Total: 10553", "service": "cc_reconcile", "stage": "download", "status": "ok"}
{"timestamp": "2026-02-15T00:00:27+0800", "level": "INFO", "logger": "etl_logger", "message": "Login attempt 1/5", "service": "cc_reconcile", "stage": "download_davinci", "status": "ok"}
{"timestamp": "2026-02-15T00:00:28+0800", "level": "INFO", "logger": "etl_logger", "message": "Login response status=200, url=https://admin.vantagemarkets.com/admin/main, cookies=4", "service": "cc_reconcile", "stage": "download_davinci", "status": "ok"}
{"timestamp": "2026-02-15T00:00:28+0800", "level": "INFO", "logger": "etl_logger", "message": "Login successful", "service": "cc_reconcile", "stage": "download_davinci", "status": "ok"}
{"timestamp": "2026-02-15T00:00:28+0800", "level": "INFO", "logger": "etl_logger", "message": "Token obtained successfully", "service": "cc_reconcile", "stage": "download_davinci", "status": "ok"}
{"timestamp": "2026-02-15T00:00:28+0800", "level": "INFO", "logger": "etl_logger", "message": "Start downloading Davinci CC Report for brand: VFSC...", "service": "cc_reconcile", "stage": "download_davinci", "status": "ok"}
{"timestamp": "2026-02-15T00:01:06+0800", "level": "INFO", "logger": "etl_logger", "message": "POST success (VFSC 2026-02-11): cc_withdraw_detail_report_20260214160105.csv, took 37.4s", "service": "cc_reconcile", "stage": "download_davinci", "status": "ok"}
{"timestamp": "2026-02-15T00:01:07+0800", "level": "INFO", "logger": "etl_logger", "message": "Download success (VFSC 2026-02-11): cc_withdraw_detail_report_20260214160105.csv, took 1.8s", "service": "cc_reconcile", "stage": "download_davinci", "status": "ok"}
{"timestamp": "2026-02-15T00:01:24+0800", "level": "INFO", "logger": "etl_logger", "message": "POST success (VFSC 2026-02-12): cc_withdraw_detail_report_20260214160124.csv, took 17.0s", "service": "cc_reconcile", "stage": "download_davinci", "status": "ok"}
{"timestamp": "2026-02-15T00:01:26+0800", "level": "INFO", "logger": "etl_logger", "message": "Download success (VFSC 2026-02-12): cc_withdraw_detail_report_20260214160124.csv, took 2.2s", "service": "cc_reconcile", "stage": "download_davinci", "status": "ok"}
{"timestamp": "2026-02-15T00:01:44+0800", "level": "INFO", "logger": "etl_logger", "message": "POST success (VFSC 2026-02-13): cc_withdraw_detail_report_20260214160143.csv, took 17.2s", "service": "cc_reconcile", "stage": "download_davinci", "status": "ok"}
{"timestamp": "2026-02-15T00:01:46+0800", "level": "INFO", "logger": "etl_logger", "message": "Download success (VFSC 2026-02-13): cc_withdraw_detail_report_20260214160143.csv, took 2.1s", "service": "cc_reconcile", "stage": "download_davinci", "status": "ok"}
{"timestamp": "2026-02-15T00:02:03+0800", "level": "INFO", "logger": "etl_logger", "message": "POST success (VFSC 2026-02-14): cc_withdraw_detail_report_20260214160202.csv, took 16.9s", "service": "cc_reconcile", "stage": "download_davinci", "status": "ok"}
{"timestamp": "2026-02-15T00:02:04+0800", "level": "INFO", "logger": "etl_logger", "message": "Download success (VFSC 2026-02-14): cc_withdraw_detail_report_20260214160202.csv, took 1.6s", "service": "cc_reconcile", "stage": "download_davinci", "status": "ok"}
{"timestamp": "2026-02-15T00:02:04+0800", "level": "INFO", "logger": "etl_logger", "message": "Finish downloading Davinci CC - VFSC Report", "service": "cc_reconcile", "stage": "download_davinci", "status": "ok"}
{"timestamp": "2026-02-15T00:02:04+0800", "level": "INFO", "logger": "etl_logger", "message": "Start downloading Davinci CC Report for brand: VFSC2...", "service": "cc_reconcile", "stage": "download_davinci", "status": "ok"}
{"timestamp": "2026-02-15T00:02:53+0800", "level": "INFO", "logger": "etl_logger", "message": "POST success (VFSC2 2026-02-11): cc_withdraw_detail_report_20260214160253.csv, took 48.6s", "service": "cc_reconcile", "stage": "download_davinci", "status": "ok"}
{"timestamp": "2026-02-15T00:02:56+0800", "level": "INFO", "logger": "etl_logger", "message": "Download success (VFSC2 2026-02-11): cc_withdraw_detail_report_20260214160253.csv, took 2.9s", "service": "cc_reconcile", "stage": "download_davinci", "status": "ok"}
{"timestamp": "2026-02-15T00:03:45+0800", "level": "INFO", "logger": "etl_logger", "message": "POST success (VFSC2 2026-02-12): cc_withdraw_detail_report_20260214160345.csv, took 49.2s", "service": "cc_reconcile", "stage": "download_davinci", "status": "ok"}
{"timestamp": "2026-02-15T00:03:47+0800", "level": "INFO", "logger": "etl_logger", "message": "Download success (VFSC2 2026-02-12): cc_withdraw_detail_report_20260214160345.csv, took 2.4s", "service": "cc_reconcile", "stage": "download_davinci", "status": "ok"}
{"timestamp": "2026-02-15T00:04:38+0800", "level": "INFO", "logger": "etl_logger", "message": "POST success (VFSC2 2026-02-13): cc_withdraw_detail_report_20260214160437.csv, took 50.2s", "service": "cc_reconcile", "stage": "download_davinci", "status": "ok"}
{"timestamp": "2026-02-15T00:04:41+0800", "level": "INFO", "logger": "etl_logger", "message": "Download success (VFSC2 2026-02-13): cc_withdraw_detail_report_20260214160437.csv, took 3.1s", "service": "cc_reconcile", "stage": "download_davinci", "status": "ok"}
{"timestamp": "2026-02-15T00:05:28+0800", "level": "INFO", "logger": "etl_logger", "message": "POST success (VFSC2 2026-02-14): cc_withdraw_detail_report_20260214160528.csv, took 47.7s", "service": "cc_reconcile", "stage": "download_davinci", "status": "ok"}
{"timestamp": "2026-02-15T00:05:31+0800", "level": "INFO", "logger": "etl_logger", "message": "Download success (VFSC2 2026-02-14): cc_withdraw_detail_report_20260214160528.csv, took 2.3s", "service": "cc_reconcile", "stage": "download_davinci", "status": "ok"}
{"timestamp": "2026-02-15T00:05:31+0800", "level": "INFO", "logger": "etl_logger", "message": "Finish downloading Davinci CC - VFSC2 Report", "service": "cc_reconcile", "stage": "download_davinci", "status": "ok"}
{"timestamp": "2026-02-15T00:05:31+0800", "level": "INFO", "logger": "etl_logger", "message": "Finish downloading Davinci CC Report for all brands, total rows: 43932", "service": "cc_reconcile", "stage": "download_davinci", "status": "ok"}
{"timestamp": "2026-02-15T00:05:31+0800", "level": "INFO", "logger": "etl_logger", "message": "Download CRM CC Report Finish ，Total: 43932", "service": "cc_reconcile", "stage": "download", "status": "ok"}
{"timestamp": "2026-02-15T00:05:31+0800", "level": "INFO", "logger": "etl_logger", "message": "Start reconcile...", "service": "cc_reconcile", "stage": "reconcile", "status": "ok"}
{"timestamp": "2026-02-15T00:05:32+0800", "level": "INFO", "logger": "etl_logger", "message": "Reconcile Finish ，Total Mismatch Case: 0", "service": "cc_reconcile", "stage": "reconcile", "status": "ok"}
{"timestamp": "2026-02-15T00:05:32+0800", "level": "INFO", "logger": "etl_logger", "message": "Connect Lark Finish", "service": "cc_reconcile", "stage": "lark", "status": "ok"}
{"timestamp": "2026-02-15T00:05:32+0800", "level": "INFO", "logger": "etl_logger", "message": "Start query existing data in LarkSheet...", "service": "cc_reconcile", "stage": "lark", "status": "ok"}
{"timestamp": "2026-02-15T00:05:33+0800", "level": "INFO", "logger": "etl_logger", "message": "Query existing data in LarkSheet Finish", "service": "cc_reconcile", "stage": "lark", "status": "ok"}
{"timestamp": "2026-02-15T00:05:33+0800", "level": "INFO", "logger": "etl_logger", "message": "Total unique keys in LarkSheet: 7, Total new mismatch cases to upload: 0", "service": "cc_reconcile", "stage": "lark", "status": "ok"}
{"timestamp": "2026-02-15T00:05:33+0800", "level": "INFO", "logger": "etl_logger", "message": "Append data to LarkSheet with range: Kalw4Y!A2:L3, rows: 1, columns: 12", "service": "cc_reconcile", "stage": "lark", "status": "ok"}
{"timestamp": "2026-02-15T00:05:33+0800", "level": "INFO", "logger": "etl_logger", "message": "✅ Successfully appended data to LarkSheet", "service": "cc_reconcile", "stage": "lark", "status": "ok"}
{"timestamp": "2026-02-15T00:05:35+0800", "level": "INFO", "logger": "etl_logger", "message": "Upload data to LarkSheet Finish", "service": "cc_reconcile", "stage": "lark", "status": "ok"}
{"timestamp": "2026-02-15T01:00:01+0800", "level": "INFO", "logger": "etl_logger", "message": "Start download reports...", "service": "cc_reconcile", "stage": "download", "status": "ok"}
{"timestamp": "2026-02-15T01:00:04+0800", "level": "INFO", "logger": "etl_logger", "message": "Payabl Login Success and Get Token Success", "service": "cc_reconcile", "stage": "download_payabl", "status": "ok"}
{"timestamp": "2026-02-15T01:00:04+0800", "level": "INFO", "logger": "etl_logger", "message": "Start downloading Payabl CC Report for date: 2026-02-14...", "service": "cc_reconcile", "stage": "download_payabl", "status": "ok"}
{"timestamp": "2026-02-15T01:00:19+0800", "level": "INFO", "logger": "etl_logger", "message": "Start downloading Payabl CC Report for date: 2026-02-15...", "service": "cc_reconcile", "stage": "download_payabl", "status": "ok"}
{"timestamp": "2026-02-15T01:00:26+0800", "level": "INFO", "logger": "etl_logger", "message": "Finish downloading Payabl CC Report", "service": "cc_reconcile", "stage": "download_payabl", "status": "ok"}
{"timestamp": "2026-02-15T01:00:26+0800", "level": "INFO", "logger": "etl_logger", "message": "Download Payabl CC Report Finish ，Total: 11646", "service": "cc_reconcile", "stage": "download", "status": "ok"}
{"timestamp": "2026-02-15T01:00:26+0800", "level": "INFO", "logger": "etl_logger", "message": "Login attempt 1/5", "service": "cc_reconcile", "stage": "download_davinci", "status": "ok"}
{"timestamp": "2026-02-15T01:00:27+0800", "level": "INFO", "logger": "etl_logger", "message": "Login response status=200, url=https://admin.vantagemarkets.com/admin/main, cookies=4", "service": "cc_reconcile", "stage": "download_davinci", "status": "ok"}
{"timestamp": "2026-02-15T01:00:27+0800", "level": "INFO", "logger": "etl_logger", "message": "Login successful", "service": "cc_reconcile", "stage": "download_davinci", "status": "ok"}
{"timestamp": "2026-02-15T01:00:28+0800", "level": "INFO", "logger": "etl_logger", "message": "Token obtained successfully", "service": "cc_reconcile", "stage": "download_davinci", "status": "ok"}
{"timestamp": "2026-02-15T01:00:28+0800", "level": "INFO", "logger": "etl_logger", "message": "Start downloading Davinci CC Report for brand: VFSC...", "service": "cc_reconcile", "stage": "download_davinci", "status": "ok"}
{"timestamp": "2026-02-15T01:01:01+0800", "level": "INFO", "logger": "etl_logger", "message": "POST success (VFSC 2026-02-11): cc_withdraw_detail_report_20260214170101.csv, took 33.6s", "service": "cc_reconcile", "stage": "download_davinci", "status": "ok"}
{"timestamp": "2026-02-15T01:01:03+0800", "level": "INFO", "logger": "etl_logger", "message": "Download success (VFSC 2026-02-11): cc_withdraw_detail_report_20260214170101.csv, took 2.1s", "service": "cc_reconcile", "stage": "download_davinci", "status": "ok"}
{"timestamp": "2026-02-15T01:01:21+0800", "level": "INFO", "logger": "etl_logger", "message": "POST success (VFSC 2026-02-12): cc_withdraw_detail_report_20260214170121.csv, took 17.8s", "service": "cc_reconcile", "stage": "download_davinci", "status": "ok"}
{"timestamp": "2026-02-15T01:01:23+0800", "level": "INFO", "logger": "etl_logger", "message": "Download success (VFSC 2026-02-12): cc_withdraw_detail_report_20260214170121.csv, took 2.1s", "service": "cc_reconcile", "stage": "download_davinci", "status": "ok"}
{"timestamp": "2026-02-15T01:01:41+0800", "level": "INFO", "logger": "etl_logger", "message": "POST success (VFSC 2026-02-13): cc_withdraw_detail_report_20260214170141.csv, took 17.7s", "service": "cc_reconcile", "stage": "download_davinci", "status": "ok"}
{"timestamp": "2026-02-15T01:01:43+0800", "level": "INFO", "logger": "etl_logger", "message": "Download success (VFSC 2026-02-13): cc_withdraw_detail_report_20260214170141.csv, took 2.2s", "service": "cc_reconcile", "stage": "download_davinci", "status": "ok"}
{"timestamp": "2026-02-15T01:02:00+0800", "level": "INFO", "logger": "etl_logger", "message": "POST success (VFSC 2026-02-14): cc_withdraw_detail_report_20260214170200.csv, took 16.7s", "service": "cc_reconcile", "stage": "download_davinci", "status": "ok"}
{"timestamp": "2026-02-15T01:02:02+0800", "level": "INFO", "logger": "etl_logger", "message": "Download success (VFSC 2026-02-14): cc_withdraw_detail_report_20260214170200.csv, took 1.9s", "service": "cc_reconcile", "stage": "download_davinci", "status": "ok"}
{"timestamp": "2026-02-15T01:02:02+0800", "level": "INFO", "logger": "etl_logger", "message": "Finish downloading Davinci CC - VFSC Report", "service": "cc_reconcile", "stage": "download_davinci", "status": "ok"}
{"timestamp": "2026-02-15T01:02:02+0800", "level": "INFO", "logger": "etl_logger", "message": "Start downloading Davinci CC Report for brand: VFSC2...", "service": "cc_reconcile", "stage": "download_davinci", "status": "ok"}
{"timestamp": "2026-02-15T01:02:51+0800", "level": "INFO", "logger": "etl_logger", "message": "POST success (VFSC2 2026-02-11): cc_withdraw_detail_report_20260214170251.csv, took 49.5s", "service": "cc_reconcile", "stage": "download_davinci", "status": "ok"}
{"timestamp": "2026-02-15T01:02:54+0800", "level": "INFO", "logger": "etl_logger", "message": "Download success (VFSC2 2026-02-11): cc_withdraw_detail_report_20260214170251.csv, took 2.8s", "service": "cc_reconcile", "stage": "download_davinci", "status": "ok"}
{"timestamp": "2026-02-15T01:03:44+0800", "level": "INFO", "logger": "etl_logger", "message": "POST success (VFSC2 2026-02-12): cc_withdraw_detail_report_20260214170344.csv, took 49.7s", "service": "cc_reconcile", "stage": "download_davinci", "status": "ok"}
{"timestamp": "2026-02-15T01:03:47+0800", "level": "INFO", "logger": "etl_logger", "message": "Download success (VFSC2 2026-02-12): cc_withdraw_detail_report_20260214170344.csv, took 3.0s", "service": "cc_reconcile", "stage": "download_davinci", "status": "ok"}
{"timestamp": "2026-02-15T01:04:37+0800", "level": "INFO", "logger": "etl_logger", "message": "POST success (VFSC2 2026-02-13): cc_withdraw_detail_report_20260214170437.csv, took 50.1s", "service": "cc_reconcile", "stage": "download_davinci", "status": "ok"}
{"timestamp": "2026-02-15T01:04:40+0800", "level": "INFO", "logger": "etl_logger", "message": "Download success (VFSC2 2026-02-13): cc_withdraw_detail_report_20260214170437.csv, took 3.2s", "service": "cc_reconcile", "stage": "download_davinci", "status": "ok"}
{"timestamp": "2026-02-15T01:05:28+0800", "level": "INFO", "logger": "etl_logger", "message": "POST success (VFSC2 2026-02-14): cc_withdraw_detail_report_20260214170528.csv, took 48.2s", "service": "cc_reconcile", "stage": "download_davinci", "status": "ok"}
{"timestamp": "2026-02-15T01:05:30+0800", "level": "INFO", "logger": "etl_logger", "message": "Download success (VFSC2 2026-02-14): cc_withdraw_detail_report_20260214170528.csv, took 1.9s", "service": "cc_reconcile", "stage": "download_davinci", "status": "ok"}
{"timestamp": "2026-02-15T01:05:31+0800", "level": "INFO", "logger": "etl_logger", "message": "Finish downloading Davinci CC - VFSC2 Report", "service": "cc_reconcile", "stage": "download_davinci", "status": "ok"}
{"timestamp": "2026-02-15T01:05:31+0800", "level": "INFO", "logger": "etl_logger", "message": "Finish downloading Davinci CC Report for all brands, total rows: 44101", "service": "cc_reconcile", "stage": "download_davinci", "status": "ok"}
{"timestamp": "2026-02-15T01:05:31+0800", "level": "INFO", "logger": "etl_logger", "message": "Download CRM CC Report Finish ，Total: 44101", "service": "cc_reconcile", "stage": "download", "status": "ok"}
{"timestamp": "2026-02-15T01:05:31+0800", "level": "INFO", "logger": "etl_logger", "message": "Start reconcile...", "service": "cc_reconcile", "stage": "reconcile", "status": "ok"}
{"timestamp": "2026-02-15T01:05:31+0800", "level": "INFO", "logger": "etl_logger", "message": "Reconcile Finish ，Total Mismatch Case: 0", "service": "cc_reconcile", "stage": "reconcile", "status": "ok"}
{"timestamp": "2026-02-15T01:05:31+0800", "level": "INFO", "logger": "etl_logger", "message": "Connect Lark Finish", "service": "cc_reconcile", "stage": "lark", "status": "ok"}
{"timestamp": "2026-02-15T01:05:31+0800", "level": "INFO", "logger": "etl_logger", "message": "Start query existing data in LarkSheet...", "service": "cc_reconcile", "stage": "lark", "status": "ok"}
{"timestamp": "2026-02-15T01:05:33+0800", "level": "INFO", "logger": "etl_logger", "message": "Query existing data in LarkSheet Finish", "service": "cc_reconcile", "stage": "lark", "status": "ok"}
{"timestamp": "2026-02-15T01:05:33+0800", "level": "INFO", "logger": "etl_logger", "message": "Total unique keys in LarkSheet: 7, Total new mismatch cases to upload: 0", "service": "cc_reconcile", "stage": "lark", "status": "ok"}
{"timestamp": "2026-02-15T01:05:33+0800", "level": "INFO", "logger": "etl_logger", "message": "Append data to LarkSheet with range: Kalw4Y!A2:L3, rows: 1, columns: 12", "service": "cc_reconcile", "stage": "lark", "status": "ok"}
{"timestamp": "2026-02-15T01:05:33+0800", "level": "INFO", "logger": "etl_logger", "message": "✅ Successfully appended data to LarkSheet", "service": "cc_reconcile", "stage": "lark", "status": "ok"}
{"timestamp": "2026-02-15T01:05:34+0800", "level": "INFO", "logger": "etl_logger", "message": "Upload data to LarkSheet Finish", "service": "cc_reconcile", "stage": "lark", "status": "ok"}
{"timestamp": "2026-02-15T02:00:02+0800", "level": "INFO", "logger": "etl_logger", "message": "Start download reports...", "service": "cc_reconcile", "stage": "download", "status": "ok"}
{"timestamp": "2026-02-15T02:00:05+0800", "level": "INFO", "logger": "etl_logger", "message": "Payabl Login Success and Get Token Success", "service": "cc_reconcile", "stage": "download_payabl", "status": "ok"}
{"timestamp": "2026-02-15T02:00:05+0800", "level": "INFO", "logger": "etl_logger", "message": "Start downloading Payabl CC Report for date: 2026-02-14...", "service": "cc_reconcile", "stage": "download_payabl", "status": "ok"}
{"timestamp": "2026-02-15T02:00:19+0800", "level": "INFO", "logger": "etl_logger", "message": "Start downloading Payabl CC Report for date: 2026-02-15...", "service": "cc_reconcile", "stage": "download_payabl", "status": "ok"}
{"timestamp": "2026-02-15T02:00:26+0800", "level": "INFO", "logger": "etl_logger", "message": "Finish downloading Payabl CC Report", "service": "cc_reconcile", "stage": "download_payabl", "status": "ok"}
{"timestamp": "2026-02-15T02:00:26+0800", "level": "INFO", "logger": "etl_logger", "message": "Download Payabl CC Report Finish ，Total: 12404", "service": "cc_reconcile", "stage": "download", "status": "ok"}
{"timestamp": "2026-02-15T02:00:26+0800", "level": "INFO", "logger": "etl_logger", "message": "Login attempt 1/5", "service": "cc_reconcile", "stage": "download_davinci", "status": "ok"}
{"timestamp": "2026-02-15T02:00:28+0800", "level": "INFO", "logger": "etl_logger", "message": "Login response status=200, url=https://admin.vantagemarkets.com/admin/main, cookies=4", "service": "cc_reconcile", "stage": "download_davinci", "status": "ok"}
{"timestamp": "2026-02-15T02:00:28+0800", "level": "INFO", "logger": "etl_logger", "message": "Login successful", "service": "cc_reconcile", "stage": "download_davinci", "status": "ok"}
{"timestamp": "2026-02-15T02:00:28+0800", "level": "INFO", "logger": "etl_logger", "message": "Token obtained successfully", "service": "cc_reconcile", "stage": "download_davinci", "status": "ok"}
{"timestamp": "2026-02-15T02:00:28+0800", "level": "INFO", "logger": "etl_logger", "message": "Start downloading Davinci CC Report for brand: VFSC...", "service": "cc_reconcile", "stage": "download_davinci", "status": "ok"}
{"timestamp": "2026-02-15T02:01:01+0800", "level": "INFO", "logger": "etl_logger", "message": "POST success (VFSC 2026-02-11): cc_withdraw_detail_report_20260214180101.csv, took 33.0s", "service": "cc_reconcile", "stage": "download_davinci", "status": "ok"}
{"timestamp": "2026-02-15T02:01:03+0800", "level": "INFO", "logger": "etl_logger", "message": "Download success (VFSC 2026-02-11): cc_withdraw_detail_report_20260214180101.csv, took 2.2s", "service": "cc_reconcile", "stage": "download_davinci", "status": "ok"}
{"timestamp": "2026-02-15T02:01:20+0800", "level": "INFO", "logger": "etl_logger", "message": "POST success (VFSC 2026-02-12): cc_withdraw_detail_report_20260214180120.csv, took 16.9s", "service": "cc_reconcile", "stage": "download_davinci", "status": "ok"}
{"timestamp": "2026-02-15T02:01:22+0800", "level": "INFO", "logger": "etl_logger", "message": "Download success (VFSC 2026-02-12): cc_withdraw_detail_report_20260214180120.csv, took 2.2s", "service": "cc_reconcile", "stage": "download_davinci", "status": "ok"}
{"timestamp": "2026-02-15T02:01:40+0800", "level": "INFO", "logger": "etl_logger", "message": "POST success (VFSC 2026-02-13): cc_withdraw_detail_report_20260214180140.csv, took 17.4s", "service": "cc_reconcile", "stage": "download_davinci", "status": "ok"}
{"timestamp": "2026-02-15T02:01:42+0800", "level": "INFO", "logger": "etl_logger", "message": "Download success (VFSC 2026-02-13): cc_withdraw_detail_report_20260214180140.csv, took 1.7s", "service": "cc_reconcile", "stage": "download_davinci", "status": "ok"}
{"timestamp": "2026-02-15T02:01:59+0800", "level": "INFO", "logger": "etl_logger", "message": "POST success (VFSC 2026-02-14): cc_withdraw_detail_report_20260214180158.csv, took 17.1s", "service": "cc_reconcile", "stage": "download_davinci", "status": "ok"}
{"timestamp": "2026-02-15T02:02:01+0800", "level": "INFO", "logger": "etl_logger", "message": "Download success (VFSC 2026-02-14): cc_withdraw_detail_report_20260214180158.csv, took 2.0s", "service": "cc_reconcile", "stage": "download_davinci", "status": "ok"}
{"timestamp": "2026-02-15T02:02:01+0800", "level": "INFO", "logger": "etl_logger", "message": "Finish downloading Davinci CC - VFSC Report", "service": "cc_reconcile", "stage": "download_davinci", "status": "ok"}
{"timestamp": "2026-02-15T02:02:01+0800", "level": "INFO", "logger": "etl_logger", "message": "Start downloading Davinci CC Report for brand: VFSC2...", "service": "cc_reconcile", "stage": "download_davinci", "status": "ok"}
{"timestamp": "2026-02-15T02:02:51+0800", "level": "INFO", "logger": "etl_logger", "message": "POST success (VFSC2 2026-02-11): cc_withdraw_detail_report_20260214180251.csv, took 50.1s", "service": "cc_reconcile", "stage": "download_davinci", "status": "ok"}
{"timestamp": "2026-02-15T02:02:53+0800", "level": "INFO", "logger": "etl_logger", "message": "Download success (VFSC2 2026-02-11): cc_withdraw_detail_report_20260214180251.csv, took 2.4s", "service": "cc_reconcile", "stage": "download_davinci", "status": "ok"}
{"timestamp": "2026-02-15T02:03:42+0800", "level": "INFO", "logger": "etl_logger", "message": "POST success (VFSC2 2026-02-12): cc_withdraw_detail_report_20260214180342.csv, took 48.9s", "service": "cc_reconcile", "stage": "download_davinci", "status": "ok"}
{"timestamp": "2026-02-15T02:03:45+0800", "level": "INFO", "logger": "etl_logger", "message": "Download success (VFSC2 2026-02-12): cc_withdraw_detail_report_20260214180342.csv, took 3.0s", "service": "cc_reconcile", "stage": "download_davinci", "status": "ok"}
{"timestamp": "2026-02-15T02:04:35+0800", "level": "INFO", "logger": "etl_logger", "message": "POST success (VFSC2 2026-02-13): cc_withdraw_detail_report_20260214180435.csv, took 50.3s", "service": "cc_reconcile", "stage": "download_davinci", "status": "ok"}
{"timestamp": "2026-02-15T02:04:38+0800", "level": "INFO", "logger": "etl_logger", "message": "Download success (VFSC2 2026-02-13): cc_withdraw_detail_report_20260214180435.csv, took 3.0s", "service": "cc_reconcile", "stage": "download_davinci", "status": "ok"}
{"timestamp": "2026-02-15T02:05:26+0800", "level": "INFO", "logger": "etl_logger", "message": "POST success (VFSC2 2026-02-14): cc_withdraw_detail_report_20260214180526.csv, took 47.6s", "service": "cc_reconcile", "stage": "download_davinci", "status": "ok"}
{"timestamp": "2026-02-15T02:05:28+0800", "level": "INFO", "logger": "etl_logger", "message": "Download success (VFSC2 2026-02-14): cc_withdraw_detail_report_20260214180526.csv, took 2.0s", "service": "cc_reconcile", "stage": "download_davinci", "status": "ok"}
{"timestamp": "2026-02-15T02:05:29+0800", "level": "INFO", "logger": "etl_logger", "message": "Finish downloading Davinci CC - VFSC2 Report", "service": "cc_reconcile", "stage": "download_davinci", "status": "ok"}
{"timestamp": "2026-02-15T02:05:29+0800", "level": "INFO", "logger": "etl_logger", "message": "Finish downloading Davinci CC Report for all brands, total rows: 44235", "service": "cc_reconcile", "stage": "download_davinci", "status": "ok"}
{"timestamp": "2026-02-15T02:05:29+0800", "level": "INFO", "logger": "etl_logger", "message": "Download CRM CC Report Finish ，Total: 44235", "service": "cc_reconcile", "stage": "download", "status": "ok"}
{"timestamp": "2026-02-15T02:05:29+0800", "level": "INFO", "logger": "etl_logger", "message": "Start reconcile...", "service": "cc_reconcile", "stage": "reconcile", "status": "ok"}
{"timestamp": "2026-02-15T02:05:29+0800", "level": "INFO", "logger": "etl_logger", "message": "Reconcile Finish ，Total Mismatch Case: 0", "service": "cc_reconcile", "stage": "reconcile", "status": "ok"}
{"timestamp": "2026-02-15T02:05:29+0800", "level": "INFO", "logger": "etl_logger", "message": "Connect Lark Finish", "service": "cc_reconcile", "stage": "lark", "status": "ok"}
{"timestamp": "2026-02-15T02:05:29+0800", "level": "INFO", "logger": "etl_logger", "message": "Start query existing data in LarkSheet...", "service": "cc_reconcile", "stage": "lark", "status": "ok"}
{"timestamp": "2026-02-15T02:05:30+0800", "level": "INFO", "logger": "etl_logger", "message": "Query existing data in LarkSheet Finish", "service": "cc_reconcile", "stage": "lark", "status": "ok"}
{"timestamp": "2026-02-15T02:05:30+0800", "level": "INFO", "logger": "etl_logger", "message": "Total unique keys in LarkSheet: 7, Total new mismatch cases to upload: 0", "service": "cc_reconcile", "stage": "lark", "status": "ok"}
{"timestamp": "2026-02-15T02:05:30+0800", "level": "INFO", "logger": "etl_logger", "message": "Append data to LarkSheet with range: Kalw4Y!A2:L3, rows: 1, columns: 12", "service": "cc_reconcile", "stage": "lark", "status": "ok"}
{"timestamp": "2026-02-15T02:05:31+0800", "level": "INFO", "logger": "etl_logger", "message": "✅ Successfully appended data to LarkSheet", "service": "cc_reconcile", "stage": "lark", "status": "ok"}
{"timestamp": "2026-02-15T02:05:32+0800", "level": "INFO", "logger": "etl_logger", "message": "Upload data to LarkSheet Finish", "service": "cc_reconcile", "stage": "lark", "status": "ok"}
{"timestamp": "2026-02-15T03:00:01+0800", "level": "INFO", "logger": "etl_logger", "message": "Start download reports...", "service": "cc_reconcile", "stage": "download", "status": "ok"}
{"timestamp": "2026-02-15T03:00:05+0800", "level": "INFO", "logger": "etl_logger", "message": "Payabl Login Success and Get Token Success", "service": "cc_reconcile", "stage": "download_payabl", "status": "ok"}
{"timestamp": "2026-02-15T03:00:05+0800", "level": "INFO", "logger": "etl_logger", "message": "Start downloading Payabl CC Report for date: 2026-02-14...", "service": "cc_reconcile", "stage": "download_payabl", "status": "ok"}
{"timestamp": "2026-02-15T03:00:19+0800", "level": "INFO", "logger": "etl_logger", "message": "Start downloading Payabl CC Report for date: 2026-02-15...", "service": "cc_reconcile", "stage": "download_payabl", "status": "ok"}
{"timestamp": "2026-02-15T03:00:26+0800", "level": "INFO", "logger": "etl_logger", "message": "Finish downloading Payabl CC Report", "service": "cc_reconcile", "stage": "download_payabl", "status": "ok"}
{"timestamp": "2026-02-15T03:00:26+0800", "level": "INFO", "logger": "etl_logger", "message": "Download Payabl CC Report Finish ，Total: 12921", "service": "cc_reconcile", "stage": "download", "status": "ok"}
{"timestamp": "2026-02-15T03:00:26+0800", "level": "INFO", "logger": "etl_logger", "message": "Login attempt 1/5", "service": "cc_reconcile", "stage": "download_davinci", "status": "ok"}
{"timestamp": "2026-02-15T03:00:27+0800", "level": "INFO", "logger": "etl_logger", "message": "Login response status=200, url=https://admin.vantagemarkets.com/admin/main, cookies=4", "service": "cc_reconcile", "stage": "download_davinci", "status": "ok"}
{"timestamp": "2026-02-15T03:00:27+0800", "level": "INFO", "logger": "etl_logger", "message": "Login successful", "service": "cc_reconcile", "stage": "download_davinci", "status": "ok"}
{"timestamp": "2026-02-15T03:00:28+0800", "level": "INFO", "logger": "etl_logger", "message": "Token obtained successfully", "service": "cc_reconcile", "stage": "download_davinci", "status": "ok"}
{"timestamp": "2026-02-15T03:00:28+0800", "level": "INFO", "logger": "etl_logger", "message": "Start downloading Davinci CC Report for brand: VFSC...", "service": "cc_reconcile", "stage": "download_davinci", "status": "ok"}
{"timestamp": "2026-02-15T03:00:45+0800", "level": "INFO", "logger": "etl_logger", "message": "POST success (VFSC 2026-02-11): cc_withdraw_detail_report_20260214190045.csv, took 17.4s", "service": "cc_reconcile", "stage": "download_davinci", "status": "ok"}
{"timestamp": "2026-02-15T03:00:47+0800", "level": "INFO", "logger": "etl_logger", "message": "Download success (VFSC 2026-02-11): cc_withdraw_detail_report_20260214190045.csv, took 2.1s", "service": "cc_reconcile", "stage": "download_davinci", "status": "ok"}
{"timestamp": "2026-02-15T03:01:06+0800", "level": "INFO", "logger": "etl_logger", "message": "POST success (VFSC 2026-02-12): cc_withdraw_detail_report_20260214190106.csv, took 19.2s", "service": "cc_reconcile", "stage": "download_davinci", "status": "ok"}
{"timestamp": "2026-02-15T03:01:08+0800", "level": "INFO", "logger": "etl_logger", "message": "Download success (VFSC 2026-02-12): cc_withdraw_detail_report_20260214190106.csv, took 2.1s", "service": "cc_reconcile", "stage": "download_davinci", "status": "ok"}
{"timestamp": "2026-02-15T03:01:27+0800", "level": "INFO", "logger": "etl_logger", "message": "POST success (VFSC 2026-02-13): cc_withdraw_detail_report_20260214190126.csv, took 18.1s", "service": "cc_reconcile", "stage": "download_davinci", "status": "ok"}
{"timestamp": "2026-02-15T03:01:29+0800", "level": "INFO", "logger": "etl_logger", "message": "Download success (VFSC 2026-02-13): cc_withdraw_detail_report_20260214190126.csv, took 2.1s", "service": "cc_reconcile", "stage": "download_davinci", "status": "ok"}
{"timestamp": "2026-02-15T03:01:46+0800", "level": "INFO", "logger": "etl_logger", "message": "POST success (VFSC 2026-02-14): cc_withdraw_detail_report_20260214190145.csv, took 16.9s", "service": "cc_reconcile", "stage": "download_davinci", "status": "ok"}
{"timestamp": "2026-02-15T03:01:47+0800", "level": "INFO", "logger": "etl_logger", "message": "Download success (VFSC 2026-02-14): cc_withdraw_detail_report_20260214190145.csv, took 1.9s", "service": "cc_reconcile", "stage": "download_davinci", "status": "ok"}
{"timestamp": "2026-02-15T03:01:47+0800", "level": "INFO", "logger": "etl_logger", "message": "Finish downloading Davinci CC - VFSC Report", "service": "cc_reconcile", "stage": "download_davinci", "status": "ok"}
{"timestamp": "2026-02-15T03:01:47+0800", "level": "INFO", "logger": "etl_logger", "message": "Start downloading Davinci CC Report for brand: VFSC2...", "service": "cc_reconcile", "stage": "download_davinci", "status": "ok"}
{"timestamp": "2026-02-15T03:02:37+0800", "level": "INFO", "logger": "etl_logger", "message": "POST success (VFSC2 2026-02-11): cc_withdraw_detail_report_20260214190237.csv, took 49.3s", "service": "cc_reconcile", "stage": "download_davinci", "status": "ok"}
{"timestamp": "2026-02-15T03:02:40+0800", "level": "INFO", "logger": "etl_logger", "message": "Download success (VFSC2 2026-02-11): cc_withdraw_detail_report_20260214190237.csv, took 2.9s", "service": "cc_reconcile", "stage": "download_davinci", "status": "ok"}
{"timestamp": "2026-02-15T03:03:29+0800", "level": "INFO", "logger": "etl_logger", "message": "POST success (VFSC2 2026-02-12): cc_withdraw_detail_report_20260214190328.csv, took 48.8s", "service": "cc_reconcile", "stage": "download_davinci", "status": "ok"}
{"timestamp": "2026-02-15T03:03:32+0800", "level": "INFO", "logger": "etl_logger", "message": "Download success (VFSC2 2026-02-12): cc_withdraw_detail_report_20260214190328.csv, took 3.1s", "service": "cc_reconcile", "stage": "download_davinci", "status": "ok"}
{"timestamp": "2026-02-15T03:04:22+0800", "level": "INFO", "logger": "etl_logger", "message": "POST success (VFSC2 2026-02-13): cc_withdraw_detail_report_20260214190421.csv, took 50.0s", "service": "cc_reconcile", "stage": "download_davinci", "status": "ok"}
{"timestamp": "2026-02-15T03:04:25+0800", "level": "INFO", "logger": "etl_logger", "message": "Download success (VFSC2 2026-02-13): cc_withdraw_detail_report_20260214190421.csv, took 3.0s", "service": "cc_reconcile", "stage": "download_davinci", "status": "ok"}
{"timestamp": "2026-02-15T03:05:12+0800", "level": "INFO", "logger": "etl_logger", "message": "POST success (VFSC2 2026-02-14): cc_withdraw_detail_report_20260214190512.csv, took 47.3s", "service": "cc_reconcile", "stage": "download_davinci", "status": "ok"}
{"timestamp": "2026-02-15T03:05:14+0800", "level": "INFO", "logger": "etl_logger", "message": "Download success (VFSC2 2026-02-14): cc_withdraw_detail_report_20260214190512.csv, took 2.5s", "service": "cc_reconcile", "stage": "download_davinci", "status": "ok"}
{"timestamp": "2026-02-15T03:05:15+0800", "level": "INFO", "logger": "etl_logger", "message": "Finish downloading Davinci CC - VFSC2 Report", "service": "cc_reconcile", "stage": "download_davinci", "status": "ok"}
{"timestamp": "2026-02-15T03:05:15+0800", "level": "INFO", "logger": "etl_logger", "message": "Finish downloading Davinci CC Report for all brands, total rows: 44321", "service": "cc_reconcile", "stage": "download_davinci", "status": "ok"}
{"timestamp": "2026-02-15T03:05:15+0800", "level": "INFO", "logger": "etl_logger", "message": "Download CRM CC Report Finish ，Total: 44321", "service": "cc_reconcile", "stage": "download", "status": "ok"}
{"timestamp": "2026-02-15T03:05:15+0800", "level": "INFO", "logger": "etl_logger", "message": "Start reconcile...", "service": "cc_reconcile", "stage": "reconcile", "status": "ok"}
{"timestamp": "2026-02-15T03:05:15+0800", "level": "INFO", "logger": "etl_logger", "message": "Reconcile Finish ，Total Mismatch Case: 0", "service": "cc_reconcile", "stage": "reconcile", "status": "ok"}
{"timestamp": "2026-02-15T03:05:15+0800", "level": "INFO", "logger": "etl_logger", "message": "Connect Lark Finish", "service": "cc_reconcile", "stage": "lark", "status": "ok"}
{"timestamp": "2026-02-15T03:05:15+0800", "level": "INFO", "logger": "etl_logger", "message": "Start query existing data in LarkSheet...", "service": "cc_reconcile", "stage": "lark", "status": "ok"}
{"timestamp": "2026-02-15T03:05:17+0800", "level": "INFO", "logger": "etl_logger", "message": "Query existing data in LarkSheet Finish", "service": "cc_reconcile", "stage": "lark", "status": "ok"}
{"timestamp": "2026-02-15T03:05:17+0800", "level": "INFO", "logger": "etl_logger", "message": "Total unique keys in LarkSheet: 7, Total new mismatch cases to upload: 0", "service": "cc_reconcile", "stage": "lark", "status": "ok"}
{"timestamp": "2026-02-15T03:05:17+0800", "level": "INFO", "logger": "etl_logger", "message": "Append data to LarkSheet with range: Kalw4Y!A2:L3, rows: 1, columns: 12", "service": "cc_reconcile", "stage": "lark", "status": "ok"}
{"timestamp": "2026-02-15T03:05:17+0800", "level": "INFO", "logger": "etl_logger", "message": "✅ Successfully appended data to LarkSheet", "service": "cc_reconcile", "stage": "lark", "status": "ok"}
{"timestamp": "2026-02-15T03:05:18+0800", "level": "INFO", "logger": "etl_logger", "message": "Upload data to LarkSheet Finish", "service": "cc_reconcile", "stage": "lark", "status": "ok"}
{"timestamp": "2026-02-15T04:00:02+0800", "level": "INFO", "logger": "etl_logger", "message": "Start download reports...", "service": "cc_reconcile", "stage": "download", "status": "ok"}
{"timestamp": "2026-02-15T04:00:05+0800", "level": "INFO", "logger": "etl_logger", "message": "Payabl Login Success and Get Token Success", "service": "cc_reconcile", "stage": "download_payabl", "status": "ok"}
{"timestamp": "2026-02-15T04:00:05+0800", "level": "INFO", "logger": "etl_logger", "message": "Start downloading Payabl CC Report for date: 2026-02-14...", "service": "cc_reconcile", "stage": "download_payabl", "status": "ok"}
{"timestamp": "2026-02-15T04:00:20+0800", "level": "INFO", "logger": "etl_logger", "message": "Start downloading Payabl CC Report for date: 2026-02-15...", "service": "cc_reconcile", "stage": "download_payabl", "status": "ok"}
{"timestamp": "2026-02-15T04:00:27+0800", "level": "INFO", "logger": "etl_logger", "message": "Finish downloading Payabl CC Report", "service": "cc_reconcile", "stage": "download_payabl", "status": "ok"}
{"timestamp": "2026-02-15T04:00:27+0800", "level": "INFO", "logger": "etl_logger", "message": "Download Payabl CC Report Finish ，Total: 13454", "service": "cc_reconcile", "stage": "download", "status": "ok"}
{"timestamp": "2026-02-15T04:00:27+0800", "level": "INFO", "logger": "etl_logger", "message": "Login attempt 1/5", "service": "cc_reconcile", "stage": "download_davinci", "status": "ok"}
{"timestamp": "2026-02-15T04:00:28+0800", "level": "INFO", "logger": "etl_logger", "message": "Login response status=200, url=https://admin.vantagemarkets.com/admin/main, cookies=4", "service": "cc_reconcile", "stage": "download_davinci", "status": "ok"}
{"timestamp": "2026-02-15T04:00:28+0800", "level": "INFO", "logger": "etl_logger", "message": "Login successful", "service": "cc_reconcile", "stage": "download_davinci", "status": "ok"}
{"timestamp": "2026-02-15T04:00:29+0800", "level": "INFO", "logger": "etl_logger", "message": "Token obtained successfully", "service": "cc_reconcile", "stage": "download_davinci", "status": "ok"}
{"timestamp": "2026-02-15T04:00:29+0800", "level": "INFO", "logger": "etl_logger", "message": "Start downloading Davinci CC Report for brand: VFSC...", "service": "cc_reconcile", "stage": "download_davinci", "status": "ok"}
{"timestamp": "2026-02-15T04:00:47+0800", "level": "INFO", "logger": "etl_logger", "message": "POST success (VFSC 2026-02-11): cc_withdraw_detail_report_20260214200047.csv, took 18.3s", "service": "cc_reconcile", "stage": "download_davinci", "status": "ok"}
{"timestamp": "2026-02-15T04:00:49+0800", "level": "INFO", "logger": "etl_logger", "message": "Download success (VFSC 2026-02-11): cc_withdraw_detail_report_20260214200047.csv, took 2.1s", "service": "cc_reconcile", "stage": "download_davinci", "status": "ok"}
{"timestamp": "2026-02-15T04:01:06+0800", "level": "INFO", "logger": "etl_logger", "message": "POST success (VFSC 2026-02-12): cc_withdraw_detail_report_20260214200106.csv, took 17.3s", "service": "cc_reconcile", "stage": "download_davinci", "status": "ok"}
{"timestamp": "2026-02-15T04:01:08+0800", "level": "INFO", "logger": "etl_logger", "message": "Download success (VFSC 2026-02-12): cc_withdraw_detail_report_20260214200106.csv, took 2.1s", "service": "cc_reconcile", "stage": "download_davinci", "status": "ok"}
{"timestamp": "2026-02-15T04:01:26+0800", "level": "INFO", "logger": "etl_logger", "message": "POST success (VFSC 2026-02-13): cc_withdraw_detail_report_20260214200126.csv, took 17.6s", "service": "cc_reconcile", "stage": "download_davinci", "status": "ok"}
{"timestamp": "2026-02-15T04:01:28+0800", "level": "INFO", "logger": "etl_logger", "message": "Download success (VFSC 2026-02-13): cc_withdraw_detail_report_20260214200126.csv, took 2.1s", "service": "cc_reconcile", "stage": "download_davinci", "status": "ok"}
{"timestamp": "2026-02-15T04:01:46+0800", "level": "INFO", "logger": "etl_logger", "message": "POST success (VFSC 2026-02-14): cc_withdraw_detail_report_20260214200145.csv, took 17.3s", "service": "cc_reconcile", "stage": "download_davinci", "status": "ok"}
{"timestamp": "2026-02-15T04:01:47+0800", "level": "INFO", "logger": "etl_logger", "message": "Download success (VFSC 2026-02-14): cc_withdraw_detail_report_20260214200145.csv, took 1.9s", "service": "cc_reconcile", "stage": "download_davinci", "status": "ok"}
{"timestamp": "2026-02-15T04:01:48+0800", "level": "INFO", "logger": "etl_logger", "message": "Finish downloading Davinci CC - VFSC Report", "service": "cc_reconcile", "stage": "download_davinci", "status": "ok"}
{"timestamp": "2026-02-15T04:01:48+0800", "level": "INFO", "logger": "etl_logger", "message": "Start downloading Davinci CC Report for brand: VFSC2...", "service": "cc_reconcile", "stage": "download_davinci", "status": "ok"}
{"timestamp": "2026-02-15T04:02:37+0800", "level": "INFO", "logger": "etl_logger", "message": "POST success (VFSC2 2026-02-11): cc_withdraw_detail_report_20260214200236.csv, took 49.1s", "service": "cc_reconcile", "stage": "download_davinci", "status": "ok"}
{"timestamp": "2026-02-15T04:02:40+0800", "level": "INFO", "logger": "etl_logger", "message": "Download success (VFSC2 2026-02-11): cc_withdraw_detail_report_20260214200236.csv, took 3.1s", "service": "cc_reconcile", "stage": "download_davinci", "status": "ok"}
{"timestamp": "2026-02-15T04:03:30+0800", "level": "INFO", "logger": "etl_logger", "message": "POST success (VFSC2 2026-02-12): cc_withdraw_detail_report_20260214200330.csv, took 50.2s", "service": "cc_reconcile", "stage": "download_davinci", "status": "ok"}
{"timestamp": "2026-02-15T04:03:32+0800", "level": "INFO", "logger": "etl_logger", "message": "Download success (VFSC2 2026-02-12): cc_withdraw_detail_report_20260214200330.csv, took 2.6s", "service": "cc_reconcile", "stage": "download_davinci", "status": "ok"}
{"timestamp": "2026-02-15T04:04:26+0800", "level": "INFO", "logger": "etl_logger", "message": "POST success (VFSC2 2026-02-13): cc_withdraw_detail_report_20260214200426.csv, took 53.9s", "service": "cc_reconcile", "stage": "download_davinci", "status": "ok"}
{"timestamp": "2026-02-15T04:04:29+0800", "level": "INFO", "logger": "etl_logger", "message": "Download success (VFSC2 2026-02-13): cc_withdraw_detail_report_20260214200426.csv, took 3.1s", "service": "cc_reconcile", "stage": "download_davinci", "status": "ok"}
{"timestamp": "2026-02-15T04:05:17+0800", "level": "INFO", "logger": "etl_logger", "message": "POST success (VFSC2 2026-02-14): cc_withdraw_detail_report_20260214200517.csv, took 47.3s", "service": "cc_reconcile", "stage": "download_davinci", "status": "ok"}
{"timestamp": "2026-02-15T04:05:19+0800", "level": "INFO", "logger": "etl_logger", "message": "Download success (VFSC2 2026-02-14): cc_withdraw_detail_report_20260214200517.csv, took 2.5s", "service": "cc_reconcile", "stage": "download_davinci", "status": "ok"}
{"timestamp": "2026-02-15T04:05:20+0800", "level": "INFO", "logger": "etl_logger", "message": "Finish downloading Davinci CC - VFSC2 Report", "service": "cc_reconcile", "stage": "download_davinci", "status": "ok"}
{"timestamp": "2026-02-15T04:05:20+0800", "level": "INFO", "logger": "etl_logger", "message": "Finish downloading Davinci CC Report for all brands, total rows: 44461", "service": "cc_reconcile", "stage": "download_davinci", "status": "ok"}
{"timestamp": "2026-02-15T04:05:20+0800", "level": "INFO", "logger": "etl_logger", "message": "Download CRM CC Report Finish ，Total: 44461", "service": "cc_reconcile", "stage": "download", "status": "ok"}
{"timestamp": "2026-02-15T04:05:20+0800", "level": "INFO", "logger": "etl_logger", "message": "Start reconcile...", "service": "cc_reconcile", "stage": "reconcile", "status": "ok"}
{"timestamp": "2026-02-15T04:05:20+0800", "level": "INFO", "logger": "etl_logger", "message": "Reconcile Finish ，Total Mismatch Case: 0", "service": "cc_reconcile", "stage": "reconcile", "status": "ok"}
{"timestamp": "2026-02-15T04:05:20+0800", "level": "INFO", "logger": "etl_logger", "message": "Connect Lark Finish", "service": "cc_reconcile", "stage": "lark", "status": "ok"}
{"timestamp": "2026-02-15T04:05:20+0800", "level": "INFO", "logger": "etl_logger", "message": "Start query existing data in LarkSheet...", "service": "cc_reconcile", "stage": "lark", "status": "ok"}
{"timestamp": "2026-02-15T04:05:22+0800", "level": "INFO", "logger": "etl_logger", "message": "Query existing data in LarkSheet Finish", "service": "cc_reconcile", "stage": "lark", "status": "ok"}
{"timestamp": "2026-02-15T04:05:22+0800", "level": "INFO", "logger": "etl_logger", "message": "Total unique keys in LarkSheet: 7, Total new mismatch cases to upload: 0", "service": "cc_reconcile", "stage": "lark", "status": "ok"}
{"timestamp": "2026-02-15T04:05:22+0800", "level": "INFO", "logger": "etl_logger", "message": "Append data to LarkSheet with range: Kalw4Y!A2:L3, rows: 1, columns: 12", "service": "cc_reconcile", "stage": "lark", "status": "ok"}
{"timestamp": "2026-02-15T04:05:22+0800", "level": "INFO", "logger": "etl_logger", "message": "✅ Successfully appended data to LarkSheet", "service": "cc_reconcile", "stage": "lark", "status": "ok"}
{"timestamp": "2026-02-15T04:05:23+0800", "level": "INFO", "logger": "etl_logger", "message": "Upload data to LarkSheet Finish", "service": "cc_reconcile", "stage": "lark", "status": "ok"}
{"timestamp": "2026-02-15T05:00:01+0800", "level": "INFO", "logger": "etl_logger", "message": "Start download reports...", "service": "cc_reconcile", "stage": "download", "status": "ok"}
{"timestamp": "2026-02-15T05:00:05+0800", "level": "INFO", "logger": "etl_logger", "message": "Payabl Login Success and Get Token Success", "service": "cc_reconcile", "stage": "download_payabl", "status": "ok"}
{"timestamp": "2026-02-15T05:00:05+0800", "level": "INFO", "logger": "etl_logger", "message": "Start downloading Payabl CC Report for date: 2026-02-14...", "service": "cc_reconcile", "stage": "download_payabl", "status": "ok"}
{"timestamp": "2026-02-15T05:00:19+0800", "level": "INFO", "logger": "etl_logger", "message": "Start downloading Payabl CC Report for date: 2026-02-15...", "service": "cc_reconcile", "stage": "download_payabl", "status": "ok"}
{"timestamp": "2026-02-15T05:00:26+0800", "level": "INFO", "logger": "etl_logger", "message": "Finish downloading Payabl CC Report", "service": "cc_reconcile", "stage": "download_payabl", "status": "ok"}
{"timestamp": "2026-02-15T05:00:26+0800", "level": "INFO", "logger": "etl_logger", "message": "Download Payabl CC Report Finish ，Total: 13973", "service": "cc_reconcile", "stage": "download", "status": "ok"}
{"timestamp": "2026-02-15T05:00:26+0800", "level": "INFO", "logger": "etl_logger", "message": "Login attempt 1/5", "service": "cc_reconcile", "stage": "download_davinci", "status": "ok"}
{"timestamp": "2026-02-15T05:00:27+0800", "level": "INFO", "logger": "etl_logger", "message": "Login response status=200, url=https://admin.vantagemarkets.com/admin/main, cookies=4", "service": "cc_reconcile", "stage": "download_davinci", "status": "ok"}
{"timestamp": "2026-02-15T05:00:27+0800", "level": "INFO", "logger": "etl_logger", "message": "Login successful", "service": "cc_reconcile", "stage": "download_davinci", "status": "ok"}
{"timestamp": "2026-02-15T05:00:27+0800", "level": "INFO", "logger": "etl_logger", "message": "Token obtained successfully", "service": "cc_reconcile", "stage": "download_davinci", "status": "ok"}
{"timestamp": "2026-02-15T05:00:27+0800", "level": "INFO", "logger": "etl_logger", "message": "Start downloading Davinci CC Report for brand: VFSC...", "service": "cc_reconcile", "stage": "download_davinci", "status": "ok"}
{"timestamp": "2026-02-15T05:01:01+0800", "level": "INFO", "logger": "etl_logger", "message": "POST success (VFSC 2026-02-11): cc_withdraw_detail_report_20260214210101.csv, took 34.0s", "service": "cc_reconcile", "stage": "download_davinci", "status": "ok"}
{"timestamp": "2026-02-15T05:01:03+0800", "level": "INFO", "logger": "etl_logger", "message": "Download success (VFSC 2026-02-11): cc_withdraw_detail_report_20260214210101.csv, took 2.2s", "service": "cc_reconcile", "stage": "download_davinci", "status": "ok"}
{"timestamp": "2026-02-15T05:01:20+0800", "level": "INFO", "logger": "etl_logger", "message": "POST success (VFSC 2026-02-12): cc_withdraw_detail_report_20260214210120.csv, took 17.1s", "service": "cc_reconcile", "stage": "download_davinci", "status": "ok"}
{"timestamp": "2026-02-15T05:01:22+0800", "level": "INFO", "logger": "etl_logger", "message": "Download success (VFSC 2026-02-12): cc_withdraw_detail_report_20260214210120.csv, took 2.1s", "service": "cc_reconcile", "stage": "download_davinci", "status": "ok"}
{"timestamp": "2026-02-15T05:01:39+0800", "level": "INFO", "logger": "etl_logger", "message": "POST success (VFSC 2026-02-13): cc_withdraw_detail_report_20260214210139.csv, took 17.0s", "service": "cc_reconcile", "stage": "download_davinci", "status": "ok"}
{"timestamp": "2026-02-15T05:01:42+0800", "level": "INFO", "logger": "etl_logger", "message": "Download success (VFSC 2026-02-13): cc_withdraw_detail_report_20260214210139.csv, took 2.2s", "service": "cc_reconcile", "stage": "download_davinci", "status": "ok"}
{"timestamp": "2026-02-15T05:01:58+0800", "level": "INFO", "logger": "etl_logger", "message": "POST success (VFSC 2026-02-14): cc_withdraw_detail_report_20260214210158.csv, took 16.5s", "service": "cc_reconcile", "stage": "download_davinci", "status": "ok"}
{"timestamp": "2026-02-15T05:02:00+0800", "level": "INFO", "logger": "etl_logger", "message": "Download success (VFSC 2026-02-14): cc_withdraw_detail_report_20260214210158.csv, took 1.9s", "service": "cc_reconcile", "stage": "download_davinci", "status": "ok"}
{"timestamp": "2026-02-15T05:02:00+0800", "level": "INFO", "logger": "etl_logger", "message": "Finish downloading Davinci CC - VFSC Report", "service": "cc_reconcile", "stage": "download_davinci", "status": "ok"}
{"timestamp": "2026-02-15T05:02:00+0800", "level": "INFO", "logger": "etl_logger", "message": "Start downloading Davinci CC Report for brand: VFSC2...", "service": "cc_reconcile", "stage": "download_davinci", "status": "ok"}
{"timestamp": "2026-02-15T05:02:51+0800", "level": "INFO", "logger": "etl_logger", "message": "POST success (VFSC2 2026-02-11): cc_withdraw_detail_report_20260214210251.csv, took 50.8s", "service": "cc_reconcile", "stage": "download_davinci", "status": "ok"}
{"timestamp": "2026-02-15T05:02:54+0800", "level": "INFO", "logger": "etl_logger", "message": "Download success (VFSC2 2026-02-11): cc_withdraw_detail_report_20260214210251.csv, took 3.0s", "service": "cc_reconcile", "stage": "download_davinci", "status": "ok"}
{"timestamp": "2026-02-15T05:03:55+0800", "level": "INFO", "logger": "etl_logger", "message": "POST success (VFSC2 2026-02-12): cc_withdraw_detail_report_20260214210354.csv, took 60.7s", "service": "cc_reconcile", "stage": "download_davinci", "status": "ok"}
{"timestamp": "2026-02-15T05:03:57+0800", "level": "INFO", "logger": "etl_logger", "message": "Download success (VFSC2 2026-02-12): cc_withdraw_detail_report_20260214210354.csv, took 2.5s", "service": "cc_reconcile", "stage": "download_davinci", "status": "ok"}
{"timestamp": "2026-02-15T05:04:46+0800", "level": "INFO", "logger": "etl_logger", "message": "POST success (VFSC2 2026-02-13): cc_withdraw_detail_report_20260214210446.csv, took 48.9s", "service": "cc_reconcile", "stage": "download_davinci", "status": "ok"}
{"timestamp": "2026-02-15T05:04:49+0800", "level": "INFO", "logger": "etl_logger", "message": "Download success (VFSC2 2026-02-13): cc_withdraw_detail_report_20260214210446.csv, took 3.0s", "service": "cc_reconcile", "stage": "download_davinci", "status": "ok"}
{"timestamp": "2026-02-15T05:05:37+0800", "level": "INFO", "logger": "etl_logger", "message": "POST success (VFSC2 2026-02-14): cc_withdraw_detail_report_20260214210537.csv, took 47.8s", "service": "cc_reconcile", "stage": "download_davinci", "status": "ok"}
{"timestamp": "2026-02-15T05:05:39+0800", "level": "INFO", "logger": "etl_logger", "message": "Download success (VFSC2 2026-02-14): cc_withdraw_detail_report_20260214210537.csv, took 2.0s", "service": "cc_reconcile", "stage": "download_davinci", "status": "ok"}
{"timestamp": "2026-02-15T05:05:39+0800", "level": "INFO", "logger": "etl_logger", "message": "Finish downloading Davinci CC - VFSC2 Report", "service": "cc_reconcile", "stage": "download_davinci", "status": "ok"}
{"timestamp": "2026-02-15T05:05:39+0800", "level": "INFO", "logger": "etl_logger", "message": "Finish downloading Davinci CC Report for all brands, total rows: 44547", "service": "cc_reconcile", "stage": "download_davinci", "status": "ok"}
{"timestamp": "2026-02-15T05:05:39+0800", "level": "INFO", "logger": "etl_logger", "message": "Download CRM CC Report Finish ，Total: 44547", "service": "cc_reconcile", "stage": "download", "status": "ok"}
{"timestamp": "2026-02-15T05:05:39+0800", "level": "INFO", "logger": "etl_logger", "message": "Start reconcile...", "service": "cc_reconcile", "stage": "reconcile", "status": "ok"}
{"timestamp": "2026-02-15T05:05:39+0800", "level": "INFO", "logger": "etl_logger", "message": "Reconcile Finish ，Total Mismatch Case: 0", "service": "cc_reconcile", "stage": "reconcile", "status": "ok"}
{"timestamp": "2026-02-15T05:05:40+0800", "level": "INFO", "logger": "etl_logger", "message": "Connect Lark Finish", "service": "cc_reconcile", "stage": "lark", "status": "ok"}
{"timestamp": "2026-02-15T05:05:40+0800", "level": "INFO", "logger": "etl_logger", "message": "Start query existing data in LarkSheet...", "service": "cc_reconcile", "stage": "lark", "status": "ok"}
{"timestamp": "2026-02-15T05:05:41+0800", "level": "INFO", "logger": "etl_logger", "message": "Query existing data in LarkSheet Finish", "service": "cc_reconcile", "stage": "lark", "status": "ok"}
{"timestamp": "2026-02-15T05:05:41+0800", "level": "INFO", "logger": "etl_logger", "message": "Total unique keys in LarkSheet: 7, Total new mismatch cases to upload: 0", "service": "cc_reconcile", "stage": "lark", "status": "ok"}
{"timestamp": "2026-02-15T05:05:41+0800", "level": "INFO", "logger": "etl_logger", "message": "Append data to LarkSheet with range: Kalw4Y!A2:L3, rows: 1, columns: 12", "service": "cc_reconcile", "stage": "lark", "status": "ok"}
{"timestamp": "2026-02-15T05:05:41+0800", "level": "INFO", "logger": "etl_logger", "message": "✅ Successfully appended data to LarkSheet", "service": "cc_reconcile", "stage": "lark", "status": "ok"}
{"timestamp": "2026-02-15T05:05:42+0800", "level": "INFO", "logger": "etl_logger", "message": "Upload data to LarkSheet Finish", "service": "cc_reconcile", "stage": "lark", "status": "ok"}
{"timestamp": "2026-02-15T06:00:01+0800", "level": "INFO", "logger": "etl_logger", "message": "Start download reports...", "service": "cc_reconcile", "stage": "download", "status": "ok"}
{"timestamp": "2026-02-15T06:00:05+0800", "level": "INFO", "logger": "etl_logger", "message": "Payabl Login Success and Get Token Success", "service": "cc_reconcile", "stage": "download_payabl", "status": "ok"}
{"timestamp": "2026-02-15T06:00:05+0800", "level": "INFO", "logger": "etl_logger", "message": "Start downloading Payabl CC Report for date: 2026-02-14...", "service": "cc_reconcile", "stage": "download_payabl", "status": "ok"}
{"timestamp": "2026-02-15T06:00:19+0800", "level": "INFO", "logger": "etl_logger", "message": "Start downloading Payabl CC Report for date: 2026-02-15...", "service": "cc_reconcile", "stage": "download_payabl", "status": "ok"}
{"timestamp": "2026-02-15T06:00:26+0800", "level": "INFO", "logger": "etl_logger", "message": "Finish downloading Payabl CC Report", "service": "cc_reconcile", "stage": "download_payabl", "status": "ok"}
{"timestamp": "2026-02-15T06:00:26+0800", "level": "INFO", "logger": "etl_logger", "message": "Download Payabl CC Report Finish ，Total: 14826", "service": "cc_reconcile", "stage": "download", "status": "ok"}
{"timestamp": "2026-02-15T06:00:26+0800", "level": "INFO", "logger": "etl_logger", "message": "Login attempt 1/5", "service": "cc_reconcile", "stage": "download_davinci", "status": "ok"}
{"timestamp": "2026-02-15T06:00:27+0800", "level": "INFO", "logger": "etl_logger", "message": "Login response status=200, url=https://admin.vantagemarkets.com/admin/main, cookies=4", "service": "cc_reconcile", "stage": "download_davinci", "status": "ok"}
{"timestamp": "2026-02-15T06:00:27+0800", "level": "INFO", "logger": "etl_logger", "message": "Login successful", "service": "cc_reconcile", "stage": "download_davinci", "status": "ok"}
{"timestamp": "2026-02-15T06:00:28+0800", "level": "INFO", "logger": "etl_logger", "message": "Token obtained successfully", "service": "cc_reconcile", "stage": "download_davinci", "status": "ok"}
{"timestamp": "2026-02-15T06:00:28+0800", "level": "INFO", "logger": "etl_logger", "message": "Start downloading Davinci CC Report for brand: VFSC...", "service": "cc_reconcile", "stage": "download_davinci", "status": "ok"}
{"timestamp": "2026-02-15T06:00:49+0800", "level": "INFO", "logger": "etl_logger", "message": "POST success (VFSC 2026-02-12): cc_withdraw_detail_report_20260214220049.csv, took 21.3s", "service": "cc_reconcile", "stage": "download_davinci", "status": "ok"}
{"timestamp": "2026-02-15T06:00:51+0800", "level": "INFO", "logger": "etl_logger", "message": "Download success (VFSC 2026-02-12): cc_withdraw_detail_report_20260214220049.csv, took 1.7s", "service": "cc_reconcile", "stage": "download_davinci", "status": "ok"}
{"timestamp": "2026-02-15T06:01:25+0800", "level": "INFO", "logger": "etl_logger", "message": "POST success (VFSC 2026-02-13): cc_withdraw_detail_report_20260214220125.csv, took 33.9s", "service": "cc_reconcile", "stage": "download_davinci", "status": "ok"}
{"timestamp": "2026-02-15T06:01:27+0800", "level": "INFO", "logger": "etl_logger", "message": "Download success (VFSC 2026-02-13): cc_withdraw_detail_report_20260214220125.csv, took 2.2s", "service": "cc_reconcile", "stage": "download_davinci", "status": "ok"}
{"timestamp": "2026-02-15T06:01:44+0800", "level": "INFO", "logger": "etl_logger", "message": "POST success (VFSC 2026-02-14): cc_withdraw_detail_report_20260214220143.csv, took 16.6s", "service": "cc_reconcile", "stage": "download_davinci", "status": "ok"}
{"timestamp": "2026-02-15T06:01:45+0800", "level": "INFO", "logger": "etl_logger", "message": "Download success (VFSC 2026-02-14): cc_withdraw_detail_report_20260214220143.csv, took 1.9s", "service": "cc_reconcile", "stage": "download_davinci", "status": "ok"}
Traceback (most recent call last):
  File "/app/main.py", line 72, in <module>
    main()
  File "/app/main.py", line 24, in main
    crm_cc    = download_davinci_cc_reports()
  File "/app/cc_withdraw_crawler.py", line 276, in download_davinci_cc_reports
    filename = response.json()['data']['file']
KeyError: 'file'
{"timestamp": "2026-02-15T07:00:01+0800", "level": "INFO", "logger": "etl_logger", "message": "Start download reports...", "service": "cc_reconcile", "stage": "download", "status": "ok"}
{"timestamp": "2026-02-15T07:00:04+0800", "level": "INFO", "logger": "etl_logger", "message": "Payabl Login Success and Get Token Success", "service": "cc_reconcile", "stage": "download_payabl", "status": "ok"}
{"timestamp": "2026-02-15T07:00:04+0800", "level": "INFO", "logger": "etl_logger", "message": "Start downloading Payabl CC Report for date: 2026-02-14...", "service": "cc_reconcile", "stage": "download_payabl", "status": "ok"}
{"timestamp": "2026-02-15T07:00:19+0800", "level": "INFO", "logger": "etl_logger", "message": "Start downloading Payabl CC Report for date: 2026-02-15...", "service": "cc_reconcile", "stage": "download_payabl", "status": "ok"}
{"timestamp": "2026-02-15T07:00:29+0800", "level": "INFO", "logger": "etl_logger", "message": "Finish downloading Payabl CC Report", "service": "cc_reconcile", "stage": "download_payabl", "status": "ok"}
{"timestamp": "2026-02-15T07:00:29+0800", "level": "INFO", "logger": "etl_logger", "message": "Download Payabl CC Report Finish ，Total: 15271", "service": "cc_reconcile", "stage": "download", "status": "ok"}
{"timestamp": "2026-02-15T07:00:29+0800", "level": "INFO", "logger": "etl_logger", "message": "Login attempt 1/5", "service": "cc_reconcile", "stage": "download_davinci", "status": "ok"}
{"timestamp": "2026-02-15T07:00:30+0800", "level": "INFO", "logger": "etl_logger", "message": "Login response status=200, url=https://admin.vantagemarkets.com/admin/main, cookies=4", "service": "cc_reconcile", "stage": "download_davinci", "status": "ok"}
{"timestamp": "2026-02-15T07:00:30+0800", "level": "INFO", "logger": "etl_logger", "message": "Login successful", "service": "cc_reconcile", "stage": "download_davinci", "status": "ok"}
{"timestamp": "2026-02-15T07:00:31+0800", "level": "INFO", "logger": "etl_logger", "message": "Token obtained successfully", "service": "cc_reconcile", "stage": "download_davinci", "status": "ok"}
{"timestamp": "2026-02-15T07:00:31+0800", "level": "INFO", "logger": "etl_logger", "message": "Start downloading Davinci CC Report for brand: VFSC...", "service": "cc_reconcile", "stage": "download_davinci", "status": "ok"}
{"timestamp": "2026-02-15T07:00:49+0800", "level": "INFO", "logger": "etl_logger", "message": "POST success (VFSC 2026-02-12): cc_withdraw_detail_report_20260214230049.csv, took 18.5s", "service": "cc_reconcile", "stage": "download_davinci", "status": "ok"}
{"timestamp": "2026-02-15T07:00:51+0800", "level": "INFO", "logger": "etl_logger", "message": "Download success (VFSC 2026-02-12): cc_withdraw_detail_report_20260214230049.csv, took 2.1s", "service": "cc_reconcile", "stage": "download_davinci", "status": "ok"}
{"timestamp": "2026-02-15T07:01:09+0800", "level": "INFO", "logger": "etl_logger", "message": "POST success (VFSC 2026-02-13): cc_withdraw_detail_report_20260214230108.csv, took 17.2s", "service": "cc_reconcile", "stage": "download_davinci", "status": "ok"}
{"timestamp": "2026-02-15T07:01:11+0800", "level": "INFO", "logger": "etl_logger", "message": "Download success (VFSC 2026-02-13): cc_withdraw_detail_report_20260214230108.csv, took 2.1s", "service": "cc_reconcile", "stage": "download_davinci", "status": "ok"}
{"timestamp": "2026-02-15T07:01:28+0800", "level": "INFO", "logger": "etl_logger", "message": "POST success (VFSC 2026-02-14): cc_withdraw_detail_report_20260214230128.csv, took 17.2s", "service": "cc_reconcile", "stage": "download_davinci", "status": "ok"}
{"timestamp": "2026-02-15T07:01:30+0800", "level": "INFO", "logger": "etl_logger", "message": "Download success (VFSC 2026-02-14): cc_withdraw_detail_report_20260214230128.csv, took 1.9s", "service": "cc_reconcile", "stage": "download_davinci", "status": "ok"}
{"timestamp": "2026-02-15T07:01:46+0800", "level": "INFO", "logger": "etl_logger", "message": "POST success (VFSC 2026-02-15): cc_withdraw_detail_report_20260214230146.csv, took 16.7s", "service": "cc_reconcile", "stage": "download_davinci", "status": "ok"}
{"timestamp": "2026-02-15T07:01:47+0800", "level": "INFO", "logger": "etl_logger", "message": "Download success (VFSC 2026-02-15): cc_withdraw_detail_report_20260214230146.csv, took 1.0s", "service": "cc_reconcile", "stage": "download_davinci", "status": "ok"}
{"timestamp": "2026-02-15T07:01:47+0800", "level": "INFO", "logger": "etl_logger", "message": "Finish downloading Davinci CC - VFSC Report", "service": "cc_reconcile", "stage": "download_davinci", "status": "ok"}
{"timestamp": "2026-02-15T07:01:47+0800", "level": "INFO", "logger": "etl_logger", "message": "Start downloading Davinci CC Report for brand: VFSC2...", "service": "cc_reconcile", "stage": "download_davinci", "status": "ok"}
{"timestamp": "2026-02-15T07:02:38+0800", "level": "INFO", "logger": "etl_logger", "message": "POST success (VFSC2 2026-02-12): cc_withdraw_detail_report_20260214230238.csv, took 50.6s", "service": "cc_reconcile", "stage": "download_davinci", "status": "ok"}
{"timestamp": "2026-02-15T07:02:41+0800", "level": "INFO", "logger": "etl_logger", "message": "Download success (VFSC2 2026-02-12): cc_withdraw_detail_report_20260214230238.csv, took 2.5s", "service": "cc_reconcile", "stage": "download_davinci", "status": "ok"}
{"timestamp": "2026-02-15T07:03:31+0800", "level": "INFO", "logger": "etl_logger", "message": "POST success (VFSC2 2026-02-13): cc_withdraw_detail_report_20260214230331.csv, took 50.8s", "service": "cc_reconcile", "stage": "download_davinci", "status": "ok"}
{"timestamp": "2026-02-15T07:03:34+0800", "level": "INFO", "logger": "etl_logger", "message": "Download success (VFSC2 2026-02-13): cc_withdraw_detail_report_20260214230331.csv, took 3.0s", "service": "cc_reconcile", "stage": "download_davinci", "status": "ok"}
{"timestamp": "2026-02-15T07:04:23+0800", "level": "INFO", "logger": "etl_logger", "message": "POST success (VFSC2 2026-02-14): cc_withdraw_detail_report_20260214230423.csv, took 48.8s", "service": "cc_reconcile", "stage": "download_davinci", "status": "ok"}
{"timestamp": "2026-02-15T07:04:25+0800", "level": "INFO", "logger": "etl_logger", "message": "Download success (VFSC2 2026-02-14): cc_withdraw_detail_report_20260214230423.csv, took 2.4s", "service": "cc_reconcile", "stage": "download_davinci", "status": "ok"}
{"timestamp": "2026-02-15T07:05:13+0800", "level": "INFO", "logger": "etl_logger", "message": "POST success (VFSC2 2026-02-15): cc_withdraw_detail_report_20260214230512.csv, took 47.1s", "service": "cc_reconcile", "stage": "download_davinci", "status": "ok"}
{"timestamp": "2026-02-15T07:05:14+0800", "level": "INFO", "logger": "etl_logger", "message": "Download success (VFSC2 2026-02-15): cc_withdraw_detail_report_20260214230512.csv, took 1.2s", "service": "cc_reconcile", "stage": "download_davinci", "status": "ok"}
{"timestamp": "2026-02-15T07:05:14+0800", "level": "INFO", "logger": "etl_logger", "message": "Finish downloading Davinci CC - VFSC2 Report", "service": "cc_reconcile", "stage": "download_davinci", "status": "ok"}
{"timestamp": "2026-02-15T07:05:14+0800", "level": "INFO", "logger": "etl_logger", "message": "Finish downloading Davinci CC Report for all brands, total rows: 31844", "service": "cc_reconcile", "stage": "download_davinci", "status": "ok"}
{"timestamp": "2026-02-15T07:05:14+0800", "level": "INFO", "logger": "etl_logger", "message": "Download CRM CC Report Finish ，Total: 31844", "service": "cc_reconcile", "stage": "download", "status": "ok"}
{"timestamp": "2026-02-15T07:05:14+0800", "level": "INFO", "logger": "etl_logger", "message": "Start reconcile...", "service": "cc_reconcile", "stage": "reconcile", "status": "ok"}
{"timestamp": "2026-02-15T07:05:14+0800", "level": "INFO", "logger": "etl_logger", "message": "Reconcile Finish ，Total Mismatch Case: 0", "service": "cc_reconcile", "stage": "reconcile", "status": "ok"}
{"timestamp": "2026-02-15T07:05:15+0800", "level": "INFO", "logger": "etl_logger", "message": "Connect Lark Finish", "service": "cc_reconcile", "stage": "lark", "status": "ok"}
{"timestamp": "2026-02-15T07:05:15+0800", "level": "INFO", "logger": "etl_logger", "message": "Start query existing data in LarkSheet...", "service": "cc_reconcile", "stage": "lark", "status": "ok"}
{"timestamp": "2026-02-15T07:05:16+0800", "level": "INFO", "logger": "etl_logger", "message": "Query existing data in LarkSheet Finish", "service": "cc_reconcile", "stage": "lark", "status": "ok"}
{"timestamp": "2026-02-15T07:05:16+0800", "level": "INFO", "logger": "etl_logger", "message": "Total unique keys in LarkSheet: 7, Total new mismatch cases to upload: 0", "service": "cc_reconcile", "stage": "lark", "status": "ok"}
{"timestamp": "2026-02-15T07:05:16+0800", "level": "INFO", "logger": "etl_logger", "message": "Append data to LarkSheet with range: Kalw4Y!A2:L3, rows: 1, columns: 12", "service": "cc_reconcile", "stage": "lark", "status": "ok"}
{"timestamp": "2026-02-15T07:05:16+0800", "level": "INFO", "logger": "etl_logger", "message": "✅ Successfully appended data to LarkSheet", "service": "cc_reconcile", "stage": "lark", "status": "ok"}
{"timestamp": "2026-02-15T07:05:17+0800", "level": "INFO", "logger": "etl_logger", "message": "Upload data to LarkSheet Finish", "service": "cc_reconcile", "stage": "lark", "status": "ok"}
{"timestamp": "2026-02-15T08:00:01+0800", "level": "INFO", "logger": "etl_logger", "message": "Start download reports...", "service": "cc_reconcile", "stage": "download", "status": "ok"}
{"timestamp": "2026-02-15T08:00:05+0800", "level": "INFO", "logger": "etl_logger", "message": "Payabl Login Success and Get Token Success", "service": "cc_reconcile", "stage": "download_payabl", "status": "ok"}
{"timestamp": "2026-02-15T08:00:05+0800", "level": "INFO", "logger": "etl_logger", "message": "Start downloading Payabl CC Report for date: 2026-02-14...", "service": "cc_reconcile", "stage": "download_payabl", "status": "ok"}
{"timestamp": "2026-02-15T08:00:19+0800", "level": "INFO", "logger": "etl_logger", "message": "Start downloading Payabl CC Report for date: 2026-02-15...", "service": "cc_reconcile", "stage": "download_payabl", "status": "ok"}
{"timestamp": "2026-02-15T08:00:29+0800", "level": "INFO", "logger": "etl_logger", "message": "Finish downloading Payabl CC Report", "service": "cc_reconcile", "stage": "download_payabl", "status": "ok"}
{"timestamp": "2026-02-15T08:00:29+0800", "level": "INFO", "logger": "etl_logger", "message": "Download Payabl CC Report Finish ，Total: 15678", "service": "cc_reconcile", "stage": "download", "status": "ok"}
{"timestamp": "2026-02-15T08:00:29+0800", "level": "INFO", "logger": "etl_logger", "message": "Login attempt 1/5", "service": "cc_reconcile", "stage": "download_davinci", "status": "ok"}
{"timestamp": "2026-02-15T08:00:30+0800", "level": "INFO", "logger": "etl_logger", "message": "Login response status=200, url=https://admin.vantagemarkets.com/admin/main, cookies=4", "service": "cc_reconcile", "stage": "download_davinci", "status": "ok"}
{"timestamp": "2026-02-15T08:00:30+0800", "level": "INFO", "logger": "etl_logger", "message": "Login successful", "service": "cc_reconcile", "stage": "download_davinci", "status": "ok"}
{"timestamp": "2026-02-15T08:00:31+0800", "level": "INFO", "logger": "etl_logger", "message": "Token obtained successfully", "service": "cc_reconcile", "stage": "download_davinci", "status": "ok"}
{"timestamp": "2026-02-15T08:00:31+0800", "level": "INFO", "logger": "etl_logger", "message": "Start downloading Davinci CC Report for brand: VFSC...", "service": "cc_reconcile", "stage": "download_davinci", "status": "ok"}
{"timestamp": "2026-02-15T08:00:54+0800", "level": "INFO", "logger": "etl_logger", "message": "POST success (VFSC 2026-02-12): cc_withdraw_detail_report_20260215000054.csv, took 23.6s", "service": "cc_reconcile", "stage": "download_davinci", "status": "ok"}
{"timestamp": "2026-02-15T08:00:56+0800", "level": "INFO", "logger": "etl_logger", "message": "Download success (VFSC 2026-02-12): cc_withdraw_detail_report_20260215000054.csv, took 2.2s", "service": "cc_reconcile", "stage": "download_davinci", "status": "ok"}
{"timestamp": "2026-02-15T08:01:14+0800", "level": "INFO", "logger": "etl_logger", "message": "POST success (VFSC 2026-02-13): cc_withdraw_detail_report_20260215000114.csv, took 17.4s", "service": "cc_reconcile", "stage": "download_davinci", "status": "ok"}
{"timestamp": "2026-02-15T08:01:16+0800", "level": "INFO", "logger": "etl_logger", "message": "Download success (VFSC 2026-02-13): cc_withdraw_detail_report_20260215000114.csv, took 2.2s", "service": "cc_reconcile", "stage": "download_davinci", "status": "ok"}
{"timestamp": "2026-02-15T08:01:33+0800", "level": "INFO", "logger": "etl_logger", "message": "POST success (VFSC 2026-02-14): cc_withdraw_detail_report_20260215000133.csv, took 17.0s", "service": "cc_reconcile", "stage": "download_davinci", "status": "ok"}
{"timestamp": "2026-02-15T08:01:35+0800", "level": "INFO", "logger": "etl_logger", "message": "Download success (VFSC 2026-02-14): cc_withdraw_detail_report_20260215000133.csv, took 1.9s", "service": "cc_reconcile", "stage": "download_davinci", "status": "ok"}
{"timestamp": "2026-02-15T08:01:52+0800", "level": "INFO", "logger": "etl_logger", "message": "POST success (VFSC 2026-02-15): cc_withdraw_detail_report_20260215000151.csv, took 16.7s", "service": "cc_reconcile", "stage": "download_davinci", "status": "ok"}
{"timestamp": "2026-02-15T08:01:52+0800", "level": "INFO", "logger": "etl_logger", "message": "Download success (VFSC 2026-02-15): cc_withdraw_detail_report_20260215000151.csv, took 1.0s", "service": "cc_reconcile", "stage": "download_davinci", "status": "ok"}
{"timestamp": "2026-02-15T08:01:53+0800", "level": "INFO", "logger": "etl_logger", "message": "Finish downloading Davinci CC - VFSC Report", "service": "cc_reconcile", "stage": "download_davinci", "status": "ok"}
{"timestamp": "2026-02-15T08:01:53+0800", "level": "INFO", "logger": "etl_logger", "message": "Start downloading Davinci CC Report for brand: VFSC2...", "service": "cc_reconcile", "stage": "download_davinci", "status": "ok"}
{"timestamp": "2026-02-15T08:02:42+0800", "level": "INFO", "logger": "etl_logger", "message": "POST success (VFSC2 2026-02-12): cc_withdraw_detail_report_20260215000242.csv, took 49.4s", "service": "cc_reconcile", "stage": "download_davinci", "status": "ok"}
{"timestamp": "2026-02-15T08:02:44+0800", "level": "INFO", "logger": "etl_logger", "message": "Download success (VFSC2 2026-02-12): cc_withdraw_detail_report_20260215000242.csv, took 2.5s", "service": "cc_reconcile", "stage": "download_davinci", "status": "ok"}
{"timestamp": "2026-02-15T08:03:35+0800", "level": "INFO", "logger": "etl_logger", "message": "POST success (VFSC2 2026-02-13): cc_withdraw_detail_report_20260215000335.csv, took 50.8s", "service": "cc_reconcile", "stage": "download_davinci", "status": "ok"}
{"timestamp": "2026-02-15T08:03:38+0800", "level": "INFO", "logger": "etl_logger", "message": "Download success (VFSC2 2026-02-13): cc_withdraw_detail_report_20260215000335.csv, took 2.9s", "service": "cc_reconcile", "stage": "download_davinci", "status": "ok"}
{"timestamp": "2026-02-15T08:04:28+0800", "level": "INFO", "logger": "etl_logger", "message": "POST success (VFSC2 2026-02-14): cc_withdraw_detail_report_20260215000428.csv, took 49.9s", "service": "cc_reconcile", "stage": "download_davinci", "status": "ok"}
{"timestamp": "2026-02-15T08:04:30+0800", "level": "INFO", "logger": "etl_logger", "message": "Download success (VFSC2 2026-02-14): cc_withdraw_detail_report_20260215000428.csv, took 2.4s", "service": "cc_reconcile", "stage": "download_davinci", "status": "ok"}
{"timestamp": "2026-02-15T08:05:18+0800", "level": "INFO", "logger": "etl_logger", "message": "POST success (VFSC2 2026-02-15): cc_withdraw_detail_report_20260215000518.csv, took 48.0s", "service": "cc_reconcile", "stage": "download_davinci", "status": "ok"}
{"timestamp": "2026-02-15T08:05:19+0800", "level": "INFO", "logger": "etl_logger", "message": "Download success (VFSC2 2026-02-15): cc_withdraw_detail_report_20260215000518.csv, took 0.8s", "service": "cc_reconcile", "stage": "download_davinci", "status": "ok"}
{"timestamp": "2026-02-15T08:05:20+0800", "level": "INFO", "logger": "etl_logger", "message": "Finish downloading Davinci CC - VFSC2 Report", "service": "cc_reconcile", "stage": "download_davinci", "status": "ok"}
{"timestamp": "2026-02-15T08:05:20+0800", "level": "INFO", "logger": "etl_logger", "message": "Finish downloading Davinci CC Report for all brands, total rows: 31887", "service": "cc_reconcile", "stage": "download_davinci", "status": "ok"}
{"timestamp": "2026-02-15T08:05:20+0800", "level": "INFO", "logger": "etl_logger", "message": "Download CRM CC Report Finish ，Total: 31887", "service": "cc_reconcile", "stage": "download", "status": "ok"}
{"timestamp": "2026-02-15T08:05:20+0800", "level": "INFO", "logger": "etl_logger", "message": "Start reconcile...", "service": "cc_reconcile", "stage": "reconcile", "status": "ok"}
{"timestamp": "2026-02-15T08:05:20+0800", "level": "INFO", "logger": "etl_logger", "message": "Reconcile Finish ，Total Mismatch Case: 0", "service": "cc_reconcile", "stage": "reconcile", "status": "ok"}
{"timestamp": "2026-02-15T08:05:20+0800", "level": "INFO", "logger": "etl_logger", "message": "Connect Lark Finish", "service": "cc_reconcile", "stage": "lark", "status": "ok"}
{"timestamp": "2026-02-15T08:05:20+0800", "level": "INFO", "logger": "etl_logger", "message": "Start query existing data in LarkSheet...", "service": "cc_reconcile", "stage": "lark", "status": "ok"}
{"timestamp": "2026-02-15T08:05:21+0800", "level": "INFO", "logger": "etl_logger", "message": "Query existing data in LarkSheet Finish", "service": "cc_reconcile", "stage": "lark", "status": "ok"}
{"timestamp": "2026-02-15T08:05:21+0800", "level": "INFO", "logger": "etl_logger", "message": "Total unique keys in LarkSheet: 7, Total new mismatch cases to upload: 0", "service": "cc_reconcile", "stage": "lark", "status": "ok"}
{"timestamp": "2026-02-15T08:05:21+0800", "level": "INFO", "logger": "etl_logger", "message": "Append data to LarkSheet with range: Kalw4Y!A2:L3, rows: 1, columns: 12", "service": "cc_reconcile", "stage": "lark", "status": "ok"}
{"timestamp": "2026-02-15T08:05:21+0800", "level": "INFO", "logger": "etl_logger", "message": "✅ Successfully appended data to LarkSheet", "service": "cc_reconcile", "stage": "lark", "status": "ok"}
{"timestamp": "2026-02-15T08:05:23+0800", "level": "INFO", "logger": "etl_logger", "message": "Upload data to LarkSheet Finish", "service": "cc_reconcile", "stage": "lark", "status": "ok"}
{"timestamp": "2026-02-15T09:00:01+0800", "level": "INFO", "logger": "etl_logger", "message": "Start download reports...", "service": "cc_reconcile", "stage": "download", "status": "ok"}
{"timestamp": "2026-02-15T09:00:04+0800", "level": "INFO", "logger": "etl_logger", "message": "Payabl Login Success and Get Token Success", "service": "cc_reconcile", "stage": "download_payabl", "status": "ok"}
{"timestamp": "2026-02-15T09:00:04+0800", "level": "INFO", "logger": "etl_logger", "message": "Start downloading Payabl CC Report for date: 2026-02-14...", "service": "cc_reconcile", "stage": "download_payabl", "status": "ok"}
{"timestamp": "2026-02-15T09:00:19+0800", "level": "INFO", "logger": "etl_logger", "message": "Start downloading Payabl CC Report for date: 2026-02-15...", "service": "cc_reconcile", "stage": "download_payabl", "status": "ok"}
{"timestamp": "2026-02-15T09:00:30+0800", "level": "INFO", "logger": "etl_logger", "message": "Finish downloading Payabl CC Report", "service": "cc_reconcile", "stage": "download_payabl", "status": "ok"}
{"timestamp": "2026-02-15T09:00:30+0800", "level": "INFO", "logger": "etl_logger", "message": "Download Payabl CC Report Finish ，Total: 16101", "service": "cc_reconcile", "stage": "download", "status": "ok"}
{"timestamp": "2026-02-15T09:00:30+0800", "level": "INFO", "logger": "etl_logger", "message": "Login attempt 1/5", "service": "cc_reconcile", "stage": "download_davinci", "status": "ok"}
{"timestamp": "2026-02-15T09:00:31+0800", "level": "INFO", "logger": "etl_logger", "message": "Login response status=200, url=https://admin.vantagemarkets.com/admin/main, cookies=4", "service": "cc_reconcile", "stage": "download_davinci", "status": "ok"}
{"timestamp": "2026-02-15T09:00:31+0800", "level": "INFO", "logger": "etl_logger", "message": "Login successful", "service": "cc_reconcile", "stage": "download_davinci", "status": "ok"}
{"timestamp": "2026-02-15T09:00:31+0800", "level": "INFO", "logger": "etl_logger", "message": "Token obtained successfully", "service": "cc_reconcile", "stage": "download_davinci", "status": "ok"}
{"timestamp": "2026-02-15T09:00:31+0800", "level": "INFO", "logger": "etl_logger", "message": "Start downloading Davinci CC Report for brand: VFSC...", "service": "cc_reconcile", "stage": "download_davinci", "status": "ok"}
{"timestamp": "2026-02-15T09:00:52+0800", "level": "INFO", "logger": "etl_logger", "message": "POST success (VFSC 2026-02-12): cc_withdraw_detail_report_20260215010052.csv, took 20.6s", "service": "cc_reconcile", "stage": "download_davinci", "status": "ok"}
{"timestamp": "2026-02-15T09:00:54+0800", "level": "INFO", "logger": "etl_logger", "message": "Download success (VFSC 2026-02-12): cc_withdraw_detail_report_20260215010052.csv, took 2.1s", "service": "cc_reconcile", "stage": "download_davinci", "status": "ok"}
{"timestamp": "2026-02-15T09:01:11+0800", "level": "INFO", "logger": "etl_logger", "message": "POST success (VFSC 2026-02-13): cc_withdraw_detail_report_20260215010111.csv, took 16.8s", "service": "cc_reconcile", "stage": "download_davinci", "status": "ok"}
{"timestamp": "2026-02-15T09:01:13+0800", "level": "INFO", "logger": "etl_logger", "message": "Download success (VFSC 2026-02-13): cc_withdraw_detail_report_20260215010111.csv, took 2.2s", "service": "cc_reconcile", "stage": "download_davinci", "status": "ok"}
{"timestamp": "2026-02-15T09:01:30+0800", "level": "INFO", "logger": "etl_logger", "message": "POST success (VFSC 2026-02-14): cc_withdraw_detail_report_20260215010130.csv, took 17.0s", "service": "cc_reconcile", "stage": "download_davinci", "status": "ok"}
{"timestamp": "2026-02-15T09:01:32+0800", "level": "INFO", "logger": "etl_logger", "message": "Download success (VFSC 2026-02-14): cc_withdraw_detail_report_20260215010130.csv, took 1.8s", "service": "cc_reconcile", "stage": "download_davinci", "status": "ok"}
{"timestamp": "2026-02-15T09:01:49+0800", "level": "INFO", "logger": "etl_logger", "message": "POST success (VFSC 2026-02-15): cc_withdraw_detail_report_20260215010149.csv, took 17.0s", "service": "cc_reconcile", "stage": "download_davinci", "status": "ok"}
{"timestamp": "2026-02-15T09:01:50+0800", "level": "INFO", "logger": "etl_logger", "message": "Download success (VFSC 2026-02-15): cc_withdraw_detail_report_20260215010149.csv, took 0.9s", "service": "cc_reconcile", "stage": "download_davinci", "status": "ok"}
{"timestamp": "2026-02-15T09:01:50+0800", "level": "INFO", "logger": "etl_logger", "message": "Finish downloading Davinci CC - VFSC Report", "service": "cc_reconcile", "stage": "download_davinci", "status": "ok"}
{"timestamp": "2026-02-15T09:01:50+0800", "level": "INFO", "logger": "etl_logger", "message": "Start downloading Davinci CC Report for brand: VFSC2...", "service": "cc_reconcile", "stage": "download_davinci", "status": "ok"}
{"timestamp": "2026-02-15T09:02:40+0800", "level": "INFO", "logger": "etl_logger", "message": "POST success (VFSC2 2026-02-12): cc_withdraw_detail_report_20260215010240.csv, took 50.6s", "service": "cc_reconcile", "stage": "download_davinci", "status": "ok"}
{"timestamp": "2026-02-15T09:02:43+0800", "level": "INFO", "logger": "etl_logger", "message": "Download success (VFSC2 2026-02-12): cc_withdraw_detail_report_20260215010240.csv, took 3.0s", "service": "cc_reconcile", "stage": "download_davinci", "status": "ok"}
{"timestamp": "2026-02-15T09:03:34+0800", "level": "INFO", "logger": "etl_logger", "message": "POST success (VFSC2 2026-02-13): cc_withdraw_detail_report_20260215010334.csv, took 51.0s", "service": "cc_reconcile", "stage": "download_davinci", "status": "ok"}
{"timestamp": "2026-02-15T09:03:37+0800", "level": "INFO", "logger": "etl_logger", "message": "Download success (VFSC2 2026-02-13): cc_withdraw_detail_report_20260215010334.csv, took 2.5s", "service": "cc_reconcile", "stage": "download_davinci", "status": "ok"}
{"timestamp": "2026-02-15T09:04:24+0800", "level": "INFO", "logger": "etl_logger", "message": "POST success (VFSC2 2026-02-14): cc_withdraw_detail_report_20260215010424.csv, took 47.6s", "service": "cc_reconcile", "stage": "download_davinci", "status": "ok"}
{"timestamp": "2026-02-15T09:04:27+0800", "level": "INFO", "logger": "etl_logger", "message": "Download success (VFSC2 2026-02-14): cc_withdraw_detail_report_20260215010424.csv, took 2.4s", "service": "cc_reconcile", "stage": "download_davinci", "status": "ok"}
{"timestamp": "2026-02-15T09:05:15+0800", "level": "INFO", "logger": "etl_logger", "message": "POST success (VFSC2 2026-02-15): cc_withdraw_detail_report_20260215010515.csv, took 48.5s", "service": "cc_reconcile", "stage": "download_davinci", "status": "ok"}
{"timestamp": "2026-02-15T09:05:17+0800", "level": "INFO", "logger": "etl_logger", "message": "Download success (VFSC2 2026-02-15): cc_withdraw_detail_report_20260215010515.csv, took 1.4s", "service": "cc_reconcile", "stage": "download_davinci", "status": "ok"}
{"timestamp": "2026-02-15T09:05:17+0800", "level": "INFO", "logger": "etl_logger", "message": "Finish downloading Davinci CC - VFSC2 Report", "service": "cc_reconcile", "stage": "download_davinci", "status": "ok"}
{"timestamp": "2026-02-15T09:05:17+0800", "level": "INFO", "logger": "etl_logger", "message": "Finish downloading Davinci CC Report for all brands, total rows: 31978", "service": "cc_reconcile", "stage": "download_davinci", "status": "ok"}
{"timestamp": "2026-02-15T09:05:17+0800", "level": "INFO", "logger": "etl_logger", "message": "Download CRM CC Report Finish ，Total: 31978", "service": "cc_reconcile", "stage": "download", "status": "ok"}
{"timestamp": "2026-02-15T09:05:17+0800", "level": "INFO", "logger": "etl_logger", "message": "Start reconcile...", "service": "cc_reconcile", "stage": "reconcile", "status": "ok"}
{"timestamp": "2026-02-15T09:05:17+0800", "level": "INFO", "logger": "etl_logger", "message": "Reconcile Finish ，Total Mismatch Case: 0", "service": "cc_reconcile", "stage": "reconcile", "status": "ok"}
{"timestamp": "2026-02-15T09:05:18+0800", "level": "INFO", "logger": "etl_logger", "message": "Connect Lark Finish", "service": "cc_reconcile", "stage": "lark", "status": "ok"}
{"timestamp": "2026-02-15T09:05:18+0800", "level": "INFO", "logger": "etl_logger", "message": "Start query existing data in LarkSheet...", "service": "cc_reconcile", "stage": "lark", "status": "ok"}
{"timestamp": "2026-02-15T09:05:19+0800", "level": "INFO", "logger": "etl_logger", "message": "Query existing data in LarkSheet Finish", "service": "cc_reconcile", "stage": "lark", "status": "ok"}
{"timestamp": "2026-02-15T09:05:19+0800", "level": "INFO", "logger": "etl_logger", "message": "Total unique keys in LarkSheet: 7, Total new mismatch cases to upload: 0", "service": "cc_reconcile", "stage": "lark", "status": "ok"}
{"timestamp": "2026-02-15T09:05:19+0800", "level": "INFO", "logger": "etl_logger", "message": "Append data to LarkSheet with range: Kalw4Y!A2:L3, rows: 1, columns: 12", "service": "cc_reconcile", "stage": "lark", "status": "ok"}
{"timestamp": "2026-02-15T09:05:19+0800", "level": "INFO", "logger": "etl_logger", "message": "✅ Successfully appended data to LarkSheet", "service": "cc_reconcile", "stage": "lark", "status": "ok"}
{"timestamp": "2026-02-15T09:05:20+0800", "level": "INFO", "logger": "etl_logger", "message": "Upload data to LarkSheet Finish", "service": "cc_reconcile", "stage": "lark", "status": "ok"}
{"timestamp": "2026-02-15T10:00:01+0800", "level": "INFO", "logger": "etl_logger", "message": "Start download reports...", "service": "cc_reconcile", "stage": "download", "status": "ok"}
{"timestamp": "2026-02-15T10:00:05+0800", "level": "INFO", "logger": "etl_logger", "message": "Payabl Login Success and Get Token Success", "service": "cc_reconcile", "stage": "download_payabl", "status": "ok"}
{"timestamp": "2026-02-15T10:00:05+0800", "level": "INFO", "logger": "etl_logger", "message": "Start downloading Payabl CC Report for date: 2026-02-14...", "service": "cc_reconcile", "stage": "download_payabl", "status": "ok"}
{"timestamp": "2026-02-15T10:00:19+0800", "level": "INFO", "logger": "etl_logger", "message": "Start downloading Payabl CC Report for date: 2026-02-15...", "service": "cc_reconcile", "stage": "download_payabl", "status": "ok"}
{"timestamp": "2026-02-15T10:00:29+0800", "level": "INFO", "logger": "etl_logger", "message": "Finish downloading Payabl CC Report", "service": "cc_reconcile", "stage": "download_payabl", "status": "ok"}
{"timestamp": "2026-02-15T10:00:29+0800", "level": "INFO", "logger": "etl_logger", "message": "Download Payabl CC Report Finish ，Total: 16484", "service": "cc_reconcile", "stage": "download", "status": "ok"}
{"timestamp": "2026-02-15T10:00:29+0800", "level": "INFO", "logger": "etl_logger", "message": "Login attempt 1/5", "service": "cc_reconcile", "stage": "download_davinci", "status": "ok"}
{"timestamp": "2026-02-15T10:00:30+0800", "level": "INFO", "logger": "etl_logger", "message": "Login response status=200, url=https://admin.vantagemarkets.com/login/to_login, cookies=3", "service": "cc_reconcile", "stage": "download_davinci", "status": "ok"}
{"timestamp": "2026-02-15T10:00:30+0800", "level": "WARNING", "logger": "etl_logger", "message": "被導回 login 頁面（可能帳密/TOTP/風控）", "service": "cc_reconcile", "stage": "download_davinci", "status": "ok"}
{"timestamp": "2026-02-15T10:00:32+0800", "level": "INFO", "logger": "etl_logger", "message": "Login attempt 2/5", "service": "cc_reconcile", "stage": "download_davinci", "status": "ok"}
{"timestamp": "2026-02-15T10:00:33+0800", "level": "INFO", "logger": "etl_logger", "message": "Login response status=200, url=https://admin.vantagemarkets.com/admin/main, cookies=4", "service": "cc_reconcile", "stage": "download_davinci", "status": "ok"}
{"timestamp": "2026-02-15T10:00:33+0800", "level": "INFO", "logger": "etl_logger", "message": "Login successful", "service": "cc_reconcile", "stage": "download_davinci", "status": "ok"}
{"timestamp": "2026-02-15T10:00:34+0800", "level": "INFO", "logger": "etl_logger", "message": "Token obtained successfully", "service": "cc_reconcile", "stage": "download_davinci", "status": "ok"}
{"timestamp": "2026-02-15T10:00:34+0800", "level": "INFO", "logger": "etl_logger", "message": "Start downloading Davinci CC Report for brand: VFSC...", "service": "cc_reconcile", "stage": "download_davinci", "status": "ok"}
{"timestamp": "2026-02-15T10:00:52+0800", "level": "INFO", "logger": "etl_logger", "message": "POST success (VFSC 2026-02-12): cc_withdraw_detail_report_20260215020052.csv, took 18.0s", "service": "cc_reconcile", "stage": "download_davinci", "status": "ok"}
{"timestamp": "2026-02-15T10:00:54+0800", "level": "INFO", "logger": "etl_logger", "message": "Download success (VFSC 2026-02-12): cc_withdraw_detail_report_20260215020052.csv, took 2.1s", "service": "cc_reconcile", "stage": "download_davinci", "status": "ok"}
{"timestamp": "2026-02-15T10:01:11+0800", "level": "INFO", "logger": "etl_logger", "message": "POST success (VFSC 2026-02-13): cc_withdraw_detail_report_20260215020111.csv, took 17.5s", "service": "cc_reconcile", "stage": "download_davinci", "status": "ok"}
{"timestamp": "2026-02-15T10:01:13+0800", "level": "INFO", "logger": "etl_logger", "message": "Download success (VFSC 2026-02-13): cc_withdraw_detail_report_20260215020111.csv, took 2.1s", "service": "cc_reconcile", "stage": "download_davinci", "status": "ok"}
{"timestamp": "2026-02-15T10:01:30+0800", "level": "INFO", "logger": "etl_logger", "message": "POST success (VFSC 2026-02-14): cc_withdraw_detail_report_20260215020130.csv, took 16.9s", "service": "cc_reconcile", "stage": "download_davinci", "status": "ok"}
{"timestamp": "2026-02-15T10:01:32+0800", "level": "INFO", "logger": "etl_logger", "message": "Download success (VFSC 2026-02-14): cc_withdraw_detail_report_20260215020130.csv, took 2.0s", "service": "cc_reconcile", "stage": "download_davinci", "status": "ok"}
{"timestamp": "2026-02-15T10:01:50+0800", "level": "INFO", "logger": "etl_logger", "message": "POST success (VFSC 2026-02-15): cc_withdraw_detail_report_20260215020149.csv, took 17.3s", "service": "cc_reconcile", "stage": "download_davinci", "status": "ok"}
{"timestamp": "2026-02-15T10:01:51+0800", "level": "INFO", "logger": "etl_logger", "message": "Download success (VFSC 2026-02-15): cc_withdraw_detail_report_20260215020149.csv, took 1.0s", "service": "cc_reconcile", "stage": "download_davinci", "status": "ok"}
{"timestamp": "2026-02-15T10:01:51+0800", "level": "INFO", "logger": "etl_logger", "message": "Finish downloading Davinci CC - VFSC Report", "service": "cc_reconcile", "stage": "download_davinci", "status": "ok"}
{"timestamp": "2026-02-15T10:01:51+0800", "level": "INFO", "logger": "etl_logger", "message": "Start downloading Davinci CC Report for brand: VFSC2...", "service": "cc_reconcile", "stage": "download_davinci", "status": "ok"}
{"timestamp": "2026-02-15T10:02:41+0800", "level": "INFO", "logger": "etl_logger", "message": "POST success (VFSC2 2026-02-12): cc_withdraw_detail_report_20260215020240.csv, took 50.0s", "service": "cc_reconcile", "stage": "download_davinci", "status": "ok"}
{"timestamp": "2026-02-15T10:02:43+0800", "level": "INFO", "logger": "etl_logger", "message": "Download success (VFSC2 2026-02-12): cc_withdraw_detail_report_20260215020240.csv, took 2.5s", "service": "cc_reconcile", "stage": "download_davinci", "status": "ok"}
{"timestamp": "2026-02-15T10:03:33+0800", "level": "INFO", "logger": "etl_logger", "message": "POST success (VFSC2 2026-02-13): cc_withdraw_detail_report_20260215020332.csv, took 49.4s", "service": "cc_reconcile", "stage": "download_davinci", "status": "ok"}
{"timestamp": "2026-02-15T10:03:36+0800", "level": "INFO", "logger": "etl_logger", "message": "Download success (VFSC2 2026-02-13): cc_withdraw_detail_report_20260215020332.csv, took 3.1s", "service": "cc_reconcile", "stage": "download_davinci", "status": "ok"}
{"timestamp": "2026-02-15T10:04:23+0800", "level": "INFO", "logger": "etl_logger", "message": "POST success (VFSC2 2026-02-14): cc_withdraw_detail_report_20260215020423.csv, took 47.5s", "service": "cc_reconcile", "stage": "download_davinci", "status": "ok"}
{"timestamp": "2026-02-15T10:04:25+0800", "level": "INFO", "logger": "etl_logger", "message": "Download success (VFSC2 2026-02-14): cc_withdraw_detail_report_20260215020423.csv, took 2.0s", "service": "cc_reconcile", "stage": "download_davinci", "status": "ok"}
{"timestamp": "2026-02-15T10:05:14+0800", "level": "INFO", "logger": "etl_logger", "message": "POST success (VFSC2 2026-02-15): cc_withdraw_detail_report_20260215020513.csv, took 48.4s", "service": "cc_reconcile", "stage": "download_davinci", "status": "ok"}
{"timestamp": "2026-02-15T10:05:15+0800", "level": "INFO", "logger": "etl_logger", "message": "Download success (VFSC2 2026-02-15): cc_withdraw_detail_report_20260215020513.csv, took 1.7s", "service": "cc_reconcile", "stage": "download_davinci", "status": "ok"}
{"timestamp": "2026-02-15T10:05:16+0800", "level": "INFO", "logger": "etl_logger", "message": "Finish downloading Davinci CC - VFSC2 Report", "service": "cc_reconcile", "stage": "download_davinci", "status": "ok"}
{"timestamp": "2026-02-15T10:05:16+0800", "level": "INFO", "logger": "etl_logger", "message": "Finish downloading Davinci CC Report for all brands, total rows: 32035", "service": "cc_reconcile", "stage": "download_davinci", "status": "ok"}
{"timestamp": "2026-02-15T10:05:16+0800", "level": "INFO", "logger": "etl_logger", "message": "Download CRM CC Report Finish ，Total: 32035", "service": "cc_reconcile", "stage": "download", "status": "ok"}
{"timestamp": "2026-02-15T10:05:16+0800", "level": "INFO", "logger": "etl_logger", "message": "Start reconcile...", "service": "cc_reconcile", "stage": "reconcile", "status": "ok"}
{"timestamp": "2026-02-15T10:05:16+0800", "level": "INFO", "logger": "etl_logger", "message": "Reconcile Finish ，Total Mismatch Case: 0", "service": "cc_reconcile", "stage": "reconcile", "status": "ok"}
{"timestamp": "2026-02-15T10:05:16+0800", "level": "INFO", "logger": "etl_logger", "message": "Connect Lark Finish", "service": "cc_reconcile", "stage": "lark", "status": "ok"}
{"timestamp": "2026-02-15T10:05:16+0800", "level": "INFO", "logger": "etl_logger", "message": "Start query existing data in LarkSheet...", "service": "cc_reconcile", "stage": "lark", "status": "ok"}
{"timestamp": "2026-02-15T10:05:18+0800", "level": "INFO", "logger": "etl_logger", "message": "Query existing data in LarkSheet Finish", "service": "cc_reconcile", "stage": "lark", "status": "ok"}
{"timestamp": "2026-02-15T10:05:18+0800", "level": "INFO", "logger": "etl_logger", "message": "Total unique keys in LarkSheet: 7, Total new mismatch cases to upload: 0", "service": "cc_reconcile", "stage": "lark", "status": "ok"}
{"timestamp": "2026-02-15T10:05:18+0800", "level": "INFO", "logger": "etl_logger", "message": "Append data to LarkSheet with range: Kalw4Y!A2:L3, rows: 1, columns: 12", "service": "cc_reconcile", "stage": "lark", "status": "ok"}
{"timestamp": "2026-02-15T10:05:18+0800", "level": "INFO", "logger": "etl_logger", "message": "✅ Successfully appended data to LarkSheet", "service": "cc_reconcile", "stage": "lark", "status": "ok"}
{"timestamp": "2026-02-15T10:05:19+0800", "level": "INFO", "logger": "etl_logger", "message": "Upload data to LarkSheet Finish", "service": "cc_reconcile", "stage": "lark", "status": "ok"}
{"timestamp": "2026-02-15T11:00:01+0800", "level": "INFO", "logger": "etl_logger", "message": "Start download reports...", "service": "cc_reconcile", "stage": "download", "status": "ok"}
{"timestamp": "2026-02-15T11:00:05+0800", "level": "INFO", "logger": "etl_logger", "message": "Payabl Login Success and Get Token Success", "service": "cc_reconcile", "stage": "download_payabl", "status": "ok"}
{"timestamp": "2026-02-15T11:00:05+0800", "level": "INFO", "logger": "etl_logger", "message": "Start downloading Payabl CC Report for date: 2026-02-14...", "service": "cc_reconcile", "stage": "download_payabl", "status": "ok"}
{"timestamp": "2026-02-15T11:00:18+0800", "level": "INFO", "logger": "etl_logger", "message": "Start downloading Payabl CC Report for date: 2026-02-15...", "service": "cc_reconcile", "stage": "download_payabl", "status": "ok"}
{"timestamp": "2026-02-15T11:00:29+0800", "level": "INFO", "logger": "etl_logger", "message": "Finish downloading Payabl CC Report", "service": "cc_reconcile", "stage": "download_payabl", "status": "ok"}
{"timestamp": "2026-02-15T11:00:29+0800", "level": "INFO", "logger": "etl_logger", "message": "Download Payabl CC Report Finish ，Total: 16689", "service": "cc_reconcile", "stage": "download", "status": "ok"}
{"timestamp": "2026-02-15T11:00:29+0800", "level": "INFO", "logger": "etl_logger", "message": "Login attempt 1/5", "service": "cc_reconcile", "stage": "download_davinci", "status": "ok"}
{"timestamp": "2026-02-15T11:00:30+0800", "level": "INFO", "logger": "etl_logger", "message": "Login response status=200, url=https://admin.vantagemarkets.com/admin/main, cookies=4", "service": "cc_reconcile", "stage": "download_davinci", "status": "ok"}
{"timestamp": "2026-02-15T11:00:30+0800", "level": "INFO", "logger": "etl_logger", "message": "Login successful", "service": "cc_reconcile", "stage": "download_davinci", "status": "ok"}
{"timestamp": "2026-02-15T11:00:30+0800", "level": "INFO", "logger": "etl_logger", "message": "Token obtained successfully", "service": "cc_reconcile", "stage": "download_davinci", "status": "ok"}
{"timestamp": "2026-02-15T11:00:30+0800", "level": "INFO", "logger": "etl_logger", "message": "Start downloading Davinci CC Report for brand: VFSC...", "service": "cc_reconcile", "stage": "download_davinci", "status": "ok"}
{"timestamp": "2026-02-15T11:00:48+0800", "level": "INFO", "logger": "etl_logger", "message": "POST success (VFSC 2026-02-12): cc_withdraw_detail_report_20260215030048.csv, took 17.8s", "service": "cc_reconcile", "stage": "download_davinci", "status": "ok"}
{"timestamp": "2026-02-15T11:00:50+0800", "level": "INFO", "logger": "etl_logger", "message": "Download success (VFSC 2026-02-12): cc_withdraw_detail_report_20260215030048.csv, took 2.1s", "service": "cc_reconcile", "stage": "download_davinci", "status": "ok"}
{"timestamp": "2026-02-15T11:01:07+0800", "level": "INFO", "logger": "etl_logger", "message": "POST success (VFSC 2026-02-13): cc_withdraw_detail_report_20260215030107.csv, took 16.8s", "service": "cc_reconcile", "stage": "download_davinci", "status": "ok"}
{"timestamp": "2026-02-15T11:01:09+0800", "level": "INFO", "logger": "etl_logger", "message": "Download success (VFSC 2026-02-13): cc_withdraw_detail_report_20260215030107.csv, took 2.1s", "service": "cc_reconcile", "stage": "download_davinci", "status": "ok"}
{"timestamp": "2026-02-15T11:01:27+0800", "level": "INFO", "logger": "etl_logger", "message": "POST success (VFSC 2026-02-14): cc_withdraw_detail_report_20260215030126.csv, took 17.4s", "service": "cc_reconcile", "stage": "download_davinci", "status": "ok"}
{"timestamp": "2026-02-15T11:01:28+0800", "level": "INFO", "logger": "etl_logger", "message": "Download success (VFSC 2026-02-14): cc_withdraw_detail_report_20260215030126.csv, took 1.9s", "service": "cc_reconcile", "stage": "download_davinci", "status": "ok"}
{"timestamp": "2026-02-15T11:01:46+0800", "level": "INFO", "logger": "etl_logger", "message": "POST success (VFSC 2026-02-15): cc_withdraw_detail_report_20260215030146.csv, took 17.3s", "service": "cc_reconcile", "stage": "download_davinci", "status": "ok"}
{"timestamp": "2026-02-15T11:01:47+0800", "level": "INFO", "logger": "etl_logger", "message": "Download success (VFSC 2026-02-15): cc_withdraw_detail_report_20260215030146.csv, took 1.2s", "service": "cc_reconcile", "stage": "download_davinci", "status": "ok"}
{"timestamp": "2026-02-15T11:01:47+0800", "level": "INFO", "logger": "etl_logger", "message": "Finish downloading Davinci CC - VFSC Report", "service": "cc_reconcile", "stage": "download_davinci", "status": "ok"}
{"timestamp": "2026-02-15T11:01:47+0800", "level": "INFO", "logger": "etl_logger", "message": "Start downloading Davinci CC Report for brand: VFSC2...", "service": "cc_reconcile", "stage": "download_davinci", "status": "ok"}
{"timestamp": "2026-02-15T11:02:37+0800", "level": "INFO", "logger": "etl_logger", "message": "POST success (VFSC2 2026-02-12): cc_withdraw_detail_report_20260215030237.csv, took 50.3s", "service": "cc_reconcile", "stage": "download_davinci", "status": "ok"}
{"timestamp": "2026-02-15T11:02:40+0800", "level": "INFO", "logger": "etl_logger", "message": "Download success (VFSC2 2026-02-12): cc_withdraw_detail_report_20260215030237.csv, took 2.9s", "service": "cc_reconcile", "stage": "download_davinci", "status": "ok"}
{"timestamp": "2026-02-15T11:03:31+0800", "level": "INFO", "logger": "etl_logger", "message": "POST success (VFSC2 2026-02-13): cc_withdraw_detail_report_20260215030330.csv, took 50.4s", "service": "cc_reconcile", "stage": "download_davinci", "status": "ok"}
{"timestamp": "2026-02-15T11:03:33+0800", "level": "INFO", "logger": "etl_logger", "message": "Download success (VFSC2 2026-02-13): cc_withdraw_detail_report_20260215030330.csv, took 2.5s", "service": "cc_reconcile", "stage": "download_davinci", "status": "ok"}
{"timestamp": "2026-02-15T11:04:22+0800", "level": "INFO", "logger": "etl_logger", "message": "POST success (VFSC2 2026-02-14): cc_withdraw_detail_report_20260215030422.csv, took 48.8s", "service": "cc_reconcile", "stage": "download_davinci", "status": "ok"}
{"timestamp": "2026-02-15T11:04:24+0800", "level": "INFO", "logger": "etl_logger", "message": "Download success (VFSC2 2026-02-14): cc_withdraw_detail_report_20260215030422.csv, took 2.4s", "service": "cc_reconcile", "stage": "download_davinci", "status": "ok"}
{"timestamp": "2026-02-15T11:05:11+0800", "level": "INFO", "logger": "etl_logger", "message": "POST success (VFSC2 2026-02-15): cc_withdraw_detail_report_20260215030511.csv, took 46.6s", "service": "cc_reconcile", "stage": "download_davinci", "status": "ok"}
{"timestamp": "2026-02-15T11:05:13+0800", "level": "INFO", "logger": "etl_logger", "message": "Download success (VFSC2 2026-02-15): cc_withdraw_detail_report_20260215030511.csv, took 1.6s", "service": "cc_reconcile", "stage": "download_davinci", "status": "ok"}
{"timestamp": "2026-02-15T11:05:13+0800", "level": "INFO", "logger": "etl_logger", "message": "Finish downloading Davinci CC - VFSC2 Report", "service": "cc_reconcile", "stage": "download_davinci", "status": "ok"}
{"timestamp": "2026-02-15T11:05:13+0800", "level": "INFO", "logger": "etl_logger", "message": "Finish downloading Davinci CC Report for all brands, total rows: 32106", "service": "cc_reconcile", "stage": "download_davinci", "status": "ok"}
{"timestamp": "2026-02-15T11:05:13+0800", "level": "INFO", "logger": "etl_logger", "message": "Download CRM CC Report Finish ，Total: 32106", "service": "cc_reconcile", "stage": "download", "status": "ok"}
{"timestamp": "2026-02-15T11:05:13+0800", "level": "INFO", "logger": "etl_logger", "message": "Start reconcile...", "service": "cc_reconcile", "stage": "reconcile", "status": "ok"}
{"timestamp": "2026-02-15T11:05:13+0800", "level": "INFO", "logger": "etl_logger", "message": "Reconcile Finish ，Total Mismatch Case: 0", "service": "cc_reconcile", "stage": "reconcile", "status": "ok"}
{"timestamp": "2026-02-15T11:05:13+0800", "level": "INFO", "logger": "etl_logger", "message": "Connect Lark Finish", "service": "cc_reconcile", "stage": "lark", "status": "ok"}
{"timestamp": "2026-02-15T11:05:13+0800", "level": "INFO", "logger": "etl_logger", "message": "Start query existing data in LarkSheet...", "service": "cc_reconcile", "stage": "lark", "status": "ok"}
{"timestamp": "2026-02-15T11:05:14+0800", "level": "INFO", "logger": "etl_logger", "message": "Query existing data in LarkSheet Finish", "service": "cc_reconcile", "stage": "lark", "status": "ok"}
{"timestamp": "2026-02-15T11:05:14+0800", "level": "INFO", "logger": "etl_logger", "message": "Total unique keys in LarkSheet: 7, Total new mismatch cases to upload: 0", "service": "cc_reconcile", "stage": "lark", "status": "ok"}
{"timestamp": "2026-02-15T11:05:14+0800", "level": "INFO", "logger": "etl_logger", "message": "Append data to LarkSheet with range: Kalw4Y!A2:L3, rows: 1, columns: 12", "service": "cc_reconcile", "stage": "lark", "status": "ok"}
{"timestamp": "2026-02-15T11:05:15+0800", "level": "INFO", "logger": "etl_logger", "message": "✅ Successfully appended data to LarkSheet", "service": "cc_reconcile", "stage": "lark", "status": "ok"}
{"timestamp": "2026-02-15T11:05:16+0800", "level": "INFO", "logger": "etl_logger", "message": "Upload data to LarkSheet Finish", "service": "cc_reconcile", "stage": "lark", "status": "ok"}
{"timestamp": "2026-02-15T12:00:01+0800", "level": "INFO", "logger": "etl_logger", "message": "Start download reports...", "service": "cc_reconcile", "stage": "download", "status": "ok"}
{"timestamp": "2026-02-15T12:00:05+0800", "level": "INFO", "logger": "etl_logger", "message": "Payabl Login Success and Get Token Success", "service": "cc_reconcile", "stage": "download_payabl", "status": "ok"}
{"timestamp": "2026-02-15T12:00:05+0800", "level": "INFO", "logger": "etl_logger", "message": "Start downloading Payabl CC Report for date: 2026-02-14...", "service": "cc_reconcile", "stage": "download_payabl", "status": "ok"}
{"timestamp": "2026-02-15T12:00:19+0800", "level": "INFO", "logger": "etl_logger", "message": "Start downloading Payabl CC Report for date: 2026-02-15...", "service": "cc_reconcile", "stage": "download_payabl", "status": "ok"}
{"timestamp": "2026-02-15T12:00:30+0800", "level": "INFO", "logger": "etl_logger", "message": "Finish downloading Payabl CC Report", "service": "cc_reconcile", "stage": "download_payabl", "status": "ok"}
{"timestamp": "2026-02-15T12:00:30+0800", "level": "INFO", "logger": "etl_logger", "message": "Download Payabl CC Report Finish ，Total: 16946", "service": "cc_reconcile", "stage": "download", "status": "ok"}
{"timestamp": "2026-02-15T12:00:30+0800", "level": "INFO", "logger": "etl_logger", "message": "Login attempt 1/5", "service": "cc_reconcile", "stage": "download_davinci", "status": "ok"}
{"timestamp": "2026-02-15T12:00:31+0800", "level": "INFO", "logger": "etl_logger", "message": "Login response status=200, url=https://admin.vantagemarkets.com/admin/main, cookies=4", "service": "cc_reconcile", "stage": "download_davinci", "status": "ok"}
{"timestamp": "2026-02-15T12:00:31+0800", "level": "INFO", "logger": "etl_logger", "message": "Login successful", "service": "cc_reconcile", "stage": "download_davinci", "status": "ok"}
{"timestamp": "2026-02-15T12:00:32+0800", "level": "INFO", "logger": "etl_logger", "message": "Token obtained successfully", "service": "cc_reconcile", "stage": "download_davinci", "status": "ok"}
{"timestamp": "2026-02-15T12:00:32+0800", "level": "INFO", "logger": "etl_logger", "message": "Start downloading Davinci CC Report for brand: VFSC...", "service": "cc_reconcile", "stage": "download_davinci", "status": "ok"}
{"timestamp": "2026-02-15T12:00:53+0800", "level": "INFO", "logger": "etl_logger", "message": "POST success (VFSC 2026-02-12): cc_withdraw_detail_report_20260215040053.csv, took 21.5s", "service": "cc_reconcile", "stage": "download_davinci", "status": "ok"}
{"timestamp": "2026-02-15T12:00:55+0800", "level": "INFO", "logger": "etl_logger", "message": "Download success (VFSC 2026-02-12): cc_withdraw_detail_report_20260215040053.csv, took 2.1s", "service": "cc_reconcile", "stage": "download_davinci", "status": "ok"}
{"timestamp": "2026-02-15T12:01:12+0800", "level": "INFO", "logger": "etl_logger", "message": "POST success (VFSC 2026-02-13): cc_withdraw_detail_report_20260215040112.csv, took 16.8s", "service": "cc_reconcile", "stage": "download_davinci", "status": "ok"}
{"timestamp": "2026-02-15T12:01:14+0800", "level": "INFO", "logger": "etl_logger", "message": "Download success (VFSC 2026-02-13): cc_withdraw_detail_report_20260215040112.csv, took 2.1s", "service": "cc_reconcile", "stage": "download_davinci", "status": "ok"}
{"timestamp": "2026-02-15T12:01:31+0800", "level": "INFO", "logger": "etl_logger", "message": "POST success (VFSC 2026-02-14): cc_withdraw_detail_report_20260215040131.csv, took 16.8s", "service": "cc_reconcile", "stage": "download_davinci", "status": "ok"}
{"timestamp": "2026-02-15T12:01:33+0800", "level": "INFO", "logger": "etl_logger", "message": "Download success (VFSC 2026-02-14): cc_withdraw_detail_report_20260215040131.csv, took 1.9s", "service": "cc_reconcile", "stage": "download_davinci", "status": "ok"}
{"timestamp": "2026-02-15T12:01:49+0800", "level": "INFO", "logger": "etl_logger", "message": "POST success (VFSC 2026-02-15): cc_withdraw_detail_report_20260215040149.csv, took 16.6s", "service": "cc_reconcile", "stage": "download_davinci", "status": "ok"}
{"timestamp": "2026-02-15T12:01:50+0800", "level": "INFO", "logger": "etl_logger", "message": "Download success (VFSC 2026-02-15): cc_withdraw_detail_report_20260215040149.csv, took 1.0s", "service": "cc_reconcile", "stage": "download_davinci", "status": "ok"}
{"timestamp": "2026-02-15T12:01:51+0800", "level": "INFO", "logger": "etl_logger", "message": "Finish downloading Davinci CC - VFSC Report", "service": "cc_reconcile", "stage": "download_davinci", "status": "ok"}
{"timestamp": "2026-02-15T12:01:51+0800", "level": "INFO", "logger": "etl_logger", "message": "Start downloading Davinci CC Report for brand: VFSC2...", "service": "cc_reconcile", "stage": "download_davinci", "status": "ok"}
{"timestamp": "2026-02-15T12:02:39+0800", "level": "INFO", "logger": "etl_logger", "message": "POST success (VFSC2 2026-02-12): cc_withdraw_detail_report_20260215040239.csv, took 48.5s", "service": "cc_reconcile", "stage": "download_davinci", "status": "ok"}
{"timestamp": "2026-02-15T12:02:42+0800", "level": "INFO", "logger": "etl_logger", "message": "Download success (VFSC2 2026-02-12): cc_withdraw_detail_report_20260215040239.csv, took 2.9s", "service": "cc_reconcile", "stage": "download_davinci", "status": "ok"}
{"timestamp": "2026-02-15T12:03:32+0800", "level": "INFO", "logger": "etl_logger", "message": "POST success (VFSC2 2026-02-13): cc_withdraw_detail_report_20260215040332.csv, took 50.3s", "service": "cc_reconcile", "stage": "download_davinci", "status": "ok"}
{"timestamp": "2026-02-15T12:03:35+0800", "level": "INFO", "logger": "etl_logger", "message": "Download success (VFSC2 2026-02-13): cc_withdraw_detail_report_20260215040332.csv, took 3.1s", "service": "cc_reconcile", "stage": "download_davinci", "status": "ok"}
{"timestamp": "2026-02-15T12:04:24+0800", "level": "INFO", "logger": "etl_logger", "message": "POST success (VFSC2 2026-02-14): cc_withdraw_detail_report_20260215040424.csv, took 48.5s", "service": "cc_reconcile", "stage": "download_davinci", "status": "ok"}
{"timestamp": "2026-02-15T12:04:26+0800", "level": "INFO", "logger": "etl_logger", "message": "Download success (VFSC2 2026-02-14): cc_withdraw_detail_report_20260215040424.csv, took 2.4s", "service": "cc_reconcile", "stage": "download_davinci", "status": "ok"}
{"timestamp": "2026-02-15T12:05:15+0800", "level": "INFO", "logger": "etl_logger", "message": "POST success (VFSC2 2026-02-15): cc_withdraw_detail_report_20260215040515.csv, took 48.5s", "service": "cc_reconcile", "stage": "download_davinci", "status": "ok"}
{"timestamp": "2026-02-15T12:05:16+0800", "level": "INFO", "logger": "etl_logger", "message": "Download success (VFSC2 2026-02-15): cc_withdraw_detail_report_20260215040515.csv, took 1.7s", "service": "cc_reconcile", "stage": "download_davinci", "status": "ok"}
{"timestamp": "2026-02-15T12:05:17+0800", "level": "INFO", "logger": "etl_logger", "message": "Finish downloading Davinci CC - VFSC2 Report", "service": "cc_reconcile", "stage": "download_davinci", "status": "ok"}
{"timestamp": "2026-02-15T12:05:17+0800", "level": "INFO", "logger": "etl_logger", "message": "Finish downloading Davinci CC Report for all brands, total rows: 32200", "service": "cc_reconcile", "stage": "download_davinci", "status": "ok"}
{"timestamp": "2026-02-15T12:05:17+0800", "level": "INFO", "logger": "etl_logger", "message": "Download CRM CC Report Finish ，Total: 32200", "service": "cc_reconcile", "stage": "download", "status": "ok"}
{"timestamp": "2026-02-15T12:05:17+0800", "level": "INFO", "logger": "etl_logger", "message": "Start reconcile...", "service": "cc_reconcile", "stage": "reconcile", "status": "ok"}
{"timestamp": "2026-02-15T12:05:17+0800", "level": "INFO", "logger": "etl_logger", "message": "Reconcile Finish ，Total Mismatch Case: 0", "service": "cc_reconcile", "stage": "reconcile", "status": "ok"}
{"timestamp": "2026-02-15T12:05:17+0800", "level": "INFO", "logger": "etl_logger", "message": "Connect Lark Finish", "service": "cc_reconcile", "stage": "lark", "status": "ok"}
{"timestamp": "2026-02-15T12:05:17+0800", "level": "INFO", "logger": "etl_logger", "message": "Start query existing data in LarkSheet...", "service": "cc_reconcile", "stage": "lark", "status": "ok"}
{"timestamp": "2026-02-15T12:05:19+0800", "level": "INFO", "logger": "etl_logger", "message": "Query existing data in LarkSheet Finish", "service": "cc_reconcile", "stage": "lark", "status": "ok"}
{"timestamp": "2026-02-15T12:05:19+0800", "level": "INFO", "logger": "etl_logger", "message": "Total unique keys in LarkSheet: 7, Total new mismatch cases to upload: 0", "service": "cc_reconcile", "stage": "lark", "status": "ok"}
{"timestamp": "2026-02-15T12:05:19+0800", "level": "INFO", "logger": "etl_logger", "message": "Append data to LarkSheet with range: Kalw4Y!A2:L3, rows: 1, columns: 12", "service": "cc_reconcile", "stage": "lark", "status": "ok"}
{"timestamp": "2026-02-15T12:05:19+0800", "level": "INFO", "logger": "etl_logger", "message": "✅ Successfully appended data to LarkSheet", "service": "cc_reconcile", "stage": "lark", "status": "ok"}
{"timestamp": "2026-02-15T12:05:20+0800", "level": "INFO", "logger": "etl_logger", "message": "Upload data to LarkSheet Finish", "service": "cc_reconcile", "stage": "lark", "status": "ok"}
{"timestamp": "2026-02-15T13:00:01+0800", "level": "INFO", "logger": "etl_logger", "message": "Start download reports...", "service": "cc_reconcile", "stage": "download", "status": "ok"}
{"timestamp": "2026-02-15T13:00:05+0800", "level": "INFO", "logger": "etl_logger", "message": "Payabl Login Success and Get Token Success", "service": "cc_reconcile", "stage": "download_payabl", "status": "ok"}
{"timestamp": "2026-02-15T13:00:05+0800", "level": "INFO", "logger": "etl_logger", "message": "Start downloading Payabl CC Report for date: 2026-02-14...", "service": "cc_reconcile", "stage": "download_payabl", "status": "ok"}
{"timestamp": "2026-02-15T13:00:20+0800", "level": "INFO", "logger": "etl_logger", "message": "Start downloading Payabl CC Report for date: 2026-02-15...", "service": "cc_reconcile", "stage": "download_payabl", "status": "ok"}
{"timestamp": "2026-02-15T13:00:31+0800", "level": "INFO", "logger": "etl_logger", "message": "Finish downloading Payabl CC Report", "service": "cc_reconcile", "stage": "download_payabl", "status": "ok"}
{"timestamp": "2026-02-15T13:00:31+0800", "level": "INFO", "logger": "etl_logger", "message": "Download Payabl CC Report Finish ，Total: 17372", "service": "cc_reconcile", "stage": "download", "status": "ok"}
{"timestamp": "2026-02-15T13:00:31+0800", "level": "INFO", "logger": "etl_logger", "message": "Login attempt 1/5", "service": "cc_reconcile", "stage": "download_davinci", "status": "ok"}
{"timestamp": "2026-02-15T13:00:33+0800", "level": "INFO", "logger": "etl_logger", "message": "Login response status=200, url=https://admin.vantagemarkets.com/admin/main, cookies=4", "service": "cc_reconcile", "stage": "download_davinci", "status": "ok"}
{"timestamp": "2026-02-15T13:00:33+0800", "level": "INFO", "logger": "etl_logger", "message": "Login successful", "service": "cc_reconcile", "stage": "download_davinci", "status": "ok"}
{"timestamp": "2026-02-15T13:00:33+0800", "level": "INFO", "logger": "etl_logger", "message": "Token obtained successfully", "service": "cc_reconcile", "stage": "download_davinci", "status": "ok"}
{"timestamp": "2026-02-15T13:00:33+0800", "level": "INFO", "logger": "etl_logger", "message": "Start downloading Davinci CC Report for brand: VFSC...", "service": "cc_reconcile", "stage": "download_davinci", "status": "ok"}
{"timestamp": "2026-02-15T13:00:54+0800", "level": "INFO", "logger": "etl_logger", "message": "POST success (VFSC 2026-02-12): cc_withdraw_detail_report_20260215050054.csv, took 21.1s", "service": "cc_reconcile", "stage": "download_davinci", "status": "ok"}
{"timestamp": "2026-02-15T13:00:56+0800", "level": "INFO", "logger": "etl_logger", "message": "Download success (VFSC 2026-02-12): cc_withdraw_detail_report_20260215050054.csv, took 2.1s", "service": "cc_reconcile", "stage": "download_davinci", "status": "ok"}
{"timestamp": "2026-02-15T13:01:17+0800", "level": "INFO", "logger": "etl_logger", "message": "POST success (VFSC 2026-02-13): cc_withdraw_detail_report_20260215050116.csv, took 20.5s", "service": "cc_reconcile", "stage": "download_davinci", "status": "ok"}
{"timestamp": "2026-02-15T13:01:19+0800", "level": "INFO", "logger": "etl_logger", "message": "Download success (VFSC 2026-02-13): cc_withdraw_detail_report_20260215050116.csv, took 2.2s", "service": "cc_reconcile", "stage": "download_davinci", "status": "ok"}
{"timestamp": "2026-02-15T13:01:36+0800", "level": "INFO", "logger": "etl_logger", "message": "POST success (VFSC 2026-02-14): cc_withdraw_detail_report_20260215050136.csv, took 17.0s", "service": "cc_reconcile", "stage": "download_davinci", "status": "ok"}
{"timestamp": "2026-02-15T13:01:38+0800", "level": "INFO", "logger": "etl_logger", "message": "Download success (VFSC 2026-02-14): cc_withdraw_detail_report_20260215050136.csv, took 1.9s", "service": "cc_reconcile", "stage": "download_davinci", "status": "ok"}
{"timestamp": "2026-02-15T13:01:54+0800", "level": "INFO", "logger": "etl_logger", "message": "POST success (VFSC 2026-02-15): cc_withdraw_detail_report_20260215050154.csv, took 16.8s", "service": "cc_reconcile", "stage": "download_davinci", "status": "ok"}
{"timestamp": "2026-02-15T13:01:56+0800", "level": "INFO", "logger": "etl_logger", "message": "Download success (VFSC 2026-02-15): cc_withdraw_detail_report_20260215050154.csv, took 1.2s", "service": "cc_reconcile", "stage": "download_davinci", "status": "ok"}
{"timestamp": "2026-02-15T13:01:56+0800", "level": "INFO", "logger": "etl_logger", "message": "Finish downloading Davinci CC - VFSC Report", "service": "cc_reconcile", "stage": "download_davinci", "status": "ok"}
{"timestamp": "2026-02-15T13:01:56+0800", "level": "INFO", "logger": "etl_logger", "message": "Start downloading Davinci CC Report for brand: VFSC2...", "service": "cc_reconcile", "stage": "download_davinci", "status": "ok"}
{"timestamp": "2026-02-15T13:02:48+0800", "level": "INFO", "logger": "etl_logger", "message": "POST success (VFSC2 2026-02-12): cc_withdraw_detail_report_20260215050247.csv, took 51.9s", "service": "cc_reconcile", "stage": "download_davinci", "status": "ok"}
{"timestamp": "2026-02-15T13:02:51+0800", "level": "INFO", "logger": "etl_logger", "message": "Download success (VFSC2 2026-02-12): cc_withdraw_detail_report_20260215050247.csv, took 3.0s", "service": "cc_reconcile", "stage": "download_davinci", "status": "ok"}
{"timestamp": "2026-02-15T13:03:41+0800", "level": "INFO", "logger": "etl_logger", "message": "POST success (VFSC2 2026-02-13): cc_withdraw_detail_report_20260215050341.csv, took 50.8s", "service": "cc_reconcile", "stage": "download_davinci", "status": "ok"}
{"timestamp": "2026-02-15T13:03:44+0800", "level": "INFO", "logger": "etl_logger", "message": "Download success (VFSC2 2026-02-13): cc_withdraw_detail_report_20260215050341.csv, took 3.0s", "service": "cc_reconcile", "stage": "download_davinci", "status": "ok"}
{"timestamp": "2026-02-15T13:04:34+0800", "level": "INFO", "logger": "etl_logger", "message": "POST success (VFSC2 2026-02-14): cc_withdraw_detail_report_20260215050434.csv, took 49.6s", "service": "cc_reconcile", "stage": "download_davinci", "status": "ok"}
{"timestamp": "2026-02-15T13:04:37+0800", "level": "INFO", "logger": "etl_logger", "message": "Download success (VFSC2 2026-02-14): cc_withdraw_detail_report_20260215050434.csv, took 2.4s", "service": "cc_reconcile", "stage": "download_davinci", "status": "ok"}
{"timestamp": "2026-02-15T13:05:25+0800", "level": "INFO", "logger": "etl_logger", "message": "POST success (VFSC2 2026-02-15): cc_withdraw_detail_report_20260215050524.csv, took 48.1s", "service": "cc_reconcile", "stage": "download_davinci", "status": "ok"}
{"timestamp": "2026-02-15T13:05:26+0800", "level": "INFO", "logger": "etl_logger", "message": "Download success (VFSC2 2026-02-15): cc_withdraw_detail_report_20260215050524.csv, took 1.9s", "service": "cc_reconcile", "stage": "download_davinci", "status": "ok"}
{"timestamp": "2026-02-15T13:05:27+0800", "level": "INFO", "logger": "etl_logger", "message": "Finish downloading Davinci CC - VFSC2 Report", "service": "cc_reconcile", "stage": "download_davinci", "status": "ok"}
{"timestamp": "2026-02-15T13:05:27+0800", "level": "INFO", "logger": "etl_logger", "message": "Finish downloading Davinci CC Report for all brands, total rows: 32301", "service": "cc_reconcile", "stage": "download_davinci", "status": "ok"}
{"timestamp": "2026-02-15T13:05:27+0800", "level": "INFO", "logger": "etl_logger", "message": "Download CRM CC Report Finish ，Total: 32301", "service": "cc_reconcile", "stage": "download", "status": "ok"}
{"timestamp": "2026-02-15T13:05:27+0800", "level": "INFO", "logger": "etl_logger", "message": "Start reconcile...", "service": "cc_reconcile", "stage": "reconcile", "status": "ok"}
{"timestamp": "2026-02-15T13:05:27+0800", "level": "INFO", "logger": "etl_logger", "message": "Reconcile Finish ，Total Mismatch Case: 0", "service": "cc_reconcile", "stage": "reconcile", "status": "ok"}
{"timestamp": "2026-02-15T13:05:27+0800", "level": "INFO", "logger": "etl_logger", "message": "Connect Lark Finish", "service": "cc_reconcile", "stage": "lark", "status": "ok"}
{"timestamp": "2026-02-15T13:05:27+0800", "level": "INFO", "logger": "etl_logger", "message": "Start query existing data in LarkSheet...", "service": "cc_reconcile", "stage": "lark", "status": "ok"}
{"timestamp": "2026-02-15T13:05:29+0800", "level": "INFO", "logger": "etl_logger", "message": "Query existing data in LarkSheet Finish", "service": "cc_reconcile", "stage": "lark", "status": "ok"}
{"timestamp": "2026-02-15T13:05:29+0800", "level": "INFO", "logger": "etl_logger", "message": "Total unique keys in LarkSheet: 7, Total new mismatch cases to upload: 0", "service": "cc_reconcile", "stage": "lark", "status": "ok"}
{"timestamp": "2026-02-15T13:05:29+0800", "level": "INFO", "logger": "etl_logger", "message": "Append data to LarkSheet with range: Kalw4Y!A2:L3, rows: 1, columns: 12", "service": "cc_reconcile", "stage": "lark", "status": "ok"}
{"timestamp": "2026-02-15T13:05:29+0800", "level": "INFO", "logger": "etl_logger", "message": "✅ Successfully appended data to LarkSheet", "service": "cc_reconcile", "stage": "lark", "status": "ok"}
{"timestamp": "2026-02-15T13:05:31+0800", "level": "INFO", "logger": "etl_logger", "message": "Upload data to LarkSheet Finish", "service": "cc_reconcile", "stage": "lark", "status": "ok"}
{"timestamp": "2026-02-15T14:00:02+0800", "level": "INFO", "logger": "etl_logger", "message": "Start download reports...", "service": "cc_reconcile", "stage": "download", "status": "ok"}
{"timestamp": "2026-02-15T14:00:05+0800", "level": "INFO", "logger": "etl_logger", "message": "Payabl Login Success and Get Token Success", "service": "cc_reconcile", "stage": "download_payabl", "status": "ok"}
{"timestamp": "2026-02-15T14:00:05+0800", "level": "INFO", "logger": "etl_logger", "message": "Start downloading Payabl CC Report for date: 2026-02-14...", "service": "cc_reconcile", "stage": "download_payabl", "status": "ok"}
{"timestamp": "2026-02-15T14:00:19+0800", "level": "INFO", "logger": "etl_logger", "message": "Start downloading Payabl CC Report for date: 2026-02-15...", "service": "cc_reconcile", "stage": "download_payabl", "status": "ok"}
{"timestamp": "2026-02-15T14:00:30+0800", "level": "INFO", "logger": "etl_logger", "message": "Finish downloading Payabl CC Report", "service": "cc_reconcile", "stage": "download_payabl", "status": "ok"}
{"timestamp": "2026-02-15T14:00:30+0800", "level": "INFO", "logger": "etl_logger", "message": "Download Payabl CC Report Finish ，Total: 17641", "service": "cc_reconcile", "stage": "download", "status": "ok"}
{"timestamp": "2026-02-15T14:00:30+0800", "level": "INFO", "logger": "etl_logger", "message": "Login attempt 1/5", "service": "cc_reconcile", "stage": "download_davinci", "status": "ok"}
{"timestamp": "2026-02-15T14:00:31+0800", "level": "INFO", "logger": "etl_logger", "message": "Login response status=200, url=https://admin.vantagemarkets.com/admin/main, cookies=4", "service": "cc_reconcile", "stage": "download_davinci", "status": "ok"}
{"timestamp": "2026-02-15T14:00:31+0800", "level": "INFO", "logger": "etl_logger", "message": "Login successful", "service": "cc_reconcile", "stage": "download_davinci", "status": "ok"}
{"timestamp": "2026-02-15T14:00:32+0800", "level": "INFO", "logger": "etl_logger", "message": "Token obtained successfully", "service": "cc_reconcile", "stage": "download_davinci", "status": "ok"}
{"timestamp": "2026-02-15T14:00:32+0800", "level": "INFO", "logger": "etl_logger", "message": "Start downloading Davinci CC Report for brand: VFSC...", "service": "cc_reconcile", "stage": "download_davinci", "status": "ok"}
{"timestamp": "2026-02-15T14:00:51+0800", "level": "INFO", "logger": "etl_logger", "message": "POST success (VFSC 2026-02-12): cc_withdraw_detail_report_20260215060051.csv, took 19.6s", "service": "cc_reconcile", "stage": "download_davinci", "status": "ok"}
{"timestamp": "2026-02-15T14:00:53+0800", "level": "INFO", "logger": "etl_logger", "message": "Download success (VFSC 2026-02-12): cc_withdraw_detail_report_20260215060051.csv, took 2.1s", "service": "cc_reconcile", "stage": "download_davinci", "status": "ok"}
{"timestamp": "2026-02-15T14:01:11+0800", "level": "INFO", "logger": "etl_logger", "message": "POST success (VFSC 2026-02-13): cc_withdraw_detail_report_20260215060111.csv, took 17.6s", "service": "cc_reconcile", "stage": "download_davinci", "status": "ok"}
{"timestamp": "2026-02-15T14:01:13+0800", "level": "INFO", "logger": "etl_logger", "message": "Download success (VFSC 2026-02-13): cc_withdraw_detail_report_20260215060111.csv, took 2.1s", "service": "cc_reconcile", "stage": "download_davinci", "status": "ok"}
{"timestamp": "2026-02-15T14:01:30+0800", "level": "INFO", "logger": "etl_logger", "message": "POST success (VFSC 2026-02-14): cc_withdraw_detail_report_20260215060130.csv, took 16.7s", "service": "cc_reconcile", "stage": "download_davinci", "status": "ok"}
{"timestamp": "2026-02-15T14:01:32+0800", "level": "INFO", "logger": "etl_logger", "message": "Download success (VFSC 2026-02-14): cc_withdraw_detail_report_20260215060130.csv, took 1.9s", "service": "cc_reconcile", "stage": "download_davinci", "status": "ok"}
{"timestamp": "2026-02-15T14:01:48+0800", "level": "INFO", "logger": "etl_logger", "message": "POST success (VFSC 2026-02-15): cc_withdraw_detail_report_20260215060148.csv, took 16.6s", "service": "cc_reconcile", "stage": "download_davinci", "status": "ok"}
{"timestamp": "2026-02-15T14:01:50+0800", "level": "INFO", "logger": "etl_logger", "message": "Download success (VFSC 2026-02-15): cc_withdraw_detail_report_20260215060148.csv, took 1.2s", "service": "cc_reconcile", "stage": "download_davinci", "status": "ok"}
{"timestamp": "2026-02-15T14:01:50+0800", "level": "INFO", "logger": "etl_logger", "message": "Finish downloading Davinci CC - VFSC Report", "service": "cc_reconcile", "stage": "download_davinci", "status": "ok"}
{"timestamp": "2026-02-15T14:01:50+0800", "level": "INFO", "logger": "etl_logger", "message": "Start downloading Davinci CC Report for brand: VFSC2...", "service": "cc_reconcile", "stage": "download_davinci", "status": "ok"}
{"timestamp": "2026-02-15T14:02:38+0800", "level": "INFO", "logger": "etl_logger", "message": "POST success (VFSC2 2026-02-12): cc_withdraw_detail_report_20260215060238.csv, took 48.7s", "service": "cc_reconcile", "stage": "download_davinci", "status": "ok"}
{"timestamp": "2026-02-15T14:02:41+0800", "level": "INFO", "logger": "etl_logger", "message": "Download success (VFSC2 2026-02-12): cc_withdraw_detail_report_20260215060238.csv, took 3.0s", "service": "cc_reconcile", "stage": "download_davinci", "status": "ok"}
{"timestamp": "2026-02-15T14:03:31+0800", "level": "INFO", "logger": "etl_logger", "message": "POST success (VFSC2 2026-02-13): cc_withdraw_detail_report_20260215060331.csv, took 49.6s", "service": "cc_reconcile", "stage": "download_davinci", "status": "ok"}
{"timestamp": "2026-02-15T14:03:34+0800", "level": "INFO", "logger": "etl_logger", "message": "Download success (VFSC2 2026-02-13): cc_withdraw_detail_report_20260215060331.csv, took 3.0s", "service": "cc_reconcile", "stage": "download_davinci", "status": "ok"}
{"timestamp": "2026-02-15T14:04:22+0800", "level": "INFO", "logger": "etl_logger", "message": "POST success (VFSC2 2026-02-14): cc_withdraw_detail_report_20260215060422.csv, took 48.2s", "service": "cc_reconcile", "stage": "download_davinci", "status": "ok"}
{"timestamp": "2026-02-15T14:04:25+0800", "level": "INFO", "logger": "etl_logger", "message": "Download success (VFSC2 2026-02-14): cc_withdraw_detail_report_20260215060422.csv, took 2.4s", "service": "cc_reconcile", "stage": "download_davinci", "status": "ok"}
{"timestamp": "2026-02-15T14:05:13+0800", "level": "INFO", "logger": "etl_logger", "message": "POST success (VFSC2 2026-02-15): cc_withdraw_detail_report_20260215060513.csv, took 48.4s", "service": "cc_reconcile", "stage": "download_davinci", "status": "ok"}
{"timestamp": "2026-02-15T14:05:15+0800", "level": "INFO", "logger": "etl_logger", "message": "Download success (VFSC2 2026-02-15): cc_withdraw_detail_report_20260215060513.csv, took 1.9s", "service": "cc_reconcile", "stage": "download_davinci", "status": "ok"}
{"timestamp": "2026-02-15T14:05:15+0800", "level": "INFO", "logger": "etl_logger", "message": "Finish downloading Davinci CC - VFSC2 Report", "service": "cc_reconcile", "stage": "download_davinci", "status": "ok"}
{"timestamp": "2026-02-15T14:05:15+0800", "level": "INFO", "logger": "etl_logger", "message": "Finish downloading Davinci CC Report for all brands, total rows: 32335", "service": "cc_reconcile", "stage": "download_davinci", "status": "ok"}
{"timestamp": "2026-02-15T14:05:15+0800", "level": "INFO", "logger": "etl_logger", "message": "Download CRM CC Report Finish ，Total: 32335", "service": "cc_reconcile", "stage": "download", "status": "ok"}
{"timestamp": "2026-02-15T14:05:15+0800", "level": "INFO", "logger": "etl_logger", "message": "Start reconcile...", "service": "cc_reconcile", "stage": "reconcile", "status": "ok"}
{"timestamp": "2026-02-15T14:05:15+0800", "level": "INFO", "logger": "etl_logger", "message": "Reconcile Finish ，Total Mismatch Case: 0", "service": "cc_reconcile", "stage": "reconcile", "status": "ok"}
{"timestamp": "2026-02-15T14:05:16+0800", "level": "INFO", "logger": "etl_logger", "message": "Connect Lark Finish", "service": "cc_reconcile", "stage": "lark", "status": "ok"}
{"timestamp": "2026-02-15T14:05:16+0800", "level": "INFO", "logger": "etl_logger", "message": "Start query existing data in LarkSheet...", "service": "cc_reconcile", "stage": "lark", "status": "ok"}
{"timestamp": "2026-02-15T14:05:17+0800", "level": "INFO", "logger": "etl_logger", "message": "Query existing data in LarkSheet Finish", "service": "cc_reconcile", "stage": "lark", "status": "ok"}
{"timestamp": "2026-02-15T14:05:17+0800", "level": "INFO", "logger": "etl_logger", "message": "Total unique keys in LarkSheet: 7, Total new mismatch cases to upload: 0", "service": "cc_reconcile", "stage": "lark", "status": "ok"}
{"timestamp": "2026-02-15T14:05:17+0800", "level": "INFO", "logger": "etl_logger", "message": "Append data to LarkSheet with range: Kalw4Y!A2:L3, rows: 1, columns: 12", "service": "cc_reconcile", "stage": "lark", "status": "ok"}
{"timestamp": "2026-02-15T14:05:17+0800", "level": "INFO", "logger": "etl_logger", "message": "✅ Successfully appended data to LarkSheet", "service": "cc_reconcile", "stage": "lark", "status": "ok"}
{"timestamp": "2026-02-15T14:05:19+0800", "level": "INFO", "logger": "etl_logger", "message": "Upload data to LarkSheet Finish", "service": "cc_reconcile", "stage": "lark", "status": "ok"}
{"timestamp": "2026-02-15T15:00:01+0800", "level": "INFO", "logger": "etl_logger", "message": "Start download reports...", "service": "cc_reconcile", "stage": "download", "status": "ok"}
{"timestamp": "2026-02-15T15:00:04+0800", "level": "INFO", "logger": "etl_logger", "message": "Payabl Login Success and Get Token Success", "service": "cc_reconcile", "stage": "download_payabl", "status": "ok"}
{"timestamp": "2026-02-15T15:00:04+0800", "level": "INFO", "logger": "etl_logger", "message": "Start downloading Payabl CC Report for date: 2026-02-14...", "service": "cc_reconcile", "stage": "download_payabl", "status": "ok"}
{"timestamp": "2026-02-15T15:00:20+0800", "level": "INFO", "logger": "etl_logger", "message": "Start downloading Payabl CC Report for date: 2026-02-15...", "service": "cc_reconcile", "stage": "download_payabl", "status": "ok"}
{"timestamp": "2026-02-15T15:00:32+0800", "level": "INFO", "logger": "etl_logger", "message": "Finish downloading Payabl CC Report", "service": "cc_reconcile", "stage": "download_payabl", "status": "ok"}
{"timestamp": "2026-02-15T15:00:32+0800", "level": "INFO", "logger": "etl_logger", "message": "Download Payabl CC Report Finish ，Total: 17934", "service": "cc_reconcile", "stage": "download", "status": "ok"}
{"timestamp": "2026-02-15T15:00:32+0800", "level": "INFO", "logger": "etl_logger", "message": "Login attempt 1/5", "service": "cc_reconcile", "stage": "download_davinci", "status": "ok"}
{"timestamp": "2026-02-15T15:00:33+0800", "level": "INFO", "logger": "etl_logger", "message": "Login response status=200, url=https://admin.vantagemarkets.com/admin/main, cookies=4", "service": "cc_reconcile", "stage": "download_davinci", "status": "ok"}
{"timestamp": "2026-02-15T15:00:33+0800", "level": "INFO", "logger": "etl_logger", "message": "Login successful", "service": "cc_reconcile", "stage": "download_davinci", "status": "ok"}
{"timestamp": "2026-02-15T15:00:33+0800", "level": "INFO", "logger": "etl_logger", "message": "Token obtained successfully", "service": "cc_reconcile", "stage": "download_davinci", "status": "ok"}
{"timestamp": "2026-02-15T15:00:33+0800", "level": "INFO", "logger": "etl_logger", "message": "Start downloading Davinci CC Report for brand: VFSC...", "service": "cc_reconcile", "stage": "download_davinci", "status": "ok"}
{"timestamp": "2026-02-15T15:00:52+0800", "level": "INFO", "logger": "etl_logger", "message": "POST success (VFSC 2026-02-12): cc_withdraw_detail_report_20260215070052.csv, took 18.9s", "service": "cc_reconcile", "stage": "download_davinci", "status": "ok"}
{"timestamp": "2026-02-15T15:00:54+0800", "level": "INFO", "logger": "etl_logger", "message": "Download success (VFSC 2026-02-12): cc_withdraw_detail_report_20260215070052.csv, took 2.1s", "service": "cc_reconcile", "stage": "download_davinci", "status": "ok"}
{"timestamp": "2026-02-15T15:01:12+0800", "level": "INFO", "logger": "etl_logger", "message": "POST success (VFSC 2026-02-13): cc_withdraw_detail_report_20260215070112.csv, took 18.2s", "service": "cc_reconcile", "stage": "download_davinci", "status": "ok"}
{"timestamp": "2026-02-15T15:01:14+0800", "level": "INFO", "logger": "etl_logger", "message": "Download success (VFSC 2026-02-13): cc_withdraw_detail_report_20260215070112.csv, took 2.1s", "service": "cc_reconcile", "stage": "download_davinci", "status": "ok"}
{"timestamp": "2026-02-15T15:01:32+0800", "level": "INFO", "logger": "etl_logger", "message": "POST success (VFSC 2026-02-14): cc_withdraw_detail_report_20260215070132.csv, took 18.0s", "service": "cc_reconcile", "stage": "download_davinci", "status": "ok"}
{"timestamp": "2026-02-15T15:01:34+0800", "level": "INFO", "logger": "etl_logger", "message": "Download success (VFSC 2026-02-14): cc_withdraw_detail_report_20260215070132.csv, took 1.9s", "service": "cc_reconcile", "stage": "download_davinci", "status": "ok"}
{"timestamp": "2026-02-15T15:01:51+0800", "level": "INFO", "logger": "etl_logger", "message": "POST success (VFSC 2026-02-15): cc_withdraw_detail_report_20260215070151.csv, took 17.1s", "service": "cc_reconcile", "stage": "download_davinci", "status": "ok"}
{"timestamp": "2026-02-15T15:01:53+0800", "level": "INFO", "logger": "etl_logger", "message": "Download success (VFSC 2026-02-15): cc_withdraw_detail_report_20260215070151.csv, took 1.2s", "service": "cc_reconcile", "stage": "download_davinci", "status": "ok"}
{"timestamp": "2026-02-15T15:01:53+0800", "level": "INFO", "logger": "etl_logger", "message": "Finish downloading Davinci CC - VFSC Report", "service": "cc_reconcile", "stage": "download_davinci", "status": "ok"}
{"timestamp": "2026-02-15T15:01:53+0800", "level": "INFO", "logger": "etl_logger", "message": "Start downloading Davinci CC Report for brand: VFSC2...", "service": "cc_reconcile", "stage": "download_davinci", "status": "ok"}
{"timestamp": "2026-02-15T15:02:42+0800", "level": "INFO", "logger": "etl_logger", "message": "POST success (VFSC2 2026-02-12): cc_withdraw_detail_report_20260215070241.csv, took 48.8s", "service": "cc_reconcile", "stage": "download_davinci", "status": "ok"}
{"timestamp": "2026-02-15T15:02:45+0800", "level": "INFO", "logger": "etl_logger", "message": "Download success (VFSC2 2026-02-12): cc_withdraw_detail_report_20260215070241.csv, took 3.0s", "service": "cc_reconcile", "stage": "download_davinci", "status": "ok"}
{"timestamp": "2026-02-15T15:03:33+0800", "level": "INFO", "logger": "etl_logger", "message": "POST success (VFSC2 2026-02-13): cc_withdraw_detail_report_20260215070333.csv, took 48.9s", "service": "cc_reconcile", "stage": "download_davinci", "status": "ok"}
{"timestamp": "2026-02-15T15:03:36+0800", "level": "INFO", "logger": "etl_logger", "message": "Download success (VFSC2 2026-02-13): cc_withdraw_detail_report_20260215070333.csv, took 3.0s", "service": "cc_reconcile", "stage": "download_davinci", "status": "ok"}
{"timestamp": "2026-02-15T15:04:24+0800", "level": "INFO", "logger": "etl_logger", "message": "POST success (VFSC2 2026-02-14): cc_withdraw_detail_report_20260215070424.csv, took 47.3s", "service": "cc_reconcile", "stage": "download_davinci", "status": "ok"}
{"timestamp": "2026-02-15T15:04:26+0800", "level": "INFO", "logger": "etl_logger", "message": "Download success (VFSC2 2026-02-14): cc_withdraw_detail_report_20260215070424.csv, took 2.4s", "service": "cc_reconcile", "stage": "download_davinci", "status": "ok"}
{"timestamp": "2026-02-15T15:05:14+0800", "level": "INFO", "logger": "etl_logger", "message": "POST success (VFSC2 2026-02-15): cc_withdraw_detail_report_20260215070514.csv, took 47.8s", "service": "cc_reconcile", "stage": "download_davinci", "status": "ok"}
{"timestamp": "2026-02-15T15:05:16+0800", "level": "INFO", "logger": "etl_logger", "message": "Download success (VFSC2 2026-02-15): cc_withdraw_detail_report_20260215070514.csv, took 1.9s", "service": "cc_reconcile", "stage": "download_davinci", "status": "ok"}
{"timestamp": "2026-02-15T15:05:16+0800", "level": "INFO", "logger": "etl_logger", "message": "Finish downloading Davinci CC - VFSC2 Report", "service": "cc_reconcile", "stage": "download_davinci", "status": "ok"}
{"timestamp": "2026-02-15T15:05:16+0800", "level": "INFO", "logger": "etl_logger", "message": "Finish downloading Davinci CC Report for all brands, total rows: 32413", "service": "cc_reconcile", "stage": "download_davinci", "status": "ok"}
{"timestamp": "2026-02-15T15:05:16+0800", "level": "INFO", "logger": "etl_logger", "message": "Download CRM CC Report Finish ，Total: 32413", "service": "cc_reconcile", "stage": "download", "status": "ok"}
{"timestamp": "2026-02-15T15:05:16+0800", "level": "INFO", "logger": "etl_logger", "message": "Start reconcile...", "service": "cc_reconcile", "stage": "reconcile", "status": "ok"}
{"timestamp": "2026-02-15T15:05:16+0800", "level": "INFO", "logger": "etl_logger", "message": "Reconcile Finish ，Total Mismatch Case: 0", "service": "cc_reconcile", "stage": "reconcile", "status": "ok"}
{"timestamp": "2026-02-15T15:05:17+0800", "level": "INFO", "logger": "etl_logger", "message": "Connect Lark Finish", "service": "cc_reconcile", "stage": "lark", "status": "ok"}
{"timestamp": "2026-02-15T15:05:17+0800", "level": "INFO", "logger": "etl_logger", "message": "Start query existing data in LarkSheet...", "service": "cc_reconcile", "stage": "lark", "status": "ok"}
{"timestamp": "2026-02-15T15:05:18+0800", "level": "INFO", "logger": "etl_logger", "message": "Query existing data in LarkSheet Finish", "service": "cc_reconcile", "stage": "lark", "status": "ok"}
{"timestamp": "2026-02-15T15:05:18+0800", "level": "INFO", "logger": "etl_logger", "message": "Total unique keys in LarkSheet: 7, Total new mismatch cases to upload: 0", "service": "cc_reconcile", "stage": "lark", "status": "ok"}
{"timestamp": "2026-02-15T15:05:18+0800", "level": "INFO", "logger": "etl_logger", "message": "Append data to LarkSheet with range: Kalw4Y!A2:L3, rows: 1, columns: 12", "service": "cc_reconcile", "stage": "lark", "status": "ok"}
{"timestamp": "2026-02-15T15:05:18+0800", "level": "INFO", "logger": "etl_logger", "message": "✅ Successfully appended data to LarkSheet", "service": "cc_reconcile", "stage": "lark", "status": "ok"}
{"timestamp": "2026-02-15T15:05:19+0800", "level": "INFO", "logger": "etl_logger", "message": "Upload data to LarkSheet Finish", "service": "cc_reconcile", "stage": "lark", "status": "ok"}
{"timestamp": "2026-02-15T16:00:01+0800", "level": "INFO", "logger": "etl_logger", "message": "Start download reports...", "service": "cc_reconcile", "stage": "download", "status": "ok"}
{"timestamp": "2026-02-15T16:00:05+0800", "level": "INFO", "logger": "etl_logger", "message": "Payabl Login Success and Get Token Success", "service": "cc_reconcile", "stage": "download_payabl", "status": "ok"}
{"timestamp": "2026-02-15T16:00:05+0800", "level": "INFO", "logger": "etl_logger", "message": "Start downloading Payabl CC Report for date: 2026-02-14...", "service": "cc_reconcile", "stage": "download_payabl", "status": "ok"}
{"timestamp": "2026-02-15T16:00:19+0800", "level": "INFO", "logger": "etl_logger", "message": "Start downloading Payabl CC Report for date: 2026-02-15...", "service": "cc_reconcile", "stage": "download_payabl", "status": "ok"}
{"timestamp": "2026-02-15T16:00:30+0800", "level": "INFO", "logger": "etl_logger", "message": "Finish downloading Payabl CC Report", "service": "cc_reconcile", "stage": "download_payabl", "status": "ok"}
{"timestamp": "2026-02-15T16:00:30+0800", "level": "INFO", "logger": "etl_logger", "message": "Download Payabl CC Report Finish ，Total: 18438", "service": "cc_reconcile", "stage": "download", "status": "ok"}
{"timestamp": "2026-02-15T16:00:30+0800", "level": "INFO", "logger": "etl_logger", "message": "Login attempt 1/5", "service": "cc_reconcile", "stage": "download_davinci", "status": "ok"}
{"timestamp": "2026-02-15T16:00:31+0800", "level": "INFO", "logger": "etl_logger", "message": "Login response status=200, url=https://admin.vantagemarkets.com/admin/main, cookies=4", "service": "cc_reconcile", "stage": "download_davinci", "status": "ok"}
{"timestamp": "2026-02-15T16:00:31+0800", "level": "INFO", "logger": "etl_logger", "message": "Login successful", "service": "cc_reconcile", "stage": "download_davinci", "status": "ok"}
{"timestamp": "2026-02-15T16:00:32+0800", "level": "INFO", "logger": "etl_logger", "message": "Token obtained successfully", "service": "cc_reconcile", "stage": "download_davinci", "status": "ok"}
{"timestamp": "2026-02-15T16:00:32+0800", "level": "INFO", "logger": "etl_logger", "message": "Start downloading Davinci CC Report for brand: VFSC...", "service": "cc_reconcile", "stage": "download_davinci", "status": "ok"}
{"timestamp": "2026-02-15T16:00:57+0800", "level": "INFO", "logger": "etl_logger", "message": "POST success (VFSC 2026-02-12): cc_withdraw_detail_report_20260215080057.csv, took 25.3s", "service": "cc_reconcile", "stage": "download_davinci", "status": "ok"}
{"timestamp": "2026-02-15T16:00:59+0800", "level": "INFO", "logger": "etl_logger", "message": "Download success (VFSC 2026-02-12): cc_withdraw_detail_report_20260215080057.csv, took 2.2s", "service": "cc_reconcile", "stage": "download_davinci", "status": "ok"}
{"timestamp": "2026-02-15T16:01:17+0800", "level": "INFO", "logger": "etl_logger", "message": "POST success (VFSC 2026-02-13): cc_withdraw_detail_report_20260215080117.csv, took 18.5s", "service": "cc_reconcile", "stage": "download_davinci", "status": "ok"}
{"timestamp": "2026-02-15T16:01:20+0800", "level": "INFO", "logger": "etl_logger", "message": "Download success (VFSC 2026-02-13): cc_withdraw_detail_report_20260215080117.csv, took 2.1s", "service": "cc_reconcile", "stage": "download_davinci", "status": "ok"}
{"timestamp": "2026-02-15T16:01:37+0800", "level": "INFO", "logger": "etl_logger", "message": "POST success (VFSC 2026-02-14): cc_withdraw_detail_report_20260215080137.csv, took 17.1s", "service": "cc_reconcile", "stage": "download_davinci", "status": "ok"}
{"timestamp": "2026-02-15T16:01:38+0800", "level": "INFO", "logger": "etl_logger", "message": "Download success (VFSC 2026-02-14): cc_withdraw_detail_report_20260215080137.csv, took 1.5s", "service": "cc_reconcile", "stage": "download_davinci", "status": "ok"}
{"timestamp": "2026-02-15T16:01:56+0800", "level": "INFO", "logger": "etl_logger", "message": "POST success (VFSC 2026-02-15): cc_withdraw_detail_report_20260215080155.csv, took 17.3s", "service": "cc_reconcile", "stage": "download_davinci", "status": "ok"}
{"timestamp": "2026-02-15T16:01:57+0800", "level": "INFO", "logger": "etl_logger", "message": "Download success (VFSC 2026-02-15): cc_withdraw_detail_report_20260215080155.csv, took 1.2s", "service": "cc_reconcile", "stage": "download_davinci", "status": "ok"}
{"timestamp": "2026-02-15T16:01:57+0800", "level": "INFO", "logger": "etl_logger", "message": "Finish downloading Davinci CC - VFSC Report", "service": "cc_reconcile", "stage": "download_davinci", "status": "ok"}
{"timestamp": "2026-02-15T16:01:57+0800", "level": "INFO", "logger": "etl_logger", "message": "Start downloading Davinci CC Report for brand: VFSC2...", "service": "cc_reconcile", "stage": "download_davinci", "status": "ok"}
{"timestamp": "2026-02-15T16:02:46+0800", "level": "INFO", "logger": "etl_logger", "message": "POST success (VFSC2 2026-02-12): cc_withdraw_detail_report_20260215080246.csv, took 49.7s", "service": "cc_reconcile", "stage": "download_davinci", "status": "ok"}
{"timestamp": "2026-02-15T16:02:49+0800", "level": "INFO", "logger": "etl_logger", "message": "Download success (VFSC2 2026-02-12): cc_withdraw_detail_report_20260215080246.csv, took 3.0s", "service": "cc_reconcile", "stage": "download_davinci", "status": "ok"}
{"timestamp": "2026-02-15T16:03:44+0800", "level": "INFO", "logger": "etl_logger", "message": "POST success (VFSC2 2026-02-13): cc_withdraw_detail_report_20260215080344.csv, took 54.7s", "service": "cc_reconcile", "stage": "download_davinci", "status": "ok"}
{"timestamp": "2026-02-15T16:03:47+0800", "level": "INFO", "logger": "etl_logger", "message": "Download success (VFSC2 2026-02-13): cc_withdraw_detail_report_20260215080344.csv, took 3.0s", "service": "cc_reconcile", "stage": "download_davinci", "status": "ok"}
{"timestamp": "2026-02-15T16:04:36+0800", "level": "INFO", "logger": "etl_logger", "message": "POST success (VFSC2 2026-02-14): cc_withdraw_detail_report_20260215080436.csv, took 48.6s", "service": "cc_reconcile", "stage": "download_davinci", "status": "ok"}
{"timestamp": "2026-02-15T16:04:38+0800", "level": "INFO", "logger": "etl_logger", "message": "Download success (VFSC2 2026-02-14): cc_withdraw_detail_report_20260215080436.csv, took 2.5s", "service": "cc_reconcile", "stage": "download_davinci", "status": "ok"}
{"timestamp": "2026-02-15T16:05:25+0800", "level": "INFO", "logger": "etl_logger", "message": "POST success (VFSC2 2026-02-15): cc_withdraw_detail_report_20260215080525.csv, took 47.3s", "service": "cc_reconcile", "stage": "download_davinci", "status": "ok"}
{"timestamp": "2026-02-15T16:05:27+0800", "level": "INFO", "logger": "etl_logger", "message": "Download success (VFSC2 2026-02-15): cc_withdraw_detail_report_20260215080525.csv, took 1.9s", "service": "cc_reconcile", "stage": "download_davinci", "status": "ok"}
{"timestamp": "2026-02-15T16:05:28+0800", "level": "INFO", "logger": "etl_logger", "message": "Finish downloading Davinci CC - VFSC2 Report", "service": "cc_reconcile", "stage": "download_davinci", "status": "ok"}
{"timestamp": "2026-02-15T16:05:28+0800", "level": "INFO", "logger": "etl_logger", "message": "Finish downloading Davinci CC Report for all brands, total rows: 32495", "service": "cc_reconcile", "stage": "download_davinci", "status": "ok"}
{"timestamp": "2026-02-15T16:05:28+0800", "level": "INFO", "logger": "etl_logger", "message": "Download CRM CC Report Finish ，Total: 32495", "service": "cc_reconcile", "stage": "download", "status": "ok"}
{"timestamp": "2026-02-15T16:05:28+0800", "level": "INFO", "logger": "etl_logger", "message": "Start reconcile...", "service": "cc_reconcile", "stage": "reconcile", "status": "ok"}
{"timestamp": "2026-02-15T16:05:28+0800", "level": "INFO", "logger": "etl_logger", "message": "Reconcile Finish ，Total Mismatch Case: 0", "service": "cc_reconcile", "stage": "reconcile", "status": "ok"}
{"timestamp": "2026-02-15T16:05:28+0800", "level": "INFO", "logger": "etl_logger", "message": "Connect Lark Finish", "service": "cc_reconcile", "stage": "lark", "status": "ok"}
{"timestamp": "2026-02-15T16:05:28+0800", "level": "INFO", "logger": "etl_logger", "message": "Start query existing data in LarkSheet...", "service": "cc_reconcile", "stage": "lark", "status": "ok"}
{"timestamp": "2026-02-15T16:05:29+0800", "level": "INFO", "logger": "etl_logger", "message": "Query existing data in LarkSheet Finish", "service": "cc_reconcile", "stage": "lark", "status": "ok"}
{"timestamp": "2026-02-15T16:05:29+0800", "level": "INFO", "logger": "etl_logger", "message": "Total unique keys in LarkSheet: 7, Total new mismatch cases to upload: 0", "service": "cc_reconcile", "stage": "lark", "status": "ok"}
{"timestamp": "2026-02-15T16:05:29+0800", "level": "INFO", "logger": "etl_logger", "message": "Append data to LarkSheet with range: Kalw4Y!A2:L3, rows: 1, columns: 12", "service": "cc_reconcile", "stage": "lark", "status": "ok"}
{"timestamp": "2026-02-15T16:05:30+0800", "level": "INFO", "logger": "etl_logger", "message": "✅ Successfully appended data to LarkSheet", "service": "cc_reconcile", "stage": "lark", "status": "ok"}
{"timestamp": "2026-02-15T16:05:31+0800", "level": "INFO", "logger": "etl_logger", "message": "Upload data to LarkSheet Finish", "service": "cc_reconcile", "stage": "lark", "status": "ok"}
{"timestamp": "2026-02-15T17:00:01+0800", "level": "INFO", "logger": "etl_logger", "message": "Start download reports...", "service": "cc_reconcile", "stage": "download", "status": "ok"}
{"timestamp": "2026-02-15T17:00:05+0800", "level": "INFO", "logger": "etl_logger", "message": "Payabl Login Success and Get Token Success", "service": "cc_reconcile", "stage": "download_payabl", "status": "ok"}
{"timestamp": "2026-02-15T17:00:05+0800", "level": "INFO", "logger": "etl_logger", "message": "Start downloading Payabl CC Report for date: 2026-02-14...", "service": "cc_reconcile", "stage": "download_payabl", "status": "ok"}
{"timestamp": "2026-02-15T17:00:18+0800", "level": "INFO", "logger": "etl_logger", "message": "Start downloading Payabl CC Report for date: 2026-02-15...", "service": "cc_reconcile", "stage": "download_payabl", "status": "ok"}
{"timestamp": "2026-02-15T17:00:30+0800", "level": "INFO", "logger": "etl_logger", "message": "Finish downloading Payabl CC Report", "service": "cc_reconcile", "stage": "download_payabl", "status": "ok"}
{"timestamp": "2026-02-15T17:00:30+0800", "level": "INFO", "logger": "etl_logger", "message": "Download Payabl CC Report Finish ，Total: 19045", "service": "cc_reconcile", "stage": "download", "status": "ok"}
{"timestamp": "2026-02-15T17:00:30+0800", "level": "INFO", "logger": "etl_logger", "message": "Login attempt 1/5", "service": "cc_reconcile", "stage": "download_davinci", "status": "ok"}
{"timestamp": "2026-02-15T17:00:31+0800", "level": "INFO", "logger": "etl_logger", "message": "Login response status=200, url=https://admin.vantagemarkets.com/admin/main, cookies=4", "service": "cc_reconcile", "stage": "download_davinci", "status": "ok"}
{"timestamp": "2026-02-15T17:00:31+0800", "level": "INFO", "logger": "etl_logger", "message": "Login successful", "service": "cc_reconcile", "stage": "download_davinci", "status": "ok"}
{"timestamp": "2026-02-15T17:00:32+0800", "level": "INFO", "logger": "etl_logger", "message": "Token obtained successfully", "service": "cc_reconcile", "stage": "download_davinci", "status": "ok"}
{"timestamp": "2026-02-15T17:00:32+0800", "level": "INFO", "logger": "etl_logger", "message": "Start downloading Davinci CC Report for brand: VFSC...", "service": "cc_reconcile", "stage": "download_davinci", "status": "ok"}
{"timestamp": "2026-02-15T17:00:50+0800", "level": "INFO", "logger": "etl_logger", "message": "POST success (VFSC 2026-02-12): cc_withdraw_detail_report_20260215090050.csv, took 18.2s", "service": "cc_reconcile", "stage": "download_davinci", "status": "ok"}
{"timestamp": "2026-02-15T17:00:52+0800", "level": "INFO", "logger": "etl_logger", "message": "Download success (VFSC 2026-02-12): cc_withdraw_detail_report_20260215090050.csv, took 2.2s", "service": "cc_reconcile", "stage": "download_davinci", "status": "ok"}
{"timestamp": "2026-02-15T17:01:09+0800", "level": "INFO", "logger": "etl_logger", "message": "POST success (VFSC 2026-02-13): cc_withdraw_detail_report_20260215090109.csv, took 17.1s", "service": "cc_reconcile", "stage": "download_davinci", "status": "ok"}
{"timestamp": "2026-02-15T17:01:11+0800", "level": "INFO", "logger": "etl_logger", "message": "Download success (VFSC 2026-02-13): cc_withdraw_detail_report_20260215090109.csv, took 2.2s", "service": "cc_reconcile", "stage": "download_davinci", "status": "ok"}
{"timestamp": "2026-02-15T17:01:29+0800", "level": "INFO", "logger": "etl_logger", "message": "POST success (VFSC 2026-02-14): cc_withdraw_detail_report_20260215090128.csv, took 17.3s", "service": "cc_reconcile", "stage": "download_davinci", "status": "ok"}
{"timestamp": "2026-02-15T17:01:30+0800", "level": "INFO", "logger": "etl_logger", "message": "Download success (VFSC 2026-02-14): cc_withdraw_detail_report_20260215090128.csv, took 1.9s", "service": "cc_reconcile", "stage": "download_davinci", "status": "ok"}
{"timestamp": "2026-02-15T17:01:47+0800", "level": "INFO", "logger": "etl_logger", "message": "POST success (VFSC 2026-02-15): cc_withdraw_detail_report_20260215090147.csv, took 16.5s", "service": "cc_reconcile", "stage": "download_davinci", "status": "ok"}
{"timestamp": "2026-02-15T17:01:49+0800", "level": "INFO", "logger": "etl_logger", "message": "Download success (VFSC 2026-02-15): cc_withdraw_detail_report_20260215090147.csv, took 1.5s", "service": "cc_reconcile", "stage": "download_davinci", "status": "ok"}
{"timestamp": "2026-02-15T17:01:49+0800", "level": "INFO", "logger": "etl_logger", "message": "Finish downloading Davinci CC - VFSC Report", "service": "cc_reconcile", "stage": "download_davinci", "status": "ok"}
{"timestamp": "2026-02-15T17:01:49+0800", "level": "INFO", "logger": "etl_logger", "message": "Start downloading Davinci CC Report for brand: VFSC2...", "service": "cc_reconcile", "stage": "download_davinci", "status": "ok"}
{"timestamp": "2026-02-15T17:02:38+0800", "level": "INFO", "logger": "etl_logger", "message": "POST success (VFSC2 2026-02-12): cc_withdraw_detail_report_20260215090238.csv, took 49.6s", "service": "cc_reconcile", "stage": "download_davinci", "status": "ok"}
{"timestamp": "2026-02-15T17:02:41+0800", "level": "INFO", "logger": "etl_logger", "message": "Download success (VFSC2 2026-02-12): cc_withdraw_detail_report_20260215090238.csv, took 2.5s", "service": "cc_reconcile", "stage": "download_davinci", "status": "ok"}
{"timestamp": "2026-02-15T17:03:31+0800", "level": "INFO", "logger": "etl_logger", "message": "POST success (VFSC2 2026-02-13): cc_withdraw_detail_report_20260215090331.csv, took 50.3s", "service": "cc_reconcile", "stage": "download_davinci", "status": "ok"}
{"timestamp": "2026-02-15T17:03:34+0800", "level": "INFO", "logger": "etl_logger", "message": "Download success (VFSC2 2026-02-13): cc_withdraw_detail_report_20260215090331.csv, took 3.0s", "service": "cc_reconcile", "stage": "download_davinci", "status": "ok"}
{"timestamp": "2026-02-15T17:04:22+0800", "level": "INFO", "logger": "etl_logger", "message": "POST success (VFSC2 2026-02-14): cc_withdraw_detail_report_20260215090422.csv, took 48.2s", "service": "cc_reconcile", "stage": "download_davinci", "status": "ok"}
{"timestamp": "2026-02-15T17:04:25+0800", "level": "INFO", "logger": "etl_logger", "message": "Download success (VFSC2 2026-02-14): cc_withdraw_detail_report_20260215090422.csv, took 2.4s", "service": "cc_reconcile", "stage": "download_davinci", "status": "ok"}
{"timestamp": "2026-02-15T17:05:12+0800", "level": "INFO", "logger": "etl_logger", "message": "POST success (VFSC2 2026-02-15): cc_withdraw_detail_report_20260215090511.csv, took 46.9s", "service": "cc_reconcile", "stage": "download_davinci", "status": "ok"}
{"timestamp": "2026-02-15T17:05:13+0800", "level": "INFO", "logger": "etl_logger", "message": "Download success (VFSC2 2026-02-15): cc_withdraw_detail_report_20260215090511.csv, took 1.9s", "service": "cc_reconcile", "stage": "download_davinci", "status": "ok"}
{"timestamp": "2026-02-15T17:05:14+0800", "level": "INFO", "logger": "etl_logger", "message": "Finish downloading Davinci CC - VFSC2 Report", "service": "cc_reconcile", "stage": "download_davinci", "status": "ok"}
{"timestamp": "2026-02-15T17:05:14+0800", "level": "INFO", "logger": "etl_logger", "message": "Finish downloading Davinci CC Report for all brands, total rows: 32607", "service": "cc_reconcile", "stage": "download_davinci", "status": "ok"}
{"timestamp": "2026-02-15T17:05:14+0800", "level": "INFO", "logger": "etl_logger", "message": "Download CRM CC Report Finish ，Total: 32607", "service": "cc_reconcile", "stage": "download", "status": "ok"}
{"timestamp": "2026-02-15T17:05:14+0800", "level": "INFO", "logger": "etl_logger", "message": "Start reconcile...", "service": "cc_reconcile", "stage": "reconcile", "status": "ok"}
{"timestamp": "2026-02-15T17:05:14+0800", "level": "INFO", "logger": "etl_logger", "message": "Reconcile Finish ，Total Mismatch Case: 0", "service": "cc_reconcile", "stage": "reconcile", "status": "ok"}
{"timestamp": "2026-02-15T17:05:14+0800", "level": "INFO", "logger": "etl_logger", "message": "Connect Lark Finish", "service": "cc_reconcile", "stage": "lark", "status": "ok"}
{"timestamp": "2026-02-15T17:05:14+0800", "level": "INFO", "logger": "etl_logger", "message": "Start query existing data in LarkSheet...", "service": "cc_reconcile", "stage": "lark", "status": "ok"}
{"timestamp": "2026-02-15T17:05:16+0800", "level": "INFO", "logger": "etl_logger", "message": "Query existing data in LarkSheet Finish", "service": "cc_reconcile", "stage": "lark", "status": "ok"}
{"timestamp": "2026-02-15T17:05:16+0800", "level": "INFO", "logger": "etl_logger", "message": "Total unique keys in LarkSheet: 7, Total new mismatch cases to upload: 0", "service": "cc_reconcile", "stage": "lark", "status": "ok"}
{"timestamp": "2026-02-15T17:05:16+0800", "level": "INFO", "logger": "etl_logger", "message": "Append data to LarkSheet with range: Kalw4Y!A2:L3, rows: 1, columns: 12", "service": "cc_reconcile", "stage": "lark", "status": "ok"}
{"timestamp": "2026-02-15T17:05:16+0800", "level": "INFO", "logger": "etl_logger", "message": "✅ Successfully appended data to LarkSheet", "service": "cc_reconcile", "stage": "lark", "status": "ok"}
{"timestamp": "2026-02-15T17:05:17+0800", "level": "INFO", "logger": "etl_logger", "message": "Upload data to LarkSheet Finish", "service": "cc_reconcile", "stage": "lark", "status": "ok"}
{"timestamp": "2026-02-15T18:00:01+0800", "level": "INFO", "logger": "etl_logger", "message": "Start download reports...", "service": "cc_reconcile", "stage": "download", "status": "ok"}
{"timestamp": "2026-02-15T18:00:05+0800", "level": "INFO", "logger": "etl_logger", "message": "Payabl Login Success and Get Token Success", "service": "cc_reconcile", "stage": "download_payabl", "status": "ok"}
{"timestamp": "2026-02-15T18:00:05+0800", "level": "INFO", "logger": "etl_logger", "message": "Start downloading Payabl CC Report for date: 2026-02-14...", "service": "cc_reconcile", "stage": "download_payabl", "status": "ok"}
{"timestamp": "2026-02-15T18:00:20+0800", "level": "INFO", "logger": "etl_logger", "message": "Start downloading Payabl CC Report for date: 2026-02-15...", "service": "cc_reconcile", "stage": "download_payabl", "status": "ok"}
{"timestamp": "2026-02-15T18:00:32+0800", "level": "INFO", "logger": "etl_logger", "message": "Finish downloading Payabl CC Report", "service": "cc_reconcile", "stage": "download_payabl", "status": "ok"}
{"timestamp": "2026-02-15T18:00:32+0800", "level": "INFO", "logger": "etl_logger", "message": "Download Payabl CC Report Finish ，Total: 19571", "service": "cc_reconcile", "stage": "download", "status": "ok"}
{"timestamp": "2026-02-15T18:00:32+0800", "level": "INFO", "logger": "etl_logger", "message": "Login attempt 1/5", "service": "cc_reconcile", "stage": "download_davinci", "status": "ok"}
{"timestamp": "2026-02-15T18:00:33+0800", "level": "INFO", "logger": "etl_logger", "message": "Login response status=200, url=https://admin.vantagemarkets.com/admin/main, cookies=4", "service": "cc_reconcile", "stage": "download_davinci", "status": "ok"}
{"timestamp": "2026-02-15T18:00:33+0800", "level": "INFO", "logger": "etl_logger", "message": "Login successful", "service": "cc_reconcile", "stage": "download_davinci", "status": "ok"}
{"timestamp": "2026-02-15T18:00:34+0800", "level": "INFO", "logger": "etl_logger", "message": "Token obtained successfully", "service": "cc_reconcile", "stage": "download_davinci", "status": "ok"}
{"timestamp": "2026-02-15T18:00:34+0800", "level": "INFO", "logger": "etl_logger", "message": "Start downloading Davinci CC Report for brand: VFSC...", "service": "cc_reconcile", "stage": "download_davinci", "status": "ok"}
{"timestamp": "2026-02-15T18:00:57+0800", "level": "INFO", "logger": "etl_logger", "message": "POST success (VFSC 2026-02-12): cc_withdraw_detail_report_20260215100057.csv, took 23.6s", "service": "cc_reconcile", "stage": "download_davinci", "status": "ok"}
{"timestamp": "2026-02-15T18:00:59+0800", "level": "INFO", "logger": "etl_logger", "message": "Download success (VFSC 2026-02-12): cc_withdraw_detail_report_20260215100057.csv, took 1.7s", "service": "cc_reconcile", "stage": "download_davinci", "status": "ok"}
{"timestamp": "2026-02-15T18:01:16+0800", "level": "INFO", "logger": "etl_logger", "message": "POST success (VFSC 2026-02-13): cc_withdraw_detail_report_20260215100116.csv, took 17.3s", "service": "cc_reconcile", "stage": "download_davinci", "status": "ok"}
{"timestamp": "2026-02-15T18:01:18+0800", "level": "INFO", "logger": "etl_logger", "message": "Download success (VFSC 2026-02-13): cc_withdraw_detail_report_20260215100116.csv, took 1.7s", "service": "cc_reconcile", "stage": "download_davinci", "status": "ok"}
{"timestamp": "2026-02-15T18:01:34+0800", "level": "INFO", "logger": "etl_logger", "message": "POST success (VFSC 2026-02-14): cc_withdraw_detail_report_20260215100134.csv, took 16.4s", "service": "cc_reconcile", "stage": "download_davinci", "status": "ok"}
{"timestamp": "2026-02-15T18:01:36+0800", "level": "INFO", "logger": "etl_logger", "message": "Download success (VFSC 2026-02-14): cc_withdraw_detail_report_20260215100134.csv, took 1.9s", "service": "cc_reconcile", "stage": "download_davinci", "status": "ok"}
{"timestamp": "2026-02-15T18:01:53+0800", "level": "INFO", "logger": "etl_logger", "message": "POST success (VFSC 2026-02-15): cc_withdraw_detail_report_20260215100153.csv, took 17.1s", "service": "cc_reconcile", "stage": "download_davinci", "status": "ok"}
{"timestamp": "2026-02-15T18:01:54+0800", "level": "INFO", "logger": "etl_logger", "message": "Download success (VFSC 2026-02-15): cc_withdraw_detail_report_20260215100153.csv, took 1.3s", "service": "cc_reconcile", "stage": "download_davinci", "status": "ok"}
{"timestamp": "2026-02-15T18:01:55+0800", "level": "INFO", "logger": "etl_logger", "message": "Finish downloading Davinci CC - VFSC Report", "service": "cc_reconcile", "stage": "download_davinci", "status": "ok"}
{"timestamp": "2026-02-15T18:01:55+0800", "level": "INFO", "logger": "etl_logger", "message": "Start downloading Davinci CC Report for brand: VFSC2...", "service": "cc_reconcile", "stage": "download_davinci", "status": "ok"}
{"timestamp": "2026-02-15T18:02:44+0800", "level": "INFO", "logger": "etl_logger", "message": "POST success (VFSC2 2026-02-12): cc_withdraw_detail_report_20260215100244.csv, took 50.0s", "service": "cc_reconcile", "stage": "download_davinci", "status": "ok"}
{"timestamp": "2026-02-15T18:02:47+0800", "level": "INFO", "logger": "etl_logger", "message": "Download success (VFSC2 2026-02-12): cc_withdraw_detail_report_20260215100244.csv, took 2.5s", "service": "cc_reconcile", "stage": "download_davinci", "status": "ok"}
{"timestamp": "2026-02-15T18:03:36+0800", "level": "INFO", "logger": "etl_logger", "message": "POST success (VFSC2 2026-02-13): cc_withdraw_detail_report_20260215100335.csv, took 48.7s", "service": "cc_reconcile", "stage": "download_davinci", "status": "ok"}
{"timestamp": "2026-02-15T18:03:39+0800", "level": "INFO", "logger": "etl_logger", "message": "Download success (VFSC2 2026-02-13): cc_withdraw_detail_report_20260215100335.csv, took 3.0s", "service": "cc_reconcile", "stage": "download_davinci", "status": "ok"}
{"timestamp": "2026-02-15T18:04:27+0800", "level": "INFO", "logger": "etl_logger", "message": "POST success (VFSC2 2026-02-14): cc_withdraw_detail_report_20260215100426.csv, took 47.9s", "service": "cc_reconcile", "stage": "download_davinci", "status": "ok"}
{"timestamp": "2026-02-15T18:04:29+0800", "level": "INFO", "logger": "etl_logger", "message": "Download success (VFSC2 2026-02-14): cc_withdraw_detail_report_20260215100426.csv, took 2.4s", "service": "cc_reconcile", "stage": "download_davinci", "status": "ok"}
{"timestamp": "2026-02-15T18:05:16+0800", "level": "INFO", "logger": "etl_logger", "message": "POST success (VFSC2 2026-02-15): cc_withdraw_detail_report_20260215100516.csv, took 47.0s", "service": "cc_reconcile", "stage": "download_davinci", "status": "ok"}
{"timestamp": "2026-02-15T18:05:18+0800", "level": "INFO", "logger": "etl_logger", "message": "Download success (VFSC2 2026-02-15): cc_withdraw_detail_report_20260215100516.csv, took 1.9s", "service": "cc_reconcile", "stage": "download_davinci", "status": "ok"}
{"timestamp": "2026-02-15T18:05:18+0800", "level": "INFO", "logger": "etl_logger", "message": "Finish downloading Davinci CC - VFSC2 Report", "service": "cc_reconcile", "stage": "download_davinci", "status": "ok"}
{"timestamp": "2026-02-15T18:05:18+0800", "level": "INFO", "logger": "etl_logger", "message": "Finish downloading Davinci CC Report for all brands, total rows: 32705", "service": "cc_reconcile", "stage": "download_davinci", "status": "ok"}
{"timestamp": "2026-02-15T18:05:18+0800", "level": "INFO", "logger": "etl_logger", "message": "Download CRM CC Report Finish ，Total: 32705", "service": "cc_reconcile", "stage": "download", "status": "ok"}
{"timestamp": "2026-02-15T18:05:18+0800", "level": "INFO", "logger": "etl_logger", "message": "Start reconcile...", "service": "cc_reconcile", "stage": "reconcile", "status": "ok"}
{"timestamp": "2026-02-15T18:05:18+0800", "level": "INFO", "logger": "etl_logger", "message": "Reconcile Finish ，Total Mismatch Case: 0", "service": "cc_reconcile", "stage": "reconcile", "status": "ok"}
{"timestamp": "2026-02-15T18:05:19+0800", "level": "INFO", "logger": "etl_logger", "message": "Connect Lark Finish", "service": "cc_reconcile", "stage": "lark", "status": "ok"}
{"timestamp": "2026-02-15T18:05:19+0800", "level": "INFO", "logger": "etl_logger", "message": "Start query existing data in LarkSheet...", "service": "cc_reconcile", "stage": "lark", "status": "ok"}
{"timestamp": "2026-02-15T18:05:20+0800", "level": "INFO", "logger": "etl_logger", "message": "Query existing data in LarkSheet Finish", "service": "cc_reconcile", "stage": "lark", "status": "ok"}
{"timestamp": "2026-02-15T18:05:20+0800", "level": "INFO", "logger": "etl_logger", "message": "Total unique keys in LarkSheet: 7, Total new mismatch cases to upload: 0", "service": "cc_reconcile", "stage": "lark", "status": "ok"}
{"timestamp": "2026-02-15T18:05:20+0800", "level": "INFO", "logger": "etl_logger", "message": "Append data to LarkSheet with range: Kalw4Y!A2:L3, rows: 1, columns: 12", "service": "cc_reconcile", "stage": "lark", "status": "ok"}
{"timestamp": "2026-02-15T18:05:20+0800", "level": "INFO", "logger": "etl_logger", "message": "✅ Successfully appended data to LarkSheet", "service": "cc_reconcile", "stage": "lark", "status": "ok"}
{"timestamp": "2026-02-15T18:05:22+0800", "level": "INFO", "logger": "etl_logger", "message": "Upload data to LarkSheet Finish", "service": "cc_reconcile", "stage": "lark", "status": "ok"}
{"timestamp": "2026-02-15T19:00:01+0800", "level": "INFO", "logger": "etl_logger", "message": "Start download reports...", "service": "cc_reconcile", "stage": "download", "status": "ok"}
{"timestamp": "2026-02-15T19:00:04+0800", "level": "INFO", "logger": "etl_logger", "message": "Payabl Login Success and Get Token Success", "service": "cc_reconcile", "stage": "download_payabl", "status": "ok"}
{"timestamp": "2026-02-15T19:00:04+0800", "level": "INFO", "logger": "etl_logger", "message": "Start downloading Payabl CC Report for date: 2026-02-14...", "service": "cc_reconcile", "stage": "download_payabl", "status": "ok"}
{"timestamp": "2026-02-15T19:00:19+0800", "level": "INFO", "logger": "etl_logger", "message": "Start downloading Payabl CC Report for date: 2026-02-15...", "service": "cc_reconcile", "stage": "download_payabl", "status": "ok"}
{"timestamp": "2026-02-15T19:00:31+0800", "level": "INFO", "logger": "etl_logger", "message": "Finish downloading Payabl CC Report", "service": "cc_reconcile", "stage": "download_payabl", "status": "ok"}
{"timestamp": "2026-02-15T19:00:31+0800", "level": "INFO", "logger": "etl_logger", "message": "Download Payabl CC Report Finish ，Total: 20316", "service": "cc_reconcile", "stage": "download", "status": "ok"}
{"timestamp": "2026-02-15T19:00:31+0800", "level": "INFO", "logger": "etl_logger", "message": "Login attempt 1/5", "service": "cc_reconcile", "stage": "download_davinci", "status": "ok"}
{"timestamp": "2026-02-15T19:00:32+0800", "level": "INFO", "logger": "etl_logger", "message": "Login response status=200, url=https://admin.vantagemarkets.com/admin/main, cookies=4", "service": "cc_reconcile", "stage": "download_davinci", "status": "ok"}
{"timestamp": "2026-02-15T19:00:32+0800", "level": "INFO", "logger": "etl_logger", "message": "Login successful", "service": "cc_reconcile", "stage": "download_davinci", "status": "ok"}
{"timestamp": "2026-02-15T19:00:33+0800", "level": "INFO", "logger": "etl_logger", "message": "Token obtained successfully", "service": "cc_reconcile", "stage": "download_davinci", "status": "ok"}
{"timestamp": "2026-02-15T19:00:33+0800", "level": "INFO", "logger": "etl_logger", "message": "Start downloading Davinci CC Report for brand: VFSC...", "service": "cc_reconcile", "stage": "download_davinci", "status": "ok"}
{"timestamp": "2026-02-15T19:00:51+0800", "level": "INFO", "logger": "etl_logger", "message": "POST success (VFSC 2026-02-12): cc_withdraw_detail_report_20260215110051.csv, took 18.5s", "service": "cc_reconcile", "stage": "download_davinci", "status": "ok"}
{"timestamp": "2026-02-15T19:00:53+0800", "level": "INFO", "logger": "etl_logger", "message": "Download success (VFSC 2026-02-12): cc_withdraw_detail_report_20260215110051.csv, took 2.2s", "service": "cc_reconcile", "stage": "download_davinci", "status": "ok"}
{"timestamp": "2026-02-15T19:01:10+0800", "level": "INFO", "logger": "etl_logger", "message": "POST success (VFSC 2026-02-13): cc_withdraw_detail_report_20260215110110.csv, took 17.0s", "service": "cc_reconcile", "stage": "download_davinci", "status": "ok"}
{"timestamp": "2026-02-15T19:01:12+0800", "level": "INFO", "logger": "etl_logger", "message": "Download success (VFSC 2026-02-13): cc_withdraw_detail_report_20260215110110.csv, took 2.1s", "service": "cc_reconcile", "stage": "download_davinci", "status": "ok"}
{"timestamp": "2026-02-15T19:01:29+0800", "level": "INFO", "logger": "etl_logger", "message": "POST success (VFSC 2026-02-14): cc_withdraw_detail_report_20260215110129.csv, took 16.5s", "service": "cc_reconcile", "stage": "download_davinci", "status": "ok"}
{"timestamp": "2026-02-15T19:01:31+0800", "level": "INFO", "logger": "etl_logger", "message": "Download success (VFSC 2026-02-14): cc_withdraw_detail_report_20260215110129.csv, took 1.9s", "service": "cc_reconcile", "stage": "download_davinci", "status": "ok"}
{"timestamp": "2026-02-15T19:01:48+0800", "level": "INFO", "logger": "etl_logger", "message": "POST success (VFSC 2026-02-15): cc_withdraw_detail_report_20260215110147.csv, took 16.8s", "service": "cc_reconcile", "stage": "download_davinci", "status": "ok"}
{"timestamp": "2026-02-15T19:01:49+0800", "level": "INFO", "logger": "etl_logger", "message": "Download success (VFSC 2026-02-15): cc_withdraw_detail_report_20260215110147.csv, took 1.5s", "service": "cc_reconcile", "stage": "download_davinci", "status": "ok"}
{"timestamp": "2026-02-15T19:01:49+0800", "level": "INFO", "logger": "etl_logger", "message": "Finish downloading Davinci CC - VFSC Report", "service": "cc_reconcile", "stage": "download_davinci", "status": "ok"}
{"timestamp": "2026-02-15T19:01:49+0800", "level": "INFO", "logger": "etl_logger", "message": "Start downloading Davinci CC Report for brand: VFSC2...", "service": "cc_reconcile", "stage": "download_davinci", "status": "ok"}
{"timestamp": "2026-02-15T19:02:39+0800", "level": "INFO", "logger": "etl_logger", "message": "POST success (VFSC2 2026-02-12): cc_withdraw_detail_report_20260215110239.csv, took 50.3s", "service": "cc_reconcile", "stage": "download_davinci", "status": "ok"}
{"timestamp": "2026-02-15T19:02:42+0800", "level": "INFO", "logger": "etl_logger", "message": "Download success (VFSC2 2026-02-12): cc_withdraw_detail_report_20260215110239.csv, took 3.0s", "service": "cc_reconcile", "stage": "download_davinci", "status": "ok"}
{"timestamp": "2026-02-15T19:03:33+0800", "level": "INFO", "logger": "etl_logger", "message": "POST success (VFSC2 2026-02-13): cc_withdraw_detail_report_20260215110332.csv, took 50.1s", "service": "cc_reconcile", "stage": "download_davinci", "status": "ok"}
{"timestamp": "2026-02-15T19:03:35+0800", "level": "INFO", "logger": "etl_logger", "message": "Download success (VFSC2 2026-02-13): cc_withdraw_detail_report_20260215110332.csv, took 2.5s", "service": "cc_reconcile", "stage": "download_davinci", "status": "ok"}
{"timestamp": "2026-02-15T19:04:23+0800", "level": "INFO", "logger": "etl_logger", "message": "POST success (VFSC2 2026-02-14): cc_withdraw_detail_report_20260215110423.csv, took 47.7s", "service": "cc_reconcile", "stage": "download_davinci", "status": "ok"}
{"timestamp": "2026-02-15T19:04:25+0800", "level": "INFO", "logger": "etl_logger", "message": "Download success (VFSC2 2026-02-14): cc_withdraw_detail_report_20260215110423.csv, took 2.4s", "service": "cc_reconcile", "stage": "download_davinci", "status": "ok"}
{"timestamp": "2026-02-15T19:05:13+0800", "level": "INFO", "logger": "etl_logger", "message": "POST success (VFSC2 2026-02-15): cc_withdraw_detail_report_20260215110513.csv, took 47.9s", "service": "cc_reconcile", "stage": "download_davinci", "status": "ok"}
{"timestamp": "2026-02-15T19:05:15+0800", "level": "INFO", "logger": "etl_logger", "message": "Download success (VFSC2 2026-02-15): cc_withdraw_detail_report_20260215110513.csv, took 2.0s", "service": "cc_reconcile", "stage": "download_davinci", "status": "ok"}
{"timestamp": "2026-02-15T19:05:15+0800", "level": "INFO", "logger": "etl_logger", "message": "Finish downloading Davinci CC - VFSC2 Report", "service": "cc_reconcile", "stage": "download_davinci", "status": "ok"}
{"timestamp": "2026-02-15T19:05:15+0800", "level": "INFO", "logger": "etl_logger", "message": "Finish downloading Davinci CC Report for all brands, total rows: 32799", "service": "cc_reconcile", "stage": "download_davinci", "status": "ok"}
{"timestamp": "2026-02-15T19:05:15+0800", "level": "INFO", "logger": "etl_logger", "message": "Download CRM CC Report Finish ，Total: 32799", "service": "cc_reconcile", "stage": "download", "status": "ok"}
{"timestamp": "2026-02-15T19:05:15+0800", "level": "INFO", "logger": "etl_logger", "message": "Start reconcile...", "service": "cc_reconcile", "stage": "reconcile", "status": "ok"}
{"timestamp": "2026-02-15T19:05:16+0800", "level": "INFO", "logger": "etl_logger", "message": "Reconcile Finish ，Total Mismatch Case: 0", "service": "cc_reconcile", "stage": "reconcile", "status": "ok"}
{"timestamp": "2026-02-15T19:05:16+0800", "level": "INFO", "logger": "etl_logger", "message": "Connect Lark Finish", "service": "cc_reconcile", "stage": "lark", "status": "ok"}
{"timestamp": "2026-02-15T19:05:16+0800", "level": "INFO", "logger": "etl_logger", "message": "Start query existing data in LarkSheet...", "service": "cc_reconcile", "stage": "lark", "status": "ok"}
{"timestamp": "2026-02-15T19:05:17+0800", "level": "INFO", "logger": "etl_logger", "message": "Query existing data in LarkSheet Finish", "service": "cc_reconcile", "stage": "lark", "status": "ok"}
{"timestamp": "2026-02-15T19:05:17+0800", "level": "INFO", "logger": "etl_logger", "message": "Total unique keys in LarkSheet: 7, Total new mismatch cases to upload: 0", "service": "cc_reconcile", "stage": "lark", "status": "ok"}
{"timestamp": "2026-02-15T19:05:17+0800", "level": "INFO", "logger": "etl_logger", "message": "Append data to LarkSheet with range: Kalw4Y!A2:L3, rows: 1, columns: 12", "service": "cc_reconcile", "stage": "lark", "status": "ok"}
{"timestamp": "2026-02-15T19:05:17+0800", "level": "INFO", "logger": "etl_logger", "message": "✅ Successfully appended data to LarkSheet", "service": "cc_reconcile", "stage": "lark", "status": "ok"}
{"timestamp": "2026-02-15T19:05:18+0800", "level": "INFO", "logger": "etl_logger", "message": "Upload data to LarkSheet Finish", "service": "cc_reconcile", "stage": "lark", "status": "ok"}
{"timestamp": "2026-02-15T20:00:02+0800", "level": "INFO", "logger": "etl_logger", "message": "Start download reports...", "service": "cc_reconcile", "stage": "download", "status": "ok"}
{"timestamp": "2026-02-15T20:00:05+0800", "level": "INFO", "logger": "etl_logger", "message": "Payabl Login Success and Get Token Success", "service": "cc_reconcile", "stage": "download_payabl", "status": "ok"}
{"timestamp": "2026-02-15T20:00:05+0800", "level": "INFO", "logger": "etl_logger", "message": "Start downloading Payabl CC Report for date: 2026-02-14...", "service": "cc_reconcile", "stage": "download_payabl", "status": "ok"}
{"timestamp": "2026-02-15T20:00:20+0800", "level": "INFO", "logger": "etl_logger", "message": "Start downloading Payabl CC Report for date: 2026-02-15...", "service": "cc_reconcile", "stage": "download_payabl", "status": "ok"}
{"timestamp": "2026-02-15T20:00:31+0800", "level": "INFO", "logger": "etl_logger", "message": "Finish downloading Payabl CC Report", "service": "cc_reconcile", "stage": "download_payabl", "status": "ok"}
{"timestamp": "2026-02-15T20:00:31+0800", "level": "INFO", "logger": "etl_logger", "message": "Download Payabl CC Report Finish ，Total: 21004", "service": "cc_reconcile", "stage": "download", "status": "ok"}
{"timestamp": "2026-02-15T20:00:31+0800", "level": "INFO", "logger": "etl_logger", "message": "Login attempt 1/5", "service": "cc_reconcile", "stage": "download_davinci", "status": "ok"}
{"timestamp": "2026-02-15T20:00:32+0800", "level": "INFO", "logger": "etl_logger", "message": "Login response status=200, url=https://admin.vantagemarkets.com/admin/main, cookies=4", "service": "cc_reconcile", "stage": "download_davinci", "status": "ok"}
{"timestamp": "2026-02-15T20:00:32+0800", "level": "INFO", "logger": "etl_logger", "message": "Login successful", "service": "cc_reconcile", "stage": "download_davinci", "status": "ok"}
{"timestamp": "2026-02-15T20:00:33+0800", "level": "INFO", "logger": "etl_logger", "message": "Token obtained successfully", "service": "cc_reconcile", "stage": "download_davinci", "status": "ok"}
{"timestamp": "2026-02-15T20:00:33+0800", "level": "INFO", "logger": "etl_logger", "message": "Start downloading Davinci CC Report for brand: VFSC...", "service": "cc_reconcile", "stage": "download_davinci", "status": "ok"}
{"timestamp": "2026-02-15T20:00:50+0800", "level": "INFO", "logger": "etl_logger", "message": "POST success (VFSC 2026-02-12): cc_withdraw_detail_report_20260215120050.csv, took 17.9s", "service": "cc_reconcile", "stage": "download_davinci", "status": "ok"}
{"timestamp": "2026-02-15T20:00:53+0800", "level": "INFO", "logger": "etl_logger", "message": "Download success (VFSC 2026-02-12): cc_withdraw_detail_report_20260215120050.csv, took 2.1s", "service": "cc_reconcile", "stage": "download_davinci", "status": "ok"}
{"timestamp": "2026-02-15T20:01:10+0800", "level": "INFO", "logger": "etl_logger", "message": "POST success (VFSC 2026-02-13): cc_withdraw_detail_report_20260215120110.csv, took 17.4s", "service": "cc_reconcile", "stage": "download_davinci", "status": "ok"}
{"timestamp": "2026-02-15T20:01:12+0800", "level": "INFO", "logger": "etl_logger", "message": "Download success (VFSC 2026-02-13): cc_withdraw_detail_report_20260215120110.csv, took 2.2s", "service": "cc_reconcile", "stage": "download_davinci", "status": "ok"}
{"timestamp": "2026-02-15T20:01:29+0800", "level": "INFO", "logger": "etl_logger", "message": "POST success (VFSC 2026-02-14): cc_withdraw_detail_report_20260215120129.csv, took 16.6s", "service": "cc_reconcile", "stage": "download_davinci", "status": "ok"}
{"timestamp": "2026-02-15T20:01:31+0800", "level": "INFO", "logger": "etl_logger", "message": "Download success (VFSC 2026-02-14): cc_withdraw_detail_report_20260215120129.csv, took 1.9s", "service": "cc_reconcile", "stage": "download_davinci", "status": "ok"}
{"timestamp": "2026-02-15T20:01:47+0800", "level": "INFO", "logger": "etl_logger", "message": "POST success (VFSC 2026-02-15): cc_withdraw_detail_report_20260215120147.csv, took 16.2s", "service": "cc_reconcile", "stage": "download_davinci", "status": "ok"}
{"timestamp": "2026-02-15T20:01:48+0800", "level": "INFO", "logger": "etl_logger", "message": "Download success (VFSC 2026-02-15): cc_withdraw_detail_report_20260215120147.csv, took 1.2s", "service": "cc_reconcile", "stage": "download_davinci", "status": "ok"}
{"timestamp": "2026-02-15T20:01:48+0800", "level": "INFO", "logger": "etl_logger", "message": "Finish downloading Davinci CC - VFSC Report", "service": "cc_reconcile", "stage": "download_davinci", "status": "ok"}
{"timestamp": "2026-02-15T20:01:48+0800", "level": "INFO", "logger": "etl_logger", "message": "Start downloading Davinci CC Report for brand: VFSC2...", "service": "cc_reconcile", "stage": "download_davinci", "status": "ok"}
{"timestamp": "2026-02-15T20:02:39+0800", "level": "INFO", "logger": "etl_logger", "message": "POST success (VFSC2 2026-02-12): cc_withdraw_detail_report_20260215120239.csv, took 50.8s", "service": "cc_reconcile", "stage": "download_davinci", "status": "ok"}
{"timestamp": "2026-02-15T20:02:42+0800", "level": "INFO", "logger": "etl_logger", "message": "Download success (VFSC2 2026-02-12): cc_withdraw_detail_report_20260215120239.csv, took 2.9s", "service": "cc_reconcile", "stage": "download_davinci", "status": "ok"}
{"timestamp": "2026-02-15T20:03:31+0800", "level": "INFO", "logger": "etl_logger", "message": "POST success (VFSC2 2026-02-13): cc_withdraw_detail_report_20260215120330.csv, took 48.9s", "service": "cc_reconcile", "stage": "download_davinci", "status": "ok"}
{"timestamp": "2026-02-15T20:03:34+0800", "level": "INFO", "logger": "etl_logger", "message": "Download success (VFSC2 2026-02-13): cc_withdraw_detail_report_20260215120330.csv, took 3.0s", "service": "cc_reconcile", "stage": "download_davinci", "status": "ok"}
{"timestamp": "2026-02-15T20:04:21+0800", "level": "INFO", "logger": "etl_logger", "message": "POST success (VFSC2 2026-02-14): cc_withdraw_detail_report_20260215120421.csv, took 47.5s", "service": "cc_reconcile", "stage": "download_davinci", "status": "ok"}
{"timestamp": "2026-02-15T20:04:23+0800", "level": "INFO", "logger": "etl_logger", "message": "Download success (VFSC2 2026-02-14): cc_withdraw_detail_report_20260215120421.csv, took 2.4s", "service": "cc_reconcile", "stage": "download_davinci", "status": "ok"}
{"timestamp": "2026-02-15T20:05:10+0800", "level": "INFO", "logger": "etl_logger", "message": "POST success (VFSC2 2026-02-15): cc_withdraw_detail_report_20260215120510.csv, took 46.7s", "service": "cc_reconcile", "stage": "download_davinci", "status": "ok"}
{"timestamp": "2026-02-15T20:05:12+0800", "level": "INFO", "logger": "etl_logger", "message": "Download success (VFSC2 2026-02-15): cc_withdraw_detail_report_20260215120510.csv, took 2.2s", "service": "cc_reconcile", "stage": "download_davinci", "status": "ok"}
{"timestamp": "2026-02-15T20:05:13+0800", "level": "INFO", "logger": "etl_logger", "message": "Finish downloading Davinci CC - VFSC2 Report", "service": "cc_reconcile", "stage": "download_davinci", "status": "ok"}
{"timestamp": "2026-02-15T20:05:13+0800", "level": "INFO", "logger": "etl_logger", "message": "Finish downloading Davinci CC Report for all brands, total rows: 32903", "service": "cc_reconcile", "stage": "download_davinci", "status": "ok"}
{"timestamp": "2026-02-15T20:05:13+0800", "level": "INFO", "logger": "etl_logger", "message": "Download CRM CC Report Finish ，Total: 32903", "service": "cc_reconcile", "stage": "download", "status": "ok"}
{"timestamp": "2026-02-15T20:05:13+0800", "level": "INFO", "logger": "etl_logger", "message": "Start reconcile...", "service": "cc_reconcile", "stage": "reconcile", "status": "ok"}
{"timestamp": "2026-02-15T20:05:13+0800", "level": "INFO", "logger": "etl_logger", "message": "Reconcile Finish ，Total Mismatch Case: 0", "service": "cc_reconcile", "stage": "reconcile", "status": "ok"}
{"timestamp": "2026-02-15T20:05:13+0800", "level": "INFO", "logger": "etl_logger", "message": "Connect Lark Finish", "service": "cc_reconcile", "stage": "lark", "status": "ok"}
{"timestamp": "2026-02-15T20:05:13+0800", "level": "INFO", "logger": "etl_logger", "message": "Start query existing data in LarkSheet...", "service": "cc_reconcile", "stage": "lark", "status": "ok"}
{"timestamp": "2026-02-15T20:05:14+0800", "level": "INFO", "logger": "etl_logger", "message": "Query existing data in LarkSheet Finish", "service": "cc_reconcile", "stage": "lark", "status": "ok"}
{"timestamp": "2026-02-15T20:05:14+0800", "level": "INFO", "logger": "etl_logger", "message": "Total unique keys in LarkSheet: 7, Total new mismatch cases to upload: 0", "service": "cc_reconcile", "stage": "lark", "status": "ok"}
{"timestamp": "2026-02-15T20:05:14+0800", "level": "INFO", "logger": "etl_logger", "message": "Append data to LarkSheet with range: Kalw4Y!A2:L3, rows: 1, columns: 12", "service": "cc_reconcile", "stage": "lark", "status": "ok"}
{"timestamp": "2026-02-15T20:05:14+0800", "level": "INFO", "logger": "etl_logger", "message": "✅ Successfully appended data to LarkSheet", "service": "cc_reconcile", "stage": "lark", "status": "ok"}
{"timestamp": "2026-02-15T20:05:16+0800", "level": "INFO", "logger": "etl_logger", "message": "Upload data to LarkSheet Finish", "service": "cc_reconcile", "stage": "lark", "status": "ok"}
{"timestamp": "2026-02-15T21:00:01+0800", "level": "INFO", "logger": "etl_logger", "message": "Start download reports...", "service": "cc_reconcile", "stage": "download", "status": "ok"}
{"timestamp": "2026-02-15T21:00:04+0800", "level": "INFO", "logger": "etl_logger", "message": "Payabl Login Success and Get Token Success", "service": "cc_reconcile", "stage": "download_payabl", "status": "ok"}
{"timestamp": "2026-02-15T21:00:04+0800", "level": "INFO", "logger": "etl_logger", "message": "Start downloading Payabl CC Report for date: 2026-02-14...", "service": "cc_reconcile", "stage": "download_payabl", "status": "ok"}
{"timestamp": "2026-02-15T21:00:20+0800", "level": "INFO", "logger": "etl_logger", "message": "Start downloading Payabl CC Report for date: 2026-02-15...", "service": "cc_reconcile", "stage": "download_payabl", "status": "ok"}
{"timestamp": "2026-02-15T21:00:33+0800", "level": "INFO", "logger": "etl_logger", "message": "Finish downloading Payabl CC Report", "service": "cc_reconcile", "stage": "download_payabl", "status": "ok"}
{"timestamp": "2026-02-15T21:00:33+0800", "level": "INFO", "logger": "etl_logger", "message": "Download Payabl CC Report Finish ，Total: 22386", "service": "cc_reconcile", "stage": "download", "status": "ok"}
{"timestamp": "2026-02-15T21:00:33+0800", "level": "INFO", "logger": "etl_logger", "message": "Login attempt 1/5", "service": "cc_reconcile", "stage": "download_davinci", "status": "ok"}
{"timestamp": "2026-02-15T21:00:34+0800", "level": "INFO", "logger": "etl_logger", "message": "Login response status=200, url=https://admin.vantagemarkets.com/admin/main, cookies=4", "service": "cc_reconcile", "stage": "download_davinci", "status": "ok"}
{"timestamp": "2026-02-15T21:00:34+0800", "level": "INFO", "logger": "etl_logger", "message": "Login successful", "service": "cc_reconcile", "stage": "download_davinci", "status": "ok"}
{"timestamp": "2026-02-15T21:00:34+0800", "level": "INFO", "logger": "etl_logger", "message": "Token obtained successfully", "service": "cc_reconcile", "stage": "download_davinci", "status": "ok"}
{"timestamp": "2026-02-15T21:00:34+0800", "level": "INFO", "logger": "etl_logger", "message": "Start downloading Davinci CC Report for brand: VFSC...", "service": "cc_reconcile", "stage": "download_davinci", "status": "ok"}
{"timestamp": "2026-02-15T21:00:55+0800", "level": "INFO", "logger": "etl_logger", "message": "POST success (VFSC 2026-02-12): cc_withdraw_detail_report_20260215130055.csv, took 20.4s", "service": "cc_reconcile", "stage": "download_davinci", "status": "ok"}
{"timestamp": "2026-02-15T21:00:57+0800", "level": "INFO", "logger": "etl_logger", "message": "Download success (VFSC 2026-02-12): cc_withdraw_detail_report_20260215130055.csv, took 2.1s", "service": "cc_reconcile", "stage": "download_davinci", "status": "ok"}
{"timestamp": "2026-02-15T21:01:14+0800", "level": "INFO", "logger": "etl_logger", "message": "POST success (VFSC 2026-02-13): cc_withdraw_detail_report_20260215130114.csv, took 17.3s", "service": "cc_reconcile", "stage": "download_davinci", "status": "ok"}
{"timestamp": "2026-02-15T21:01:16+0800", "level": "INFO", "logger": "etl_logger", "message": "Download success (VFSC 2026-02-13): cc_withdraw_detail_report_20260215130114.csv, took 2.1s", "service": "cc_reconcile", "stage": "download_davinci", "status": "ok"}
{"timestamp": "2026-02-15T21:01:33+0800", "level": "INFO", "logger": "etl_logger", "message": "POST success (VFSC 2026-02-14): cc_withdraw_detail_report_20260215130133.csv, took 16.7s", "service": "cc_reconcile", "stage": "download_davinci", "status": "ok"}
{"timestamp": "2026-02-15T21:01:35+0800", "level": "INFO", "logger": "etl_logger", "message": "Download success (VFSC 2026-02-14): cc_withdraw_detail_report_20260215130133.csv, took 1.7s", "service": "cc_reconcile", "stage": "download_davinci", "status": "ok"}
{"timestamp": "2026-02-15T21:01:51+0800", "level": "INFO", "logger": "etl_logger", "message": "POST success (VFSC 2026-02-15): cc_withdraw_detail_report_20260215130151.csv, took 16.8s", "service": "cc_reconcile", "stage": "download_davinci", "status": "ok"}
{"timestamp": "2026-02-15T21:01:53+0800", "level": "INFO", "logger": "etl_logger", "message": "Download success (VFSC 2026-02-15): cc_withdraw_detail_report_20260215130151.csv, took 1.5s", "service": "cc_reconcile", "stage": "download_davinci", "status": "ok"}
{"timestamp": "2026-02-15T21:01:53+0800", "level": "INFO", "logger": "etl_logger", "message": "Finish downloading Davinci CC - VFSC Report", "service": "cc_reconcile", "stage": "download_davinci", "status": "ok"}
{"timestamp": "2026-02-15T21:01:53+0800", "level": "INFO", "logger": "etl_logger", "message": "Start downloading Davinci CC Report for brand: VFSC2...", "service": "cc_reconcile", "stage": "download_davinci", "status": "ok"}
{"timestamp": "2026-02-15T21:02:43+0800", "level": "INFO", "logger": "etl_logger", "message": "POST success (VFSC2 2026-02-12): cc_withdraw_detail_report_20260215130243.csv, took 50.0s", "service": "cc_reconcile", "stage": "download_davinci", "status": "ok"}
{"timestamp": "2026-02-15T21:02:46+0800", "level": "INFO", "logger": "etl_logger", "message": "Download success (VFSC2 2026-02-12): cc_withdraw_detail_report_20260215130243.csv, took 3.0s", "service": "cc_reconcile", "stage": "download_davinci", "status": "ok"}
{"timestamp": "2026-02-15T21:03:38+0800", "level": "INFO", "logger": "etl_logger", "message": "POST success (VFSC2 2026-02-13): cc_withdraw_detail_report_20260215130337.csv, took 51.8s", "service": "cc_reconcile", "stage": "download_davinci", "status": "ok"}
{"timestamp": "2026-02-15T21:03:41+0800", "level": "INFO", "logger": "etl_logger", "message": "Download success (VFSC2 2026-02-13): cc_withdraw_detail_report_20260215130337.csv, took 3.0s", "service": "cc_reconcile", "stage": "download_davinci", "status": "ok"}
{"timestamp": "2026-02-15T21:04:30+0800", "level": "INFO", "logger": "etl_logger", "message": "POST success (VFSC2 2026-02-14): cc_withdraw_detail_report_20260215130430.csv, took 49.2s", "service": "cc_reconcile", "stage": "download_davinci", "status": "ok"}
{"timestamp": "2026-02-15T21:04:32+0800", "level": "INFO", "logger": "etl_logger", "message": "Download success (VFSC2 2026-02-14): cc_withdraw_detail_report_20260215130430.csv, took 2.4s", "service": "cc_reconcile", "stage": "download_davinci", "status": "ok"}
{"timestamp": "2026-02-15T21:05:21+0800", "level": "INFO", "logger": "etl_logger", "message": "POST success (VFSC2 2026-02-15): cc_withdraw_detail_report_20260215130521.csv, took 48.6s", "service": "cc_reconcile", "stage": "download_davinci", "status": "ok"}
{"timestamp": "2026-02-15T21:05:23+0800", "level": "INFO", "logger": "etl_logger", "message": "Download success (VFSC2 2026-02-15): cc_withdraw_detail_report_20260215130521.csv, took 2.1s", "service": "cc_reconcile", "stage": "download_davinci", "status": "ok"}
{"timestamp": "2026-02-15T21:05:24+0800", "level": "INFO", "logger": "etl_logger", "message": "Finish downloading Davinci CC - VFSC2 Report", "service": "cc_reconcile", "stage": "download_davinci", "status": "ok"}
{"timestamp": "2026-02-15T21:05:24+0800", "level": "INFO", "logger": "etl_logger", "message": "Finish downloading Davinci CC Report for all brands, total rows: 33136", "service": "cc_reconcile", "stage": "download_davinci", "status": "ok"}
{"timestamp": "2026-02-15T21:05:24+0800", "level": "INFO", "logger": "etl_logger", "message": "Download CRM CC Report Finish ，Total: 33136", "service": "cc_reconcile", "stage": "download", "status": "ok"}
{"timestamp": "2026-02-15T21:05:24+0800", "level": "INFO", "logger": "etl_logger", "message": "Start reconcile...", "service": "cc_reconcile", "stage": "reconcile", "status": "ok"}
{"timestamp": "2026-02-15T21:05:24+0800", "level": "INFO", "logger": "etl_logger", "message": "Reconcile Finish ，Total Mismatch Case: 0", "service": "cc_reconcile", "stage": "reconcile", "status": "ok"}
{"timestamp": "2026-02-15T21:05:24+0800", "level": "INFO", "logger": "etl_logger", "message": "Connect Lark Finish", "service": "cc_reconcile", "stage": "lark", "status": "ok"}
{"timestamp": "2026-02-15T21:05:24+0800", "level": "INFO", "logger": "etl_logger", "message": "Start query existing data in LarkSheet...", "service": "cc_reconcile", "stage": "lark", "status": "ok"}
{"timestamp": "2026-02-15T21:05:25+0800", "level": "INFO", "logger": "etl_logger", "message": "Query existing data in LarkSheet Finish", "service": "cc_reconcile", "stage": "lark", "status": "ok"}
{"timestamp": "2026-02-15T21:05:25+0800", "level": "INFO", "logger": "etl_logger", "message": "Total unique keys in LarkSheet: 7, Total new mismatch cases to upload: 0", "service": "cc_reconcile", "stage": "lark", "status": "ok"}
{"timestamp": "2026-02-15T21:05:25+0800", "level": "INFO", "logger": "etl_logger", "message": "Append data to LarkSheet with range: Kalw4Y!A2:L3, rows: 1, columns: 12", "service": "cc_reconcile", "stage": "lark", "status": "ok"}
{"timestamp": "2026-02-15T21:05:26+0800", "level": "INFO", "logger": "etl_logger", "message": "✅ Successfully appended data to LarkSheet", "service": "cc_reconcile", "stage": "lark", "status": "ok"}
{"timestamp": "2026-02-15T21:05:27+0800", "level": "INFO", "logger": "etl_logger", "message": "Upload data to LarkSheet Finish", "service": "cc_reconcile", "stage": "lark", "status": "ok"}
{"timestamp": "2026-02-15T22:00:01+0800", "level": "INFO", "logger": "etl_logger", "message": "Start download reports...", "service": "cc_reconcile", "stage": "download", "status": "ok"}
{"timestamp": "2026-02-15T22:00:04+0800", "level": "INFO", "logger": "etl_logger", "message": "Payabl Login Success and Get Token Success", "service": "cc_reconcile", "stage": "download_payabl", "status": "ok"}
{"timestamp": "2026-02-15T22:00:04+0800", "level": "INFO", "logger": "etl_logger", "message": "Start downloading Payabl CC Report for date: 2026-02-14...", "service": "cc_reconcile", "stage": "download_payabl", "status": "ok"}
{"timestamp": "2026-02-15T22:00:20+0800", "level": "INFO", "logger": "etl_logger", "message": "Start downloading Payabl CC Report for date: 2026-02-15...", "service": "cc_reconcile", "stage": "download_payabl", "status": "ok"}
{"timestamp": "2026-02-15T22:00:33+0800", "level": "INFO", "logger": "etl_logger", "message": "Finish downloading Payabl CC Report", "service": "cc_reconcile", "stage": "download_payabl", "status": "ok"}
{"timestamp": "2026-02-15T22:00:33+0800", "level": "INFO", "logger": "etl_logger", "message": "Download Payabl CC Report Finish ，Total: 24481", "service": "cc_reconcile", "stage": "download", "status": "ok"}
{"timestamp": "2026-02-15T22:00:33+0800", "level": "INFO", "logger": "etl_logger", "message": "Login attempt 1/5", "service": "cc_reconcile", "stage": "download_davinci", "status": "ok"}
{"timestamp": "2026-02-15T22:00:35+0800", "level": "INFO", "logger": "etl_logger", "message": "Login response status=200, url=https://admin.vantagemarkets.com/admin/main, cookies=4", "service": "cc_reconcile", "stage": "download_davinci", "status": "ok"}
{"timestamp": "2026-02-15T22:00:35+0800", "level": "INFO", "logger": "etl_logger", "message": "Login successful", "service": "cc_reconcile", "stage": "download_davinci", "status": "ok"}
{"timestamp": "2026-02-15T22:00:35+0800", "level": "INFO", "logger": "etl_logger", "message": "Token obtained successfully", "service": "cc_reconcile", "stage": "download_davinci", "status": "ok"}
{"timestamp": "2026-02-15T22:00:35+0800", "level": "INFO", "logger": "etl_logger", "message": "Start downloading Davinci CC Report for brand: VFSC...", "service": "cc_reconcile", "stage": "download_davinci", "status": "ok"}
{"timestamp": "2026-02-15T22:00:53+0800", "level": "INFO", "logger": "etl_logger", "message": "POST success (VFSC 2026-02-12): cc_withdraw_detail_report_20260215140052.csv, took 17.6s", "service": "cc_reconcile", "stage": "download_davinci", "status": "ok"}
{"timestamp": "2026-02-15T22:00:55+0800", "level": "INFO", "logger": "etl_logger", "message": "Download success (VFSC 2026-02-12): cc_withdraw_detail_report_20260215140052.csv, took 2.1s", "service": "cc_reconcile", "stage": "download_davinci", "status": "ok"}
{"timestamp": "2026-02-15T22:01:12+0800", "level": "INFO", "logger": "etl_logger", "message": "POST success (VFSC 2026-02-13): cc_withdraw_detail_report_20260215140112.csv, took 17.0s", "service": "cc_reconcile", "stage": "download_davinci", "status": "ok"}
{"timestamp": "2026-02-15T22:01:14+0800", "level": "INFO", "logger": "etl_logger", "message": "Download success (VFSC 2026-02-13): cc_withdraw_detail_report_20260215140112.csv, took 2.1s", "service": "cc_reconcile", "stage": "download_davinci", "status": "ok"}
{"timestamp": "2026-02-15T22:01:31+0800", "level": "INFO", "logger": "etl_logger", "message": "POST success (VFSC 2026-02-14): cc_withdraw_detail_report_20260215140131.csv, took 17.2s", "service": "cc_reconcile", "stage": "download_davinci", "status": "ok"}
{"timestamp": "2026-02-15T22:01:33+0800", "level": "INFO", "logger": "etl_logger", "message": "Download success (VFSC 2026-02-14): cc_withdraw_detail_report_20260215140131.csv, took 1.9s", "service": "cc_reconcile", "stage": "download_davinci", "status": "ok"}
{"timestamp": "2026-02-15T22:01:50+0800", "level": "INFO", "logger": "etl_logger", "message": "POST success (VFSC 2026-02-15): cc_withdraw_detail_report_20260215140150.csv, took 16.9s", "service": "cc_reconcile", "stage": "download_davinci", "status": "ok"}
{"timestamp": "2026-02-15T22:01:51+0800", "level": "INFO", "logger": "etl_logger", "message": "Download success (VFSC 2026-02-15): cc_withdraw_detail_report_20260215140150.csv, took 1.4s", "service": "cc_reconcile", "stage": "download_davinci", "status": "ok"}
{"timestamp": "2026-02-15T22:01:51+0800", "level": "INFO", "logger": "etl_logger", "message": "Finish downloading Davinci CC - VFSC Report", "service": "cc_reconcile", "stage": "download_davinci", "status": "ok"}
{"timestamp": "2026-02-15T22:01:51+0800", "level": "INFO", "logger": "etl_logger", "message": "Start downloading Davinci CC Report for brand: VFSC2...", "service": "cc_reconcile", "stage": "download_davinci", "status": "ok"}
{"timestamp": "2026-02-15T22:02:41+0800", "level": "INFO", "logger": "etl_logger", "message": "POST success (VFSC2 2026-02-12): cc_withdraw_detail_report_20260215140241.csv, took 49.8s", "service": "cc_reconcile", "stage": "download_davinci", "status": "ok"}
{"timestamp": "2026-02-15T22:02:44+0800", "level": "INFO", "logger": "etl_logger", "message": "Download success (VFSC2 2026-02-12): cc_withdraw_detail_report_20260215140241.csv, took 2.9s", "service": "cc_reconcile", "stage": "download_davinci", "status": "ok"}
{"timestamp": "2026-02-15T22:03:35+0800", "level": "INFO", "logger": "etl_logger", "message": "POST success (VFSC2 2026-02-13): cc_withdraw_detail_report_20260215140335.csv, took 51.0s", "service": "cc_reconcile", "stage": "download_davinci", "status": "ok"}
{"timestamp": "2026-02-15T22:03:38+0800", "level": "INFO", "logger": "etl_logger", "message": "Download success (VFSC2 2026-02-13): cc_withdraw_detail_report_20260215140335.csv, took 3.0s", "service": "cc_reconcile", "stage": "download_davinci", "status": "ok"}
{"timestamp": "2026-02-15T22:04:28+0800", "level": "INFO", "logger": "etl_logger", "message": "POST success (VFSC2 2026-02-14): cc_withdraw_detail_report_20260215140428.csv, took 50.0s", "service": "cc_reconcile", "stage": "download_davinci", "status": "ok"}
{"timestamp": "2026-02-15T22:04:30+0800", "level": "INFO", "logger": "etl_logger", "message": "Download success (VFSC2 2026-02-14): cc_withdraw_detail_report_20260215140428.csv, took 2.4s", "service": "cc_reconcile", "stage": "download_davinci", "status": "ok"}
{"timestamp": "2026-02-15T22:05:19+0800", "level": "INFO", "logger": "etl_logger", "message": "POST success (VFSC2 2026-02-15): cc_withdraw_detail_report_20260215140519.csv, took 48.7s", "service": "cc_reconcile", "stage": "download_davinci", "status": "ok"}
{"timestamp": "2026-02-15T22:05:21+0800", "level": "INFO", "logger": "etl_logger", "message": "Download success (VFSC2 2026-02-15): cc_withdraw_detail_report_20260215140519.csv, took 2.2s", "service": "cc_reconcile", "stage": "download_davinci", "status": "ok"}
{"timestamp": "2026-02-15T22:05:22+0800", "level": "INFO", "logger": "etl_logger", "message": "Finish downloading Davinci CC - VFSC2 Report", "service": "cc_reconcile", "stage": "download_davinci", "status": "ok"}
{"timestamp": "2026-02-15T22:05:22+0800", "level": "INFO", "logger": "etl_logger", "message": "Finish downloading Davinci CC Report for all brands, total rows: 33357", "service": "cc_reconcile", "stage": "download_davinci", "status": "ok"}
{"timestamp": "2026-02-15T22:05:22+0800", "level": "INFO", "logger": "etl_logger", "message": "Download CRM CC Report Finish ，Total: 33357", "service": "cc_reconcile", "stage": "download", "status": "ok"}
{"timestamp": "2026-02-15T22:05:22+0800", "level": "INFO", "logger": "etl_logger", "message": "Start reconcile...", "service": "cc_reconcile", "stage": "reconcile", "status": "ok"}
{"timestamp": "2026-02-15T22:05:22+0800", "level": "INFO", "logger": "etl_logger", "message": "Reconcile Finish ，Total Mismatch Case: 0", "service": "cc_reconcile", "stage": "reconcile", "status": "ok"}
{"timestamp": "2026-02-15T22:05:22+0800", "level": "INFO", "logger": "etl_logger", "message": "Connect Lark Finish", "service": "cc_reconcile", "stage": "lark", "status": "ok"}
{"timestamp": "2026-02-15T22:05:22+0800", "level": "INFO", "logger": "etl_logger", "message": "Start query existing data in LarkSheet...", "service": "cc_reconcile", "stage": "lark", "status": "ok"}
{"timestamp": "2026-02-15T22:05:24+0800", "level": "INFO", "logger": "etl_logger", "message": "Query existing data in LarkSheet Finish", "service": "cc_reconcile", "stage": "lark", "status": "ok"}
{"timestamp": "2026-02-15T22:05:24+0800", "level": "INFO", "logger": "etl_logger", "message": "Total unique keys in LarkSheet: 7, Total new mismatch cases to upload: 0", "service": "cc_reconcile", "stage": "lark", "status": "ok"}
{"timestamp": "2026-02-15T22:05:24+0800", "level": "INFO", "logger": "etl_logger", "message": "Append data to LarkSheet with range: Kalw4Y!A2:L3, rows: 1, columns: 12", "service": "cc_reconcile", "stage": "lark", "status": "ok"}
{"timestamp": "2026-02-15T22:05:24+0800", "level": "INFO", "logger": "etl_logger", "message": "✅ Successfully appended data to LarkSheet", "service": "cc_reconcile", "stage": "lark", "status": "ok"}
{"timestamp": "2026-02-15T22:05:25+0800", "level": "INFO", "logger": "etl_logger", "message": "Upload data to LarkSheet Finish", "service": "cc_reconcile", "stage": "lark", "status": "ok"}
{"timestamp": "2026-02-15T23:00:01+0800", "level": "INFO", "logger": "etl_logger", "message": "Start download reports...", "service": "cc_reconcile", "stage": "download", "status": "ok"}
{"timestamp": "2026-02-15T23:00:05+0800", "level": "INFO", "logger": "etl_logger", "message": "Payabl Login Success and Get Token Success", "service": "cc_reconcile", "stage": "download_payabl", "status": "ok"}
{"timestamp": "2026-02-15T23:00:05+0800", "level": "INFO", "logger": "etl_logger", "message": "Start downloading Payabl CC Report for date: 2026-02-14...", "service": "cc_reconcile", "stage": "download_payabl", "status": "ok"}
{"timestamp": "2026-02-15T23:00:20+0800", "level": "INFO", "logger": "etl_logger", "message": "Start downloading Payabl CC Report for date: 2026-02-15...", "service": "cc_reconcile", "stage": "download_payabl", "status": "ok"}
{"timestamp": "2026-02-15T23:00:35+0800", "level": "INFO", "logger": "etl_logger", "message": "Finish downloading Payabl CC Report", "service": "cc_reconcile", "stage": "download_payabl", "status": "ok"}
{"timestamp": "2026-02-15T23:00:35+0800", "level": "INFO", "logger": "etl_logger", "message": "Download Payabl CC Report Finish ，Total: 25642", "service": "cc_reconcile", "stage": "download", "status": "ok"}
{"timestamp": "2026-02-15T23:00:35+0800", "level": "INFO", "logger": "etl_logger", "message": "Login attempt 1/5", "service": "cc_reconcile", "stage": "download_davinci", "status": "ok"}
{"timestamp": "2026-02-15T23:00:36+0800", "level": "INFO", "logger": "etl_logger", "message": "Login response status=200, url=https://admin.vantagemarkets.com/admin/main, cookies=4", "service": "cc_reconcile", "stage": "download_davinci", "status": "ok"}
{"timestamp": "2026-02-15T23:00:36+0800", "level": "INFO", "logger": "etl_logger", "message": "Login successful", "service": "cc_reconcile", "stage": "download_davinci", "status": "ok"}
{"timestamp": "2026-02-15T23:00:36+0800", "level": "INFO", "logger": "etl_logger", "message": "Token obtained successfully", "service": "cc_reconcile", "stage": "download_davinci", "status": "ok"}
{"timestamp": "2026-02-15T23:00:36+0800", "level": "INFO", "logger": "etl_logger", "message": "Start downloading Davinci CC Report for brand: VFSC...", "service": "cc_reconcile", "stage": "download_davinci", "status": "ok"}
{"timestamp": "2026-02-15T23:00:56+0800", "level": "INFO", "logger": "etl_logger", "message": "POST success (VFSC 2026-02-12): cc_withdraw_detail_report_20260215150056.csv, took 20.2s", "service": "cc_reconcile", "stage": "download_davinci", "status": "ok"}
{"timestamp": "2026-02-15T23:00:58+0800", "level": "INFO", "logger": "etl_logger", "message": "Download success (VFSC 2026-02-12): cc_withdraw_detail_report_20260215150056.csv, took 2.2s", "service": "cc_reconcile", "stage": "download_davinci", "status": "ok"}
{"timestamp": "2026-02-15T23:01:15+0800", "level": "INFO", "logger": "etl_logger", "message": "POST success (VFSC 2026-02-13): cc_withdraw_detail_report_20260215150115.csv, took 17.1s", "service": "cc_reconcile", "stage": "download_davinci", "status": "ok"}
{"timestamp": "2026-02-15T23:01:17+0800", "level": "INFO", "logger": "etl_logger", "message": "Download success (VFSC 2026-02-13): cc_withdraw_detail_report_20260215150115.csv, took 2.1s", "service": "cc_reconcile", "stage": "download_davinci", "status": "ok"}
{"timestamp": "2026-02-15T23:01:34+0800", "level": "INFO", "logger": "etl_logger", "message": "POST success (VFSC 2026-02-14): cc_withdraw_detail_report_20260215150134.csv, took 17.0s", "service": "cc_reconcile", "stage": "download_davinci", "status": "ok"}
{"timestamp": "2026-02-15T23:01:36+0800", "level": "INFO", "logger": "etl_logger", "message": "Download success (VFSC 2026-02-14): cc_withdraw_detail_report_20260215150134.csv, took 1.9s", "service": "cc_reconcile", "stage": "download_davinci", "status": "ok"}
{"timestamp": "2026-02-15T23:01:53+0800", "level": "INFO", "logger": "etl_logger", "message": "POST success (VFSC 2026-02-15): cc_withdraw_detail_report_20260215150153.csv, took 16.8s", "service": "cc_reconcile", "stage": "download_davinci", "status": "ok"}
{"timestamp": "2026-02-15T23:01:55+0800", "level": "INFO", "logger": "etl_logger", "message": "Download success (VFSC 2026-02-15): cc_withdraw_detail_report_20260215150153.csv, took 1.4s", "service": "cc_reconcile", "stage": "download_davinci", "status": "ok"}
{"timestamp": "2026-02-15T23:01:55+0800", "level": "INFO", "logger": "etl_logger", "message": "Finish downloading Davinci CC - VFSC Report", "service": "cc_reconcile", "stage": "download_davinci", "status": "ok"}
{"timestamp": "2026-02-15T23:01:55+0800", "level": "INFO", "logger": "etl_logger", "message": "Start downloading Davinci CC Report for brand: VFSC2...", "service": "cc_reconcile", "stage": "download_davinci", "status": "ok"}
{"timestamp": "2026-02-15T23:02:44+0800", "level": "INFO", "logger": "etl_logger", "message": "POST success (VFSC2 2026-02-12): cc_withdraw_detail_report_20260215150244.csv, took 49.8s", "service": "cc_reconcile", "stage": "download_davinci", "status": "ok"}
{"timestamp": "2026-02-15T23:02:47+0800", "level": "INFO", "logger": "etl_logger", "message": "Download success (VFSC2 2026-02-12): cc_withdraw_detail_report_20260215150244.csv, took 3.0s", "service": "cc_reconcile", "stage": "download_davinci", "status": "ok"}
{"timestamp": "2026-02-15T23:03:37+0800", "level": "INFO", "logger": "etl_logger", "message": "POST success (VFSC2 2026-02-13): cc_withdraw_detail_report_20260215150337.csv, took 50.0s", "service": "cc_reconcile", "stage": "download_davinci", "status": "ok"}
{"timestamp": "2026-02-15T23:03:40+0800", "level": "INFO", "logger": "etl_logger", "message": "Download success (VFSC2 2026-02-13): cc_withdraw_detail_report_20260215150337.csv, took 3.0s", "service": "cc_reconcile", "stage": "download_davinci", "status": "ok"}
{"timestamp": "2026-02-15T23:04:29+0800", "level": "INFO", "logger": "etl_logger", "message": "POST success (VFSC2 2026-02-14): cc_withdraw_detail_report_20260215150428.csv, took 48.2s", "service": "cc_reconcile", "stage": "download_davinci", "status": "ok"}
{"timestamp": "2026-02-15T23:04:31+0800", "level": "INFO", "logger": "etl_logger", "message": "Download success (VFSC2 2026-02-14): cc_withdraw_detail_report_20260215150428.csv, took 2.4s", "service": "cc_reconcile", "stage": "download_davinci", "status": "ok"}
{"timestamp": "2026-02-15T23:05:18+0800", "level": "INFO", "logger": "etl_logger", "message": "POST success (VFSC2 2026-02-15): cc_withdraw_detail_report_20260215150518.csv, took 47.5s", "service": "cc_reconcile", "stage": "download_davinci", "status": "ok"}
{"timestamp": "2026-02-15T23:05:20+0800", "level": "INFO", "logger": "etl_logger", "message": "Download success (VFSC2 2026-02-15): cc_withdraw_detail_report_20260215150518.csv, took 1.8s", "service": "cc_reconcile", "stage": "download_davinci", "status": "ok"}
{"timestamp": "2026-02-15T23:05:21+0800", "level": "INFO", "logger": "etl_logger", "message": "Finish downloading Davinci CC - VFSC2 Report", "service": "cc_reconcile", "stage": "download_davinci", "status": "ok"}
{"timestamp": "2026-02-15T23:05:21+0800", "level": "INFO", "logger": "etl_logger", "message": "Finish downloading Davinci CC Report for all brands, total rows: 33468", "service": "cc_reconcile", "stage": "download_davinci", "status": "ok"}
{"timestamp": "2026-02-15T23:05:21+0800", "level": "INFO", "logger": "etl_logger", "message": "Download CRM CC Report Finish ，Total: 33468", "service": "cc_reconcile", "stage": "download", "status": "ok"}
{"timestamp": "2026-02-15T23:05:21+0800", "level": "INFO", "logger": "etl_logger", "message": "Start reconcile...", "service": "cc_reconcile", "stage": "reconcile", "status": "ok"}
{"timestamp": "2026-02-15T23:05:21+0800", "level": "INFO", "logger": "etl_logger", "message": "Reconcile Finish ，Total Mismatch Case: 0", "service": "cc_reconcile", "stage": "reconcile", "status": "ok"}
{"timestamp": "2026-02-15T23:05:21+0800", "level": "INFO", "logger": "etl_logger", "message": "Connect Lark Finish", "service": "cc_reconcile", "stage": "lark", "status": "ok"}
{"timestamp": "2026-02-15T23:05:21+0800", "level": "INFO", "logger": "etl_logger", "message": "Start query existing data in LarkSheet...", "service": "cc_reconcile", "stage": "lark", "status": "ok"}
{"timestamp": "2026-02-15T23:05:22+0800", "level": "INFO", "logger": "etl_logger", "message": "Query existing data in LarkSheet Finish", "service": "cc_reconcile", "stage": "lark", "status": "ok"}
{"timestamp": "2026-02-15T23:05:22+0800", "level": "INFO", "logger": "etl_logger", "message": "Total unique keys in LarkSheet: 7, Total new mismatch cases to upload: 0", "service": "cc_reconcile", "stage": "lark", "status": "ok"}
{"timestamp": "2026-02-15T23:05:22+0800", "level": "INFO", "logger": "etl_logger", "message": "Append data to LarkSheet with range: Kalw4Y!A2:L3, rows: 1, columns: 12", "service": "cc_reconcile", "stage": "lark", "status": "ok"}
{"timestamp": "2026-02-15T23:05:23+0800", "level": "INFO", "logger": "etl_logger", "message": "✅ Successfully appended data to LarkSheet", "service": "cc_reconcile", "stage": "lark", "status": "ok"}
{"timestamp": "2026-02-15T23:05:24+0800", "level": "INFO", "logger": "etl_logger", "message": "Upload data to LarkSheet Finish", "service": "cc_reconcile", "stage": "lark", "status": "ok"}
