{"timestamp": "2026-02-28T00:00:02+0800", "level": "INFO", "logger": "etl_logger", "message": "Start download reports...", "service": "cc_reconcile", "stage": "download", "status": "ok"}
{"timestamp": "2026-02-28T00:00:05+0800", "level": "INFO", "logger": "etl_logger", "message": "Payabl Login Success and Get Token Success", "service": "cc_reconcile", "stage": "download_payabl", "status": "ok"}
{"timestamp": "2026-02-28T00:00:05+0800", "level": "INFO", "logger": "etl_logger", "message": "Start downloading Payabl CC Report for date: 2026-02-27...", "service": "cc_reconcile", "stage": "download_payabl", "status": "ok"}
{"timestamp": "2026-02-28T00:00:27+0800", "level": "INFO", "logger": "etl_logger", "message": "Start downloading Payabl CC Report for date: 2026-02-28...", "service": "cc_reconcile", "stage": "download_payabl", "status": "ok"}
{"timestamp": "2026-02-28T00:00:35+0800", "level": "INFO", "logger": "etl_logger", "message": "Finish downloading Payabl CC Report", "service": "cc_reconcile", "stage": "download_payabl", "status": "ok"}
{"timestamp": "2026-02-28T00:00:35+0800", "level": "INFO", "logger": "etl_logger", "message": "Download Payabl CC Report Finish ，Total: 32287", "service": "cc_reconcile", "stage": "download", "status": "ok"}
{"timestamp": "2026-02-28T00:00:35+0800", "level": "INFO", "logger": "etl_logger", "message": "Login attempt 1/5", "service": "cc_reconcile", "stage": "download_davinci", "status": "ok"}
{"timestamp": "2026-02-28T00:00:36+0800", "level": "INFO", "logger": "etl_logger", "message": "Login response status=200, url=https://admin.vantagemarkets.com/admin/main, cookies=4", "service": "cc_reconcile", "stage": "download_davinci", "status": "ok"}
{"timestamp": "2026-02-28T00:00:36+0800", "level": "INFO", "logger": "etl_logger", "message": "Login successful", "service": "cc_reconcile", "stage": "download_davinci", "status": "ok"}
{"timestamp": "2026-02-28T00:00:36+0800", "level": "INFO", "logger": "etl_logger", "message": "Token obtained successfully", "service": "cc_reconcile", "stage": "download_davinci", "status": "ok"}
{"timestamp": "2026-02-28T00:00:36+0800", "level": "INFO", "logger": "etl_logger", "message": "Start downloading Davinci CC Report for brand: VFSC...", "service": "cc_reconcile", "stage": "download_davinci", "status": "ok"}
{"timestamp": "2026-02-28T00:01:02+0800", "level": "INFO", "logger": "etl_logger", "message": "POST success (VFSC 2026-02-24): cc_withdraw_detail_report_20260227160102.csv, took 25.4s", "service": "cc_reconcile", "stage": "download_davinci", "status": "ok"}
{"timestamp": "2026-02-28T00:01:04+0800", "level": "INFO", "logger": "etl_logger", "message": "Download success (VFSC 2026-02-24): cc_withdraw_detail_report_20260227160102.csv, took 2.2s", "service": "cc_reconcile", "stage": "download_davinci", "status": "ok"}
{"timestamp": "2026-02-28T00:01:37+0800", "level": "INFO", "logger": "etl_logger", "message": "POST success (VFSC 2026-02-25): cc_withdraw_detail_report_20260227160137.csv, took 33.3s", "service": "cc_reconcile", "stage": "download_davinci", "status": "ok"}
{"timestamp": "2026-02-28T00:01:39+0800", "level": "INFO", "logger": "etl_logger", "message": "Download success (VFSC 2026-02-25): cc_withdraw_detail_report_20260227160137.csv, took 2.2s", "service": "cc_reconcile", "stage": "download_davinci", "status": "ok"}
{"timestamp": "2026-02-28T00:01:58+0800", "level": "INFO", "logger": "etl_logger", "message": "POST success (VFSC 2026-02-26): cc_withdraw_detail_report_20260227160158.csv, took 18.8s", "service": "cc_reconcile", "stage": "download_davinci", "status": "ok"}
{"timestamp": "2026-02-28T00:02:00+0800", "level": "INFO", "logger": "etl_logger", "message": "Download success (VFSC 2026-02-26): cc_withdraw_detail_report_20260227160158.csv, took 2.1s", "service": "cc_reconcile", "stage": "download_davinci", "status": "ok"}
{"timestamp": "2026-02-28T00:02:18+0800", "level": "INFO", "logger": "etl_logger", "message": "POST success (VFSC 2026-02-27): cc_withdraw_detail_report_20260227160218.csv, took 17.6s", "service": "cc_reconcile", "stage": "download_davinci", "status": "ok"}
{"timestamp": "2026-02-28T00:02:20+0800", "level": "INFO", "logger": "etl_logger", "message": "Download success (VFSC 2026-02-27): cc_withdraw_detail_report_20260227160218.csv, took 1.9s", "service": "cc_reconcile", "stage": "download_davinci", "status": "ok"}
{"timestamp": "2026-02-28T00:02:20+0800", "level": "INFO", "logger": "etl_logger", "message": "Finish downloading Davinci CC - VFSC Report", "service": "cc_reconcile", "stage": "download_davinci", "status": "ok"}
{"timestamp": "2026-02-28T00:02:20+0800", "level": "INFO", "logger": "etl_logger", "message": "Start downloading Davinci CC Report for brand: VFSC2...", "service": "cc_reconcile", "stage": "download_davinci", "status": "ok"}
{"timestamp": "2026-02-28T00:03:10+0800", "level": "INFO", "logger": "etl_logger", "message": "POST success (VFSC2 2026-02-24): cc_withdraw_detail_report_20260227160310.csv, took 50.2s", "service": "cc_reconcile", "stage": "download_davinci", "status": "ok"}
{"timestamp": "2026-02-28T00:03:19+0800", "level": "INFO", "logger": "etl_logger", "message": "Download success (VFSC2 2026-02-24): cc_withdraw_detail_report_20260227160310.csv, took 9.3s", "service": "cc_reconcile", "stage": "download_davinci", "status": "ok"}
{"timestamp": "2026-02-28T00:04:11+0800", "level": "INFO", "logger": "etl_logger", "message": "POST success (VFSC2 2026-02-25): cc_withdraw_detail_report_20260227160411.csv, took 51.3s", "service": "cc_reconcile", "stage": "download_davinci", "status": "ok"}
{"timestamp": "2026-02-28T00:04:14+0800", "level": "INFO", "logger": "etl_logger", "message": "Download success (VFSC2 2026-02-25): cc_withdraw_detail_report_20260227160411.csv, took 3.0s", "service": "cc_reconcile", "stage": "download_davinci", "status": "ok"}
{"timestamp": "2026-02-28T00:05:06+0800", "level": "INFO", "logger": "etl_logger", "message": "POST success (VFSC2 2026-02-26): cc_withdraw_detail_report_20260227160506.csv, took 52.1s", "service": "cc_reconcile", "stage": "download_davinci", "status": "ok"}
{"timestamp": "2026-02-28T00:05:09+0800", "level": "INFO", "logger": "etl_logger", "message": "Download success (VFSC2 2026-02-26): cc_withdraw_detail_report_20260227160506.csv, took 2.9s", "service": "cc_reconcile", "stage": "download_davinci", "status": "ok"}
{"timestamp": "2026-02-28T00:05:59+0800", "level": "INFO", "logger": "etl_logger", "message": "POST success (VFSC2 2026-02-27): cc_withdraw_detail_report_20260227160559.csv, took 50.8s", "service": "cc_reconcile", "stage": "download_davinci", "status": "ok"}
{"timestamp": "2026-02-28T00:06:02+0800", "level": "INFO", "logger": "etl_logger", "message": "Download success (VFSC2 2026-02-27): cc_withdraw_detail_report_20260227160559.csv, took 2.9s", "service": "cc_reconcile", "stage": "download_davinci", "status": "ok"}
{"timestamp": "2026-02-28T00:06:03+0800", "level": "INFO", "logger": "etl_logger", "message": "Finish downloading Davinci CC - VFSC2 Report", "service": "cc_reconcile", "stage": "download_davinci", "status": "ok"}
{"timestamp": "2026-02-28T00:06:03+0800", "level": "INFO", "logger": "etl_logger", "message": "Finish downloading Davinci CC Report for all brands, total rows: 42153", "service": "cc_reconcile", "stage": "download_davinci", "status": "ok"}
{"timestamp": "2026-02-28T00:06:03+0800", "level": "INFO", "logger": "etl_logger", "message": "Download CRM CC Report Finish ，Total: 42153", "service": "cc_reconcile", "stage": "download", "status": "ok"}
{"timestamp": "2026-02-28T00:06:03+0800", "level": "INFO", "logger": "etl_logger", "message": "Start reconcile...", "service": "cc_reconcile", "stage": "reconcile", "status": "ok"}
{"timestamp": "2026-02-28T00:06:03+0800", "level": "INFO", "logger": "etl_logger", "message": "Reconcile Finish ，Total Mismatch Case: 0", "service": "cc_reconcile", "stage": "reconcile", "status": "ok"}
{"timestamp": "2026-02-28T00:06:03+0800", "level": "INFO", "logger": "etl_logger", "message": "Connect Lark Finish", "service": "cc_reconcile", "stage": "lark", "status": "ok"}
{"timestamp": "2026-02-28T00:06:03+0800", "level": "INFO", "logger": "etl_logger", "message": "Start query existing data in LarkSheet...", "service": "cc_reconcile", "stage": "lark", "status": "ok"}
{"timestamp": "2026-02-28T00:06:04+0800", "level": "INFO", "logger": "etl_logger", "message": "Query existing data in LarkSheet Finish", "service": "cc_reconcile", "stage": "lark", "status": "ok"}
{"timestamp": "2026-02-28T00:06:04+0800", "level": "INFO", "logger": "etl_logger", "message": "Total unique keys in LarkSheet: 63, Total new mismatch cases to upload: 0", "service": "cc_reconcile", "stage": "lark", "status": "ok"}
{"timestamp": "2026-02-28T00:06:04+0800", "level": "INFO", "logger": "etl_logger", "message": "Append data to LarkSheet with range: Kalw4Y!A2:L3, rows: 1, columns: 12", "service": "cc_reconcile", "stage": "lark", "status": "ok"}
{"timestamp": "2026-02-28T00:06:05+0800", "level": "INFO", "logger": "etl_logger", "message": "✅ Successfully appended data to LarkSheet", "service": "cc_reconcile", "stage": "lark", "status": "ok"}
{"timestamp": "2026-02-28T00:06:06+0800", "level": "INFO", "logger": "etl_logger", "message": "Upload data to LarkSheet Finish", "service": "cc_reconcile", "stage": "lark", "status": "ok"}
{"timestamp": "2026-02-28T01:00:01+0800", "level": "INFO", "logger": "etl_logger", "message": "Start download reports...", "service": "cc_reconcile", "stage": "download", "status": "ok"}
{"timestamp": "2026-02-28T01:00:04+0800", "level": "INFO", "logger": "etl_logger", "message": "Payabl Login Success and Get Token Success", "service": "cc_reconcile", "stage": "download_payabl", "status": "ok"}
{"timestamp": "2026-02-28T01:00:04+0800", "level": "INFO", "logger": "etl_logger", "message": "Start downloading Payabl CC Report for date: 2026-02-27...", "service": "cc_reconcile", "stage": "download_payabl", "status": "ok"}
{"timestamp": "2026-02-28T01:00:30+0800", "level": "INFO", "logger": "etl_logger", "message": "Start downloading Payabl CC Report for date: 2026-02-28...", "service": "cc_reconcile", "stage": "download_payabl", "status": "ok"}
{"timestamp": "2026-02-28T01:00:35+0800", "level": "INFO", "logger": "etl_logger", "message": "Finish downloading Payabl CC Report", "service": "cc_reconcile", "stage": "download_payabl", "status": "ok"}
{"timestamp": "2026-02-28T01:00:35+0800", "level": "INFO", "logger": "etl_logger", "message": "Download Payabl CC Report Finish ，Total: 35688", "service": "cc_reconcile", "stage": "download", "status": "ok"}
{"timestamp": "2026-02-28T01:00:35+0800", "level": "INFO", "logger": "etl_logger", "message": "Login attempt 1/5", "service": "cc_reconcile", "stage": "download_davinci", "status": "ok"}
{"timestamp": "2026-02-28T01:00:36+0800", "level": "INFO", "logger": "etl_logger", "message": "Login response status=200, url=https://admin.vantagemarkets.com/admin/main, cookies=4", "service": "cc_reconcile", "stage": "download_davinci", "status": "ok"}
{"timestamp": "2026-02-28T01:00:36+0800", "level": "INFO", "logger": "etl_logger", "message": "Login successful", "service": "cc_reconcile", "stage": "download_davinci", "status": "ok"}
{"timestamp": "2026-02-28T01:00:37+0800", "level": "INFO", "logger": "etl_logger", "message": "Token obtained successfully", "service": "cc_reconcile", "stage": "download_davinci", "status": "ok"}
{"timestamp": "2026-02-28T01:00:37+0800", "level": "INFO", "logger": "etl_logger", "message": "Start downloading Davinci CC Report for brand: VFSC...", "service": "cc_reconcile", "stage": "download_davinci", "status": "ok"}
{"timestamp": "2026-02-28T01:01:09+0800", "level": "INFO", "logger": "etl_logger", "message": "POST success (VFSC 2026-02-24): cc_withdraw_detail_report_20260227170109.csv, took 32.5s", "service": "cc_reconcile", "stage": "download_davinci", "status": "ok"}
{"timestamp": "2026-02-28T01:01:11+0800", "level": "INFO", "logger": "etl_logger", "message": "Download success (VFSC 2026-02-24): cc_withdraw_detail_report_20260227170109.csv, took 2.0s", "service": "cc_reconcile", "stage": "download_davinci", "status": "ok"}
{"timestamp": "2026-02-28T01:01:29+0800", "level": "INFO", "logger": "etl_logger", "message": "POST success (VFSC 2026-02-25): cc_withdraw_detail_report_20260227170129.csv, took 17.6s", "service": "cc_reconcile", "stage": "download_davinci", "status": "ok"}
{"timestamp": "2026-02-28T01:01:31+0800", "level": "INFO", "logger": "etl_logger", "message": "Download success (VFSC 2026-02-25): cc_withdraw_detail_report_20260227170129.csv, took 2.2s", "service": "cc_reconcile", "stage": "download_davinci", "status": "ok"}
{"timestamp": "2026-02-28T01:01:49+0800", "level": "INFO", "logger": "etl_logger", "message": "POST success (VFSC 2026-02-26): cc_withdraw_detail_report_20260227170149.csv, took 17.9s", "service": "cc_reconcile", "stage": "download_davinci", "status": "ok"}
{"timestamp": "2026-02-28T01:01:51+0800", "level": "INFO", "logger": "etl_logger", "message": "Download success (VFSC 2026-02-26): cc_withdraw_detail_report_20260227170149.csv, took 2.2s", "service": "cc_reconcile", "stage": "download_davinci", "status": "ok"}
{"timestamp": "2026-02-28T01:02:09+0800", "level": "INFO", "logger": "etl_logger", "message": "POST success (VFSC 2026-02-27): cc_withdraw_detail_report_20260227170209.csv, took 18.3s", "service": "cc_reconcile", "stage": "download_davinci", "status": "ok"}
{"timestamp": "2026-02-28T01:02:11+0800", "level": "INFO", "logger": "etl_logger", "message": "Download success (VFSC 2026-02-27): cc_withdraw_detail_report_20260227170209.csv, took 1.5s", "service": "cc_reconcile", "stage": "download_davinci", "status": "ok"}
{"timestamp": "2026-02-28T01:02:11+0800", "level": "INFO", "logger": "etl_logger", "message": "Finish downloading Davinci CC - VFSC Report", "service": "cc_reconcile", "stage": "download_davinci", "status": "ok"}
{"timestamp": "2026-02-28T01:02:11+0800", "level": "INFO", "logger": "etl_logger", "message": "Start downloading Davinci CC Report for brand: VFSC2...", "service": "cc_reconcile", "stage": "download_davinci", "status": "ok"}
{"timestamp": "2026-02-28T01:03:03+0800", "level": "INFO", "logger": "etl_logger", "message": "POST success (VFSC2 2026-02-24): cc_withdraw_detail_report_20260227170303.csv, took 51.9s", "service": "cc_reconcile", "stage": "download_davinci", "status": "ok"}
{"timestamp": "2026-02-28T01:03:06+0800", "level": "INFO", "logger": "etl_logger", "message": "Download success (VFSC2 2026-02-24): cc_withdraw_detail_report_20260227170303.csv, took 2.9s", "service": "cc_reconcile", "stage": "download_davinci", "status": "ok"}
{"timestamp": "2026-02-28T01:03:57+0800", "level": "INFO", "logger": "etl_logger", "message": "POST success (VFSC2 2026-02-25): cc_withdraw_detail_report_20260227170357.csv, took 50.9s", "service": "cc_reconcile", "stage": "download_davinci", "status": "ok"}
{"timestamp": "2026-02-28T01:04:00+0800", "level": "INFO", "logger": "etl_logger", "message": "Download success (VFSC2 2026-02-25): cc_withdraw_detail_report_20260227170357.csv, took 2.9s", "service": "cc_reconcile", "stage": "download_davinci", "status": "ok"}
{"timestamp": "2026-02-28T01:04:49+0800", "level": "INFO", "logger": "etl_logger", "message": "POST success (VFSC2 2026-02-26): cc_withdraw_detail_report_20260227170449.csv, took 49.4s", "service": "cc_reconcile", "stage": "download_davinci", "status": "ok"}
{"timestamp": "2026-02-28T01:04:52+0800", "level": "INFO", "logger": "etl_logger", "message": "Download success (VFSC2 2026-02-26): cc_withdraw_detail_report_20260227170449.csv, took 3.0s", "service": "cc_reconcile", "stage": "download_davinci", "status": "ok"}
{"timestamp": "2026-02-28T01:05:43+0800", "level": "INFO", "logger": "etl_logger", "message": "POST success (VFSC2 2026-02-27): cc_withdraw_detail_report_20260227170543.csv, took 51.1s", "service": "cc_reconcile", "stage": "download_davinci", "status": "ok"}
{"timestamp": "2026-02-28T01:05:46+0800", "level": "INFO", "logger": "etl_logger", "message": "Download success (VFSC2 2026-02-27): cc_withdraw_detail_report_20260227170543.csv, took 2.8s", "service": "cc_reconcile", "stage": "download_davinci", "status": "ok"}
{"timestamp": "2026-02-28T01:05:47+0800", "level": "INFO", "logger": "etl_logger", "message": "Finish downloading Davinci CC - VFSC2 Report", "service": "cc_reconcile", "stage": "download_davinci", "status": "ok"}
{"timestamp": "2026-02-28T01:05:47+0800", "level": "INFO", "logger": "etl_logger", "message": "Finish downloading Davinci CC Report for all brands, total rows: 43293", "service": "cc_reconcile", "stage": "download_davinci", "status": "ok"}
{"timestamp": "2026-02-28T01:05:47+0800", "level": "INFO", "logger": "etl_logger", "message": "Download CRM CC Report Finish ，Total: 43293", "service": "cc_reconcile", "stage": "download", "status": "ok"}
{"timestamp": "2026-02-28T01:05:47+0800", "level": "INFO", "logger": "etl_logger", "message": "Start reconcile...", "service": "cc_reconcile", "stage": "reconcile", "status": "ok"}
{"timestamp": "2026-02-28T01:05:47+0800", "level": "INFO", "logger": "etl_logger", "message": "Reconcile Finish ，Total Mismatch Case: 0", "service": "cc_reconcile", "stage": "reconcile", "status": "ok"}
{"timestamp": "2026-02-28T01:05:47+0800", "level": "INFO", "logger": "etl_logger", "message": "Connect Lark Finish", "service": "cc_reconcile", "stage": "lark", "status": "ok"}
{"timestamp": "2026-02-28T01:05:47+0800", "level": "INFO", "logger": "etl_logger", "message": "Start query existing data in LarkSheet...", "service": "cc_reconcile", "stage": "lark", "status": "ok"}
{"timestamp": "2026-02-28T01:05:48+0800", "level": "INFO", "logger": "etl_logger", "message": "Query existing data in LarkSheet Finish", "service": "cc_reconcile", "stage": "lark", "status": "ok"}
{"timestamp": "2026-02-28T01:05:48+0800", "level": "INFO", "logger": "etl_logger", "message": "Total unique keys in LarkSheet: 63, Total new mismatch cases to upload: 0", "service": "cc_reconcile", "stage": "lark", "status": "ok"}
{"timestamp": "2026-02-28T01:05:48+0800", "level": "INFO", "logger": "etl_logger", "message": "Append data to LarkSheet with range: Kalw4Y!A2:L3, rows: 1, columns: 12", "service": "cc_reconcile", "stage": "lark", "status": "ok"}
{"timestamp": "2026-02-28T01:05:49+0800", "level": "INFO", "logger": "etl_logger", "message": "✅ Successfully appended data to LarkSheet", "service": "cc_reconcile", "stage": "lark", "status": "ok"}
{"timestamp": "2026-02-28T01:05:50+0800", "level": "INFO", "logger": "etl_logger", "message": "Upload data to LarkSheet Finish", "service": "cc_reconcile", "stage": "lark", "status": "ok"}
{"timestamp": "2026-02-28T02:00:02+0800", "level": "INFO", "logger": "etl_logger", "message": "Start download reports...", "service": "cc_reconcile", "stage": "download", "status": "ok"}
{"timestamp": "2026-02-28T02:00:05+0800", "level": "INFO", "logger": "etl_logger", "message": "Payabl Login Success and Get Token Success", "service": "cc_reconcile", "stage": "download_payabl", "status": "ok"}
{"timestamp": "2026-02-28T02:00:05+0800", "level": "INFO", "logger": "etl_logger", "message": "Start downloading Payabl CC Report for date: 2026-02-27...", "service": "cc_reconcile", "stage": "download_payabl", "status": "ok"}
{"timestamp": "2026-02-28T02:00:29+0800", "level": "INFO", "logger": "etl_logger", "message": "Start downloading Payabl CC Report for date: 2026-02-28...", "service": "cc_reconcile", "stage": "download_payabl", "status": "ok"}
{"timestamp": "2026-02-28T02:00:35+0800", "level": "INFO", "logger": "etl_logger", "message": "Finish downloading Payabl CC Report", "service": "cc_reconcile", "stage": "download_payabl", "status": "ok"}
{"timestamp": "2026-02-28T02:00:35+0800", "level": "INFO", "logger": "etl_logger", "message": "Download Payabl CC Report Finish ，Total: 37842", "service": "cc_reconcile", "stage": "download", "status": "ok"}
{"timestamp": "2026-02-28T02:00:35+0800", "level": "INFO", "logger": "etl_logger", "message": "Login attempt 1/5", "service": "cc_reconcile", "stage": "download_davinci", "status": "ok"}
{"timestamp": "2026-02-28T02:00:36+0800", "level": "INFO", "logger": "etl_logger", "message": "Login response status=200, url=https://admin.vantagemarkets.com/admin/main, cookies=4", "service": "cc_reconcile", "stage": "download_davinci", "status": "ok"}
{"timestamp": "2026-02-28T02:00:36+0800", "level": "INFO", "logger": "etl_logger", "message": "Login successful", "service": "cc_reconcile", "stage": "download_davinci", "status": "ok"}
{"timestamp": "2026-02-28T02:00:36+0800", "level": "INFO", "logger": "etl_logger", "message": "Token obtained successfully", "service": "cc_reconcile", "stage": "download_davinci", "status": "ok"}
{"timestamp": "2026-02-28T02:00:36+0800", "level": "INFO", "logger": "etl_logger", "message": "Start downloading Davinci CC Report for brand: VFSC...", "service": "cc_reconcile", "stage": "download_davinci", "status": "ok"}
{"timestamp": "2026-02-28T02:00:55+0800", "level": "INFO", "logger": "etl_logger", "message": "POST success (VFSC 2026-02-24): cc_withdraw_detail_report_20260227180055.csv, took 18.4s", "service": "cc_reconcile", "stage": "download_davinci", "status": "ok"}
{"timestamp": "2026-02-28T02:00:57+0800", "level": "INFO", "logger": "etl_logger", "message": "Download success (VFSC 2026-02-24): cc_withdraw_detail_report_20260227180055.csv, took 2.3s", "service": "cc_reconcile", "stage": "download_davinci", "status": "ok"}
{"timestamp": "2026-02-28T02:01:14+0800", "level": "INFO", "logger": "etl_logger", "message": "POST success (VFSC 2026-02-25): cc_withdraw_detail_report_20260227180114.csv, took 17.5s", "service": "cc_reconcile", "stage": "download_davinci", "status": "ok"}
{"timestamp": "2026-02-28T02:01:16+0800", "level": "INFO", "logger": "etl_logger", "message": "Download success (VFSC 2026-02-25): cc_withdraw_detail_report_20260227180114.csv, took 2.1s", "service": "cc_reconcile", "stage": "download_davinci", "status": "ok"}
{"timestamp": "2026-02-28T02:01:34+0800", "level": "INFO", "logger": "etl_logger", "message": "POST success (VFSC 2026-02-26): cc_withdraw_detail_report_20260227180134.csv, took 17.2s", "service": "cc_reconcile", "stage": "download_davinci", "status": "ok"}
{"timestamp": "2026-02-28T02:01:36+0800", "level": "INFO", "logger": "etl_logger", "message": "Download success (VFSC 2026-02-26): cc_withdraw_detail_report_20260227180134.csv, took 2.2s", "service": "cc_reconcile", "stage": "download_davinci", "status": "ok"}
{"timestamp": "2026-02-28T02:01:53+0800", "level": "INFO", "logger": "etl_logger", "message": "POST success (VFSC 2026-02-27): cc_withdraw_detail_report_20260227180154.csv, took 17.6s", "service": "cc_reconcile", "stage": "download_davinci", "status": "ok"}
{"timestamp": "2026-02-28T02:01:55+0800", "level": "INFO", "logger": "etl_logger", "message": "Download success (VFSC 2026-02-27): cc_withdraw_detail_report_20260227180154.csv, took 1.8s", "service": "cc_reconcile", "stage": "download_davinci", "status": "ok"}
{"timestamp": "2026-02-28T02:01:55+0800", "level": "INFO", "logger": "etl_logger", "message": "Finish downloading Davinci CC - VFSC Report", "service": "cc_reconcile", "stage": "download_davinci", "status": "ok"}
{"timestamp": "2026-02-28T02:01:55+0800", "level": "INFO", "logger": "etl_logger", "message": "Start downloading Davinci CC Report for brand: VFSC2...", "service": "cc_reconcile", "stage": "download_davinci", "status": "ok"}
{"timestamp": "2026-02-28T02:02:15+0800", "level": "WARNING", "logger": "etl_logger", "message": "POST failed (VFSC2 2026-02-24) attempt 1: 500 Server Error: Internal Server Error for url: https://report.vantagemarkets.com/api/cc-detail/download, took 19.7s", "service": "cc_reconcile", "stage": "download_davinci", "status": "ok"}
{"timestamp": "2026-02-28T02:03:11+0800", "level": "INFO", "logger": "etl_logger", "message": "POST success (VFSC2 2026-02-24): cc_withdraw_detail_report_20260227180311.csv, took 50.6s", "service": "cc_reconcile", "stage": "download_davinci", "status": "ok"}
{"timestamp": "2026-02-28T02:03:14+0800", "level": "INFO", "logger": "etl_logger", "message": "Download success (VFSC2 2026-02-24): cc_withdraw_detail_report_20260227180311.csv, took 2.9s", "service": "cc_reconcile", "stage": "download_davinci", "status": "ok"}
{"timestamp": "2026-02-28T02:04:04+0800", "level": "INFO", "logger": "etl_logger", "message": "POST success (VFSC2 2026-02-25): cc_withdraw_detail_report_20260227180404.csv, took 50.3s", "service": "cc_reconcile", "stage": "download_davinci", "status": "ok"}
{"timestamp": "2026-02-28T02:04:07+0800", "level": "INFO", "logger": "etl_logger", "message": "Download success (VFSC2 2026-02-25): cc_withdraw_detail_report_20260227180404.csv, took 2.9s", "service": "cc_reconcile", "stage": "download_davinci", "status": "ok"}
{"timestamp": "2026-02-28T02:04:58+0800", "level": "INFO", "logger": "etl_logger", "message": "POST success (VFSC2 2026-02-26): cc_withdraw_detail_report_20260227180458.csv, took 50.9s", "service": "cc_reconcile", "stage": "download_davinci", "status": "ok"}
{"timestamp": "2026-02-28T02:05:01+0800", "level": "INFO", "logger": "etl_logger", "message": "Download success (VFSC2 2026-02-26): cc_withdraw_detail_report_20260227180458.csv, took 2.9s", "service": "cc_reconcile", "stage": "download_davinci", "status": "ok"}
{"timestamp": "2026-02-28T02:05:51+0800", "level": "INFO", "logger": "etl_logger", "message": "POST success (VFSC2 2026-02-27): cc_withdraw_detail_report_20260227180551.csv, took 50.6s", "service": "cc_reconcile", "stage": "download_davinci", "status": "ok"}
{"timestamp": "2026-02-28T02:05:54+0800", "level": "INFO", "logger": "etl_logger", "message": "Download success (VFSC2 2026-02-27): cc_withdraw_detail_report_20260227180551.csv, took 2.8s", "service": "cc_reconcile", "stage": "download_davinci", "status": "ok"}
{"timestamp": "2026-02-28T02:05:54+0800", "level": "INFO", "logger": "etl_logger", "message": "Finish downloading Davinci CC - VFSC2 Report", "service": "cc_reconcile", "stage": "download_davinci", "status": "ok"}
{"timestamp": "2026-02-28T02:05:54+0800", "level": "INFO", "logger": "etl_logger", "message": "Finish downloading Davinci CC Report for all brands, total rows: 44071", "service": "cc_reconcile", "stage": "download_davinci", "status": "ok"}
{"timestamp": "2026-02-28T02:05:54+0800", "level": "INFO", "logger": "etl_logger", "message": "Download CRM CC Report Finish ，Total: 44071", "service": "cc_reconcile", "stage": "download", "status": "ok"}
{"timestamp": "2026-02-28T02:05:54+0800", "level": "INFO", "logger": "etl_logger", "message": "Start reconcile...", "service": "cc_reconcile", "stage": "reconcile", "status": "ok"}
{"timestamp": "2026-02-28T02:05:55+0800", "level": "INFO", "logger": "etl_logger", "message": "Reconcile Finish ，Total Mismatch Case: 0", "service": "cc_reconcile", "stage": "reconcile", "status": "ok"}
{"timestamp": "2026-02-28T02:05:55+0800", "level": "INFO", "logger": "etl_logger", "message": "Connect Lark Finish", "service": "cc_reconcile", "stage": "lark", "status": "ok"}
{"timestamp": "2026-02-28T02:05:55+0800", "level": "INFO", "logger": "etl_logger", "message": "Start query existing data in LarkSheet...", "service": "cc_reconcile", "stage": "lark", "status": "ok"}
{"timestamp": "2026-02-28T02:05:56+0800", "level": "INFO", "logger": "etl_logger", "message": "Query existing data in LarkSheet Finish", "service": "cc_reconcile", "stage": "lark", "status": "ok"}
{"timestamp": "2026-02-28T02:05:56+0800", "level": "INFO", "logger": "etl_logger", "message": "Total unique keys in LarkSheet: 63, Total new mismatch cases to upload: 0", "service": "cc_reconcile", "stage": "lark", "status": "ok"}
{"timestamp": "2026-02-28T02:05:56+0800", "level": "INFO", "logger": "etl_logger", "message": "Append data to LarkSheet with range: Kalw4Y!A2:L3, rows: 1, columns: 12", "service": "cc_reconcile", "stage": "lark", "status": "ok"}
{"timestamp": "2026-02-28T02:05:56+0800", "level": "INFO", "logger": "etl_logger", "message": "✅ Successfully appended data to LarkSheet", "service": "cc_reconcile", "stage": "lark", "status": "ok"}
{"timestamp": "2026-02-28T02:05:58+0800", "level": "INFO", "logger": "etl_logger", "message": "Upload data to LarkSheet Finish", "service": "cc_reconcile", "stage": "lark", "status": "ok"}
{"timestamp": "2026-02-28T03:00:01+0800", "level": "INFO", "logger": "etl_logger", "message": "Start download reports...", "service": "cc_reconcile", "stage": "download", "status": "ok"}
{"timestamp": "2026-02-28T03:00:05+0800", "level": "INFO", "logger": "etl_logger", "message": "Payabl Login Success and Get Token Success", "service": "cc_reconcile", "stage": "download_payabl", "status": "ok"}
{"timestamp": "2026-02-28T03:00:05+0800", "level": "INFO", "logger": "etl_logger", "message": "Start downloading Payabl CC Report for date: 2026-02-27...", "service": "cc_reconcile", "stage": "download_payabl", "status": "ok"}
{"timestamp": "2026-02-28T03:00:31+0800", "level": "INFO", "logger": "etl_logger", "message": "Start downloading Payabl CC Report for date: 2026-02-28...", "service": "cc_reconcile", "stage": "download_payabl", "status": "ok"}
{"timestamp": "2026-02-28T03:00:37+0800", "level": "INFO", "logger": "etl_logger", "message": "Finish downloading Payabl CC Report", "service": "cc_reconcile", "stage": "download_payabl", "status": "ok"}
{"timestamp": "2026-02-28T03:00:37+0800", "level": "INFO", "logger": "etl_logger", "message": "Download Payabl CC Report Finish ，Total: 39690", "service": "cc_reconcile", "stage": "download", "status": "ok"}
{"timestamp": "2026-02-28T03:00:37+0800", "level": "INFO", "logger": "etl_logger", "message": "Login attempt 1/5", "service": "cc_reconcile", "stage": "download_davinci", "status": "ok"}
{"timestamp": "2026-02-28T03:00:38+0800", "level": "INFO", "logger": "etl_logger", "message": "Login response status=200, url=https://admin.vantagemarkets.com/admin/main, cookies=4", "service": "cc_reconcile", "stage": "download_davinci", "status": "ok"}
{"timestamp": "2026-02-28T03:00:38+0800", "level": "INFO", "logger": "etl_logger", "message": "Login successful", "service": "cc_reconcile", "stage": "download_davinci", "status": "ok"}
{"timestamp": "2026-02-28T03:00:38+0800", "level": "INFO", "logger": "etl_logger", "message": "Token obtained successfully", "service": "cc_reconcile", "stage": "download_davinci", "status": "ok"}
{"timestamp": "2026-02-28T03:00:38+0800", "level": "INFO", "logger": "etl_logger", "message": "Start downloading Davinci CC Report for brand: VFSC...", "service": "cc_reconcile", "stage": "download_davinci", "status": "ok"}
{"timestamp": "2026-02-28T03:00:57+0800", "level": "INFO", "logger": "etl_logger", "message": "POST success (VFSC 2026-02-24): cc_withdraw_detail_report_20260227190057.csv, took 18.4s", "service": "cc_reconcile", "stage": "download_davinci", "status": "ok"}
{"timestamp": "2026-02-28T03:00:59+0800", "level": "INFO", "logger": "etl_logger", "message": "Download success (VFSC 2026-02-24): cc_withdraw_detail_report_20260227190057.csv, took 2.5s", "service": "cc_reconcile", "stage": "download_davinci", "status": "ok"}
{"timestamp": "2026-02-28T03:01:16+0800", "level": "INFO", "logger": "etl_logger", "message": "POST success (VFSC 2026-02-25): cc_withdraw_detail_report_20260227190116.csv, took 16.9s", "service": "cc_reconcile", "stage": "download_davinci", "status": "ok"}
{"timestamp": "2026-02-28T03:01:18+0800", "level": "INFO", "logger": "etl_logger", "message": "Download success (VFSC 2026-02-25): cc_withdraw_detail_report_20260227190116.csv, took 2.3s", "service": "cc_reconcile", "stage": "download_davinci", "status": "ok"}
{"timestamp": "2026-02-28T03:01:36+0800", "level": "INFO", "logger": "etl_logger", "message": "POST success (VFSC 2026-02-26): cc_withdraw_detail_report_20260227190136.csv, took 18.0s", "service": "cc_reconcile", "stage": "download_davinci", "status": "ok"}
{"timestamp": "2026-02-28T03:01:38+0800", "level": "INFO", "logger": "etl_logger", "message": "Download success (VFSC 2026-02-26): cc_withdraw_detail_report_20260227190136.csv, took 1.8s", "service": "cc_reconcile", "stage": "download_davinci", "status": "ok"}
{"timestamp": "2026-02-28T03:01:56+0800", "level": "INFO", "logger": "etl_logger", "message": "POST success (VFSC 2026-02-27): cc_withdraw_detail_report_20260227190156.csv, took 17.5s", "service": "cc_reconcile", "stage": "download_davinci", "status": "ok"}
{"timestamp": "2026-02-28T03:01:58+0800", "level": "INFO", "logger": "etl_logger", "message": "Download success (VFSC 2026-02-27): cc_withdraw_detail_report_20260227190156.csv, took 2.2s", "service": "cc_reconcile", "stage": "download_davinci", "status": "ok"}
{"timestamp": "2026-02-28T03:01:58+0800", "level": "INFO", "logger": "etl_logger", "message": "Finish downloading Davinci CC - VFSC Report", "service": "cc_reconcile", "stage": "download_davinci", "status": "ok"}
{"timestamp": "2026-02-28T03:01:58+0800", "level": "INFO", "logger": "etl_logger", "message": "Start downloading Davinci CC Report for brand: VFSC2...", "service": "cc_reconcile", "stage": "download_davinci", "status": "ok"}
{"timestamp": "2026-02-28T03:02:50+0800", "level": "INFO", "logger": "etl_logger", "message": "POST success (VFSC2 2026-02-24): cc_withdraw_detail_report_20260227190250.csv, took 51.8s", "service": "cc_reconcile", "stage": "download_davinci", "status": "ok"}
{"timestamp": "2026-02-28T03:02:53+0800", "level": "INFO", "logger": "etl_logger", "message": "Download success (VFSC2 2026-02-24): cc_withdraw_detail_report_20260227190250.csv, took 3.0s", "service": "cc_reconcile", "stage": "download_davinci", "status": "ok"}
{"timestamp": "2026-02-28T03:03:44+0800", "level": "INFO", "logger": "etl_logger", "message": "POST success (VFSC2 2026-02-25): cc_withdraw_detail_report_20260227190344.csv, took 51.1s", "service": "cc_reconcile", "stage": "download_davinci", "status": "ok"}
{"timestamp": "2026-02-28T03:03:47+0800", "level": "INFO", "logger": "etl_logger", "message": "Download success (VFSC2 2026-02-25): cc_withdraw_detail_report_20260227190344.csv, took 3.0s", "service": "cc_reconcile", "stage": "download_davinci", "status": "ok"}
{"timestamp": "2026-02-28T03:04:38+0800", "level": "INFO", "logger": "etl_logger", "message": "POST success (VFSC2 2026-02-26): cc_withdraw_detail_report_20260227190438.csv, took 51.2s", "service": "cc_reconcile", "stage": "download_davinci", "status": "ok"}
{"timestamp": "2026-02-28T03:04:40+0800", "level": "INFO", "logger": "etl_logger", "message": "Download success (VFSC2 2026-02-26): cc_withdraw_detail_report_20260227190438.csv, took 2.4s", "service": "cc_reconcile", "stage": "download_davinci", "status": "ok"}
{"timestamp": "2026-02-28T03:05:33+0800", "level": "INFO", "logger": "etl_logger", "message": "POST success (VFSC2 2026-02-27): cc_withdraw_detail_report_20260227190533.csv, took 52.3s", "service": "cc_reconcile", "stage": "download_davinci", "status": "ok"}
{"timestamp": "2026-02-28T03:05:36+0800", "level": "INFO", "logger": "etl_logger", "message": "Download success (VFSC2 2026-02-27): cc_withdraw_detail_report_20260227190533.csv, took 3.1s", "service": "cc_reconcile", "stage": "download_davinci", "status": "ok"}
{"timestamp": "2026-02-28T03:05:36+0800", "level": "INFO", "logger": "etl_logger", "message": "Finish downloading Davinci CC - VFSC2 Report", "service": "cc_reconcile", "stage": "download_davinci", "status": "ok"}
{"timestamp": "2026-02-28T03:05:36+0800", "level": "INFO", "logger": "etl_logger", "message": "Finish downloading Davinci CC Report for all brands, total rows: 44951", "service": "cc_reconcile", "stage": "download_davinci", "status": "ok"}
{"timestamp": "2026-02-28T03:05:36+0800", "level": "INFO", "logger": "etl_logger", "message": "Download CRM CC Report Finish ，Total: 44951", "service": "cc_reconcile", "stage": "download", "status": "ok"}
{"timestamp": "2026-02-28T03:05:36+0800", "level": "INFO", "logger": "etl_logger", "message": "Start reconcile...", "service": "cc_reconcile", "stage": "reconcile", "status": "ok"}
{"timestamp": "2026-02-28T03:05:37+0800", "level": "INFO", "logger": "etl_logger", "message": "Reconcile Finish ，Total Mismatch Case: 0", "service": "cc_reconcile", "stage": "reconcile", "status": "ok"}
{"timestamp": "2026-02-28T03:05:37+0800", "level": "INFO", "logger": "etl_logger", "message": "Connect Lark Finish", "service": "cc_reconcile", "stage": "lark", "status": "ok"}
{"timestamp": "2026-02-28T03:05:37+0800", "level": "INFO", "logger": "etl_logger", "message": "Start query existing data in LarkSheet...", "service": "cc_reconcile", "stage": "lark", "status": "ok"}
{"timestamp": "2026-02-28T03:05:38+0800", "level": "INFO", "logger": "etl_logger", "message": "Query existing data in LarkSheet Finish", "service": "cc_reconcile", "stage": "lark", "status": "ok"}
{"timestamp": "2026-02-28T03:05:38+0800", "level": "INFO", "logger": "etl_logger", "message": "Total unique keys in LarkSheet: 63, Total new mismatch cases to upload: 0", "service": "cc_reconcile", "stage": "lark", "status": "ok"}
{"timestamp": "2026-02-28T03:05:38+0800", "level": "INFO", "logger": "etl_logger", "message": "Append data to LarkSheet with range: Kalw4Y!A2:L3, rows: 1, columns: 12", "service": "cc_reconcile", "stage": "lark", "status": "ok"}
{"timestamp": "2026-02-28T03:05:38+0800", "level": "INFO", "logger": "etl_logger", "message": "✅ Successfully appended data to LarkSheet", "service": "cc_reconcile", "stage": "lark", "status": "ok"}
{"timestamp": "2026-02-28T03:05:40+0800", "level": "INFO", "logger": "etl_logger", "message": "Upload data to LarkSheet Finish", "service": "cc_reconcile", "stage": "lark", "status": "ok"}
{"timestamp": "2026-02-28T04:00:01+0800", "level": "INFO", "logger": "etl_logger", "message": "Start download reports...", "service": "cc_reconcile", "stage": "download", "status": "ok"}
{"timestamp": "2026-02-28T04:00:05+0800", "level": "INFO", "logger": "etl_logger", "message": "Payabl Login Success and Get Token Success", "service": "cc_reconcile", "stage": "download_payabl", "status": "ok"}
{"timestamp": "2026-02-28T04:00:05+0800", "level": "INFO", "logger": "etl_logger", "message": "Start downloading Payabl CC Report for date: 2026-02-27...", "service": "cc_reconcile", "stage": "download_payabl", "status": "ok"}
{"timestamp": "2026-02-28T04:00:32+0800", "level": "INFO", "logger": "etl_logger", "message": "Start downloading Payabl CC Report for date: 2026-02-28...", "service": "cc_reconcile", "stage": "download_payabl", "status": "ok"}
{"timestamp": "2026-02-28T04:00:38+0800", "level": "INFO", "logger": "etl_logger", "message": "Finish downloading Payabl CC Report", "service": "cc_reconcile", "stage": "download_payabl", "status": "ok"}
{"timestamp": "2026-02-28T04:00:38+0800", "level": "INFO", "logger": "etl_logger", "message": "Download Payabl CC Report Finish ，Total: 41252", "service": "cc_reconcile", "stage": "download", "status": "ok"}
{"timestamp": "2026-02-28T04:00:38+0800", "level": "INFO", "logger": "etl_logger", "message": "Login attempt 1/5", "service": "cc_reconcile", "stage": "download_davinci", "status": "ok"}
{"timestamp": "2026-02-28T04:00:39+0800", "level": "INFO", "logger": "etl_logger", "message": "Login response status=200, url=https://admin.vantagemarkets.com/admin/main, cookies=4", "service": "cc_reconcile", "stage": "download_davinci", "status": "ok"}
{"timestamp": "2026-02-28T04:00:39+0800", "level": "INFO", "logger": "etl_logger", "message": "Login successful", "service": "cc_reconcile", "stage": "download_davinci", "status": "ok"}
{"timestamp": "2026-02-28T04:00:39+0800", "level": "INFO", "logger": "etl_logger", "message": "Token obtained successfully", "service": "cc_reconcile", "stage": "download_davinci", "status": "ok"}
{"timestamp": "2026-02-28T04:00:39+0800", "level": "INFO", "logger": "etl_logger", "message": "Start downloading Davinci CC Report for brand: VFSC...", "service": "cc_reconcile", "stage": "download_davinci", "status": "ok"}
{"timestamp": "2026-02-28T04:00:58+0800", "level": "INFO", "logger": "etl_logger", "message": "POST success (VFSC 2026-02-24): cc_withdraw_detail_report_20260227200058.csv, took 18.5s", "service": "cc_reconcile", "stage": "download_davinci", "status": "ok"}
{"timestamp": "2026-02-28T04:01:00+0800", "level": "INFO", "logger": "etl_logger", "message": "Download success (VFSC 2026-02-24): cc_withdraw_detail_report_20260227200058.csv, took 2.2s", "service": "cc_reconcile", "stage": "download_davinci", "status": "ok"}
{"timestamp": "2026-02-28T04:01:18+0800", "level": "INFO", "logger": "etl_logger", "message": "POST success (VFSC 2026-02-25): cc_withdraw_detail_report_20260227200118.csv, took 17.7s", "service": "cc_reconcile", "stage": "download_davinci", "status": "ok"}
{"timestamp": "2026-02-28T04:01:20+0800", "level": "INFO", "logger": "etl_logger", "message": "Download success (VFSC 2026-02-25): cc_withdraw_detail_report_20260227200118.csv, took 1.9s", "service": "cc_reconcile", "stage": "download_davinci", "status": "ok"}
{"timestamp": "2026-02-28T04:01:37+0800", "level": "INFO", "logger": "etl_logger", "message": "POST success (VFSC 2026-02-26): cc_withdraw_detail_report_20260227200137.csv, took 17.9s", "service": "cc_reconcile", "stage": "download_davinci", "status": "ok"}
{"timestamp": "2026-02-28T04:01:39+0800", "level": "INFO", "logger": "etl_logger", "message": "Download success (VFSC 2026-02-26): cc_withdraw_detail_report_20260227200137.csv, took 1.8s", "service": "cc_reconcile", "stage": "download_davinci", "status": "ok"}
{"timestamp": "2026-02-28T04:01:57+0800", "level": "INFO", "logger": "etl_logger", "message": "POST success (VFSC 2026-02-27): cc_withdraw_detail_report_20260227200157.csv, took 17.3s", "service": "cc_reconcile", "stage": "download_davinci", "status": "ok"}
{"timestamp": "2026-02-28T04:01:59+0800", "level": "INFO", "logger": "etl_logger", "message": "Download success (VFSC 2026-02-27): cc_withdraw_detail_report_20260227200157.csv, took 2.2s", "service": "cc_reconcile", "stage": "download_davinci", "status": "ok"}
{"timestamp": "2026-02-28T04:01:59+0800", "level": "INFO", "logger": "etl_logger", "message": "Finish downloading Davinci CC - VFSC Report", "service": "cc_reconcile", "stage": "download_davinci", "status": "ok"}
{"timestamp": "2026-02-28T04:01:59+0800", "level": "INFO", "logger": "etl_logger", "message": "Start downloading Davinci CC Report for brand: VFSC2...", "service": "cc_reconcile", "stage": "download_davinci", "status": "ok"}
{"timestamp": "2026-02-28T04:02:49+0800", "level": "INFO", "logger": "etl_logger", "message": "POST success (VFSC2 2026-02-24): cc_withdraw_detail_report_20260227200249.csv, took 50.5s", "service": "cc_reconcile", "stage": "download_davinci", "status": "ok"}
{"timestamp": "2026-02-28T04:02:52+0800", "level": "INFO", "logger": "etl_logger", "message": "Download success (VFSC2 2026-02-24): cc_withdraw_detail_report_20260227200249.csv, took 3.0s", "service": "cc_reconcile", "stage": "download_davinci", "status": "ok"}
{"timestamp": "2026-02-28T04:03:42+0800", "level": "INFO", "logger": "etl_logger", "message": "POST success (VFSC2 2026-02-25): cc_withdraw_detail_report_20260227200342.csv, took 50.0s", "service": "cc_reconcile", "stage": "download_davinci", "status": "ok"}
{"timestamp": "2026-02-28T04:03:45+0800", "level": "INFO", "logger": "etl_logger", "message": "Download success (VFSC2 2026-02-25): cc_withdraw_detail_report_20260227200342.csv, took 3.0s", "service": "cc_reconcile", "stage": "download_davinci", "status": "ok"}
{"timestamp": "2026-02-28T04:04:35+0800", "level": "INFO", "logger": "etl_logger", "message": "POST success (VFSC2 2026-02-26): cc_withdraw_detail_report_20260227200435.csv, took 50.2s", "service": "cc_reconcile", "stage": "download_davinci", "status": "ok"}
{"timestamp": "2026-02-28T04:04:38+0800", "level": "INFO", "logger": "etl_logger", "message": "Download success (VFSC2 2026-02-26): cc_withdraw_detail_report_20260227200435.csv, took 3.0s", "service": "cc_reconcile", "stage": "download_davinci", "status": "ok"}
{"timestamp": "2026-02-28T04:05:30+0800", "level": "INFO", "logger": "etl_logger", "message": "POST success (VFSC2 2026-02-27): cc_withdraw_detail_report_20260227200530.csv, took 52.0s", "service": "cc_reconcile", "stage": "download_davinci", "status": "ok"}
{"timestamp": "2026-02-28T04:05:34+0800", "level": "INFO", "logger": "etl_logger", "message": "Download success (VFSC2 2026-02-27): cc_withdraw_detail_report_20260227200530.csv, took 3.6s", "service": "cc_reconcile", "stage": "download_davinci", "status": "ok"}
{"timestamp": "2026-02-28T04:05:35+0800", "level": "INFO", "logger": "etl_logger", "message": "Finish downloading Davinci CC - VFSC2 Report", "service": "cc_reconcile", "stage": "download_davinci", "status": "ok"}
{"timestamp": "2026-02-28T04:05:35+0800", "level": "INFO", "logger": "etl_logger", "message": "Finish downloading Davinci CC Report for all brands, total rows: 45587", "service": "cc_reconcile", "stage": "download_davinci", "status": "ok"}
{"timestamp": "2026-02-28T04:05:35+0800", "level": "INFO", "logger": "etl_logger", "message": "Download CRM CC Report Finish ，Total: 45587", "service": "cc_reconcile", "stage": "download", "status": "ok"}
{"timestamp": "2026-02-28T04:05:35+0800", "level": "INFO", "logger": "etl_logger", "message": "Start reconcile...", "service": "cc_reconcile", "stage": "reconcile", "status": "ok"}
{"timestamp": "2026-02-28T04:05:35+0800", "level": "INFO", "logger": "etl_logger", "message": "Reconcile Finish ，Total Mismatch Case: 0", "service": "cc_reconcile", "stage": "reconcile", "status": "ok"}
{"timestamp": "2026-02-28T04:05:35+0800", "level": "INFO", "logger": "etl_logger", "message": "Connect Lark Finish", "service": "cc_reconcile", "stage": "lark", "status": "ok"}
{"timestamp": "2026-02-28T04:05:35+0800", "level": "INFO", "logger": "etl_logger", "message": "Start query existing data in LarkSheet...", "service": "cc_reconcile", "stage": "lark", "status": "ok"}
{"timestamp": "2026-02-28T04:05:36+0800", "level": "INFO", "logger": "etl_logger", "message": "Query existing data in LarkSheet Finish", "service": "cc_reconcile", "stage": "lark", "status": "ok"}
{"timestamp": "2026-02-28T04:05:36+0800", "level": "INFO", "logger": "etl_logger", "message": "Total unique keys in LarkSheet: 63, Total new mismatch cases to upload: 0", "service": "cc_reconcile", "stage": "lark", "status": "ok"}
{"timestamp": "2026-02-28T04:05:36+0800", "level": "INFO", "logger": "etl_logger", "message": "Append data to LarkSheet with range: Kalw4Y!A2:L3, rows: 1, columns: 12", "service": "cc_reconcile", "stage": "lark", "status": "ok"}
{"timestamp": "2026-02-28T04:05:37+0800", "level": "INFO", "logger": "etl_logger", "message": "✅ Successfully appended data to LarkSheet", "service": "cc_reconcile", "stage": "lark", "status": "ok"}
{"timestamp": "2026-02-28T04:05:38+0800", "level": "INFO", "logger": "etl_logger", "message": "Upload data to LarkSheet Finish", "service": "cc_reconcile", "stage": "lark", "status": "ok"}
{"timestamp": "2026-02-28T05:00:01+0800", "level": "INFO", "logger": "etl_logger", "message": "Start download reports...", "service": "cc_reconcile", "stage": "download", "status": "ok"}
{"timestamp": "2026-02-28T05:00:04+0800", "level": "INFO", "logger": "etl_logger", "message": "Payabl Login Success and Get Token Success", "service": "cc_reconcile", "stage": "download_payabl", "status": "ok"}
{"timestamp": "2026-02-28T05:00:04+0800", "level": "INFO", "logger": "etl_logger", "message": "Start downloading Payabl CC Report for date: 2026-02-27...", "service": "cc_reconcile", "stage": "download_payabl", "status": "ok"}
{"timestamp": "2026-02-28T05:00:34+0800", "level": "INFO", "logger": "etl_logger", "message": "Start downloading Payabl CC Report for date: 2026-02-28...", "service": "cc_reconcile", "stage": "download_payabl", "status": "ok"}
{"timestamp": "2026-02-28T05:00:41+0800", "level": "INFO", "logger": "etl_logger", "message": "Finish downloading Payabl CC Report", "service": "cc_reconcile", "stage": "download_payabl", "status": "ok"}
{"timestamp": "2026-02-28T05:00:41+0800", "level": "INFO", "logger": "etl_logger", "message": "Download Payabl CC Report Finish ，Total: 42870", "service": "cc_reconcile", "stage": "download", "status": "ok"}
{"timestamp": "2026-02-28T05:00:41+0800", "level": "INFO", "logger": "etl_logger", "message": "Login attempt 1/5", "service": "cc_reconcile", "stage": "download_davinci", "status": "ok"}
{"timestamp": "2026-02-28T05:00:43+0800", "level": "INFO", "logger": "etl_logger", "message": "Login response status=200, url=https://admin.vantagemarkets.com/admin/main, cookies=4", "service": "cc_reconcile", "stage": "download_davinci", "status": "ok"}
{"timestamp": "2026-02-28T05:00:43+0800", "level": "INFO", "logger": "etl_logger", "message": "Login successful", "service": "cc_reconcile", "stage": "download_davinci", "status": "ok"}
{"timestamp": "2026-02-28T05:00:43+0800", "level": "INFO", "logger": "etl_logger", "message": "Token obtained successfully", "service": "cc_reconcile", "stage": "download_davinci", "status": "ok"}
{"timestamp": "2026-02-28T05:00:43+0800", "level": "INFO", "logger": "etl_logger", "message": "Start downloading Davinci CC Report for brand: VFSC...", "service": "cc_reconcile", "stage": "download_davinci", "status": "ok"}
{"timestamp": "2026-02-28T05:01:01+0800", "level": "INFO", "logger": "etl_logger", "message": "POST success (VFSC 2026-02-24): cc_withdraw_detail_report_20260227210101.csv, took 18.2s", "service": "cc_reconcile", "stage": "download_davinci", "status": "ok"}
{"timestamp": "2026-02-28T05:01:03+0800", "level": "INFO", "logger": "etl_logger", "message": "Download success (VFSC 2026-02-24): cc_withdraw_detail_report_20260227210101.csv, took 2.2s", "service": "cc_reconcile", "stage": "download_davinci", "status": "ok"}
{"timestamp": "2026-02-28T05:01:20+0800", "level": "INFO", "logger": "etl_logger", "message": "POST success (VFSC 2026-02-25): cc_withdraw_detail_report_20260227210120.csv, took 17.3s", "service": "cc_reconcile", "stage": "download_davinci", "status": "ok"}
{"timestamp": "2026-02-28T05:01:23+0800", "level": "INFO", "logger": "etl_logger", "message": "Download success (VFSC 2026-02-25): cc_withdraw_detail_report_20260227210120.csv, took 2.2s", "service": "cc_reconcile", "stage": "download_davinci", "status": "ok"}
{"timestamp": "2026-02-28T05:01:41+0800", "level": "INFO", "logger": "etl_logger", "message": "POST success (VFSC 2026-02-26): cc_withdraw_detail_report_20260227210141.csv, took 18.6s", "service": "cc_reconcile", "stage": "download_davinci", "status": "ok"}
{"timestamp": "2026-02-28T05:01:43+0800", "level": "INFO", "logger": "etl_logger", "message": "Download success (VFSC 2026-02-26): cc_withdraw_detail_report_20260227210141.csv, took 2.2s", "service": "cc_reconcile", "stage": "download_davinci", "status": "ok"}
{"timestamp": "2026-02-28T05:02:01+0800", "level": "INFO", "logger": "etl_logger", "message": "POST success (VFSC 2026-02-27): cc_withdraw_detail_report_20260227210201.csv, took 18.0s", "service": "cc_reconcile", "stage": "download_davinci", "status": "ok"}
{"timestamp": "2026-02-28T05:02:03+0800", "level": "INFO", "logger": "etl_logger", "message": "Download success (VFSC 2026-02-27): cc_withdraw_detail_report_20260227210201.csv, took 1.7s", "service": "cc_reconcile", "stage": "download_davinci", "status": "ok"}
{"timestamp": "2026-02-28T05:02:03+0800", "level": "INFO", "logger": "etl_logger", "message": "Finish downloading Davinci CC - VFSC Report", "service": "cc_reconcile", "stage": "download_davinci", "status": "ok"}
{"timestamp": "2026-02-28T05:02:03+0800", "level": "INFO", "logger": "etl_logger", "message": "Start downloading Davinci CC Report for brand: VFSC2...", "service": "cc_reconcile", "stage": "download_davinci", "status": "ok"}
{"timestamp": "2026-02-28T05:02:54+0800", "level": "INFO", "logger": "etl_logger", "message": "POST success (VFSC2 2026-02-24): cc_withdraw_detail_report_20260227210254.csv, took 51.1s", "service": "cc_reconcile", "stage": "download_davinci", "status": "ok"}
{"timestamp": "2026-02-28T05:02:57+0800", "level": "INFO", "logger": "etl_logger", "message": "Download success (VFSC2 2026-02-24): cc_withdraw_detail_report_20260227210254.csv, took 2.5s", "service": "cc_reconcile", "stage": "download_davinci", "status": "ok"}
{"timestamp": "2026-02-28T05:03:48+0800", "level": "INFO", "logger": "etl_logger", "message": "POST success (VFSC2 2026-02-25): cc_withdraw_detail_report_20260227210347.csv, took 50.7s", "service": "cc_reconcile", "stage": "download_davinci", "status": "ok"}
{"timestamp": "2026-02-28T05:03:50+0800", "level": "INFO", "logger": "etl_logger", "message": "Download success (VFSC2 2026-02-25): cc_withdraw_detail_report_20260227210347.csv, took 2.9s", "service": "cc_reconcile", "stage": "download_davinci", "status": "ok"}
{"timestamp": "2026-02-28T05:04:42+0800", "level": "INFO", "logger": "etl_logger", "message": "POST success (VFSC2 2026-02-26): cc_withdraw_detail_report_20260227210442.csv, took 51.2s", "service": "cc_reconcile", "stage": "download_davinci", "status": "ok"}
{"timestamp": "2026-02-28T05:04:45+0800", "level": "INFO", "logger": "etl_logger", "message": "Download success (VFSC2 2026-02-26): cc_withdraw_detail_report_20260227210442.csv, took 3.0s", "service": "cc_reconcile", "stage": "download_davinci", "status": "ok"}
{"timestamp": "2026-02-28T05:05:36+0800", "level": "INFO", "logger": "etl_logger", "message": "POST success (VFSC2 2026-02-27): cc_withdraw_detail_report_20260227210536.csv, took 51.0s", "service": "cc_reconcile", "stage": "download_davinci", "status": "ok"}
{"timestamp": "2026-02-28T05:05:39+0800", "level": "INFO", "logger": "etl_logger", "message": "Download success (VFSC2 2026-02-27): cc_withdraw_detail_report_20260227210536.csv, took 3.0s", "service": "cc_reconcile", "stage": "download_davinci", "status": "ok"}
{"timestamp": "2026-02-28T05:05:39+0800", "level": "INFO", "logger": "etl_logger", "message": "Finish downloading Davinci CC - VFSC2 Report", "service": "cc_reconcile", "stage": "download_davinci", "status": "ok"}
{"timestamp": "2026-02-28T05:05:39+0800", "level": "INFO", "logger": "etl_logger", "message": "Finish downloading Davinci CC Report for all brands, total rows: 46226", "service": "cc_reconcile", "stage": "download_davinci", "status": "ok"}
{"timestamp": "2026-02-28T05:05:39+0800", "level": "INFO", "logger": "etl_logger", "message": "Download CRM CC Report Finish ，Total: 46226", "service": "cc_reconcile", "stage": "download", "status": "ok"}
{"timestamp": "2026-02-28T05:05:39+0800", "level": "INFO", "logger": "etl_logger", "message": "Start reconcile...", "service": "cc_reconcile", "stage": "reconcile", "status": "ok"}
{"timestamp": "2026-02-28T05:05:39+0800", "level": "INFO", "logger": "etl_logger", "message": "Reconcile Finish ，Total Mismatch Case: 0", "service": "cc_reconcile", "stage": "reconcile", "status": "ok"}
{"timestamp": "2026-02-28T05:05:40+0800", "level": "INFO", "logger": "etl_logger", "message": "Connect Lark Finish", "service": "cc_reconcile", "stage": "lark", "status": "ok"}
{"timestamp": "2026-02-28T05:05:40+0800", "level": "INFO", "logger": "etl_logger", "message": "Start query existing data in LarkSheet...", "service": "cc_reconcile", "stage": "lark", "status": "ok"}
{"timestamp": "2026-02-28T05:05:41+0800", "level": "INFO", "logger": "etl_logger", "message": "Query existing data in LarkSheet Finish", "service": "cc_reconcile", "stage": "lark", "status": "ok"}
{"timestamp": "2026-02-28T05:05:41+0800", "level": "INFO", "logger": "etl_logger", "message": "Total unique keys in LarkSheet: 63, Total new mismatch cases to upload: 0", "service": "cc_reconcile", "stage": "lark", "status": "ok"}
{"timestamp": "2026-02-28T05:05:41+0800", "level": "INFO", "logger": "etl_logger", "message": "Append data to LarkSheet with range: Kalw4Y!A2:L3, rows: 1, columns: 12", "service": "cc_reconcile", "stage": "lark", "status": "ok"}
{"timestamp": "2026-02-28T05:05:41+0800", "level": "INFO", "logger": "etl_logger", "message": "✅ Successfully appended data to LarkSheet", "service": "cc_reconcile", "stage": "lark", "status": "ok"}
{"timestamp": "2026-02-28T05:05:43+0800", "level": "INFO", "logger": "etl_logger", "message": "Upload data to LarkSheet Finish", "service": "cc_reconcile", "stage": "lark", "status": "ok"}
{"timestamp": "2026-02-28T06:00:01+0800", "level": "INFO", "logger": "etl_logger", "message": "Start download reports...", "service": "cc_reconcile", "stage": "download", "status": "ok"}
{"timestamp": "2026-02-28T06:00:05+0800", "level": "INFO", "logger": "etl_logger", "message": "Payabl Login Success and Get Token Success", "service": "cc_reconcile", "stage": "download_payabl", "status": "ok"}
{"timestamp": "2026-02-28T06:00:05+0800", "level": "INFO", "logger": "etl_logger", "message": "Start downloading Payabl CC Report for date: 2026-02-27...", "service": "cc_reconcile", "stage": "download_payabl", "status": "ok"}
{"timestamp": "2026-02-28T06:00:32+0800", "level": "INFO", "logger": "etl_logger", "message": "Start downloading Payabl CC Report for date: 2026-02-28...", "service": "cc_reconcile", "stage": "download_payabl", "status": "ok"}
{"timestamp": "2026-02-28T06:00:38+0800", "level": "INFO", "logger": "etl_logger", "message": "Finish downloading Payabl CC Report", "service": "cc_reconcile", "stage": "download_payabl", "status": "ok"}
{"timestamp": "2026-02-28T06:00:38+0800", "level": "INFO", "logger": "etl_logger", "message": "Download Payabl CC Report Finish ，Total: 44613", "service": "cc_reconcile", "stage": "download", "status": "ok"}
{"timestamp": "2026-02-28T06:00:38+0800", "level": "INFO", "logger": "etl_logger", "message": "Login attempt 1/5", "service": "cc_reconcile", "stage": "download_davinci", "status": "ok"}
{"timestamp": "2026-02-28T06:00:39+0800", "level": "INFO", "logger": "etl_logger", "message": "Login response status=200, url=https://admin.vantagemarkets.com/admin/main, cookies=4", "service": "cc_reconcile", "stage": "download_davinci", "status": "ok"}
{"timestamp": "2026-02-28T06:00:39+0800", "level": "INFO", "logger": "etl_logger", "message": "Login successful", "service": "cc_reconcile", "stage": "download_davinci", "status": "ok"}
{"timestamp": "2026-02-28T06:00:39+0800", "level": "INFO", "logger": "etl_logger", "message": "Token obtained successfully", "service": "cc_reconcile", "stage": "download_davinci", "status": "ok"}
{"timestamp": "2026-02-28T06:00:39+0800", "level": "INFO", "logger": "etl_logger", "message": "Start downloading Davinci CC Report for brand: VFSC...", "service": "cc_reconcile", "stage": "download_davinci", "status": "ok"}
{"timestamp": "2026-02-28T06:00:58+0800", "level": "INFO", "logger": "etl_logger", "message": "POST success (VFSC 2026-02-25): cc_withdraw_detail_report_20260227220058.csv, took 18.4s", "service": "cc_reconcile", "stage": "download_davinci", "status": "ok"}
{"timestamp": "2026-02-28T06:01:00+0800", "level": "INFO", "logger": "etl_logger", "message": "Download success (VFSC 2026-02-25): cc_withdraw_detail_report_20260227220058.csv, took 2.2s", "service": "cc_reconcile", "stage": "download_davinci", "status": "ok"}
{"timestamp": "2026-02-28T06:01:17+0800", "level": "INFO", "logger": "etl_logger", "message": "POST success (VFSC 2026-02-26): cc_withdraw_detail_report_20260227220117.csv, took 17.3s", "service": "cc_reconcile", "stage": "download_davinci", "status": "ok"}
{"timestamp": "2026-02-28T06:01:19+0800", "level": "INFO", "logger": "etl_logger", "message": "Download success (VFSC 2026-02-26): cc_withdraw_detail_report_20260227220117.csv, took 2.1s", "service": "cc_reconcile", "stage": "download_davinci", "status": "ok"}
{"timestamp": "2026-02-28T06:01:36+0800", "level": "INFO", "logger": "etl_logger", "message": "POST success (VFSC 2026-02-27): cc_withdraw_detail_report_20260227220136.csv, took 16.6s", "service": "cc_reconcile", "stage": "download_davinci", "status": "ok"}
{"timestamp": "2026-02-28T06:01:38+0800", "level": "INFO", "logger": "etl_logger", "message": "Download success (VFSC 2026-02-27): cc_withdraw_detail_report_20260227220136.csv, took 2.2s", "service": "cc_reconcile", "stage": "download_davinci", "status": "ok"}
Traceback (most recent call last):
  File "/app/main.py", line 72, in <module>
    main()
  File "/app/main.py", line 24, in main
    crm_cc    = download_davinci_cc_reports()
  File "/app/cc_withdraw_crawler.py", line 276, in download_davinci_cc_reports
    filename = response.json()['data']['file']
KeyError: 'file'
{"timestamp": "2026-02-28T07:00:02+0800", "level": "INFO", "logger": "etl_logger", "message": "Start download reports...", "service": "cc_reconcile", "stage": "download", "status": "ok"}
{"timestamp": "2026-02-28T07:00:05+0800", "level": "INFO", "logger": "etl_logger", "message": "Payabl Login Success and Get Token Success", "service": "cc_reconcile", "stage": "download_payabl", "status": "ok"}
{"timestamp": "2026-02-28T07:00:05+0800", "level": "INFO", "logger": "etl_logger", "message": "Start downloading Payabl CC Report for date: 2026-02-27...", "service": "cc_reconcile", "stage": "download_payabl", "status": "ok"}
{"timestamp": "2026-02-28T07:00:35+0800", "level": "INFO", "logger": "etl_logger", "message": "Start downloading Payabl CC Report for date: 2026-02-28...", "service": "cc_reconcile", "stage": "download_payabl", "status": "ok"}
{"timestamp": "2026-02-28T07:00:40+0800", "level": "INFO", "logger": "etl_logger", "message": "Finish downloading Payabl CC Report", "service": "cc_reconcile", "stage": "download_payabl", "status": "ok"}
{"timestamp": "2026-02-28T07:00:40+0800", "level": "INFO", "logger": "etl_logger", "message": "Download Payabl CC Report Finish ，Total: 44974", "service": "cc_reconcile", "stage": "download", "status": "ok"}
{"timestamp": "2026-02-28T07:00:40+0800", "level": "INFO", "logger": "etl_logger", "message": "Login attempt 1/5", "service": "cc_reconcile", "stage": "download_davinci", "status": "ok"}
{"timestamp": "2026-02-28T07:00:42+0800", "level": "INFO", "logger": "etl_logger", "message": "Login response status=200, url=https://admin.vantagemarkets.com/admin/main, cookies=4", "service": "cc_reconcile", "stage": "download_davinci", "status": "ok"}
{"timestamp": "2026-02-28T07:00:42+0800", "level": "INFO", "logger": "etl_logger", "message": "Login successful", "service": "cc_reconcile", "stage": "download_davinci", "status": "ok"}
{"timestamp": "2026-02-28T07:00:42+0800", "level": "INFO", "logger": "etl_logger", "message": "Token obtained successfully", "service": "cc_reconcile", "stage": "download_davinci", "status": "ok"}
{"timestamp": "2026-02-28T07:00:42+0800", "level": "INFO", "logger": "etl_logger", "message": "Start downloading Davinci CC Report for brand: VFSC...", "service": "cc_reconcile", "stage": "download_davinci", "status": "ok"}
{"timestamp": "2026-02-28T07:01:01+0800", "level": "INFO", "logger": "etl_logger", "message": "POST success (VFSC 2026-02-25): cc_withdraw_detail_report_20260227230101.csv, took 18.4s", "service": "cc_reconcile", "stage": "download_davinci", "status": "ok"}
{"timestamp": "2026-02-28T07:01:03+0800", "level": "INFO", "logger": "etl_logger", "message": "Download success (VFSC 2026-02-25): cc_withdraw_detail_report_20260227230101.csv, took 2.2s", "service": "cc_reconcile", "stage": "download_davinci", "status": "ok"}
{"timestamp": "2026-02-28T07:01:19+0800", "level": "INFO", "logger": "etl_logger", "message": "POST success (VFSC 2026-02-26): cc_withdraw_detail_report_20260227230119.csv, took 16.6s", "service": "cc_reconcile", "stage": "download_davinci", "status": "ok"}
{"timestamp": "2026-02-28T07:01:22+0800", "level": "INFO", "logger": "etl_logger", "message": "Download success (VFSC 2026-02-26): cc_withdraw_detail_report_20260227230119.csv, took 2.1s", "service": "cc_reconcile", "stage": "download_davinci", "status": "ok"}
{"timestamp": "2026-02-28T07:01:38+0800", "level": "INFO", "logger": "etl_logger", "message": "POST success (VFSC 2026-02-27): cc_withdraw_detail_report_20260227230138.csv, took 16.7s", "service": "cc_reconcile", "stage": "download_davinci", "status": "ok"}
{"timestamp": "2026-02-28T07:01:40+0800", "level": "INFO", "logger": "etl_logger", "message": "Download success (VFSC 2026-02-27): cc_withdraw_detail_report_20260227230138.csv, took 2.1s", "service": "cc_reconcile", "stage": "download_davinci", "status": "ok"}
{"timestamp": "2026-02-28T07:01:57+0800", "level": "INFO", "logger": "etl_logger", "message": "POST success (VFSC 2026-02-28): cc_withdraw_detail_report_20260227230157.csv, took 16.8s", "service": "cc_reconcile", "stage": "download_davinci", "status": "ok"}
{"timestamp": "2026-02-28T07:01:58+0800", "level": "INFO", "logger": "etl_logger", "message": "Download success (VFSC 2026-02-28): cc_withdraw_detail_report_20260227230157.csv, took 0.8s", "service": "cc_reconcile", "stage": "download_davinci", "status": "ok"}
{"timestamp": "2026-02-28T07:01:58+0800", "level": "INFO", "logger": "etl_logger", "message": "Finish downloading Davinci CC - VFSC Report", "service": "cc_reconcile", "stage": "download_davinci", "status": "ok"}
{"timestamp": "2026-02-28T07:01:58+0800", "level": "INFO", "logger": "etl_logger", "message": "Start downloading Davinci CC Report for brand: VFSC2...", "service": "cc_reconcile", "stage": "download_davinci", "status": "ok"}
{"timestamp": "2026-02-28T07:02:48+0800", "level": "INFO", "logger": "etl_logger", "message": "POST success (VFSC2 2026-02-25): cc_withdraw_detail_report_20260227230248.csv, took 49.6s", "service": "cc_reconcile", "stage": "download_davinci", "status": "ok"}
{"timestamp": "2026-02-28T07:02:51+0800", "level": "INFO", "logger": "etl_logger", "message": "Download success (VFSC2 2026-02-25): cc_withdraw_detail_report_20260227230248.csv, took 2.9s", "service": "cc_reconcile", "stage": "download_davinci", "status": "ok"}
{"timestamp": "2026-02-28T07:03:42+0800", "level": "INFO", "logger": "etl_logger", "message": "POST success (VFSC2 2026-02-26): cc_withdraw_detail_report_20260227230342.csv, took 51.2s", "service": "cc_reconcile", "stage": "download_davinci", "status": "ok"}
{"timestamp": "2026-02-28T07:03:44+0800", "level": "INFO", "logger": "etl_logger", "message": "Download success (VFSC2 2026-02-26): cc_withdraw_detail_report_20260227230342.csv, took 2.4s", "service": "cc_reconcile", "stage": "download_davinci", "status": "ok"}
{"timestamp": "2026-02-28T07:04:34+0800", "level": "INFO", "logger": "etl_logger", "message": "POST success (VFSC2 2026-02-27): cc_withdraw_detail_report_20260227230434.csv, took 50.1s", "service": "cc_reconcile", "stage": "download_davinci", "status": "ok"}
{"timestamp": "2026-02-28T07:04:37+0800", "level": "INFO", "logger": "etl_logger", "message": "Download success (VFSC2 2026-02-27): cc_withdraw_detail_report_20260227230434.csv, took 3.0s", "service": "cc_reconcile", "stage": "download_davinci", "status": "ok"}
{"timestamp": "2026-02-28T07:05:25+0800", "level": "INFO", "logger": "etl_logger", "message": "POST success (VFSC2 2026-02-28): cc_withdraw_detail_report_20260227230525.csv, took 47.5s", "service": "cc_reconcile", "stage": "download_davinci", "status": "ok"}
{"timestamp": "2026-02-28T07:05:27+0800", "level": "INFO", "logger": "etl_logger", "message": "Download success (VFSC2 2026-02-28): cc_withdraw_detail_report_20260227230525.csv, took 1.7s", "service": "cc_reconcile", "stage": "download_davinci", "status": "ok"}
{"timestamp": "2026-02-28T07:05:27+0800", "level": "INFO", "logger": "etl_logger", "message": "Finish downloading Davinci CC - VFSC2 Report", "service": "cc_reconcile", "stage": "download_davinci", "status": "ok"}
{"timestamp": "2026-02-28T07:05:27+0800", "level": "INFO", "logger": "etl_logger", "message": "Finish downloading Davinci CC Report for all brands, total rows: 36289", "service": "cc_reconcile", "stage": "download_davinci", "status": "ok"}
{"timestamp": "2026-02-28T07:05:27+0800", "level": "INFO", "logger": "etl_logger", "message": "Download CRM CC Report Finish ，Total: 36289", "service": "cc_reconcile", "stage": "download", "status": "ok"}
{"timestamp": "2026-02-28T07:05:27+0800", "level": "INFO", "logger": "etl_logger", "message": "Start reconcile...", "service": "cc_reconcile", "stage": "reconcile", "status": "ok"}
{"timestamp": "2026-02-28T07:05:27+0800", "level": "INFO", "logger": "etl_logger", "message": "Reconcile Finish ，Total Mismatch Case: 0", "service": "cc_reconcile", "stage": "reconcile", "status": "ok"}
{"timestamp": "2026-02-28T07:05:28+0800", "level": "INFO", "logger": "etl_logger", "message": "Connect Lark Finish", "service": "cc_reconcile", "stage": "lark", "status": "ok"}
{"timestamp": "2026-02-28T07:05:28+0800", "level": "INFO", "logger": "etl_logger", "message": "Start query existing data in LarkSheet...", "service": "cc_reconcile", "stage": "lark", "status": "ok"}
{"timestamp": "2026-02-28T07:05:29+0800", "level": "INFO", "logger": "etl_logger", "message": "Query existing data in LarkSheet Finish", "service": "cc_reconcile", "stage": "lark", "status": "ok"}
{"timestamp": "2026-02-28T07:05:29+0800", "level": "INFO", "logger": "etl_logger", "message": "Total unique keys in LarkSheet: 63, Total new mismatch cases to upload: 0", "service": "cc_reconcile", "stage": "lark", "status": "ok"}
{"timestamp": "2026-02-28T07:05:29+0800", "level": "INFO", "logger": "etl_logger", "message": "Append data to LarkSheet with range: Kalw4Y!A2:L3, rows: 1, columns: 12", "service": "cc_reconcile", "stage": "lark", "status": "ok"}
{"timestamp": "2026-02-28T07:05:29+0800", "level": "INFO", "logger": "etl_logger", "message": "✅ Successfully appended data to LarkSheet", "service": "cc_reconcile", "stage": "lark", "status": "ok"}
{"timestamp": "2026-02-28T07:05:31+0800", "level": "INFO", "logger": "etl_logger", "message": "Upload data to LarkSheet Finish", "service": "cc_reconcile", "stage": "lark", "status": "ok"}
{"timestamp": "2026-02-28T08:00:01+0800", "level": "INFO", "logger": "etl_logger", "message": "Start download reports...", "service": "cc_reconcile", "stage": "download", "status": "ok"}
{"timestamp": "2026-02-28T08:00:04+0800", "level": "INFO", "logger": "etl_logger", "message": "Payabl Login Success and Get Token Success", "service": "cc_reconcile", "stage": "download_payabl", "status": "ok"}
{"timestamp": "2026-02-28T08:00:04+0800", "level": "INFO", "logger": "etl_logger", "message": "Start downloading Payabl CC Report for date: 2026-02-27...", "service": "cc_reconcile", "stage": "download_payabl", "status": "ok"}
{"timestamp": "2026-02-28T08:00:30+0800", "level": "INFO", "logger": "etl_logger", "message": "Start downloading Payabl CC Report for date: 2026-02-28...", "service": "cc_reconcile", "stage": "download_payabl", "status": "ok"}
{"timestamp": "2026-02-28T08:00:36+0800", "level": "INFO", "logger": "etl_logger", "message": "Finish downloading Payabl CC Report", "service": "cc_reconcile", "stage": "download_payabl", "status": "ok"}
{"timestamp": "2026-02-28T08:00:36+0800", "level": "INFO", "logger": "etl_logger", "message": "Download Payabl CC Report Finish ，Total: 44974", "service": "cc_reconcile", "stage": "download", "status": "ok"}
{"timestamp": "2026-02-28T08:00:36+0800", "level": "INFO", "logger": "etl_logger", "message": "Login attempt 1/5", "service": "cc_reconcile", "stage": "download_davinci", "status": "ok"}
{"timestamp": "2026-02-28T08:00:37+0800", "level": "INFO", "logger": "etl_logger", "message": "Login response status=200, url=https://admin.vantagemarkets.com/admin/main, cookies=4", "service": "cc_reconcile", "stage": "download_davinci", "status": "ok"}
{"timestamp": "2026-02-28T08:00:37+0800", "level": "INFO", "logger": "etl_logger", "message": "Login successful", "service": "cc_reconcile", "stage": "download_davinci", "status": "ok"}
{"timestamp": "2026-02-28T08:00:37+0800", "level": "INFO", "logger": "etl_logger", "message": "Token obtained successfully", "service": "cc_reconcile", "stage": "download_davinci", "status": "ok"}
{"timestamp": "2026-02-28T08:00:37+0800", "level": "INFO", "logger": "etl_logger", "message": "Start downloading Davinci CC Report for brand: VFSC...", "service": "cc_reconcile", "stage": "download_davinci", "status": "ok"}
{"timestamp": "2026-02-28T08:00:56+0800", "level": "INFO", "logger": "etl_logger", "message": "POST success (VFSC 2026-02-25): cc_withdraw_detail_report_20260228000056.csv, took 18.6s", "service": "cc_reconcile", "stage": "download_davinci", "status": "ok"}
{"timestamp": "2026-02-28T08:00:58+0800", "level": "INFO", "logger": "etl_logger", "message": "Download success (VFSC 2026-02-25): cc_withdraw_detail_report_20260228000056.csv, took 2.1s", "service": "cc_reconcile", "stage": "download_davinci", "status": "ok"}
{"timestamp": "2026-02-28T08:01:16+0800", "level": "INFO", "logger": "etl_logger", "message": "POST success (VFSC 2026-02-26): cc_withdraw_detail_report_20260228000116.csv, took 17.5s", "service": "cc_reconcile", "stage": "download_davinci", "status": "ok"}
{"timestamp": "2026-02-28T08:01:18+0800", "level": "INFO", "logger": "etl_logger", "message": "Download success (VFSC 2026-02-26): cc_withdraw_detail_report_20260228000116.csv, took 2.1s", "service": "cc_reconcile", "stage": "download_davinci", "status": "ok"}
{"timestamp": "2026-02-28T08:01:36+0800", "level": "INFO", "logger": "etl_logger", "message": "POST success (VFSC 2026-02-27): cc_withdraw_detail_report_20260228000136.csv, took 18.0s", "service": "cc_reconcile", "stage": "download_davinci", "status": "ok"}
{"timestamp": "2026-02-28T08:01:38+0800", "level": "INFO", "logger": "etl_logger", "message": "Download success (VFSC 2026-02-27): cc_withdraw_detail_report_20260228000136.csv, took 2.2s", "service": "cc_reconcile", "stage": "download_davinci", "status": "ok"}
{"timestamp": "2026-02-28T08:01:56+0800", "level": "INFO", "logger": "etl_logger", "message": "POST success (VFSC 2026-02-28): cc_withdraw_detail_report_20260228000156.csv, took 17.7s", "service": "cc_reconcile", "stage": "download_davinci", "status": "ok"}
{"timestamp": "2026-02-28T08:01:57+0800", "level": "INFO", "logger": "etl_logger", "message": "Download success (VFSC 2026-02-28): cc_withdraw_detail_report_20260228000156.csv, took 1.0s", "service": "cc_reconcile", "stage": "download_davinci", "status": "ok"}
{"timestamp": "2026-02-28T08:01:57+0800", "level": "INFO", "logger": "etl_logger", "message": "Finish downloading Davinci CC - VFSC Report", "service": "cc_reconcile", "stage": "download_davinci", "status": "ok"}
{"timestamp": "2026-02-28T08:01:57+0800", "level": "INFO", "logger": "etl_logger", "message": "Start downloading Davinci CC Report for brand: VFSC2...", "service": "cc_reconcile", "stage": "download_davinci", "status": "ok"}
{"timestamp": "2026-02-28T08:02:51+0800", "level": "INFO", "logger": "etl_logger", "message": "POST success (VFSC2 2026-02-25): cc_withdraw_detail_report_20260228000251.csv, took 54.2s", "service": "cc_reconcile", "stage": "download_davinci", "status": "ok"}
{"timestamp": "2026-02-28T08:02:54+0800", "level": "INFO", "logger": "etl_logger", "message": "Download success (VFSC2 2026-02-25): cc_withdraw_detail_report_20260228000251.csv, took 3.0s", "service": "cc_reconcile", "stage": "download_davinci", "status": "ok"}
{"timestamp": "2026-02-28T08:03:44+0800", "level": "INFO", "logger": "etl_logger", "message": "POST success (VFSC2 2026-02-26): cc_withdraw_detail_report_20260228000344.csv, took 50.3s", "service": "cc_reconcile", "stage": "download_davinci", "status": "ok"}
{"timestamp": "2026-02-28T08:03:47+0800", "level": "INFO", "logger": "etl_logger", "message": "Download success (VFSC2 2026-02-26): cc_withdraw_detail_report_20260228000344.csv, took 2.4s", "service": "cc_reconcile", "stage": "download_davinci", "status": "ok"}
{"timestamp": "2026-02-28T08:04:40+0800", "level": "INFO", "logger": "etl_logger", "message": "POST success (VFSC2 2026-02-27): cc_withdraw_detail_report_20260228000440.csv, took 53.5s", "service": "cc_reconcile", "stage": "download_davinci", "status": "ok"}
{"timestamp": "2026-02-28T08:04:43+0800", "level": "INFO", "logger": "etl_logger", "message": "Download success (VFSC2 2026-02-27): cc_withdraw_detail_report_20260228000440.csv, took 3.0s", "service": "cc_reconcile", "stage": "download_davinci", "status": "ok"}
{"timestamp": "2026-02-28T08:05:32+0800", "level": "INFO", "logger": "etl_logger", "message": "POST success (VFSC2 2026-02-28): cc_withdraw_detail_report_20260228000532.csv, took 48.7s", "service": "cc_reconcile", "stage": "download_davinci", "status": "ok"}
{"timestamp": "2026-02-28T08:05:34+0800", "level": "INFO", "logger": "etl_logger", "message": "Download success (VFSC2 2026-02-28): cc_withdraw_detail_report_20260228000532.csv, took 1.7s", "service": "cc_reconcile", "stage": "download_davinci", "status": "ok"}
{"timestamp": "2026-02-28T08:05:34+0800", "level": "INFO", "logger": "etl_logger", "message": "Finish downloading Davinci CC - VFSC2 Report", "service": "cc_reconcile", "stage": "download_davinci", "status": "ok"}
{"timestamp": "2026-02-28T08:05:34+0800", "level": "INFO", "logger": "etl_logger", "message": "Finish downloading Davinci CC Report for all brands, total rows: 36289", "service": "cc_reconcile", "stage": "download_davinci", "status": "ok"}
{"timestamp": "2026-02-28T08:05:34+0800", "level": "INFO", "logger": "etl_logger", "message": "Download CRM CC Report Finish ，Total: 36289", "service": "cc_reconcile", "stage": "download", "status": "ok"}
{"timestamp": "2026-02-28T08:05:34+0800", "level": "INFO", "logger": "etl_logger", "message": "Start reconcile...", "service": "cc_reconcile", "stage": "reconcile", "status": "ok"}
{"timestamp": "2026-02-28T08:05:35+0800", "level": "INFO", "logger": "etl_logger", "message": "Reconcile Finish ，Total Mismatch Case: 0", "service": "cc_reconcile", "stage": "reconcile", "status": "ok"}
{"timestamp": "2026-02-28T08:05:35+0800", "level": "INFO", "logger": "etl_logger", "message": "Connect Lark Finish", "service": "cc_reconcile", "stage": "lark", "status": "ok"}
{"timestamp": "2026-02-28T08:05:35+0800", "level": "INFO", "logger": "etl_logger", "message": "Start query existing data in LarkSheet...", "service": "cc_reconcile", "stage": "lark", "status": "ok"}
{"timestamp": "2026-02-28T08:05:38+0800", "level": "INFO", "logger": "etl_logger", "message": "Query existing data in LarkSheet Finish", "service": "cc_reconcile", "stage": "lark", "status": "ok"}
{"timestamp": "2026-02-28T08:05:38+0800", "level": "INFO", "logger": "etl_logger", "message": "Total unique keys in LarkSheet: 63, Total new mismatch cases to upload: 0", "service": "cc_reconcile", "stage": "lark", "status": "ok"}
{"timestamp": "2026-02-28T08:05:38+0800", "level": "INFO", "logger": "etl_logger", "message": "Append data to LarkSheet with range: Kalw4Y!A2:L3, rows: 1, columns: 12", "service": "cc_reconcile", "stage": "lark", "status": "ok"}
{"timestamp": "2026-02-28T08:05:38+0800", "level": "INFO", "logger": "etl_logger", "message": "✅ Successfully appended data to LarkSheet", "service": "cc_reconcile", "stage": "lark", "status": "ok"}
{"timestamp": "2026-02-28T08:05:39+0800", "level": "INFO", "logger": "etl_logger", "message": "Upload data to LarkSheet Finish", "service": "cc_reconcile", "stage": "lark", "status": "ok"}
{"timestamp": "2026-02-28T09:00:02+0800", "level": "INFO", "logger": "etl_logger", "message": "Start download reports...", "service": "cc_reconcile", "stage": "download", "status": "ok"}
{"timestamp": "2026-02-28T09:00:05+0800", "level": "INFO", "logger": "etl_logger", "message": "Payabl Login Success and Get Token Success", "service": "cc_reconcile", "stage": "download_payabl", "status": "ok"}
{"timestamp": "2026-02-28T09:00:05+0800", "level": "INFO", "logger": "etl_logger", "message": "Start downloading Payabl CC Report for date: 2026-02-27...", "service": "cc_reconcile", "stage": "download_payabl", "status": "ok"}
{"timestamp": "2026-02-28T09:00:34+0800", "level": "INFO", "logger": "etl_logger", "message": "Start downloading Payabl CC Report for date: 2026-02-28...", "service": "cc_reconcile", "stage": "download_payabl", "status": "ok"}
{"timestamp": "2026-02-28T09:00:40+0800", "level": "INFO", "logger": "etl_logger", "message": "Finish downloading Payabl CC Report", "service": "cc_reconcile", "stage": "download_payabl", "status": "ok"}
{"timestamp": "2026-02-28T09:00:40+0800", "level": "INFO", "logger": "etl_logger", "message": "Download Payabl CC Report Finish ，Total: 44974", "service": "cc_reconcile", "stage": "download", "status": "ok"}
{"timestamp": "2026-02-28T09:00:40+0800", "level": "INFO", "logger": "etl_logger", "message": "Login attempt 1/5", "service": "cc_reconcile", "stage": "download_davinci", "status": "ok"}
{"timestamp": "2026-02-28T09:00:41+0800", "level": "INFO", "logger": "etl_logger", "message": "Login response status=200, url=https://admin.vantagemarkets.com/admin/main, cookies=4", "service": "cc_reconcile", "stage": "download_davinci", "status": "ok"}
{"timestamp": "2026-02-28T09:00:41+0800", "level": "INFO", "logger": "etl_logger", "message": "Login successful", "service": "cc_reconcile", "stage": "download_davinci", "status": "ok"}
{"timestamp": "2026-02-28T09:00:41+0800", "level": "INFO", "logger": "etl_logger", "message": "Token obtained successfully", "service": "cc_reconcile", "stage": "download_davinci", "status": "ok"}
{"timestamp": "2026-02-28T09:00:41+0800", "level": "INFO", "logger": "etl_logger", "message": "Start downloading Davinci CC Report for brand: VFSC...", "service": "cc_reconcile", "stage": "download_davinci", "status": "ok"}
{"timestamp": "2026-02-28T09:01:00+0800", "level": "INFO", "logger": "etl_logger", "message": "POST success (VFSC 2026-02-25): cc_withdraw_detail_report_20260228010100.csv, took 19.1s", "service": "cc_reconcile", "stage": "download_davinci", "status": "ok"}
{"timestamp": "2026-02-28T09:01:02+0800", "level": "INFO", "logger": "etl_logger", "message": "Download success (VFSC 2026-02-25): cc_withdraw_detail_report_20260228010100.csv, took 2.2s", "service": "cc_reconcile", "stage": "download_davinci", "status": "ok"}
{"timestamp": "2026-02-28T09:01:21+0800", "level": "INFO", "logger": "etl_logger", "message": "POST success (VFSC 2026-02-26): cc_withdraw_detail_report_20260228010121.csv, took 18.3s", "service": "cc_reconcile", "stage": "download_davinci", "status": "ok"}
{"timestamp": "2026-02-28T09:01:23+0800", "level": "INFO", "logger": "etl_logger", "message": "Download success (VFSC 2026-02-26): cc_withdraw_detail_report_20260228010121.csv, took 2.1s", "service": "cc_reconcile", "stage": "download_davinci", "status": "ok"}
{"timestamp": "2026-02-28T09:01:40+0800", "level": "INFO", "logger": "etl_logger", "message": "POST success (VFSC 2026-02-27): cc_withdraw_detail_report_20260228010140.csv, took 17.4s", "service": "cc_reconcile", "stage": "download_davinci", "status": "ok"}
{"timestamp": "2026-02-28T09:01:42+0800", "level": "INFO", "logger": "etl_logger", "message": "Download success (VFSC 2026-02-27): cc_withdraw_detail_report_20260228010140.csv, took 2.2s", "service": "cc_reconcile", "stage": "download_davinci", "status": "ok"}
{"timestamp": "2026-02-28T09:01:59+0800", "level": "INFO", "logger": "etl_logger", "message": "POST success (VFSC 2026-02-28): cc_withdraw_detail_report_20260228010159.csv, took 16.7s", "service": "cc_reconcile", "stage": "download_davinci", "status": "ok"}
{"timestamp": "2026-02-28T09:02:00+0800", "level": "INFO", "logger": "etl_logger", "message": "Download success (VFSC 2026-02-28): cc_withdraw_detail_report_20260228010159.csv, took 1.0s", "service": "cc_reconcile", "stage": "download_davinci", "status": "ok"}
{"timestamp": "2026-02-28T09:02:00+0800", "level": "INFO", "logger": "etl_logger", "message": "Finish downloading Davinci CC - VFSC Report", "service": "cc_reconcile", "stage": "download_davinci", "status": "ok"}
{"timestamp": "2026-02-28T09:02:00+0800", "level": "INFO", "logger": "etl_logger", "message": "Start downloading Davinci CC Report for brand: VFSC2...", "service": "cc_reconcile", "stage": "download_davinci", "status": "ok"}
{"timestamp": "2026-02-28T09:02:51+0800", "level": "INFO", "logger": "etl_logger", "message": "POST success (VFSC2 2026-02-25): cc_withdraw_detail_report_20260228010251.csv, took 51.1s", "service": "cc_reconcile", "stage": "download_davinci", "status": "ok"}
{"timestamp": "2026-02-28T09:02:54+0800", "level": "INFO", "logger": "etl_logger", "message": "Download success (VFSC2 2026-02-25): cc_withdraw_detail_report_20260228010251.csv, took 2.9s", "service": "cc_reconcile", "stage": "download_davinci", "status": "ok"}
{"timestamp": "2026-02-28T09:03:45+0800", "level": "INFO", "logger": "etl_logger", "message": "POST success (VFSC2 2026-02-26): cc_withdraw_detail_report_20260228010345.csv, took 50.7s", "service": "cc_reconcile", "stage": "download_davinci", "status": "ok"}
{"timestamp": "2026-02-28T09:03:47+0800", "level": "INFO", "logger": "etl_logger", "message": "Download success (VFSC2 2026-02-26): cc_withdraw_detail_report_20260228010345.csv, took 2.4s", "service": "cc_reconcile", "stage": "download_davinci", "status": "ok"}
{"timestamp": "2026-02-28T09:04:37+0800", "level": "INFO", "logger": "etl_logger", "message": "POST success (VFSC2 2026-02-27): cc_withdraw_detail_report_20260228010436.csv, took 49.3s", "service": "cc_reconcile", "stage": "download_davinci", "status": "ok"}
{"timestamp": "2026-02-28T09:04:40+0800", "level": "INFO", "logger": "etl_logger", "message": "Download success (VFSC2 2026-02-27): cc_withdraw_detail_report_20260228010436.csv, took 3.1s", "service": "cc_reconcile", "stage": "download_davinci", "status": "ok"}
{"timestamp": "2026-02-28T09:05:28+0800", "level": "INFO", "logger": "etl_logger", "message": "POST success (VFSC2 2026-02-28): cc_withdraw_detail_report_20260228010528.csv, took 47.9s", "service": "cc_reconcile", "stage": "download_davinci", "status": "ok"}
{"timestamp": "2026-02-28T09:05:29+0800", "level": "INFO", "logger": "etl_logger", "message": "Download success (VFSC2 2026-02-28): cc_withdraw_detail_report_20260228010528.csv, took 1.7s", "service": "cc_reconcile", "stage": "download_davinci", "status": "ok"}
{"timestamp": "2026-02-28T09:05:30+0800", "level": "INFO", "logger": "etl_logger", "message": "Finish downloading Davinci CC - VFSC2 Report", "service": "cc_reconcile", "stage": "download_davinci", "status": "ok"}
{"timestamp": "2026-02-28T09:05:30+0800", "level": "INFO", "logger": "etl_logger", "message": "Finish downloading Davinci CC Report for all brands, total rows: 36289", "service": "cc_reconcile", "stage": "download_davinci", "status": "ok"}
{"timestamp": "2026-02-28T09:05:30+0800", "level": "INFO", "logger": "etl_logger", "message": "Download CRM CC Report Finish ，Total: 36289", "service": "cc_reconcile", "stage": "download", "status": "ok"}
{"timestamp": "2026-02-28T09:05:30+0800", "level": "INFO", "logger": "etl_logger", "message": "Start reconcile...", "service": "cc_reconcile", "stage": "reconcile", "status": "ok"}
{"timestamp": "2026-02-28T09:05:30+0800", "level": "INFO", "logger": "etl_logger", "message": "Reconcile Finish ，Total Mismatch Case: 0", "service": "cc_reconcile", "stage": "reconcile", "status": "ok"}
{"timestamp": "2026-02-28T09:05:30+0800", "level": "INFO", "logger": "etl_logger", "message": "Connect Lark Finish", "service": "cc_reconcile", "stage": "lark", "status": "ok"}
{"timestamp": "2026-02-28T09:05:30+0800", "level": "INFO", "logger": "etl_logger", "message": "Start query existing data in LarkSheet...", "service": "cc_reconcile", "stage": "lark", "status": "ok"}
{"timestamp": "2026-02-28T09:05:31+0800", "level": "INFO", "logger": "etl_logger", "message": "Query existing data in LarkSheet Finish", "service": "cc_reconcile", "stage": "lark", "status": "ok"}
{"timestamp": "2026-02-28T09:05:31+0800", "level": "INFO", "logger": "etl_logger", "message": "Total unique keys in LarkSheet: 63, Total new mismatch cases to upload: 0", "service": "cc_reconcile", "stage": "lark", "status": "ok"}
{"timestamp": "2026-02-28T09:05:31+0800", "level": "INFO", "logger": "etl_logger", "message": "Append data to LarkSheet with range: Kalw4Y!A2:L3, rows: 1, columns: 12", "service": "cc_reconcile", "stage": "lark", "status": "ok"}
{"timestamp": "2026-02-28T09:05:32+0800", "level": "INFO", "logger": "etl_logger", "message": "✅ Successfully appended data to LarkSheet", "service": "cc_reconcile", "stage": "lark", "status": "ok"}
{"timestamp": "2026-02-28T09:05:33+0800", "level": "INFO", "logger": "etl_logger", "message": "Upload data to LarkSheet Finish", "service": "cc_reconcile", "stage": "lark", "status": "ok"}
{"timestamp": "2026-02-28T10:00:01+0800", "level": "INFO", "logger": "etl_logger", "message": "Start download reports...", "service": "cc_reconcile", "stage": "download", "status": "ok"}
{"timestamp": "2026-02-28T10:00:04+0800", "level": "INFO", "logger": "etl_logger", "message": "Payabl Login Success and Get Token Success", "service": "cc_reconcile", "stage": "download_payabl", "status": "ok"}
{"timestamp": "2026-02-28T10:00:04+0800", "level": "INFO", "logger": "etl_logger", "message": "Start downloading Payabl CC Report for date: 2026-02-27...", "service": "cc_reconcile", "stage": "download_payabl", "status": "ok"}
{"timestamp": "2026-02-28T10:00:32+0800", "level": "INFO", "logger": "etl_logger", "message": "Start downloading Payabl CC Report for date: 2026-02-28...", "service": "cc_reconcile", "stage": "download_payabl", "status": "ok"}
{"timestamp": "2026-02-28T10:00:38+0800", "level": "INFO", "logger": "etl_logger", "message": "Finish downloading Payabl CC Report", "service": "cc_reconcile", "stage": "download_payabl", "status": "ok"}
{"timestamp": "2026-02-28T10:00:38+0800", "level": "INFO", "logger": "etl_logger", "message": "Download Payabl CC Report Finish ，Total: 44974", "service": "cc_reconcile", "stage": "download", "status": "ok"}
{"timestamp": "2026-02-28T10:00:38+0800", "level": "INFO", "logger": "etl_logger", "message": "Login attempt 1/5", "service": "cc_reconcile", "stage": "download_davinci", "status": "ok"}
{"timestamp": "2026-02-28T10:00:39+0800", "level": "INFO", "logger": "etl_logger", "message": "Login response status=200, url=https://admin.vantagemarkets.com/admin/main, cookies=4", "service": "cc_reconcile", "stage": "download_davinci", "status": "ok"}
{"timestamp": "2026-02-28T10:00:39+0800", "level": "INFO", "logger": "etl_logger", "message": "Login successful", "service": "cc_reconcile", "stage": "download_davinci", "status": "ok"}
{"timestamp": "2026-02-28T10:00:40+0800", "level": "INFO", "logger": "etl_logger", "message": "Token obtained successfully", "service": "cc_reconcile", "stage": "download_davinci", "status": "ok"}
{"timestamp": "2026-02-28T10:00:40+0800", "level": "INFO", "logger": "etl_logger", "message": "Start downloading Davinci CC Report for brand: VFSC...", "service": "cc_reconcile", "stage": "download_davinci", "status": "ok"}
{"timestamp": "2026-02-28T10:00:58+0800", "level": "INFO", "logger": "etl_logger", "message": "POST success (VFSC 2026-02-25): cc_withdraw_detail_report_20260228020058.csv, took 17.8s", "service": "cc_reconcile", "stage": "download_davinci", "status": "ok"}
{"timestamp": "2026-02-28T10:01:00+0800", "level": "INFO", "logger": "etl_logger", "message": "Download success (VFSC 2026-02-25): cc_withdraw_detail_report_20260228020058.csv, took 2.2s", "service": "cc_reconcile", "stage": "download_davinci", "status": "ok"}
{"timestamp": "2026-02-28T10:01:18+0800", "level": "INFO", "logger": "etl_logger", "message": "POST success (VFSC 2026-02-26): cc_withdraw_detail_report_20260228020118.csv, took 17.7s", "service": "cc_reconcile", "stage": "download_davinci", "status": "ok"}
{"timestamp": "2026-02-28T10:01:20+0800", "level": "INFO", "logger": "etl_logger", "message": "Download success (VFSC 2026-02-26): cc_withdraw_detail_report_20260228020118.csv, took 2.1s", "service": "cc_reconcile", "stage": "download_davinci", "status": "ok"}
{"timestamp": "2026-02-28T10:01:38+0800", "level": "INFO", "logger": "etl_logger", "message": "POST success (VFSC 2026-02-27): cc_withdraw_detail_report_20260228020138.csv, took 17.8s", "service": "cc_reconcile", "stage": "download_davinci", "status": "ok"}
{"timestamp": "2026-02-28T10:01:40+0800", "level": "INFO", "logger": "etl_logger", "message": "Download success (VFSC 2026-02-27): cc_withdraw_detail_report_20260228020138.csv, took 2.2s", "service": "cc_reconcile", "stage": "download_davinci", "status": "ok"}
{"timestamp": "2026-02-28T10:01:58+0800", "level": "INFO", "logger": "etl_logger", "message": "POST success (VFSC 2026-02-28): cc_withdraw_detail_report_20260228020158.csv, took 17.6s", "service": "cc_reconcile", "stage": "download_davinci", "status": "ok"}
{"timestamp": "2026-02-28T10:01:59+0800", "level": "INFO", "logger": "etl_logger", "message": "Download success (VFSC 2026-02-28): cc_withdraw_detail_report_20260228020158.csv, took 1.0s", "service": "cc_reconcile", "stage": "download_davinci", "status": "ok"}
{"timestamp": "2026-02-28T10:01:59+0800", "level": "INFO", "logger": "etl_logger", "message": "Finish downloading Davinci CC - VFSC Report", "service": "cc_reconcile", "stage": "download_davinci", "status": "ok"}
{"timestamp": "2026-02-28T10:01:59+0800", "level": "INFO", "logger": "etl_logger", "message": "Start downloading Davinci CC Report for brand: VFSC2...", "service": "cc_reconcile", "stage": "download_davinci", "status": "ok"}
{"timestamp": "2026-02-28T10:02:49+0800", "level": "INFO", "logger": "etl_logger", "message": "POST success (VFSC2 2026-02-25): cc_withdraw_detail_report_20260228020249.csv, took 50.0s", "service": "cc_reconcile", "stage": "download_davinci", "status": "ok"}
{"timestamp": "2026-02-28T10:02:52+0800", "level": "INFO", "logger": "etl_logger", "message": "Download success (VFSC2 2026-02-25): cc_withdraw_detail_report_20260228020249.csv, took 2.9s", "service": "cc_reconcile", "stage": "download_davinci", "status": "ok"}
{"timestamp": "2026-02-28T10:03:42+0800", "level": "INFO", "logger": "etl_logger", "message": "POST success (VFSC2 2026-02-26): cc_withdraw_detail_report_20260228020342.csv, took 50.1s", "service": "cc_reconcile", "stage": "download_davinci", "status": "ok"}
{"timestamp": "2026-02-28T10:03:45+0800", "level": "INFO", "logger": "etl_logger", "message": "Download success (VFSC2 2026-02-26): cc_withdraw_detail_report_20260228020342.csv, took 2.9s", "service": "cc_reconcile", "stage": "download_davinci", "status": "ok"}
{"timestamp": "2026-02-28T10:04:36+0800", "level": "INFO", "logger": "etl_logger", "message": "POST success (VFSC2 2026-02-27): cc_withdraw_detail_report_20260228020436.csv, took 51.0s", "service": "cc_reconcile", "stage": "download_davinci", "status": "ok"}
{"timestamp": "2026-02-28T10:04:39+0800", "level": "INFO", "logger": "etl_logger", "message": "Download success (VFSC2 2026-02-27): cc_withdraw_detail_report_20260228020436.csv, took 3.0s", "service": "cc_reconcile", "stage": "download_davinci", "status": "ok"}
{"timestamp": "2026-02-28T10:05:28+0800", "level": "INFO", "logger": "etl_logger", "message": "POST success (VFSC2 2026-02-28): cc_withdraw_detail_report_20260228020528.csv, took 48.8s", "service": "cc_reconcile", "stage": "download_davinci", "status": "ok"}
{"timestamp": "2026-02-28T10:05:29+0800", "level": "INFO", "logger": "etl_logger", "message": "Download success (VFSC2 2026-02-28): cc_withdraw_detail_report_20260228020528.csv, took 1.7s", "service": "cc_reconcile", "stage": "download_davinci", "status": "ok"}
{"timestamp": "2026-02-28T10:05:30+0800", "level": "INFO", "logger": "etl_logger", "message": "Finish downloading Davinci CC - VFSC2 Report", "service": "cc_reconcile", "stage": "download_davinci", "status": "ok"}
{"timestamp": "2026-02-28T10:05:30+0800", "level": "INFO", "logger": "etl_logger", "message": "Finish downloading Davinci CC Report for all brands, total rows: 36289", "service": "cc_reconcile", "stage": "download_davinci", "status": "ok"}
{"timestamp": "2026-02-28T10:05:30+0800", "level": "INFO", "logger": "etl_logger", "message": "Download CRM CC Report Finish ，Total: 36289", "service": "cc_reconcile", "stage": "download", "status": "ok"}
{"timestamp": "2026-02-28T10:05:30+0800", "level": "INFO", "logger": "etl_logger", "message": "Start reconcile...", "service": "cc_reconcile", "stage": "reconcile", "status": "ok"}
{"timestamp": "2026-02-28T10:05:30+0800", "level": "INFO", "logger": "etl_logger", "message": "Reconcile Finish ，Total Mismatch Case: 0", "service": "cc_reconcile", "stage": "reconcile", "status": "ok"}
{"timestamp": "2026-02-28T10:05:30+0800", "level": "INFO", "logger": "etl_logger", "message": "Connect Lark Finish", "service": "cc_reconcile", "stage": "lark", "status": "ok"}
{"timestamp": "2026-02-28T10:05:30+0800", "level": "INFO", "logger": "etl_logger", "message": "Start query existing data in LarkSheet...", "service": "cc_reconcile", "stage": "lark", "status": "ok"}
{"timestamp": "2026-02-28T10:05:31+0800", "level": "INFO", "logger": "etl_logger", "message": "Query existing data in LarkSheet Finish", "service": "cc_reconcile", "stage": "lark", "status": "ok"}
{"timestamp": "2026-02-28T10:05:31+0800", "level": "INFO", "logger": "etl_logger", "message": "Total unique keys in LarkSheet: 63, Total new mismatch cases to upload: 0", "service": "cc_reconcile", "stage": "lark", "status": "ok"}
{"timestamp": "2026-02-28T10:05:31+0800", "level": "INFO", "logger": "etl_logger", "message": "Append data to LarkSheet with range: Kalw4Y!A2:L3, rows: 1, columns: 12", "service": "cc_reconcile", "stage": "lark", "status": "ok"}
{"timestamp": "2026-02-28T10:05:32+0800", "level": "INFO", "logger": "etl_logger", "message": "✅ Successfully appended data to LarkSheet", "service": "cc_reconcile", "stage": "lark", "status": "ok"}
{"timestamp": "2026-02-28T10:05:33+0800", "level": "INFO", "logger": "etl_logger", "message": "Upload data to LarkSheet Finish", "service": "cc_reconcile", "stage": "lark", "status": "ok"}
{"timestamp": "2026-02-28T11:00:01+0800", "level": "INFO", "logger": "etl_logger", "message": "Start download reports...", "service": "cc_reconcile", "stage": "download", "status": "ok"}
{"timestamp": "2026-02-28T11:00:05+0800", "level": "INFO", "logger": "etl_logger", "message": "Payabl Login Success and Get Token Success", "service": "cc_reconcile", "stage": "download_payabl", "status": "ok"}
{"timestamp": "2026-02-28T11:00:05+0800", "level": "INFO", "logger": "etl_logger", "message": "Start downloading Payabl CC Report for date: 2026-02-27...", "service": "cc_reconcile", "stage": "download_payabl", "status": "ok"}
{"timestamp": "2026-02-28T11:00:33+0800", "level": "INFO", "logger": "etl_logger", "message": "Start downloading Payabl CC Report for date: 2026-02-28...", "service": "cc_reconcile", "stage": "download_payabl", "status": "ok"}
{"timestamp": "2026-02-28T11:00:39+0800", "level": "INFO", "logger": "etl_logger", "message": "Finish downloading Payabl CC Report", "service": "cc_reconcile", "stage": "download_payabl", "status": "ok"}
{"timestamp": "2026-02-28T11:00:39+0800", "level": "INFO", "logger": "etl_logger", "message": "Download Payabl CC Report Finish ，Total: 44974", "service": "cc_reconcile", "stage": "download", "status": "ok"}
{"timestamp": "2026-02-28T11:00:39+0800", "level": "INFO", "logger": "etl_logger", "message": "Login attempt 1/5", "service": "cc_reconcile", "stage": "download_davinci", "status": "ok"}
{"timestamp": "2026-02-28T11:00:40+0800", "level": "INFO", "logger": "etl_logger", "message": "Login response status=200, url=https://admin.vantagemarkets.com/admin/main, cookies=4", "service": "cc_reconcile", "stage": "download_davinci", "status": "ok"}
{"timestamp": "2026-02-28T11:00:40+0800", "level": "INFO", "logger": "etl_logger", "message": "Login successful", "service": "cc_reconcile", "stage": "download_davinci", "status": "ok"}
{"timestamp": "2026-02-28T11:00:40+0800", "level": "INFO", "logger": "etl_logger", "message": "Token obtained successfully", "service": "cc_reconcile", "stage": "download_davinci", "status": "ok"}
{"timestamp": "2026-02-28T11:00:40+0800", "level": "INFO", "logger": "etl_logger", "message": "Start downloading Davinci CC Report for brand: VFSC...", "service": "cc_reconcile", "stage": "download_davinci", "status": "ok"}
{"timestamp": "2026-02-28T11:00:59+0800", "level": "INFO", "logger": "etl_logger", "message": "POST success (VFSC 2026-02-25): cc_withdraw_detail_report_20260228030059.csv, took 18.3s", "service": "cc_reconcile", "stage": "download_davinci", "status": "ok"}
{"timestamp": "2026-02-28T11:01:00+0800", "level": "INFO", "logger": "etl_logger", "message": "Download success (VFSC 2026-02-25): cc_withdraw_detail_report_20260228030059.csv, took 1.8s", "service": "cc_reconcile", "stage": "download_davinci", "status": "ok"}
{"timestamp": "2026-02-28T11:01:18+0800", "level": "INFO", "logger": "etl_logger", "message": "POST success (VFSC 2026-02-26): cc_withdraw_detail_report_20260228030118.csv, took 17.6s", "service": "cc_reconcile", "stage": "download_davinci", "status": "ok"}
{"timestamp": "2026-02-28T11:01:20+0800", "level": "INFO", "logger": "etl_logger", "message": "Download success (VFSC 2026-02-26): cc_withdraw_detail_report_20260228030118.csv, took 1.9s", "service": "cc_reconcile", "stage": "download_davinci", "status": "ok"}
{"timestamp": "2026-02-28T11:01:38+0800", "level": "INFO", "logger": "etl_logger", "message": "POST success (VFSC 2026-02-27): cc_withdraw_detail_report_20260228030138.csv, took 18.1s", "service": "cc_reconcile", "stage": "download_davinci", "status": "ok"}
{"timestamp": "2026-02-28T11:01:40+0800", "level": "INFO", "logger": "etl_logger", "message": "Download success (VFSC 2026-02-27): cc_withdraw_detail_report_20260228030138.csv, took 2.3s", "service": "cc_reconcile", "stage": "download_davinci", "status": "ok"}
{"timestamp": "2026-02-28T11:01:57+0800", "level": "INFO", "logger": "etl_logger", "message": "POST success (VFSC 2026-02-28): cc_withdraw_detail_report_20260228030157.csv, took 17.0s", "service": "cc_reconcile", "stage": "download_davinci", "status": "ok"}
{"timestamp": "2026-02-28T11:01:58+0800", "level": "INFO", "logger": "etl_logger", "message": "Download success (VFSC 2026-02-28): cc_withdraw_detail_report_20260228030157.csv, took 1.0s", "service": "cc_reconcile", "stage": "download_davinci", "status": "ok"}
{"timestamp": "2026-02-28T11:01:58+0800", "level": "INFO", "logger": "etl_logger", "message": "Finish downloading Davinci CC - VFSC Report", "service": "cc_reconcile", "stage": "download_davinci", "status": "ok"}
{"timestamp": "2026-02-28T11:01:58+0800", "level": "INFO", "logger": "etl_logger", "message": "Start downloading Davinci CC Report for brand: VFSC2...", "service": "cc_reconcile", "stage": "download_davinci", "status": "ok"}
{"timestamp": "2026-02-28T11:02:52+0800", "level": "INFO", "logger": "etl_logger", "message": "POST success (VFSC2 2026-02-25): cc_withdraw_detail_report_20260228030252.csv, took 54.0s", "service": "cc_reconcile", "stage": "download_davinci", "status": "ok"}
{"timestamp": "2026-02-28T11:02:55+0800", "level": "INFO", "logger": "etl_logger", "message": "Download success (VFSC2 2026-02-25): cc_withdraw_detail_report_20260228030252.csv, took 3.0s", "service": "cc_reconcile", "stage": "download_davinci", "status": "ok"}
{"timestamp": "2026-02-28T11:03:46+0800", "level": "INFO", "logger": "etl_logger", "message": "POST success (VFSC2 2026-02-26): cc_withdraw_detail_report_20260228030346.csv, took 50.6s", "service": "cc_reconcile", "stage": "download_davinci", "status": "ok"}
{"timestamp": "2026-02-28T11:03:49+0800", "level": "INFO", "logger": "etl_logger", "message": "Download success (VFSC2 2026-02-26): cc_withdraw_detail_report_20260228030346.csv, took 3.0s", "service": "cc_reconcile", "stage": "download_davinci", "status": "ok"}
{"timestamp": "2026-02-28T11:04:39+0800", "level": "INFO", "logger": "etl_logger", "message": "POST success (VFSC2 2026-02-27): cc_withdraw_detail_report_20260228030439.csv, took 49.6s", "service": "cc_reconcile", "stage": "download_davinci", "status": "ok"}
{"timestamp": "2026-02-28T11:04:41+0800", "level": "INFO", "logger": "etl_logger", "message": "Download success (VFSC2 2026-02-27): cc_withdraw_detail_report_20260228030439.csv, took 2.5s", "service": "cc_reconcile", "stage": "download_davinci", "status": "ok"}
{"timestamp": "2026-02-28T11:05:28+0800", "level": "INFO", "logger": "etl_logger", "message": "POST success (VFSC2 2026-02-28): cc_withdraw_detail_report_20260228030528.csv, took 47.1s", "service": "cc_reconcile", "stage": "download_davinci", "status": "ok"}
{"timestamp": "2026-02-28T11:05:30+0800", "level": "INFO", "logger": "etl_logger", "message": "Download success (VFSC2 2026-02-28): cc_withdraw_detail_report_20260228030528.csv, took 1.7s", "service": "cc_reconcile", "stage": "download_davinci", "status": "ok"}
{"timestamp": "2026-02-28T11:05:30+0800", "level": "INFO", "logger": "etl_logger", "message": "Finish downloading Davinci CC - VFSC2 Report", "service": "cc_reconcile", "stage": "download_davinci", "status": "ok"}
{"timestamp": "2026-02-28T11:05:30+0800", "level": "INFO", "logger": "etl_logger", "message": "Finish downloading Davinci CC Report for all brands, total rows: 36289", "service": "cc_reconcile", "stage": "download_davinci", "status": "ok"}
{"timestamp": "2026-02-28T11:05:30+0800", "level": "INFO", "logger": "etl_logger", "message": "Download CRM CC Report Finish ，Total: 36289", "service": "cc_reconcile", "stage": "download", "status": "ok"}
{"timestamp": "2026-02-28T11:05:30+0800", "level": "INFO", "logger": "etl_logger", "message": "Start reconcile...", "service": "cc_reconcile", "stage": "reconcile", "status": "ok"}
{"timestamp": "2026-02-28T11:05:31+0800", "level": "INFO", "logger": "etl_logger", "message": "Reconcile Finish ，Total Mismatch Case: 0", "service": "cc_reconcile", "stage": "reconcile", "status": "ok"}
{"timestamp": "2026-02-28T11:05:31+0800", "level": "INFO", "logger": "etl_logger", "message": "Connect Lark Finish", "service": "cc_reconcile", "stage": "lark", "status": "ok"}
{"timestamp": "2026-02-28T11:05:31+0800", "level": "INFO", "logger": "etl_logger", "message": "Start query existing data in LarkSheet...", "service": "cc_reconcile", "stage": "lark", "status": "ok"}
{"timestamp": "2026-02-28T11:05:32+0800", "level": "INFO", "logger": "etl_logger", "message": "Query existing data in LarkSheet Finish", "service": "cc_reconcile", "stage": "lark", "status": "ok"}
{"timestamp": "2026-02-28T11:05:32+0800", "level": "INFO", "logger": "etl_logger", "message": "Total unique keys in LarkSheet: 63, Total new mismatch cases to upload: 0", "service": "cc_reconcile", "stage": "lark", "status": "ok"}
{"timestamp": "2026-02-28T11:05:32+0800", "level": "INFO", "logger": "etl_logger", "message": "Append data to LarkSheet with range: Kalw4Y!A2:L3, rows: 1, columns: 12", "service": "cc_reconcile", "stage": "lark", "status": "ok"}
{"timestamp": "2026-02-28T11:05:32+0800", "level": "INFO", "logger": "etl_logger", "message": "✅ Successfully appended data to LarkSheet", "service": "cc_reconcile", "stage": "lark", "status": "ok"}
{"timestamp": "2026-02-28T11:05:34+0800", "level": "INFO", "logger": "etl_logger", "message": "Upload data to LarkSheet Finish", "service": "cc_reconcile", "stage": "lark", "status": "ok"}
{"timestamp": "2026-02-28T12:00:01+0800", "level": "INFO", "logger": "etl_logger", "message": "Start download reports...", "service": "cc_reconcile", "stage": "download", "status": "ok"}
{"timestamp": "2026-02-28T12:00:05+0800", "level": "INFO", "logger": "etl_logger", "message": "Payabl Login Success and Get Token Success", "service": "cc_reconcile", "stage": "download_payabl", "status": "ok"}
{"timestamp": "2026-02-28T12:00:05+0800", "level": "INFO", "logger": "etl_logger", "message": "Start downloading Payabl CC Report for date: 2026-02-27...", "service": "cc_reconcile", "stage": "download_payabl", "status": "ok"}
{"timestamp": "2026-02-28T12:00:35+0800", "level": "INFO", "logger": "etl_logger", "message": "Start downloading Payabl CC Report for date: 2026-02-28...", "service": "cc_reconcile", "stage": "download_payabl", "status": "ok"}
{"timestamp": "2026-02-28T12:00:41+0800", "level": "INFO", "logger": "etl_logger", "message": "Finish downloading Payabl CC Report", "service": "cc_reconcile", "stage": "download_payabl", "status": "ok"}
{"timestamp": "2026-02-28T12:00:41+0800", "level": "INFO", "logger": "etl_logger", "message": "Download Payabl CC Report Finish ，Total: 44974", "service": "cc_reconcile", "stage": "download", "status": "ok"}
{"timestamp": "2026-02-28T12:00:41+0800", "level": "INFO", "logger": "etl_logger", "message": "Login attempt 1/5", "service": "cc_reconcile", "stage": "download_davinci", "status": "ok"}
{"timestamp": "2026-02-28T12:00:43+0800", "level": "INFO", "logger": "etl_logger", "message": "Login response status=200, url=https://admin.vantagemarkets.com/admin/main, cookies=4", "service": "cc_reconcile", "stage": "download_davinci", "status": "ok"}
{"timestamp": "2026-02-28T12:00:43+0800", "level": "INFO", "logger": "etl_logger", "message": "Login successful", "service": "cc_reconcile", "stage": "download_davinci", "status": "ok"}
{"timestamp": "2026-02-28T12:00:43+0800", "level": "INFO", "logger": "etl_logger", "message": "Token obtained successfully", "service": "cc_reconcile", "stage": "download_davinci", "status": "ok"}
{"timestamp": "2026-02-28T12:00:43+0800", "level": "INFO", "logger": "etl_logger", "message": "Start downloading Davinci CC Report for brand: VFSC...", "service": "cc_reconcile", "stage": "download_davinci", "status": "ok"}
{"timestamp": "2026-02-28T12:00:43+0800", "level": "WARNING", "logger": "etl_logger", "message": "POST failed (VFSC 2026-02-25) attempt 1: 500 Server Error: Internal Server Error for url: https://report.vantagemarkets.com/api/cc-detail/download, took 0.3s", "service": "cc_reconcile", "stage": "download_davinci", "status": "ok"}
{"timestamp": "2026-02-28T12:00:48+0800", "level": "WARNING", "logger": "etl_logger", "message": "POST failed (VFSC 2026-02-25) attempt 2: 500 Server Error: Internal Server Error for url: https://report.vantagemarkets.com/api/cc-detail/download, took 0.2s", "service": "cc_reconcile", "stage": "download_davinci", "status": "ok"}
{"timestamp": "2026-02-28T12:00:53+0800", "level": "WARNING", "logger": "etl_logger", "message": "POST failed (VFSC 2026-02-25) attempt 3: 500 Server Error: Internal Server Error for url: https://report.vantagemarkets.com/api/cc-detail/download, took 0.2s", "service": "cc_reconcile", "stage": "download_davinci", "status": "ok"}
{"timestamp": "2026-02-28T12:00:53+0800", "level": "ERROR", "logger": "etl_logger", "message": "POST failed after 3 attempts (VFSC 2026-02-25)", "service": "cc_reconcile", "stage": "download_davinci", "status": "ok"}
{"timestamp": "2026-02-28T12:00:54+0800", "level": "WARNING", "logger": "etl_logger", "message": "POST failed (VFSC 2026-02-26) attempt 1: 500 Server Error: Internal Server Error for url: https://report.vantagemarkets.com/api/cc-detail/download, took 0.2s", "service": "cc_reconcile", "stage": "download_davinci", "status": "ok"}
{"timestamp": "2026-02-28T12:00:59+0800", "level": "WARNING", "logger": "etl_logger", "message": "POST failed (VFSC 2026-02-26) attempt 2: 500 Server Error: Internal Server Error for url: https://report.vantagemarkets.com/api/cc-detail/download, took 0.2s", "service": "cc_reconcile", "stage": "download_davinci", "status": "ok"}
{"timestamp": "2026-02-28T12:01:04+0800", "level": "WARNING", "logger": "etl_logger", "message": "POST failed (VFSC 2026-02-26) attempt 3: 500 Server Error: Internal Server Error for url: https://report.vantagemarkets.com/api/cc-detail/download, took 0.2s", "service": "cc_reconcile", "stage": "download_davinci", "status": "ok"}
{"timestamp": "2026-02-28T12:01:04+0800", "level": "ERROR", "logger": "etl_logger", "message": "POST failed after 3 attempts (VFSC 2026-02-26)", "service": "cc_reconcile", "stage": "download_davinci", "status": "ok"}
{"timestamp": "2026-02-28T12:01:04+0800", "level": "WARNING", "logger": "etl_logger", "message": "POST failed (VFSC 2026-02-27) attempt 1: 500 Server Error: Internal Server Error for url: https://report.vantagemarkets.com/api/cc-detail/download, took 0.2s", "service": "cc_reconcile", "stage": "download_davinci", "status": "ok"}
{"timestamp": "2026-02-28T12:01:10+0800", "level": "WARNING", "logger": "etl_logger", "message": "POST failed (VFSC 2026-02-27) attempt 2: 500 Server Error: Internal Server Error for url: https://report.vantagemarkets.com/api/cc-detail/download, took 0.2s", "service": "cc_reconcile", "stage": "download_davinci", "status": "ok"}
{"timestamp": "2026-02-28T12:01:15+0800", "level": "WARNING", "logger": "etl_logger", "message": "POST failed (VFSC 2026-02-27) attempt 3: 500 Server Error: Internal Server Error for url: https://report.vantagemarkets.com/api/cc-detail/download, took 0.2s", "service": "cc_reconcile", "stage": "download_davinci", "status": "ok"}
{"timestamp": "2026-02-28T12:01:15+0800", "level": "ERROR", "logger": "etl_logger", "message": "POST failed after 3 attempts (VFSC 2026-02-27)", "service": "cc_reconcile", "stage": "download_davinci", "status": "ok"}
{"timestamp": "2026-02-28T12:01:15+0800", "level": "WARNING", "logger": "etl_logger", "message": "POST failed (VFSC 2026-02-28) attempt 1: 500 Server Error: Internal Server Error for url: https://report.vantagemarkets.com/api/cc-detail/download, took 0.2s", "service": "cc_reconcile", "stage": "download_davinci", "status": "ok"}
{"timestamp": "2026-02-28T12:01:20+0800", "level": "WARNING", "logger": "etl_logger", "message": "POST failed (VFSC 2026-02-28) attempt 2: 500 Server Error: Internal Server Error for url: https://report.vantagemarkets.com/api/cc-detail/download, took 0.2s", "service": "cc_reconcile", "stage": "download_davinci", "status": "ok"}
{"timestamp": "2026-02-28T12:01:26+0800", "level": "WARNING", "logger": "etl_logger", "message": "POST failed (VFSC 2026-02-28) attempt 3: 500 Server Error: Internal Server Error for url: https://report.vantagemarkets.com/api/cc-detail/download, took 0.2s", "service": "cc_reconcile", "stage": "download_davinci", "status": "ok"}
{"timestamp": "2026-02-28T12:01:26+0800", "level": "ERROR", "logger": "etl_logger", "message": "POST failed after 3 attempts (VFSC 2026-02-28)", "service": "cc_reconcile", "stage": "download_davinci", "status": "ok"}
{"timestamp": "2026-02-28T12:01:26+0800", "level": "INFO", "logger": "etl_logger", "message": "Finish downloading Davinci CC - VFSC Report", "service": "cc_reconcile", "stage": "download_davinci", "status": "ok"}
{"timestamp": "2026-02-28T12:01:26+0800", "level": "INFO", "logger": "etl_logger", "message": "Start downloading Davinci CC Report for brand: VFSC2...", "service": "cc_reconcile", "stage": "download_davinci", "status": "ok"}
{"timestamp": "2026-02-28T12:01:26+0800", "level": "WARNING", "logger": "etl_logger", "message": "POST failed (VFSC2 2026-02-25) attempt 1: 500 Server Error: Internal Server Error for url: https://report.vantagemarkets.com/api/cc-detail/download, took 0.2s", "service": "cc_reconcile", "stage": "download_davinci", "status": "ok"}
{"timestamp": "2026-02-28T12:01:31+0800", "level": "WARNING", "logger": "etl_logger", "message": "POST failed (VFSC2 2026-02-25) attempt 2: 500 Server Error: Internal Server Error for url: https://report.vantagemarkets.com/api/cc-detail/download, took 0.2s", "service": "cc_reconcile", "stage": "download_davinci", "status": "ok"}
{"timestamp": "2026-02-28T12:01:36+0800", "level": "WARNING", "logger": "etl_logger", "message": "POST failed (VFSC2 2026-02-25) attempt 3: 500 Server Error: Internal Server Error for url: https://report.vantagemarkets.com/api/cc-detail/download, took 0.2s", "service": "cc_reconcile", "stage": "download_davinci", "status": "ok"}
{"timestamp": "2026-02-28T12:01:36+0800", "level": "ERROR", "logger": "etl_logger", "message": "POST failed after 3 attempts (VFSC2 2026-02-25)", "service": "cc_reconcile", "stage": "download_davinci", "status": "ok"}
{"timestamp": "2026-02-28T12:01:36+0800", "level": "WARNING", "logger": "etl_logger", "message": "POST failed (VFSC2 2026-02-26) attempt 1: 500 Server Error: Internal Server Error for url: https://report.vantagemarkets.com/api/cc-detail/download, took 0.2s", "service": "cc_reconcile", "stage": "download_davinci", "status": "ok"}
{"timestamp": "2026-02-28T12:01:42+0800", "level": "WARNING", "logger": "etl_logger", "message": "POST failed (VFSC2 2026-02-26) attempt 2: 500 Server Error: Internal Server Error for url: https://report.vantagemarkets.com/api/cc-detail/download, took 0.2s", "service": "cc_reconcile", "stage": "download_davinci", "status": "ok"}
{"timestamp": "2026-02-28T12:01:47+0800", "level": "WARNING", "logger": "etl_logger", "message": "POST failed (VFSC2 2026-02-26) attempt 3: 500 Server Error: Internal Server Error for url: https://report.vantagemarkets.com/api/cc-detail/download, took 0.2s", "service": "cc_reconcile", "stage": "download_davinci", "status": "ok"}
{"timestamp": "2026-02-28T12:01:47+0800", "level": "ERROR", "logger": "etl_logger", "message": "POST failed after 3 attempts (VFSC2 2026-02-26)", "service": "cc_reconcile", "stage": "download_davinci", "status": "ok"}
{"timestamp": "2026-02-28T12:01:47+0800", "level": "WARNING", "logger": "etl_logger", "message": "POST failed (VFSC2 2026-02-27) attempt 1: 500 Server Error: Internal Server Error for url: https://report.vantagemarkets.com/api/cc-detail/download, took 0.2s", "service": "cc_reconcile", "stage": "download_davinci", "status": "ok"}
{"timestamp": "2026-02-28T12:01:52+0800", "level": "WARNING", "logger": "etl_logger", "message": "POST failed (VFSC2 2026-02-27) attempt 2: 500 Server Error: Internal Server Error for url: https://report.vantagemarkets.com/api/cc-detail/download, took 0.2s", "service": "cc_reconcile", "stage": "download_davinci", "status": "ok"}
{"timestamp": "2026-02-28T12:01:58+0800", "level": "WARNING", "logger": "etl_logger", "message": "POST failed (VFSC2 2026-02-27) attempt 3: 500 Server Error: Internal Server Error for url: https://report.vantagemarkets.com/api/cc-detail/download, took 0.2s", "service": "cc_reconcile", "stage": "download_davinci", "status": "ok"}
{"timestamp": "2026-02-28T12:01:58+0800", "level": "ERROR", "logger": "etl_logger", "message": "POST failed after 3 attempts (VFSC2 2026-02-27)", "service": "cc_reconcile", "stage": "download_davinci", "status": "ok"}
{"timestamp": "2026-02-28T12:01:58+0800", "level": "WARNING", "logger": "etl_logger", "message": "POST failed (VFSC2 2026-02-28) attempt 1: 500 Server Error: Internal Server Error for url: https://report.vantagemarkets.com/api/cc-detail/download, took 0.2s", "service": "cc_reconcile", "stage": "download_davinci", "status": "ok"}
{"timestamp": "2026-02-28T12:02:03+0800", "level": "WARNING", "logger": "etl_logger", "message": "POST failed (VFSC2 2026-02-28) attempt 2: 500 Server Error: Internal Server Error for url: https://report.vantagemarkets.com/api/cc-detail/download, took 0.2s", "service": "cc_reconcile", "stage": "download_davinci", "status": "ok"}
{"timestamp": "2026-02-28T12:02:08+0800", "level": "WARNING", "logger": "etl_logger", "message": "POST failed (VFSC2 2026-02-28) attempt 3: 500 Server Error: Internal Server Error for url: https://report.vantagemarkets.com/api/cc-detail/download, took 0.2s", "service": "cc_reconcile", "stage": "download_davinci", "status": "ok"}
{"timestamp": "2026-02-28T12:02:08+0800", "level": "ERROR", "logger": "etl_logger", "message": "POST failed after 3 attempts (VFSC2 2026-02-28)", "service": "cc_reconcile", "stage": "download_davinci", "status": "ok"}
{"timestamp": "2026-02-28T12:02:08+0800", "level": "INFO", "logger": "etl_logger", "message": "Finish downloading Davinci CC - VFSC2 Report", "service": "cc_reconcile", "stage": "download_davinci", "status": "ok"}
{"timestamp": "2026-02-28T12:02:08+0800", "level": "WARNING", "logger": "etl_logger", "message": "No data downloaded for any brand.", "service": "cc_reconcile", "stage": "download_davinci", "status": "ok"}
Traceback (most recent call last):
  File "/app/main.py", line 72, in <module>
    main()
  File "/app/main.py", line 25, in main
    logger.info(f"Download CRM CC Report Finish ，Total: {len(crm_cc)}")
TypeError: object of type 'NoneType' has no len()
{"timestamp": "2026-02-28T13:00:01+0800", "level": "INFO", "logger": "etl_logger", "message": "Start download reports...", "service": "cc_reconcile", "stage": "download", "status": "ok"}
{"timestamp": "2026-02-28T13:00:04+0800", "level": "INFO", "logger": "etl_logger", "message": "Payabl Login Success and Get Token Success", "service": "cc_reconcile", "stage": "download_payabl", "status": "ok"}
{"timestamp": "2026-02-28T13:00:04+0800", "level": "INFO", "logger": "etl_logger", "message": "Start downloading Payabl CC Report for date: 2026-02-27...", "service": "cc_reconcile", "stage": "download_payabl", "status": "ok"}
{"timestamp": "2026-02-28T13:00:31+0800", "level": "INFO", "logger": "etl_logger", "message": "Start downloading Payabl CC Report for date: 2026-02-28...", "service": "cc_reconcile", "stage": "download_payabl", "status": "ok"}
{"timestamp": "2026-02-28T13:00:37+0800", "level": "INFO", "logger": "etl_logger", "message": "Finish downloading Payabl CC Report", "service": "cc_reconcile", "stage": "download_payabl", "status": "ok"}
{"timestamp": "2026-02-28T13:00:37+0800", "level": "INFO", "logger": "etl_logger", "message": "Download Payabl CC Report Finish ，Total: 44974", "service": "cc_reconcile", "stage": "download", "status": "ok"}
{"timestamp": "2026-02-28T13:00:37+0800", "level": "INFO", "logger": "etl_logger", "message": "Login attempt 1/5", "service": "cc_reconcile", "stage": "download_davinci", "status": "ok"}
{"timestamp": "2026-02-28T13:00:38+0800", "level": "INFO", "logger": "etl_logger", "message": "Login response status=200, url=https://admin.vantagemarkets.com/admin/main, cookies=4", "service": "cc_reconcile", "stage": "download_davinci", "status": "ok"}
{"timestamp": "2026-02-28T13:00:38+0800", "level": "INFO", "logger": "etl_logger", "message": "Login successful", "service": "cc_reconcile", "stage": "download_davinci", "status": "ok"}
{"timestamp": "2026-02-28T13:00:39+0800", "level": "INFO", "logger": "etl_logger", "message": "Token obtained successfully", "service": "cc_reconcile", "stage": "download_davinci", "status": "ok"}
{"timestamp": "2026-02-28T13:00:39+0800", "level": "INFO", "logger": "etl_logger", "message": "Start downloading Davinci CC Report for brand: VFSC...", "service": "cc_reconcile", "stage": "download_davinci", "status": "ok"}
{"timestamp": "2026-02-28T13:00:39+0800", "level": "WARNING", "logger": "etl_logger", "message": "POST failed (VFSC 2026-02-25) attempt 1: 500 Server Error: Internal Server Error for url: https://report.vantagemarkets.com/api/cc-detail/download, took 0.2s", "service": "cc_reconcile", "stage": "download_davinci", "status": "ok"}
{"timestamp": "2026-02-28T13:00:44+0800", "level": "WARNING", "logger": "etl_logger", "message": "POST failed (VFSC 2026-02-25) attempt 2: 500 Server Error: Internal Server Error for url: https://report.vantagemarkets.com/api/cc-detail/download, took 0.2s", "service": "cc_reconcile", "stage": "download_davinci", "status": "ok"}
{"timestamp": "2026-02-28T13:00:49+0800", "level": "WARNING", "logger": "etl_logger", "message": "POST failed (VFSC 2026-02-25) attempt 3: 500 Server Error: Internal Server Error for url: https://report.vantagemarkets.com/api/cc-detail/download, took 0.2s", "service": "cc_reconcile", "stage": "download_davinci", "status": "ok"}
{"timestamp": "2026-02-28T13:00:49+0800", "level": "ERROR", "logger": "etl_logger", "message": "POST failed after 3 attempts (VFSC 2026-02-25)", "service": "cc_reconcile", "stage": "download_davinci", "status": "ok"}
{"timestamp": "2026-02-28T13:00:50+0800", "level": "WARNING", "logger": "etl_logger", "message": "POST failed (VFSC 2026-02-26) attempt 1: 500 Server Error: Internal Server Error for url: https://report.vantagemarkets.com/api/cc-detail/download, took 0.2s", "service": "cc_reconcile", "stage": "download_davinci", "status": "ok"}
{"timestamp": "2026-02-28T13:00:55+0800", "level": "WARNING", "logger": "etl_logger", "message": "POST failed (VFSC 2026-02-26) attempt 2: 500 Server Error: Internal Server Error for url: https://report.vantagemarkets.com/api/cc-detail/download, took 0.2s", "service": "cc_reconcile", "stage": "download_davinci", "status": "ok"}
{"timestamp": "2026-02-28T13:01:00+0800", "level": "WARNING", "logger": "etl_logger", "message": "POST failed (VFSC 2026-02-26) attempt 3: 500 Server Error: Internal Server Error for url: https://report.vantagemarkets.com/api/cc-detail/download, took 0.2s", "service": "cc_reconcile", "stage": "download_davinci", "status": "ok"}
{"timestamp": "2026-02-28T13:01:00+0800", "level": "ERROR", "logger": "etl_logger", "message": "POST failed after 3 attempts (VFSC 2026-02-26)", "service": "cc_reconcile", "stage": "download_davinci", "status": "ok"}
{"timestamp": "2026-02-28T13:01:00+0800", "level": "WARNING", "logger": "etl_logger", "message": "POST failed (VFSC 2026-02-27) attempt 1: 500 Server Error: Internal Server Error for url: https://report.vantagemarkets.com/api/cc-detail/download, took 0.2s", "service": "cc_reconcile", "stage": "download_davinci", "status": "ok"}
{"timestamp": "2026-02-28T13:01:05+0800", "level": "WARNING", "logger": "etl_logger", "message": "POST failed (VFSC 2026-02-27) attempt 2: 500 Server Error: Internal Server Error for url: https://report.vantagemarkets.com/api/cc-detail/download, took 0.2s", "service": "cc_reconcile", "stage": "download_davinci", "status": "ok"}
{"timestamp": "2026-02-28T13:01:11+0800", "level": "WARNING", "logger": "etl_logger", "message": "POST failed (VFSC 2026-02-27) attempt 3: 500 Server Error: Internal Server Error for url: https://report.vantagemarkets.com/api/cc-detail/download, took 0.2s", "service": "cc_reconcile", "stage": "download_davinci", "status": "ok"}
{"timestamp": "2026-02-28T13:01:11+0800", "level": "ERROR", "logger": "etl_logger", "message": "POST failed after 3 attempts (VFSC 2026-02-27)", "service": "cc_reconcile", "stage": "download_davinci", "status": "ok"}
{"timestamp": "2026-02-28T13:01:11+0800", "level": "WARNING", "logger": "etl_logger", "message": "POST failed (VFSC 2026-02-28) attempt 1: 500 Server Error: Internal Server Error for url: https://report.vantagemarkets.com/api/cc-detail/download, took 0.2s", "service": "cc_reconcile", "stage": "download_davinci", "status": "ok"}
{"timestamp": "2026-02-28T13:01:16+0800", "level": "WARNING", "logger": "etl_logger", "message": "POST failed (VFSC 2026-02-28) attempt 2: 500 Server Error: Internal Server Error for url: https://report.vantagemarkets.com/api/cc-detail/download, took 0.2s", "service": "cc_reconcile", "stage": "download_davinci", "status": "ok"}
{"timestamp": "2026-02-28T13:01:21+0800", "level": "WARNING", "logger": "etl_logger", "message": "POST failed (VFSC 2026-02-28) attempt 3: 500 Server Error: Internal Server Error for url: https://report.vantagemarkets.com/api/cc-detail/download, took 0.2s", "service": "cc_reconcile", "stage": "download_davinci", "status": "ok"}
{"timestamp": "2026-02-28T13:01:21+0800", "level": "ERROR", "logger": "etl_logger", "message": "POST failed after 3 attempts (VFSC 2026-02-28)", "service": "cc_reconcile", "stage": "download_davinci", "status": "ok"}
{"timestamp": "2026-02-28T13:01:21+0800", "level": "INFO", "logger": "etl_logger", "message": "Finish downloading Davinci CC - VFSC Report", "service": "cc_reconcile", "stage": "download_davinci", "status": "ok"}
{"timestamp": "2026-02-28T13:01:21+0800", "level": "INFO", "logger": "etl_logger", "message": "Start downloading Davinci CC Report for brand: VFSC2...", "service": "cc_reconcile", "stage": "download_davinci", "status": "ok"}
{"timestamp": "2026-02-28T13:01:22+0800", "level": "WARNING", "logger": "etl_logger", "message": "POST failed (VFSC2 2026-02-25) attempt 1: 500 Server Error: Internal Server Error for url: https://report.vantagemarkets.com/api/cc-detail/download, took 0.2s", "service": "cc_reconcile", "stage": "download_davinci", "status": "ok"}
{"timestamp": "2026-02-28T13:01:27+0800", "level": "WARNING", "logger": "etl_logger", "message": "POST failed (VFSC2 2026-02-25) attempt 2: 500 Server Error: Internal Server Error for url: https://report.vantagemarkets.com/api/cc-detail/download, took 0.2s", "service": "cc_reconcile", "stage": "download_davinci", "status": "ok"}
{"timestamp": "2026-02-28T13:01:32+0800", "level": "WARNING", "logger": "etl_logger", "message": "POST failed (VFSC2 2026-02-25) attempt 3: 500 Server Error: Internal Server Error for url: https://report.vantagemarkets.com/api/cc-detail/download, took 0.2s", "service": "cc_reconcile", "stage": "download_davinci", "status": "ok"}
{"timestamp": "2026-02-28T13:01:32+0800", "level": "ERROR", "logger": "etl_logger", "message": "POST failed after 3 attempts (VFSC2 2026-02-25)", "service": "cc_reconcile", "stage": "download_davinci", "status": "ok"}
{"timestamp": "2026-02-28T13:01:32+0800", "level": "WARNING", "logger": "etl_logger", "message": "POST failed (VFSC2 2026-02-26) attempt 1: 500 Server Error: Internal Server Error for url: https://report.vantagemarkets.com/api/cc-detail/download, took 0.2s", "service": "cc_reconcile", "stage": "download_davinci", "status": "ok"}
{"timestamp": "2026-02-28T13:01:37+0800", "level": "WARNING", "logger": "etl_logger", "message": "POST failed (VFSC2 2026-02-26) attempt 2: 500 Server Error: Internal Server Error for url: https://report.vantagemarkets.com/api/cc-detail/download, took 0.2s", "service": "cc_reconcile", "stage": "download_davinci", "status": "ok"}
{"timestamp": "2026-02-28T13:01:43+0800", "level": "WARNING", "logger": "etl_logger", "message": "POST failed (VFSC2 2026-02-26) attempt 3: 500 Server Error: Internal Server Error for url: https://report.vantagemarkets.com/api/cc-detail/download, took 0.2s", "service": "cc_reconcile", "stage": "download_davinci", "status": "ok"}
{"timestamp": "2026-02-28T13:01:43+0800", "level": "ERROR", "logger": "etl_logger", "message": "POST failed after 3 attempts (VFSC2 2026-02-26)", "service": "cc_reconcile", "stage": "download_davinci", "status": "ok"}
{"timestamp": "2026-02-28T13:01:43+0800", "level": "WARNING", "logger": "etl_logger", "message": "POST failed (VFSC2 2026-02-27) attempt 1: 500 Server Error: Internal Server Error for url: https://report.vantagemarkets.com/api/cc-detail/download, took 0.2s", "service": "cc_reconcile", "stage": "download_davinci", "status": "ok"}
{"timestamp": "2026-02-28T13:01:48+0800", "level": "WARNING", "logger": "etl_logger", "message": "POST failed (VFSC2 2026-02-27) attempt 2: 500 Server Error: Internal Server Error for url: https://report.vantagemarkets.com/api/cc-detail/download, took 0.2s", "service": "cc_reconcile", "stage": "download_davinci", "status": "ok"}
{"timestamp": "2026-02-28T13:01:53+0800", "level": "WARNING", "logger": "etl_logger", "message": "POST failed (VFSC2 2026-02-27) attempt 3: 500 Server Error: Internal Server Error for url: https://report.vantagemarkets.com/api/cc-detail/download, took 0.2s", "service": "cc_reconcile", "stage": "download_davinci", "status": "ok"}
{"timestamp": "2026-02-28T13:01:53+0800", "level": "ERROR", "logger": "etl_logger", "message": "POST failed after 3 attempts (VFSC2 2026-02-27)", "service": "cc_reconcile", "stage": "download_davinci", "status": "ok"}
{"timestamp": "2026-02-28T13:01:54+0800", "level": "WARNING", "logger": "etl_logger", "message": "POST failed (VFSC2 2026-02-28) attempt 1: 500 Server Error: Internal Server Error for url: https://report.vantagemarkets.com/api/cc-detail/download, took 0.2s", "service": "cc_reconcile", "stage": "download_davinci", "status": "ok"}
{"timestamp": "2026-02-28T13:01:59+0800", "level": "WARNING", "logger": "etl_logger", "message": "POST failed (VFSC2 2026-02-28) attempt 2: 500 Server Error: Internal Server Error for url: https://report.vantagemarkets.com/api/cc-detail/download, took 0.2s", "service": "cc_reconcile", "stage": "download_davinci", "status": "ok"}
{"timestamp": "2026-02-28T13:02:04+0800", "level": "WARNING", "logger": "etl_logger", "message": "POST failed (VFSC2 2026-02-28) attempt 3: 500 Server Error: Internal Server Error for url: https://report.vantagemarkets.com/api/cc-detail/download, took 0.2s", "service": "cc_reconcile", "stage": "download_davinci", "status": "ok"}
{"timestamp": "2026-02-28T13:02:04+0800", "level": "ERROR", "logger": "etl_logger", "message": "POST failed after 3 attempts (VFSC2 2026-02-28)", "service": "cc_reconcile", "stage": "download_davinci", "status": "ok"}
{"timestamp": "2026-02-28T13:02:04+0800", "level": "INFO", "logger": "etl_logger", "message": "Finish downloading Davinci CC - VFSC2 Report", "service": "cc_reconcile", "stage": "download_davinci", "status": "ok"}
{"timestamp": "2026-02-28T13:02:04+0800", "level": "WARNING", "logger": "etl_logger", "message": "No data downloaded for any brand.", "service": "cc_reconcile", "stage": "download_davinci", "status": "ok"}
Traceback (most recent call last):
  File "/app/main.py", line 72, in <module>
    main()
  File "/app/main.py", line 25, in main
    logger.info(f"Download CRM CC Report Finish ，Total: {len(crm_cc)}")
TypeError: object of type 'NoneType' has no len()
{"timestamp": "2026-02-28T14:00:02+0800", "level": "INFO", "logger": "etl_logger", "message": "Start download reports...", "service": "cc_reconcile", "stage": "download", "status": "ok"}
{"timestamp": "2026-02-28T14:00:05+0800", "level": "INFO", "logger": "etl_logger", "message": "Payabl Login Success and Get Token Success", "service": "cc_reconcile", "stage": "download_payabl", "status": "ok"}
{"timestamp": "2026-02-28T14:00:05+0800", "level": "INFO", "logger": "etl_logger", "message": "Start downloading Payabl CC Report for date: 2026-02-27...", "service": "cc_reconcile", "stage": "download_payabl", "status": "ok"}
{"timestamp": "2026-02-28T14:00:35+0800", "level": "INFO", "logger": "etl_logger", "message": "Start downloading Payabl CC Report for date: 2026-02-28...", "service": "cc_reconcile", "stage": "download_payabl", "status": "ok"}
{"timestamp": "2026-02-28T14:00:41+0800", "level": "INFO", "logger": "etl_logger", "message": "Finish downloading Payabl CC Report", "service": "cc_reconcile", "stage": "download_payabl", "status": "ok"}
{"timestamp": "2026-02-28T14:00:41+0800", "level": "INFO", "logger": "etl_logger", "message": "Download Payabl CC Report Finish ，Total: 44974", "service": "cc_reconcile", "stage": "download", "status": "ok"}
{"timestamp": "2026-02-28T14:00:41+0800", "level": "INFO", "logger": "etl_logger", "message": "Login attempt 1/5", "service": "cc_reconcile", "stage": "download_davinci", "status": "ok"}
{"timestamp": "2026-02-28T14:00:42+0800", "level": "INFO", "logger": "etl_logger", "message": "Login response status=200, url=https://admin.vantagemarkets.com/admin/main, cookies=4", "service": "cc_reconcile", "stage": "download_davinci", "status": "ok"}
{"timestamp": "2026-02-28T14:00:42+0800", "level": "INFO", "logger": "etl_logger", "message": "Login successful", "service": "cc_reconcile", "stage": "download_davinci", "status": "ok"}
{"timestamp": "2026-02-28T14:00:42+0800", "level": "INFO", "logger": "etl_logger", "message": "Token obtained successfully", "service": "cc_reconcile", "stage": "download_davinci", "status": "ok"}
{"timestamp": "2026-02-28T14:00:42+0800", "level": "INFO", "logger": "etl_logger", "message": "Start downloading Davinci CC Report for brand: VFSC...", "service": "cc_reconcile", "stage": "download_davinci", "status": "ok"}
{"timestamp": "2026-02-28T14:00:42+0800", "level": "WARNING", "logger": "etl_logger", "message": "POST failed (VFSC 2026-02-25) attempt 1: 500 Server Error: Internal Server Error for url: https://report.vantagemarkets.com/api/cc-detail/download, took 0.2s", "service": "cc_reconcile", "stage": "download_davinci", "status": "ok"}
{"timestamp": "2026-02-28T14:00:48+0800", "level": "WARNING", "logger": "etl_logger", "message": "POST failed (VFSC 2026-02-25) attempt 2: 500 Server Error: Internal Server Error for url: https://report.vantagemarkets.com/api/cc-detail/download, took 0.2s", "service": "cc_reconcile", "stage": "download_davinci", "status": "ok"}
{"timestamp": "2026-02-28T14:00:53+0800", "level": "WARNING", "logger": "etl_logger", "message": "POST failed (VFSC 2026-02-25) attempt 3: 500 Server Error: Internal Server Error for url: https://report.vantagemarkets.com/api/cc-detail/download, took 0.2s", "service": "cc_reconcile", "stage": "download_davinci", "status": "ok"}
{"timestamp": "2026-02-28T14:00:53+0800", "level": "ERROR", "logger": "etl_logger", "message": "POST failed after 3 attempts (VFSC 2026-02-25)", "service": "cc_reconcile", "stage": "download_davinci", "status": "ok"}
{"timestamp": "2026-02-28T14:00:53+0800", "level": "WARNING", "logger": "etl_logger", "message": "POST failed (VFSC 2026-02-26) attempt 1: 500 Server Error: Internal Server Error for url: https://report.vantagemarkets.com/api/cc-detail/download, took 0.2s", "service": "cc_reconcile", "stage": "download_davinci", "status": "ok"}
{"timestamp": "2026-02-28T14:00:58+0800", "level": "WARNING", "logger": "etl_logger", "message": "POST failed (VFSC 2026-02-26) attempt 2: 500 Server Error: Internal Server Error for url: https://report.vantagemarkets.com/api/cc-detail/download, took 0.2s", "service": "cc_reconcile", "stage": "download_davinci", "status": "ok"}
{"timestamp": "2026-02-28T14:01:04+0800", "level": "WARNING", "logger": "etl_logger", "message": "POST failed (VFSC 2026-02-26) attempt 3: 500 Server Error: Internal Server Error for url: https://report.vantagemarkets.com/api/cc-detail/download, took 0.2s", "service": "cc_reconcile", "stage": "download_davinci", "status": "ok"}
{"timestamp": "2026-02-28T14:01:04+0800", "level": "ERROR", "logger": "etl_logger", "message": "POST failed after 3 attempts (VFSC 2026-02-26)", "service": "cc_reconcile", "stage": "download_davinci", "status": "ok"}
{"timestamp": "2026-02-28T14:01:04+0800", "level": "WARNING", "logger": "etl_logger", "message": "POST failed (VFSC 2026-02-27) attempt 1: 500 Server Error: Internal Server Error for url: https://report.vantagemarkets.com/api/cc-detail/download, took 0.2s", "service": "cc_reconcile", "stage": "download_davinci", "status": "ok"}
{"timestamp": "2026-02-28T14:01:09+0800", "level": "WARNING", "logger": "etl_logger", "message": "POST failed (VFSC 2026-02-27) attempt 2: 500 Server Error: Internal Server Error for url: https://report.vantagemarkets.com/api/cc-detail/download, took 0.2s", "service": "cc_reconcile", "stage": "download_davinci", "status": "ok"}
{"timestamp": "2026-02-28T14:01:14+0800", "level": "WARNING", "logger": "etl_logger", "message": "POST failed (VFSC 2026-02-27) attempt 3: 500 Server Error: Internal Server Error for url: https://report.vantagemarkets.com/api/cc-detail/download, took 0.2s", "service": "cc_reconcile", "stage": "download_davinci", "status": "ok"}
{"timestamp": "2026-02-28T14:01:14+0800", "level": "ERROR", "logger": "etl_logger", "message": "POST failed after 3 attempts (VFSC 2026-02-27)", "service": "cc_reconcile", "stage": "download_davinci", "status": "ok"}
{"timestamp": "2026-02-28T14:01:14+0800", "level": "WARNING", "logger": "etl_logger", "message": "POST failed (VFSC 2026-02-28) attempt 1: 500 Server Error: Internal Server Error for url: https://report.vantagemarkets.com/api/cc-detail/download, took 0.2s", "service": "cc_reconcile", "stage": "download_davinci", "status": "ok"}
{"timestamp": "2026-02-28T14:01:20+0800", "level": "WARNING", "logger": "etl_logger", "message": "POST failed (VFSC 2026-02-28) attempt 2: 500 Server Error: Internal Server Error for url: https://report.vantagemarkets.com/api/cc-detail/download, took 0.2s", "service": "cc_reconcile", "stage": "download_davinci", "status": "ok"}
{"timestamp": "2026-02-28T14:01:25+0800", "level": "WARNING", "logger": "etl_logger", "message": "POST failed (VFSC 2026-02-28) attempt 3: 500 Server Error: Internal Server Error for url: https://report.vantagemarkets.com/api/cc-detail/download, took 0.2s", "service": "cc_reconcile", "stage": "download_davinci", "status": "ok"}
{"timestamp": "2026-02-28T14:01:25+0800", "level": "ERROR", "logger": "etl_logger", "message": "POST failed after 3 attempts (VFSC 2026-02-28)", "service": "cc_reconcile", "stage": "download_davinci", "status": "ok"}
{"timestamp": "2026-02-28T14:01:25+0800", "level": "INFO", "logger": "etl_logger", "message": "Finish downloading Davinci CC - VFSC Report", "service": "cc_reconcile", "stage": "download_davinci", "status": "ok"}
{"timestamp": "2026-02-28T14:01:25+0800", "level": "INFO", "logger": "etl_logger", "message": "Start downloading Davinci CC Report for brand: VFSC2...", "service": "cc_reconcile", "stage": "download_davinci", "status": "ok"}
{"timestamp": "2026-02-28T14:01:25+0800", "level": "WARNING", "logger": "etl_logger", "message": "POST failed (VFSC2 2026-02-25) attempt 1: 500 Server Error: Internal Server Error for url: https://report.vantagemarkets.com/api/cc-detail/download, took 0.2s", "service": "cc_reconcile", "stage": "download_davinci", "status": "ok"}
{"timestamp": "2026-02-28T14:01:30+0800", "level": "WARNING", "logger": "etl_logger", "message": "POST failed (VFSC2 2026-02-25) attempt 2: 500 Server Error: Internal Server Error for url: https://report.vantagemarkets.com/api/cc-detail/download, took 0.2s", "service": "cc_reconcile", "stage": "download_davinci", "status": "ok"}
{"timestamp": "2026-02-28T14:01:36+0800", "level": "WARNING", "logger": "etl_logger", "message": "POST failed (VFSC2 2026-02-25) attempt 3: 500 Server Error: Internal Server Error for url: https://report.vantagemarkets.com/api/cc-detail/download, took 0.2s", "service": "cc_reconcile", "stage": "download_davinci", "status": "ok"}
{"timestamp": "2026-02-28T14:01:36+0800", "level": "ERROR", "logger": "etl_logger", "message": "POST failed after 3 attempts (VFSC2 2026-02-25)", "service": "cc_reconcile", "stage": "download_davinci", "status": "ok"}
{"timestamp": "2026-02-28T14:01:36+0800", "level": "WARNING", "logger": "etl_logger", "message": "POST failed (VFSC2 2026-02-26) attempt 1: 500 Server Error: Internal Server Error for url: https://report.vantagemarkets.com/api/cc-detail/download, took 0.2s", "service": "cc_reconcile", "stage": "download_davinci", "status": "ok"}
{"timestamp": "2026-02-28T14:01:41+0800", "level": "WARNING", "logger": "etl_logger", "message": "POST failed (VFSC2 2026-02-26) attempt 2: 500 Server Error: Internal Server Error for url: https://report.vantagemarkets.com/api/cc-detail/download, took 0.2s", "service": "cc_reconcile", "stage": "download_davinci", "status": "ok"}
{"timestamp": "2026-02-28T14:01:46+0800", "level": "WARNING", "logger": "etl_logger", "message": "POST failed (VFSC2 2026-02-26) attempt 3: 500 Server Error: Internal Server Error for url: https://report.vantagemarkets.com/api/cc-detail/download, took 0.2s", "service": "cc_reconcile", "stage": "download_davinci", "status": "ok"}
{"timestamp": "2026-02-28T14:01:46+0800", "level": "ERROR", "logger": "etl_logger", "message": "POST failed after 3 attempts (VFSC2 2026-02-26)", "service": "cc_reconcile", "stage": "download_davinci", "status": "ok"}
{"timestamp": "2026-02-28T14:01:46+0800", "level": "WARNING", "logger": "etl_logger", "message": "POST failed (VFSC2 2026-02-27) attempt 1: 500 Server Error: Internal Server Error for url: https://report.vantagemarkets.com/api/cc-detail/download, took 0.2s", "service": "cc_reconcile", "stage": "download_davinci", "status": "ok"}
{"timestamp": "2026-02-28T14:01:52+0800", "level": "WARNING", "logger": "etl_logger", "message": "POST failed (VFSC2 2026-02-27) attempt 2: 500 Server Error: Internal Server Error for url: https://report.vantagemarkets.com/api/cc-detail/download, took 0.2s", "service": "cc_reconcile", "stage": "download_davinci", "status": "ok"}
{"timestamp": "2026-02-28T14:01:57+0800", "level": "WARNING", "logger": "etl_logger", "message": "POST failed (VFSC2 2026-02-27) attempt 3: 500 Server Error: Internal Server Error for url: https://report.vantagemarkets.com/api/cc-detail/download, took 0.2s", "service": "cc_reconcile", "stage": "download_davinci", "status": "ok"}
{"timestamp": "2026-02-28T14:01:57+0800", "level": "ERROR", "logger": "etl_logger", "message": "POST failed after 3 attempts (VFSC2 2026-02-27)", "service": "cc_reconcile", "stage": "download_davinci", "status": "ok"}
{"timestamp": "2026-02-28T14:01:57+0800", "level": "WARNING", "logger": "etl_logger", "message": "POST failed (VFSC2 2026-02-28) attempt 1: 500 Server Error: Internal Server Error for url: https://report.vantagemarkets.com/api/cc-detail/download, took 0.2s", "service": "cc_reconcile", "stage": "download_davinci", "status": "ok"}
{"timestamp": "2026-02-28T14:02:02+0800", "level": "WARNING", "logger": "etl_logger", "message": "POST failed (VFSC2 2026-02-28) attempt 2: 500 Server Error: Internal Server Error for url: https://report.vantagemarkets.com/api/cc-detail/download, took 0.2s", "service": "cc_reconcile", "stage": "download_davinci", "status": "ok"}
{"timestamp": "2026-02-28T14:02:08+0800", "level": "WARNING", "logger": "etl_logger", "message": "POST failed (VFSC2 2026-02-28) attempt 3: 500 Server Error: Internal Server Error for url: https://report.vantagemarkets.com/api/cc-detail/download, took 0.2s", "service": "cc_reconcile", "stage": "download_davinci", "status": "ok"}
{"timestamp": "2026-02-28T14:02:08+0800", "level": "ERROR", "logger": "etl_logger", "message": "POST failed after 3 attempts (VFSC2 2026-02-28)", "service": "cc_reconcile", "stage": "download_davinci", "status": "ok"}
{"timestamp": "2026-02-28T14:02:08+0800", "level": "INFO", "logger": "etl_logger", "message": "Finish downloading Davinci CC - VFSC2 Report", "service": "cc_reconcile", "stage": "download_davinci", "status": "ok"}
{"timestamp": "2026-02-28T14:02:08+0800", "level": "WARNING", "logger": "etl_logger", "message": "No data downloaded for any brand.", "service": "cc_reconcile", "stage": "download_davinci", "status": "ok"}
Traceback (most recent call last):
  File "/app/main.py", line 72, in <module>
    main()
  File "/app/main.py", line 25, in main
    logger.info(f"Download CRM CC Report Finish ，Total: {len(crm_cc)}")
TypeError: object of type 'NoneType' has no len()
{"timestamp": "2026-02-28T15:00:01+0800", "level": "INFO", "logger": "etl_logger", "message": "Start download reports...", "service": "cc_reconcile", "stage": "download", "status": "ok"}
{"timestamp": "2026-02-28T15:00:04+0800", "level": "INFO", "logger": "etl_logger", "message": "Payabl Login Success and Get Token Success", "service": "cc_reconcile", "stage": "download_payabl", "status": "ok"}
{"timestamp": "2026-02-28T15:00:04+0800", "level": "INFO", "logger": "etl_logger", "message": "Start downloading Payabl CC Report for date: 2026-02-27...", "service": "cc_reconcile", "stage": "download_payabl", "status": "ok"}
{"timestamp": "2026-02-28T15:00:34+0800", "level": "INFO", "logger": "etl_logger", "message": "Start downloading Payabl CC Report for date: 2026-02-28...", "service": "cc_reconcile", "stage": "download_payabl", "status": "ok"}
{"timestamp": "2026-02-28T15:00:42+0800", "level": "INFO", "logger": "etl_logger", "message": "Finish downloading Payabl CC Report", "service": "cc_reconcile", "stage": "download_payabl", "status": "ok"}
{"timestamp": "2026-02-28T15:00:42+0800", "level": "INFO", "logger": "etl_logger", "message": "Download Payabl CC Report Finish ，Total: 45813", "service": "cc_reconcile", "stage": "download", "status": "ok"}
{"timestamp": "2026-02-28T15:00:42+0800", "level": "INFO", "logger": "etl_logger", "message": "Login attempt 1/5", "service": "cc_reconcile", "stage": "download_davinci", "status": "ok"}
{"timestamp": "2026-02-28T15:00:43+0800", "level": "INFO", "logger": "etl_logger", "message": "Login response status=200, url=https://admin.vantagemarkets.com/admin/main, cookies=4", "service": "cc_reconcile", "stage": "download_davinci", "status": "ok"}
{"timestamp": "2026-02-28T15:00:43+0800", "level": "INFO", "logger": "etl_logger", "message": "Login successful", "service": "cc_reconcile", "stage": "download_davinci", "status": "ok"}
{"timestamp": "2026-02-28T15:00:44+0800", "level": "INFO", "logger": "etl_logger", "message": "Token obtained successfully", "service": "cc_reconcile", "stage": "download_davinci", "status": "ok"}
{"timestamp": "2026-02-28T15:00:44+0800", "level": "INFO", "logger": "etl_logger", "message": "Start downloading Davinci CC Report for brand: VFSC...", "service": "cc_reconcile", "stage": "download_davinci", "status": "ok"}
{"timestamp": "2026-02-28T15:00:44+0800", "level": "WARNING", "logger": "etl_logger", "message": "POST failed (VFSC 2026-02-25) attempt 1: 500 Server Error: Internal Server Error for url: https://report.vantagemarkets.com/api/cc-detail/download, took 0.2s", "service": "cc_reconcile", "stage": "download_davinci", "status": "ok"}
{"timestamp": "2026-02-28T15:00:49+0800", "level": "WARNING", "logger": "etl_logger", "message": "POST failed (VFSC 2026-02-25) attempt 2: 500 Server Error: Internal Server Error for url: https://report.vantagemarkets.com/api/cc-detail/download, took 0.2s", "service": "cc_reconcile", "stage": "download_davinci", "status": "ok"}
{"timestamp": "2026-02-28T15:00:54+0800", "level": "WARNING", "logger": "etl_logger", "message": "POST failed (VFSC 2026-02-25) attempt 3: 500 Server Error: Internal Server Error for url: https://report.vantagemarkets.com/api/cc-detail/download, took 0.2s", "service": "cc_reconcile", "stage": "download_davinci", "status": "ok"}
{"timestamp": "2026-02-28T15:00:54+0800", "level": "ERROR", "logger": "etl_logger", "message": "POST failed after 3 attempts (VFSC 2026-02-25)", "service": "cc_reconcile", "stage": "download_davinci", "status": "ok"}
{"timestamp": "2026-02-28T15:00:55+0800", "level": "WARNING", "logger": "etl_logger", "message": "POST failed (VFSC 2026-02-26) attempt 1: 500 Server Error: Internal Server Error for url: https://report.vantagemarkets.com/api/cc-detail/download, took 0.2s", "service": "cc_reconcile", "stage": "download_davinci", "status": "ok"}
{"timestamp": "2026-02-28T15:01:00+0800", "level": "WARNING", "logger": "etl_logger", "message": "POST failed (VFSC 2026-02-26) attempt 2: 500 Server Error: Internal Server Error for url: https://report.vantagemarkets.com/api/cc-detail/download, took 0.2s", "service": "cc_reconcile", "stage": "download_davinci", "status": "ok"}
{"timestamp": "2026-02-28T15:01:05+0800", "level": "WARNING", "logger": "etl_logger", "message": "POST failed (VFSC 2026-02-26) attempt 3: 500 Server Error: Internal Server Error for url: https://report.vantagemarkets.com/api/cc-detail/download, took 0.2s", "service": "cc_reconcile", "stage": "download_davinci", "status": "ok"}
{"timestamp": "2026-02-28T15:01:05+0800", "level": "ERROR", "logger": "etl_logger", "message": "POST failed after 3 attempts (VFSC 2026-02-26)", "service": "cc_reconcile", "stage": "download_davinci", "status": "ok"}
{"timestamp": "2026-02-28T15:01:05+0800", "level": "WARNING", "logger": "etl_logger", "message": "POST failed (VFSC 2026-02-27) attempt 1: 500 Server Error: Internal Server Error for url: https://report.vantagemarkets.com/api/cc-detail/download, took 0.2s", "service": "cc_reconcile", "stage": "download_davinci", "status": "ok"}
{"timestamp": "2026-02-28T15:01:10+0800", "level": "WARNING", "logger": "etl_logger", "message": "POST failed (VFSC 2026-02-27) attempt 2: 500 Server Error: Internal Server Error for url: https://report.vantagemarkets.com/api/cc-detail/download, took 0.2s", "service": "cc_reconcile", "stage": "download_davinci", "status": "ok"}
{"timestamp": "2026-02-28T15:01:16+0800", "level": "WARNING", "logger": "etl_logger", "message": "POST failed (VFSC 2026-02-27) attempt 3: 500 Server Error: Internal Server Error for url: https://report.vantagemarkets.com/api/cc-detail/download, took 0.2s", "service": "cc_reconcile", "stage": "download_davinci", "status": "ok"}
{"timestamp": "2026-02-28T15:01:16+0800", "level": "ERROR", "logger": "etl_logger", "message": "POST failed after 3 attempts (VFSC 2026-02-27)", "service": "cc_reconcile", "stage": "download_davinci", "status": "ok"}
{"timestamp": "2026-02-28T15:01:16+0800", "level": "WARNING", "logger": "etl_logger", "message": "POST failed (VFSC 2026-02-28) attempt 1: 500 Server Error: Internal Server Error for url: https://report.vantagemarkets.com/api/cc-detail/download, took 0.2s", "service": "cc_reconcile", "stage": "download_davinci", "status": "ok"}
{"timestamp": "2026-02-28T15:01:21+0800", "level": "WARNING", "logger": "etl_logger", "message": "POST failed (VFSC 2026-02-28) attempt 2: 500 Server Error: Internal Server Error for url: https://report.vantagemarkets.com/api/cc-detail/download, took 0.2s", "service": "cc_reconcile", "stage": "download_davinci", "status": "ok"}
{"timestamp": "2026-02-28T15:01:26+0800", "level": "WARNING", "logger": "etl_logger", "message": "POST failed (VFSC 2026-02-28) attempt 3: 500 Server Error: Internal Server Error for url: https://report.vantagemarkets.com/api/cc-detail/download, took 0.2s", "service": "cc_reconcile", "stage": "download_davinci", "status": "ok"}
{"timestamp": "2026-02-28T15:01:26+0800", "level": "ERROR", "logger": "etl_logger", "message": "POST failed after 3 attempts (VFSC 2026-02-28)", "service": "cc_reconcile", "stage": "download_davinci", "status": "ok"}
{"timestamp": "2026-02-28T15:01:26+0800", "level": "INFO", "logger": "etl_logger", "message": "Finish downloading Davinci CC - VFSC Report", "service": "cc_reconcile", "stage": "download_davinci", "status": "ok"}
{"timestamp": "2026-02-28T15:01:26+0800", "level": "INFO", "logger": "etl_logger", "message": "Start downloading Davinci CC Report for brand: VFSC2...", "service": "cc_reconcile", "stage": "download_davinci", "status": "ok"}
{"timestamp": "2026-02-28T15:01:27+0800", "level": "WARNING", "logger": "etl_logger", "message": "POST failed (VFSC2 2026-02-25) attempt 1: 500 Server Error: Internal Server Error for url: https://report.vantagemarkets.com/api/cc-detail/download, took 0.2s", "service": "cc_reconcile", "stage": "download_davinci", "status": "ok"}
{"timestamp": "2026-02-28T15:01:32+0800", "level": "WARNING", "logger": "etl_logger", "message": "POST failed (VFSC2 2026-02-25) attempt 2: 500 Server Error: Internal Server Error for url: https://report.vantagemarkets.com/api/cc-detail/download, took 0.2s", "service": "cc_reconcile", "stage": "download_davinci", "status": "ok"}
{"timestamp": "2026-02-28T15:01:37+0800", "level": "WARNING", "logger": "etl_logger", "message": "POST failed (VFSC2 2026-02-25) attempt 3: 500 Server Error: Internal Server Error for url: https://report.vantagemarkets.com/api/cc-detail/download, took 0.2s", "service": "cc_reconcile", "stage": "download_davinci", "status": "ok"}
{"timestamp": "2026-02-28T15:01:37+0800", "level": "ERROR", "logger": "etl_logger", "message": "POST failed after 3 attempts (VFSC2 2026-02-25)", "service": "cc_reconcile", "stage": "download_davinci", "status": "ok"}
{"timestamp": "2026-02-28T15:01:37+0800", "level": "WARNING", "logger": "etl_logger", "message": "POST failed (VFSC2 2026-02-26) attempt 1: 500 Server Error: Internal Server Error for url: https://report.vantagemarkets.com/api/cc-detail/download, took 0.2s", "service": "cc_reconcile", "stage": "download_davinci", "status": "ok"}
{"timestamp": "2026-02-28T15:01:42+0800", "level": "WARNING", "logger": "etl_logger", "message": "POST failed (VFSC2 2026-02-26) attempt 2: 500 Server Error: Internal Server Error for url: https://report.vantagemarkets.com/api/cc-detail/download, took 0.2s", "service": "cc_reconcile", "stage": "download_davinci", "status": "ok"}
{"timestamp": "2026-02-28T15:01:48+0800", "level": "WARNING", "logger": "etl_logger", "message": "POST failed (VFSC2 2026-02-26) attempt 3: 500 Server Error: Internal Server Error for url: https://report.vantagemarkets.com/api/cc-detail/download, took 0.2s", "service": "cc_reconcile", "stage": "download_davinci", "status": "ok"}
{"timestamp": "2026-02-28T15:01:48+0800", "level": "ERROR", "logger": "etl_logger", "message": "POST failed after 3 attempts (VFSC2 2026-02-26)", "service": "cc_reconcile", "stage": "download_davinci", "status": "ok"}
{"timestamp": "2026-02-28T15:01:48+0800", "level": "WARNING", "logger": "etl_logger", "message": "POST failed (VFSC2 2026-02-27) attempt 1: 500 Server Error: Internal Server Error for url: https://report.vantagemarkets.com/api/cc-detail/download, took 0.2s", "service": "cc_reconcile", "stage": "download_davinci", "status": "ok"}
{"timestamp": "2026-02-28T15:01:53+0800", "level": "WARNING", "logger": "etl_logger", "message": "POST failed (VFSC2 2026-02-27) attempt 2: 500 Server Error: Internal Server Error for url: https://report.vantagemarkets.com/api/cc-detail/download, took 0.2s", "service": "cc_reconcile", "stage": "download_davinci", "status": "ok"}
{"timestamp": "2026-02-28T15:01:58+0800", "level": "WARNING", "logger": "etl_logger", "message": "POST failed (VFSC2 2026-02-27) attempt 3: 500 Server Error: Internal Server Error for url: https://report.vantagemarkets.com/api/cc-detail/download, took 0.2s", "service": "cc_reconcile", "stage": "download_davinci", "status": "ok"}
{"timestamp": "2026-02-28T15:01:58+0800", "level": "ERROR", "logger": "etl_logger", "message": "POST failed after 3 attempts (VFSC2 2026-02-27)", "service": "cc_reconcile", "stage": "download_davinci", "status": "ok"}
{"timestamp": "2026-02-28T15:01:58+0800", "level": "WARNING", "logger": "etl_logger", "message": "POST failed (VFSC2 2026-02-28) attempt 1: 500 Server Error: Internal Server Error for url: https://report.vantagemarkets.com/api/cc-detail/download, took 0.2s", "service": "cc_reconcile", "stage": "download_davinci", "status": "ok"}
{"timestamp": "2026-02-28T15:02:04+0800", "level": "WARNING", "logger": "etl_logger", "message": "POST failed (VFSC2 2026-02-28) attempt 2: 500 Server Error: Internal Server Error for url: https://report.vantagemarkets.com/api/cc-detail/download, took 0.2s", "service": "cc_reconcile", "stage": "download_davinci", "status": "ok"}
{"timestamp": "2026-02-28T15:02:09+0800", "level": "WARNING", "logger": "etl_logger", "message": "POST failed (VFSC2 2026-02-28) attempt 3: 500 Server Error: Internal Server Error for url: https://report.vantagemarkets.com/api/cc-detail/download, took 0.2s", "service": "cc_reconcile", "stage": "download_davinci", "status": "ok"}
{"timestamp": "2026-02-28T15:02:09+0800", "level": "ERROR", "logger": "etl_logger", "message": "POST failed after 3 attempts (VFSC2 2026-02-28)", "service": "cc_reconcile", "stage": "download_davinci", "status": "ok"}
{"timestamp": "2026-02-28T15:02:09+0800", "level": "INFO", "logger": "etl_logger", "message": "Finish downloading Davinci CC - VFSC2 Report", "service": "cc_reconcile", "stage": "download_davinci", "status": "ok"}
{"timestamp": "2026-02-28T15:02:09+0800", "level": "WARNING", "logger": "etl_logger", "message": "No data downloaded for any brand.", "service": "cc_reconcile", "stage": "download_davinci", "status": "ok"}
Traceback (most recent call last):
  File "/app/main.py", line 72, in <module>
    main()
  File "/app/main.py", line 25, in main
    logger.info(f"Download CRM CC Report Finish ，Total: {len(crm_cc)}")
TypeError: object of type 'NoneType' has no len()
{"timestamp": "2026-02-28T16:00:02+0800", "level": "INFO", "logger": "etl_logger", "message": "Start download reports...", "service": "cc_reconcile", "stage": "download", "status": "ok"}
{"timestamp": "2026-02-28T16:00:05+0800", "level": "INFO", "logger": "etl_logger", "message": "Payabl Login Success and Get Token Success", "service": "cc_reconcile", "stage": "download_payabl", "status": "ok"}
{"timestamp": "2026-02-28T16:00:05+0800", "level": "INFO", "logger": "etl_logger", "message": "Start downloading Payabl CC Report for date: 2026-02-27...", "service": "cc_reconcile", "stage": "download_payabl", "status": "ok"}
{"timestamp": "2026-02-28T16:00:35+0800", "level": "INFO", "logger": "etl_logger", "message": "Start downloading Payabl CC Report for date: 2026-02-28...", "service": "cc_reconcile", "stage": "download_payabl", "status": "ok"}
{"timestamp": "2026-02-28T16:00:44+0800", "level": "INFO", "logger": "etl_logger", "message": "Finish downloading Payabl CC Report", "service": "cc_reconcile", "stage": "download_payabl", "status": "ok"}
{"timestamp": "2026-02-28T16:00:44+0800", "level": "INFO", "logger": "etl_logger", "message": "Download Payabl CC Report Finish ，Total: 46772", "service": "cc_reconcile", "stage": "download", "status": "ok"}
{"timestamp": "2026-02-28T16:00:44+0800", "level": "INFO", "logger": "etl_logger", "message": "Login attempt 1/5", "service": "cc_reconcile", "stage": "download_davinci", "status": "ok"}
{"timestamp": "2026-02-28T16:00:45+0800", "level": "INFO", "logger": "etl_logger", "message": "Login response status=200, url=https://admin.vantagemarkets.com/admin/main, cookies=4", "service": "cc_reconcile", "stage": "download_davinci", "status": "ok"}
{"timestamp": "2026-02-28T16:00:45+0800", "level": "INFO", "logger": "etl_logger", "message": "Login successful", "service": "cc_reconcile", "stage": "download_davinci", "status": "ok"}
{"timestamp": "2026-02-28T16:00:46+0800", "level": "INFO", "logger": "etl_logger", "message": "Token obtained successfully", "service": "cc_reconcile", "stage": "download_davinci", "status": "ok"}
{"timestamp": "2026-02-28T16:00:46+0800", "level": "INFO", "logger": "etl_logger", "message": "Start downloading Davinci CC Report for brand: VFSC...", "service": "cc_reconcile", "stage": "download_davinci", "status": "ok"}
{"timestamp": "2026-02-28T16:00:46+0800", "level": "WARNING", "logger": "etl_logger", "message": "POST failed (VFSC 2026-02-25) attempt 1: 500 Server Error: Internal Server Error for url: https://report.vantagemarkets.com/api/cc-detail/download, took 0.3s", "service": "cc_reconcile", "stage": "download_davinci", "status": "ok"}
{"timestamp": "2026-02-28T16:00:51+0800", "level": "WARNING", "logger": "etl_logger", "message": "POST failed (VFSC 2026-02-25) attempt 2: 500 Server Error: Internal Server Error for url: https://report.vantagemarkets.com/api/cc-detail/download, took 0.2s", "service": "cc_reconcile", "stage": "download_davinci", "status": "ok"}
{"timestamp": "2026-02-28T16:00:56+0800", "level": "WARNING", "logger": "etl_logger", "message": "POST failed (VFSC 2026-02-25) attempt 3: 500 Server Error: Internal Server Error for url: https://report.vantagemarkets.com/api/cc-detail/download, took 0.2s", "service": "cc_reconcile", "stage": "download_davinci", "status": "ok"}
{"timestamp": "2026-02-28T16:00:56+0800", "level": "ERROR", "logger": "etl_logger", "message": "POST failed after 3 attempts (VFSC 2026-02-25)", "service": "cc_reconcile", "stage": "download_davinci", "status": "ok"}
{"timestamp": "2026-02-28T16:00:57+0800", "level": "WARNING", "logger": "etl_logger", "message": "POST failed (VFSC 2026-02-26) attempt 1: 500 Server Error: Internal Server Error for url: https://report.vantagemarkets.com/api/cc-detail/download, took 0.2s", "service": "cc_reconcile", "stage": "download_davinci", "status": "ok"}
{"timestamp": "2026-02-28T16:01:02+0800", "level": "WARNING", "logger": "etl_logger", "message": "POST failed (VFSC 2026-02-26) attempt 2: 500 Server Error: Internal Server Error for url: https://report.vantagemarkets.com/api/cc-detail/download, took 0.2s", "service": "cc_reconcile", "stage": "download_davinci", "status": "ok"}
{"timestamp": "2026-02-28T16:01:07+0800", "level": "WARNING", "logger": "etl_logger", "message": "POST failed (VFSC 2026-02-26) attempt 3: 500 Server Error: Internal Server Error for url: https://report.vantagemarkets.com/api/cc-detail/download, took 0.2s", "service": "cc_reconcile", "stage": "download_davinci", "status": "ok"}
{"timestamp": "2026-02-28T16:01:07+0800", "level": "ERROR", "logger": "etl_logger", "message": "POST failed after 3 attempts (VFSC 2026-02-26)", "service": "cc_reconcile", "stage": "download_davinci", "status": "ok"}
{"timestamp": "2026-02-28T16:01:07+0800", "level": "WARNING", "logger": "etl_logger", "message": "POST failed (VFSC 2026-02-27) attempt 1: 500 Server Error: Internal Server Error for url: https://report.vantagemarkets.com/api/cc-detail/download, took 0.2s", "service": "cc_reconcile", "stage": "download_davinci", "status": "ok"}
{"timestamp": "2026-02-28T16:01:12+0800", "level": "WARNING", "logger": "etl_logger", "message": "POST failed (VFSC 2026-02-27) attempt 2: 500 Server Error: Internal Server Error for url: https://report.vantagemarkets.com/api/cc-detail/download, took 0.2s", "service": "cc_reconcile", "stage": "download_davinci", "status": "ok"}
{"timestamp": "2026-02-28T16:01:18+0800", "level": "WARNING", "logger": "etl_logger", "message": "POST failed (VFSC 2026-02-27) attempt 3: 500 Server Error: Internal Server Error for url: https://report.vantagemarkets.com/api/cc-detail/download, took 0.2s", "service": "cc_reconcile", "stage": "download_davinci", "status": "ok"}
{"timestamp": "2026-02-28T16:01:18+0800", "level": "ERROR", "logger": "etl_logger", "message": "POST failed after 3 attempts (VFSC 2026-02-27)", "service": "cc_reconcile", "stage": "download_davinci", "status": "ok"}
{"timestamp": "2026-02-28T16:01:18+0800", "level": "WARNING", "logger": "etl_logger", "message": "POST failed (VFSC 2026-02-28) attempt 1: 500 Server Error: Internal Server Error for url: https://report.vantagemarkets.com/api/cc-detail/download, took 0.2s", "service": "cc_reconcile", "stage": "download_davinci", "status": "ok"}
{"timestamp": "2026-02-28T16:01:23+0800", "level": "WARNING", "logger": "etl_logger", "message": "POST failed (VFSC 2026-02-28) attempt 2: 500 Server Error: Internal Server Error for url: https://report.vantagemarkets.com/api/cc-detail/download, took 0.2s", "service": "cc_reconcile", "stage": "download_davinci", "status": "ok"}
{"timestamp": "2026-02-28T16:01:28+0800", "level": "WARNING", "logger": "etl_logger", "message": "POST failed (VFSC 2026-02-28) attempt 3: 500 Server Error: Internal Server Error for url: https://report.vantagemarkets.com/api/cc-detail/download, took 0.2s", "service": "cc_reconcile", "stage": "download_davinci", "status": "ok"}
{"timestamp": "2026-02-28T16:01:28+0800", "level": "ERROR", "logger": "etl_logger", "message": "POST failed after 3 attempts (VFSC 2026-02-28)", "service": "cc_reconcile", "stage": "download_davinci", "status": "ok"}
{"timestamp": "2026-02-28T16:01:28+0800", "level": "INFO", "logger": "etl_logger", "message": "Finish downloading Davinci CC - VFSC Report", "service": "cc_reconcile", "stage": "download_davinci", "status": "ok"}
{"timestamp": "2026-02-28T16:01:28+0800", "level": "INFO", "logger": "etl_logger", "message": "Start downloading Davinci CC Report for brand: VFSC2...", "service": "cc_reconcile", "stage": "download_davinci", "status": "ok"}
{"timestamp": "2026-02-28T16:01:29+0800", "level": "WARNING", "logger": "etl_logger", "message": "POST failed (VFSC2 2026-02-25) attempt 1: 500 Server Error: Internal Server Error for url: https://report.vantagemarkets.com/api/cc-detail/download, took 0.2s", "service": "cc_reconcile", "stage": "download_davinci", "status": "ok"}
{"timestamp": "2026-02-28T16:01:34+0800", "level": "WARNING", "logger": "etl_logger", "message": "POST failed (VFSC2 2026-02-25) attempt 2: 500 Server Error: Internal Server Error for url: https://report.vantagemarkets.com/api/cc-detail/download, took 0.2s", "service": "cc_reconcile", "stage": "download_davinci", "status": "ok"}
{"timestamp": "2026-02-28T16:01:39+0800", "level": "WARNING", "logger": "etl_logger", "message": "POST failed (VFSC2 2026-02-25) attempt 3: 500 Server Error: Internal Server Error for url: https://report.vantagemarkets.com/api/cc-detail/download, took 0.2s", "service": "cc_reconcile", "stage": "download_davinci", "status": "ok"}
{"timestamp": "2026-02-28T16:01:39+0800", "level": "ERROR", "logger": "etl_logger", "message": "POST failed after 3 attempts (VFSC2 2026-02-25)", "service": "cc_reconcile", "stage": "download_davinci", "status": "ok"}
{"timestamp": "2026-02-28T16:01:39+0800", "level": "WARNING", "logger": "etl_logger", "message": "POST failed (VFSC2 2026-02-26) attempt 1: 500 Server Error: Internal Server Error for url: https://report.vantagemarkets.com/api/cc-detail/download, took 0.2s", "service": "cc_reconcile", "stage": "download_davinci", "status": "ok"}
{"timestamp": "2026-02-28T16:01:45+0800", "level": "WARNING", "logger": "etl_logger", "message": "POST failed (VFSC2 2026-02-26) attempt 2: 500 Server Error: Internal Server Error for url: https://report.vantagemarkets.com/api/cc-detail/download, took 0.2s", "service": "cc_reconcile", "stage": "download_davinci", "status": "ok"}
{"timestamp": "2026-02-28T16:01:50+0800", "level": "WARNING", "logger": "etl_logger", "message": "POST failed (VFSC2 2026-02-26) attempt 3: 500 Server Error: Internal Server Error for url: https://report.vantagemarkets.com/api/cc-detail/download, took 0.3s", "service": "cc_reconcile", "stage": "download_davinci", "status": "ok"}
{"timestamp": "2026-02-28T16:01:50+0800", "level": "ERROR", "logger": "etl_logger", "message": "POST failed after 3 attempts (VFSC2 2026-02-26)", "service": "cc_reconcile", "stage": "download_davinci", "status": "ok"}
{"timestamp": "2026-02-28T16:01:50+0800", "level": "WARNING", "logger": "etl_logger", "message": "POST failed (VFSC2 2026-02-27) attempt 1: 500 Server Error: Internal Server Error for url: https://report.vantagemarkets.com/api/cc-detail/download, took 0.2s", "service": "cc_reconcile", "stage": "download_davinci", "status": "ok"}
{"timestamp": "2026-02-28T16:01:55+0800", "level": "WARNING", "logger": "etl_logger", "message": "POST failed (VFSC2 2026-02-27) attempt 2: 500 Server Error: Internal Server Error for url: https://report.vantagemarkets.com/api/cc-detail/download, took 0.2s", "service": "cc_reconcile", "stage": "download_davinci", "status": "ok"}
{"timestamp": "2026-02-28T16:02:00+0800", "level": "WARNING", "logger": "etl_logger", "message": "POST failed (VFSC2 2026-02-27) attempt 3: 500 Server Error: Internal Server Error for url: https://report.vantagemarkets.com/api/cc-detail/download, took 0.2s", "service": "cc_reconcile", "stage": "download_davinci", "status": "ok"}
{"timestamp": "2026-02-28T16:02:00+0800", "level": "ERROR", "logger": "etl_logger", "message": "POST failed after 3 attempts (VFSC2 2026-02-27)", "service": "cc_reconcile", "stage": "download_davinci", "status": "ok"}
{"timestamp": "2026-02-28T16:02:01+0800", "level": "WARNING", "logger": "etl_logger", "message": "POST failed (VFSC2 2026-02-28) attempt 1: 500 Server Error: Internal Server Error for url: https://report.vantagemarkets.com/api/cc-detail/download, took 0.2s", "service": "cc_reconcile", "stage": "download_davinci", "status": "ok"}
{"timestamp": "2026-02-28T16:02:06+0800", "level": "WARNING", "logger": "etl_logger", "message": "POST failed (VFSC2 2026-02-28) attempt 2: 500 Server Error: Internal Server Error for url: https://report.vantagemarkets.com/api/cc-detail/download, took 0.2s", "service": "cc_reconcile", "stage": "download_davinci", "status": "ok"}
{"timestamp": "2026-02-28T16:02:11+0800", "level": "WARNING", "logger": "etl_logger", "message": "POST failed (VFSC2 2026-02-28) attempt 3: 500 Server Error: Internal Server Error for url: https://report.vantagemarkets.com/api/cc-detail/download, took 0.2s", "service": "cc_reconcile", "stage": "download_davinci", "status": "ok"}
{"timestamp": "2026-02-28T16:02:11+0800", "level": "ERROR", "logger": "etl_logger", "message": "POST failed after 3 attempts (VFSC2 2026-02-28)", "service": "cc_reconcile", "stage": "download_davinci", "status": "ok"}
{"timestamp": "2026-02-28T16:02:11+0800", "level": "INFO", "logger": "etl_logger", "message": "Finish downloading Davinci CC - VFSC2 Report", "service": "cc_reconcile", "stage": "download_davinci", "status": "ok"}
{"timestamp": "2026-02-28T16:02:11+0800", "level": "WARNING", "logger": "etl_logger", "message": "No data downloaded for any brand.", "service": "cc_reconcile", "stage": "download_davinci", "status": "ok"}
Traceback (most recent call last):
  File "/app/main.py", line 72, in <module>
    main()
  File "/app/main.py", line 25, in main
    logger.info(f"Download CRM CC Report Finish ，Total: {len(crm_cc)}")
TypeError: object of type 'NoneType' has no len()
{"timestamp": "2026-02-28T17:00:01+0800", "level": "INFO", "logger": "etl_logger", "message": "Start download reports...", "service": "cc_reconcile", "stage": "download", "status": "ok"}
{"timestamp": "2026-02-28T17:00:04+0800", "level": "INFO", "logger": "etl_logger", "message": "Payabl Login Success and Get Token Success", "service": "cc_reconcile", "stage": "download_payabl", "status": "ok"}
{"timestamp": "2026-02-28T17:00:04+0800", "level": "INFO", "logger": "etl_logger", "message": "Start downloading Payabl CC Report for date: 2026-02-27...", "service": "cc_reconcile", "stage": "download_payabl", "status": "ok"}
{"timestamp": "2026-02-28T17:00:33+0800", "level": "INFO", "logger": "etl_logger", "message": "Start downloading Payabl CC Report for date: 2026-02-28...", "service": "cc_reconcile", "stage": "download_payabl", "status": "ok"}
{"timestamp": "2026-02-28T17:00:42+0800", "level": "INFO", "logger": "etl_logger", "message": "Finish downloading Payabl CC Report", "service": "cc_reconcile", "stage": "download_payabl", "status": "ok"}
{"timestamp": "2026-02-28T17:00:42+0800", "level": "INFO", "logger": "etl_logger", "message": "Download Payabl CC Report Finish ，Total: 47507", "service": "cc_reconcile", "stage": "download", "status": "ok"}
{"timestamp": "2026-02-28T17:00:42+0800", "level": "INFO", "logger": "etl_logger", "message": "Login attempt 1/5", "service": "cc_reconcile", "stage": "download_davinci", "status": "ok"}
{"timestamp": "2026-02-28T17:00:44+0800", "level": "INFO", "logger": "etl_logger", "message": "Login response status=200, url=https://admin.vantagemarkets.com/admin/main, cookies=4", "service": "cc_reconcile", "stage": "download_davinci", "status": "ok"}
{"timestamp": "2026-02-28T17:00:44+0800", "level": "INFO", "logger": "etl_logger", "message": "Login successful", "service": "cc_reconcile", "stage": "download_davinci", "status": "ok"}
{"timestamp": "2026-02-28T17:00:44+0800", "level": "INFO", "logger": "etl_logger", "message": "Token obtained successfully", "service": "cc_reconcile", "stage": "download_davinci", "status": "ok"}
{"timestamp": "2026-02-28T17:00:44+0800", "level": "INFO", "logger": "etl_logger", "message": "Start downloading Davinci CC Report for brand: VFSC...", "service": "cc_reconcile", "stage": "download_davinci", "status": "ok"}
{"timestamp": "2026-02-28T17:00:45+0800", "level": "WARNING", "logger": "etl_logger", "message": "POST failed (VFSC 2026-02-25) attempt 1: 500 Server Error: Internal Server Error for url: https://report.vantagemarkets.com/api/cc-detail/download, took 1.0s", "service": "cc_reconcile", "stage": "download_davinci", "status": "ok"}
{"timestamp": "2026-02-28T17:00:51+0800", "level": "WARNING", "logger": "etl_logger", "message": "POST failed (VFSC 2026-02-25) attempt 2: 500 Server Error: Internal Server Error for url: https://report.vantagemarkets.com/api/cc-detail/download, took 0.9s", "service": "cc_reconcile", "stage": "download_davinci", "status": "ok"}
{"timestamp": "2026-02-28T17:00:56+0800", "level": "WARNING", "logger": "etl_logger", "message": "POST failed (VFSC 2026-02-25) attempt 3: 500 Server Error: Internal Server Error for url: https://report.vantagemarkets.com/api/cc-detail/download, took 0.3s", "service": "cc_reconcile", "stage": "download_davinci", "status": "ok"}
{"timestamp": "2026-02-28T17:00:56+0800", "level": "ERROR", "logger": "etl_logger", "message": "POST failed after 3 attempts (VFSC 2026-02-25)", "service": "cc_reconcile", "stage": "download_davinci", "status": "ok"}
{"timestamp": "2026-02-28T17:00:56+0800", "level": "WARNING", "logger": "etl_logger", "message": "POST failed (VFSC 2026-02-26) attempt 1: 500 Server Error: Internal Server Error for url: https://report.vantagemarkets.com/api/cc-detail/download, took 0.3s", "service": "cc_reconcile", "stage": "download_davinci", "status": "ok"}
{"timestamp": "2026-02-28T17:01:02+0800", "level": "WARNING", "logger": "etl_logger", "message": "POST failed (VFSC 2026-02-26) attempt 2: 500 Server Error: Internal Server Error for url: https://report.vantagemarkets.com/api/cc-detail/download, took 0.3s", "service": "cc_reconcile", "stage": "download_davinci", "status": "ok"}
{"timestamp": "2026-02-28T17:01:07+0800", "level": "WARNING", "logger": "etl_logger", "message": "POST failed (VFSC 2026-02-26) attempt 3: 500 Server Error: Internal Server Error for url: https://report.vantagemarkets.com/api/cc-detail/download, took 0.3s", "service": "cc_reconcile", "stage": "download_davinci", "status": "ok"}
{"timestamp": "2026-02-28T17:01:07+0800", "level": "ERROR", "logger": "etl_logger", "message": "POST failed after 3 attempts (VFSC 2026-02-26)", "service": "cc_reconcile", "stage": "download_davinci", "status": "ok"}
{"timestamp": "2026-02-28T17:01:08+0800", "level": "WARNING", "logger": "etl_logger", "message": "POST failed (VFSC 2026-02-27) attempt 1: 500 Server Error: Internal Server Error for url: https://report.vantagemarkets.com/api/cc-detail/download, took 1.4s", "service": "cc_reconcile", "stage": "download_davinci", "status": "ok"}
{"timestamp": "2026-02-28T17:01:14+0800", "level": "WARNING", "logger": "etl_logger", "message": "POST failed (VFSC 2026-02-27) attempt 2: 500 Server Error: Internal Server Error for url: https://report.vantagemarkets.com/api/cc-detail/download, took 0.2s", "service": "cc_reconcile", "stage": "download_davinci", "status": "ok"}
{"timestamp": "2026-02-28T17:01:19+0800", "level": "WARNING", "logger": "etl_logger", "message": "POST failed (VFSC 2026-02-27) attempt 3: 500 Server Error: Internal Server Error for url: https://report.vantagemarkets.com/api/cc-detail/download, took 0.3s", "service": "cc_reconcile", "stage": "download_davinci", "status": "ok"}
{"timestamp": "2026-02-28T17:01:19+0800", "level": "ERROR", "logger": "etl_logger", "message": "POST failed after 3 attempts (VFSC 2026-02-27)", "service": "cc_reconcile", "stage": "download_davinci", "status": "ok"}
{"timestamp": "2026-02-28T17:01:19+0800", "level": "WARNING", "logger": "etl_logger", "message": "POST failed (VFSC 2026-02-28) attempt 1: 500 Server Error: Internal Server Error for url: https://report.vantagemarkets.com/api/cc-detail/download, took 0.2s", "service": "cc_reconcile", "stage": "download_davinci", "status": "ok"}
{"timestamp": "2026-02-28T17:01:24+0800", "level": "WARNING", "logger": "etl_logger", "message": "POST failed (VFSC 2026-02-28) attempt 2: 500 Server Error: Internal Server Error for url: https://report.vantagemarkets.com/api/cc-detail/download, took 0.3s", "service": "cc_reconcile", "stage": "download_davinci", "status": "ok"}
{"timestamp": "2026-02-28T17:01:30+0800", "level": "WARNING", "logger": "etl_logger", "message": "POST failed (VFSC 2026-02-28) attempt 3: 500 Server Error: Internal Server Error for url: https://report.vantagemarkets.com/api/cc-detail/download, took 0.3s", "service": "cc_reconcile", "stage": "download_davinci", "status": "ok"}
{"timestamp": "2026-02-28T17:01:30+0800", "level": "ERROR", "logger": "etl_logger", "message": "POST failed after 3 attempts (VFSC 2026-02-28)", "service": "cc_reconcile", "stage": "download_davinci", "status": "ok"}
{"timestamp": "2026-02-28T17:01:30+0800", "level": "INFO", "logger": "etl_logger", "message": "Finish downloading Davinci CC - VFSC Report", "service": "cc_reconcile", "stage": "download_davinci", "status": "ok"}
{"timestamp": "2026-02-28T17:01:30+0800", "level": "INFO", "logger": "etl_logger", "message": "Start downloading Davinci CC Report for brand: VFSC2...", "service": "cc_reconcile", "stage": "download_davinci", "status": "ok"}
{"timestamp": "2026-02-28T17:01:31+0800", "level": "WARNING", "logger": "etl_logger", "message": "POST failed (VFSC2 2026-02-25) attempt 1: 500 Server Error: Internal Server Error for url: https://report.vantagemarkets.com/api/cc-detail/download, took 0.9s", "service": "cc_reconcile", "stage": "download_davinci", "status": "ok"}
{"timestamp": "2026-02-28T17:01:36+0800", "level": "WARNING", "logger": "etl_logger", "message": "POST failed (VFSC2 2026-02-25) attempt 2: 500 Server Error: Internal Server Error for url: https://report.vantagemarkets.com/api/cc-detail/download, took 0.3s", "service": "cc_reconcile", "stage": "download_davinci", "status": "ok"}
{"timestamp": "2026-02-28T17:01:42+0800", "level": "WARNING", "logger": "etl_logger", "message": "POST failed (VFSC2 2026-02-25) attempt 3: 500 Server Error: Internal Server Error for url: https://report.vantagemarkets.com/api/cc-detail/download, took 0.9s", "service": "cc_reconcile", "stage": "download_davinci", "status": "ok"}
{"timestamp": "2026-02-28T17:01:42+0800", "level": "ERROR", "logger": "etl_logger", "message": "POST failed after 3 attempts (VFSC2 2026-02-25)", "service": "cc_reconcile", "stage": "download_davinci", "status": "ok"}
{"timestamp": "2026-02-28T17:01:43+0800", "level": "WARNING", "logger": "etl_logger", "message": "POST failed (VFSC2 2026-02-26) attempt 1: 500 Server Error: Internal Server Error for url: https://report.vantagemarkets.com/api/cc-detail/download, took 1.0s", "service": "cc_reconcile", "stage": "download_davinci", "status": "ok"}
{"timestamp": "2026-02-28T17:01:48+0800", "level": "WARNING", "logger": "etl_logger", "message": "POST failed (VFSC2 2026-02-26) attempt 2: 500 Server Error: Internal Server Error for url: https://report.vantagemarkets.com/api/cc-detail/download, took 0.3s", "service": "cc_reconcile", "stage": "download_davinci", "status": "ok"}
{"timestamp": "2026-02-28T17:01:53+0800", "level": "WARNING", "logger": "etl_logger", "message": "POST failed (VFSC2 2026-02-26) attempt 3: 500 Server Error: Internal Server Error for url: https://report.vantagemarkets.com/api/cc-detail/download, took 0.3s", "service": "cc_reconcile", "stage": "download_davinci", "status": "ok"}
{"timestamp": "2026-02-28T17:01:53+0800", "level": "ERROR", "logger": "etl_logger", "message": "POST failed after 3 attempts (VFSC2 2026-02-26)", "service": "cc_reconcile", "stage": "download_davinci", "status": "ok"}
{"timestamp": "2026-02-28T17:01:53+0800", "level": "WARNING", "logger": "etl_logger", "message": "POST failed (VFSC2 2026-02-27) attempt 1: 500 Server Error: Internal Server Error for url: https://report.vantagemarkets.com/api/cc-detail/download, took 0.2s", "service": "cc_reconcile", "stage": "download_davinci", "status": "ok"}
{"timestamp": "2026-02-28T17:01:59+0800", "level": "WARNING", "logger": "etl_logger", "message": "POST failed (VFSC2 2026-02-27) attempt 2: 500 Server Error: Internal Server Error for url: https://report.vantagemarkets.com/api/cc-detail/download, took 0.3s", "service": "cc_reconcile", "stage": "download_davinci", "status": "ok"}
{"timestamp": "2026-02-28T17:02:04+0800", "level": "WARNING", "logger": "etl_logger", "message": "POST failed (VFSC2 2026-02-27) attempt 3: 500 Server Error: Internal Server Error for url: https://report.vantagemarkets.com/api/cc-detail/download, took 0.3s", "service": "cc_reconcile", "stage": "download_davinci", "status": "ok"}
{"timestamp": "2026-02-28T17:02:04+0800", "level": "ERROR", "logger": "etl_logger", "message": "POST failed after 3 attempts (VFSC2 2026-02-27)", "service": "cc_reconcile", "stage": "download_davinci", "status": "ok"}
{"timestamp": "2026-02-28T17:02:04+0800", "level": "WARNING", "logger": "etl_logger", "message": "POST failed (VFSC2 2026-02-28) attempt 1: 500 Server Error: Internal Server Error for url: https://report.vantagemarkets.com/api/cc-detail/download, took 0.3s", "service": "cc_reconcile", "stage": "download_davinci", "status": "ok"}
{"timestamp": "2026-02-28T17:02:10+0800", "level": "WARNING", "logger": "etl_logger", "message": "POST failed (VFSC2 2026-02-28) attempt 2: 500 Server Error: Internal Server Error for url: https://report.vantagemarkets.com/api/cc-detail/download, took 0.3s", "service": "cc_reconcile", "stage": "download_davinci", "status": "ok"}
{"timestamp": "2026-02-28T17:02:15+0800", "level": "WARNING", "logger": "etl_logger", "message": "POST failed (VFSC2 2026-02-28) attempt 3: 500 Server Error: Internal Server Error for url: https://report.vantagemarkets.com/api/cc-detail/download, took 0.3s", "service": "cc_reconcile", "stage": "download_davinci", "status": "ok"}
{"timestamp": "2026-02-28T17:02:15+0800", "level": "ERROR", "logger": "etl_logger", "message": "POST failed after 3 attempts (VFSC2 2026-02-28)", "service": "cc_reconcile", "stage": "download_davinci", "status": "ok"}
{"timestamp": "2026-02-28T17:02:15+0800", "level": "INFO", "logger": "etl_logger", "message": "Finish downloading Davinci CC - VFSC2 Report", "service": "cc_reconcile", "stage": "download_davinci", "status": "ok"}
{"timestamp": "2026-02-28T17:02:15+0800", "level": "WARNING", "logger": "etl_logger", "message": "No data downloaded for any brand.", "service": "cc_reconcile", "stage": "download_davinci", "status": "ok"}
Traceback (most recent call last):
  File "/app/main.py", line 72, in <module>
    main()
  File "/app/main.py", line 25, in main
    logger.info(f"Download CRM CC Report Finish ，Total: {len(crm_cc)}")
TypeError: object of type 'NoneType' has no len()
{"timestamp": "2026-02-28T18:00:01+0800", "level": "INFO", "logger": "etl_logger", "message": "Start download reports...", "service": "cc_reconcile", "stage": "download", "status": "ok"}
{"timestamp": "2026-02-28T18:00:05+0800", "level": "INFO", "logger": "etl_logger", "message": "Payabl Login Success and Get Token Success", "service": "cc_reconcile", "stage": "download_payabl", "status": "ok"}
{"timestamp": "2026-02-28T18:00:05+0800", "level": "INFO", "logger": "etl_logger", "message": "Start downloading Payabl CC Report for date: 2026-02-27...", "service": "cc_reconcile", "stage": "download_payabl", "status": "ok"}
{"timestamp": "2026-02-28T18:00:32+0800", "level": "INFO", "logger": "etl_logger", "message": "Start downloading Payabl CC Report for date: 2026-02-28...", "service": "cc_reconcile", "stage": "download_payabl", "status": "ok"}
{"timestamp": "2026-02-28T18:00:41+0800", "level": "INFO", "logger": "etl_logger", "message": "Finish downloading Payabl CC Report", "service": "cc_reconcile", "stage": "download_payabl", "status": "ok"}
{"timestamp": "2026-02-28T18:00:41+0800", "level": "INFO", "logger": "etl_logger", "message": "Download Payabl CC Report Finish ，Total: 48205", "service": "cc_reconcile", "stage": "download", "status": "ok"}
{"timestamp": "2026-02-28T18:00:41+0800", "level": "INFO", "logger": "etl_logger", "message": "Login attempt 1/5", "service": "cc_reconcile", "stage": "download_davinci", "status": "ok"}
{"timestamp": "2026-02-28T18:00:42+0800", "level": "INFO", "logger": "etl_logger", "message": "Login response status=200, url=https://admin.vantagemarkets.com/admin/main, cookies=4", "service": "cc_reconcile", "stage": "download_davinci", "status": "ok"}
{"timestamp": "2026-02-28T18:00:42+0800", "level": "INFO", "logger": "etl_logger", "message": "Login successful", "service": "cc_reconcile", "stage": "download_davinci", "status": "ok"}
{"timestamp": "2026-02-28T18:00:43+0800", "level": "INFO", "logger": "etl_logger", "message": "Token obtained successfully", "service": "cc_reconcile", "stage": "download_davinci", "status": "ok"}
{"timestamp": "2026-02-28T18:00:43+0800", "level": "INFO", "logger": "etl_logger", "message": "Start downloading Davinci CC Report for brand: VFSC...", "service": "cc_reconcile", "stage": "download_davinci", "status": "ok"}
{"timestamp": "2026-02-28T18:00:43+0800", "level": "WARNING", "logger": "etl_logger", "message": "POST failed (VFSC 2026-02-25) attempt 1: 500 Server Error: Internal Server Error for url: https://report.vantagemarkets.com/api/cc-detail/download, took 0.2s", "service": "cc_reconcile", "stage": "download_davinci", "status": "ok"}
{"timestamp": "2026-02-28T18:00:48+0800", "level": "WARNING", "logger": "etl_logger", "message": "POST failed (VFSC 2026-02-25) attempt 2: 500 Server Error: Internal Server Error for url: https://report.vantagemarkets.com/api/cc-detail/download, took 0.2s", "service": "cc_reconcile", "stage": "download_davinci", "status": "ok"}
{"timestamp": "2026-02-28T18:00:53+0800", "level": "WARNING", "logger": "etl_logger", "message": "POST failed (VFSC 2026-02-25) attempt 3: 500 Server Error: Internal Server Error for url: https://report.vantagemarkets.com/api/cc-detail/download, took 0.2s", "service": "cc_reconcile", "stage": "download_davinci", "status": "ok"}
{"timestamp": "2026-02-28T18:00:53+0800", "level": "ERROR", "logger": "etl_logger", "message": "POST failed after 3 attempts (VFSC 2026-02-25)", "service": "cc_reconcile", "stage": "download_davinci", "status": "ok"}
{"timestamp": "2026-02-28T18:00:54+0800", "level": "WARNING", "logger": "etl_logger", "message": "POST failed (VFSC 2026-02-26) attempt 1: 500 Server Error: Internal Server Error for url: https://report.vantagemarkets.com/api/cc-detail/download, took 0.2s", "service": "cc_reconcile", "stage": "download_davinci", "status": "ok"}
{"timestamp": "2026-02-28T18:00:59+0800", "level": "WARNING", "logger": "etl_logger", "message": "POST failed (VFSC 2026-02-26) attempt 2: 500 Server Error: Internal Server Error for url: https://report.vantagemarkets.com/api/cc-detail/download, took 0.2s", "service": "cc_reconcile", "stage": "download_davinci", "status": "ok"}
{"timestamp": "2026-02-28T18:01:04+0800", "level": "WARNING", "logger": "etl_logger", "message": "POST failed (VFSC 2026-02-26) attempt 3: 500 Server Error: Internal Server Error for url: https://report.vantagemarkets.com/api/cc-detail/download, took 0.2s", "service": "cc_reconcile", "stage": "download_davinci", "status": "ok"}
{"timestamp": "2026-02-28T18:01:04+0800", "level": "ERROR", "logger": "etl_logger", "message": "POST failed after 3 attempts (VFSC 2026-02-26)", "service": "cc_reconcile", "stage": "download_davinci", "status": "ok"}
{"timestamp": "2026-02-28T18:01:04+0800", "level": "WARNING", "logger": "etl_logger", "message": "POST failed (VFSC 2026-02-27) attempt 1: 500 Server Error: Internal Server Error for url: https://report.vantagemarkets.com/api/cc-detail/download, took 0.2s", "service": "cc_reconcile", "stage": "download_davinci", "status": "ok"}
{"timestamp": "2026-02-28T18:01:10+0800", "level": "WARNING", "logger": "etl_logger", "message": "POST failed (VFSC 2026-02-27) attempt 2: 500 Server Error: Internal Server Error for url: https://report.vantagemarkets.com/api/cc-detail/download, took 0.2s", "service": "cc_reconcile", "stage": "download_davinci", "status": "ok"}
{"timestamp": "2026-02-28T18:01:15+0800", "level": "WARNING", "logger": "etl_logger", "message": "POST failed (VFSC 2026-02-27) attempt 3: 500 Server Error: Internal Server Error for url: https://report.vantagemarkets.com/api/cc-detail/download, took 0.2s", "service": "cc_reconcile", "stage": "download_davinci", "status": "ok"}
{"timestamp": "2026-02-28T18:01:15+0800", "level": "ERROR", "logger": "etl_logger", "message": "POST failed after 3 attempts (VFSC 2026-02-27)", "service": "cc_reconcile", "stage": "download_davinci", "status": "ok"}
{"timestamp": "2026-02-28T18:01:15+0800", "level": "WARNING", "logger": "etl_logger", "message": "POST failed (VFSC 2026-02-28) attempt 1: 500 Server Error: Internal Server Error for url: https://report.vantagemarkets.com/api/cc-detail/download, took 0.2s", "service": "cc_reconcile", "stage": "download_davinci", "status": "ok"}
{"timestamp": "2026-02-28T18:01:20+0800", "level": "WARNING", "logger": "etl_logger", "message": "POST failed (VFSC 2026-02-28) attempt 2: 500 Server Error: Internal Server Error for url: https://report.vantagemarkets.com/api/cc-detail/download, took 0.2s", "service": "cc_reconcile", "stage": "download_davinci", "status": "ok"}
{"timestamp": "2026-02-28T18:01:25+0800", "level": "WARNING", "logger": "etl_logger", "message": "POST failed (VFSC 2026-02-28) attempt 3: 500 Server Error: Internal Server Error for url: https://report.vantagemarkets.com/api/cc-detail/download, took 0.2s", "service": "cc_reconcile", "stage": "download_davinci", "status": "ok"}
{"timestamp": "2026-02-28T18:01:25+0800", "level": "ERROR", "logger": "etl_logger", "message": "POST failed after 3 attempts (VFSC 2026-02-28)", "service": "cc_reconcile", "stage": "download_davinci", "status": "ok"}
{"timestamp": "2026-02-28T18:01:25+0800", "level": "INFO", "logger": "etl_logger", "message": "Finish downloading Davinci CC - VFSC Report", "service": "cc_reconcile", "stage": "download_davinci", "status": "ok"}
{"timestamp": "2026-02-28T18:01:25+0800", "level": "INFO", "logger": "etl_logger", "message": "Start downloading Davinci CC Report for brand: VFSC2...", "service": "cc_reconcile", "stage": "download_davinci", "status": "ok"}
{"timestamp": "2026-02-28T18:01:26+0800", "level": "WARNING", "logger": "etl_logger", "message": "POST failed (VFSC2 2026-02-25) attempt 1: 500 Server Error: Internal Server Error for url: https://report.vantagemarkets.com/api/cc-detail/download, took 0.2s", "service": "cc_reconcile", "stage": "download_davinci", "status": "ok"}
{"timestamp": "2026-02-28T18:01:31+0800", "level": "WARNING", "logger": "etl_logger", "message": "POST failed (VFSC2 2026-02-25) attempt 2: 500 Server Error: Internal Server Error for url: https://report.vantagemarkets.com/api/cc-detail/download, took 0.2s", "service": "cc_reconcile", "stage": "download_davinci", "status": "ok"}
{"timestamp": "2026-02-28T18:01:36+0800", "level": "WARNING", "logger": "etl_logger", "message": "POST failed (VFSC2 2026-02-25) attempt 3: 500 Server Error: Internal Server Error for url: https://report.vantagemarkets.com/api/cc-detail/download, took 0.2s", "service": "cc_reconcile", "stage": "download_davinci", "status": "ok"}
{"timestamp": "2026-02-28T18:01:36+0800", "level": "ERROR", "logger": "etl_logger", "message": "POST failed after 3 attempts (VFSC2 2026-02-25)", "service": "cc_reconcile", "stage": "download_davinci", "status": "ok"}
{"timestamp": "2026-02-28T18:01:36+0800", "level": "WARNING", "logger": "etl_logger", "message": "POST failed (VFSC2 2026-02-26) attempt 1: 500 Server Error: Internal Server Error for url: https://report.vantagemarkets.com/api/cc-detail/download, took 0.2s", "service": "cc_reconcile", "stage": "download_davinci", "status": "ok"}
{"timestamp": "2026-02-28T18:01:41+0800", "level": "WARNING", "logger": "etl_logger", "message": "POST failed (VFSC2 2026-02-26) attempt 2: 500 Server Error: Internal Server Error for url: https://report.vantagemarkets.com/api/cc-detail/download, took 0.2s", "service": "cc_reconcile", "stage": "download_davinci", "status": "ok"}
{"timestamp": "2026-02-28T18:01:47+0800", "level": "WARNING", "logger": "etl_logger", "message": "POST failed (VFSC2 2026-02-26) attempt 3: 500 Server Error: Internal Server Error for url: https://report.vantagemarkets.com/api/cc-detail/download, took 0.2s", "service": "cc_reconcile", "stage": "download_davinci", "status": "ok"}
{"timestamp": "2026-02-28T18:01:47+0800", "level": "ERROR", "logger": "etl_logger", "message": "POST failed after 3 attempts (VFSC2 2026-02-26)", "service": "cc_reconcile", "stage": "download_davinci", "status": "ok"}
{"timestamp": "2026-02-28T18:01:47+0800", "level": "WARNING", "logger": "etl_logger", "message": "POST failed (VFSC2 2026-02-27) attempt 1: 500 Server Error: Internal Server Error for url: https://report.vantagemarkets.com/api/cc-detail/download, took 0.2s", "service": "cc_reconcile", "stage": "download_davinci", "status": "ok"}
{"timestamp": "2026-02-28T18:01:52+0800", "level": "WARNING", "logger": "etl_logger", "message": "POST failed (VFSC2 2026-02-27) attempt 2: 500 Server Error: Internal Server Error for url: https://report.vantagemarkets.com/api/cc-detail/download, took 0.2s", "service": "cc_reconcile", "stage": "download_davinci", "status": "ok"}
{"timestamp": "2026-02-28T18:01:57+0800", "level": "WARNING", "logger": "etl_logger", "message": "POST failed (VFSC2 2026-02-27) attempt 3: 500 Server Error: Internal Server Error for url: https://report.vantagemarkets.com/api/cc-detail/download, took 0.2s", "service": "cc_reconcile", "stage": "download_davinci", "status": "ok"}
{"timestamp": "2026-02-28T18:01:57+0800", "level": "ERROR", "logger": "etl_logger", "message": "POST failed after 3 attempts (VFSC2 2026-02-27)", "service": "cc_reconcile", "stage": "download_davinci", "status": "ok"}
{"timestamp": "2026-02-28T18:01:58+0800", "level": "WARNING", "logger": "etl_logger", "message": "POST failed (VFSC2 2026-02-28) attempt 1: 500 Server Error: Internal Server Error for url: https://report.vantagemarkets.com/api/cc-detail/download, took 0.2s", "service": "cc_reconcile", "stage": "download_davinci", "status": "ok"}
{"timestamp": "2026-02-28T18:02:03+0800", "level": "WARNING", "logger": "etl_logger", "message": "POST failed (VFSC2 2026-02-28) attempt 2: 500 Server Error: Internal Server Error for url: https://report.vantagemarkets.com/api/cc-detail/download, took 0.2s", "service": "cc_reconcile", "stage": "download_davinci", "status": "ok"}
{"timestamp": "2026-02-28T18:02:08+0800", "level": "WARNING", "logger": "etl_logger", "message": "POST failed (VFSC2 2026-02-28) attempt 3: 500 Server Error: Internal Server Error for url: https://report.vantagemarkets.com/api/cc-detail/download, took 0.2s", "service": "cc_reconcile", "stage": "download_davinci", "status": "ok"}
{"timestamp": "2026-02-28T18:02:08+0800", "level": "ERROR", "logger": "etl_logger", "message": "POST failed after 3 attempts (VFSC2 2026-02-28)", "service": "cc_reconcile", "stage": "download_davinci", "status": "ok"}
{"timestamp": "2026-02-28T18:02:08+0800", "level": "INFO", "logger": "etl_logger", "message": "Finish downloading Davinci CC - VFSC2 Report", "service": "cc_reconcile", "stage": "download_davinci", "status": "ok"}
{"timestamp": "2026-02-28T18:02:08+0800", "level": "WARNING", "logger": "etl_logger", "message": "No data downloaded for any brand.", "service": "cc_reconcile", "stage": "download_davinci", "status": "ok"}
Traceback (most recent call last):
  File "/app/main.py", line 72, in <module>
    main()
  File "/app/main.py", line 25, in main
    logger.info(f"Download CRM CC Report Finish ，Total: {len(crm_cc)}")
TypeError: object of type 'NoneType' has no len()
{"timestamp": "2026-02-28T19:00:01+0800", "level": "INFO", "logger": "etl_logger", "message": "Start download reports...", "service": "cc_reconcile", "stage": "download", "status": "ok"}
{"timestamp": "2026-02-28T19:00:05+0800", "level": "INFO", "logger": "etl_logger", "message": "Payabl Login Success and Get Token Success", "service": "cc_reconcile", "stage": "download_payabl", "status": "ok"}
{"timestamp": "2026-02-28T19:00:05+0800", "level": "INFO", "logger": "etl_logger", "message": "Start downloading Payabl CC Report for date: 2026-02-27...", "service": "cc_reconcile", "stage": "download_payabl", "status": "ok"}
{"timestamp": "2026-02-28T19:00:35+0800", "level": "INFO", "logger": "etl_logger", "message": "Start downloading Payabl CC Report for date: 2026-02-28...", "service": "cc_reconcile", "stage": "download_payabl", "status": "ok"}
{"timestamp": "2026-02-28T19:00:45+0800", "level": "INFO", "logger": "etl_logger", "message": "Finish downloading Payabl CC Report", "service": "cc_reconcile", "stage": "download_payabl", "status": "ok"}
{"timestamp": "2026-02-28T19:00:45+0800", "level": "INFO", "logger": "etl_logger", "message": "Download Payabl CC Report Finish ，Total: 49028", "service": "cc_reconcile", "stage": "download", "status": "ok"}
{"timestamp": "2026-02-28T19:00:45+0800", "level": "INFO", "logger": "etl_logger", "message": "Login attempt 1/5", "service": "cc_reconcile", "stage": "download_davinci", "status": "ok"}
{"timestamp": "2026-02-28T19:00:46+0800", "level": "INFO", "logger": "etl_logger", "message": "Login response status=200, url=https://admin.vantagemarkets.com/admin/main, cookies=4", "service": "cc_reconcile", "stage": "download_davinci", "status": "ok"}
{"timestamp": "2026-02-28T19:00:46+0800", "level": "INFO", "logger": "etl_logger", "message": "Login successful", "service": "cc_reconcile", "stage": "download_davinci", "status": "ok"}
{"timestamp": "2026-02-28T19:00:47+0800", "level": "INFO", "logger": "etl_logger", "message": "Token obtained successfully", "service": "cc_reconcile", "stage": "download_davinci", "status": "ok"}
{"timestamp": "2026-02-28T19:00:47+0800", "level": "INFO", "logger": "etl_logger", "message": "Start downloading Davinci CC Report for brand: VFSC...", "service": "cc_reconcile", "stage": "download_davinci", "status": "ok"}
{"timestamp": "2026-02-28T19:00:47+0800", "level": "WARNING", "logger": "etl_logger", "message": "POST failed (VFSC 2026-02-25) attempt 1: 500 Server Error: Internal Server Error for url: https://report.vantagemarkets.com/api/cc-detail/download, took 0.3s", "service": "cc_reconcile", "stage": "download_davinci", "status": "ok"}
{"timestamp": "2026-02-28T19:00:52+0800", "level": "WARNING", "logger": "etl_logger", "message": "POST failed (VFSC 2026-02-25) attempt 2: 500 Server Error: Internal Server Error for url: https://report.vantagemarkets.com/api/cc-detail/download, took 0.2s", "service": "cc_reconcile", "stage": "download_davinci", "status": "ok"}
{"timestamp": "2026-02-28T19:00:57+0800", "level": "WARNING", "logger": "etl_logger", "message": "POST failed (VFSC 2026-02-25) attempt 3: 500 Server Error: Internal Server Error for url: https://report.vantagemarkets.com/api/cc-detail/download, took 0.2s", "service": "cc_reconcile", "stage": "download_davinci", "status": "ok"}
{"timestamp": "2026-02-28T19:00:57+0800", "level": "ERROR", "logger": "etl_logger", "message": "POST failed after 3 attempts (VFSC 2026-02-25)", "service": "cc_reconcile", "stage": "download_davinci", "status": "ok"}
{"timestamp": "2026-02-28T19:00:57+0800", "level": "WARNING", "logger": "etl_logger", "message": "POST failed (VFSC 2026-02-26) attempt 1: 500 Server Error: Internal Server Error for url: https://report.vantagemarkets.com/api/cc-detail/download, took 0.2s", "service": "cc_reconcile", "stage": "download_davinci", "status": "ok"}
{"timestamp": "2026-02-28T19:01:03+0800", "level": "WARNING", "logger": "etl_logger", "message": "POST failed (VFSC 2026-02-26) attempt 2: 500 Server Error: Internal Server Error for url: https://report.vantagemarkets.com/api/cc-detail/download, took 0.2s", "service": "cc_reconcile", "stage": "download_davinci", "status": "ok"}
{"timestamp": "2026-02-28T19:01:08+0800", "level": "WARNING", "logger": "etl_logger", "message": "POST failed (VFSC 2026-02-26) attempt 3: 500 Server Error: Internal Server Error for url: https://report.vantagemarkets.com/api/cc-detail/download, took 0.2s", "service": "cc_reconcile", "stage": "download_davinci", "status": "ok"}
{"timestamp": "2026-02-28T19:01:08+0800", "level": "ERROR", "logger": "etl_logger", "message": "POST failed after 3 attempts (VFSC 2026-02-26)", "service": "cc_reconcile", "stage": "download_davinci", "status": "ok"}
{"timestamp": "2026-02-28T19:01:08+0800", "level": "WARNING", "logger": "etl_logger", "message": "POST failed (VFSC 2026-02-27) attempt 1: 500 Server Error: Internal Server Error for url: https://report.vantagemarkets.com/api/cc-detail/download, took 0.2s", "service": "cc_reconcile", "stage": "download_davinci", "status": "ok"}
{"timestamp": "2026-02-28T19:01:13+0800", "level": "WARNING", "logger": "etl_logger", "message": "POST failed (VFSC 2026-02-27) attempt 2: 500 Server Error: Internal Server Error for url: https://report.vantagemarkets.com/api/cc-detail/download, took 0.2s", "service": "cc_reconcile", "stage": "download_davinci", "status": "ok"}
{"timestamp": "2026-02-28T19:01:19+0800", "level": "WARNING", "logger": "etl_logger", "message": "POST failed (VFSC 2026-02-27) attempt 3: 500 Server Error: Internal Server Error for url: https://report.vantagemarkets.com/api/cc-detail/download, took 0.2s", "service": "cc_reconcile", "stage": "download_davinci", "status": "ok"}
{"timestamp": "2026-02-28T19:01:19+0800", "level": "ERROR", "logger": "etl_logger", "message": "POST failed after 3 attempts (VFSC 2026-02-27)", "service": "cc_reconcile", "stage": "download_davinci", "status": "ok"}
{"timestamp": "2026-02-28T19:01:19+0800", "level": "WARNING", "logger": "etl_logger", "message": "POST failed (VFSC 2026-02-28) attempt 1: 500 Server Error: Internal Server Error for url: https://report.vantagemarkets.com/api/cc-detail/download, took 0.2s", "service": "cc_reconcile", "stage": "download_davinci", "status": "ok"}
{"timestamp": "2026-02-28T19:01:24+0800", "level": "WARNING", "logger": "etl_logger", "message": "POST failed (VFSC 2026-02-28) attempt 2: 500 Server Error: Internal Server Error for url: https://report.vantagemarkets.com/api/cc-detail/download, took 0.2s", "service": "cc_reconcile", "stage": "download_davinci", "status": "ok"}
{"timestamp": "2026-02-28T19:01:29+0800", "level": "WARNING", "logger": "etl_logger", "message": "POST failed (VFSC 2026-02-28) attempt 3: 500 Server Error: Internal Server Error for url: https://report.vantagemarkets.com/api/cc-detail/download, took 0.2s", "service": "cc_reconcile", "stage": "download_davinci", "status": "ok"}
{"timestamp": "2026-02-28T19:01:29+0800", "level": "ERROR", "logger": "etl_logger", "message": "POST failed after 3 attempts (VFSC 2026-02-28)", "service": "cc_reconcile", "stage": "download_davinci", "status": "ok"}
{"timestamp": "2026-02-28T19:01:29+0800", "level": "INFO", "logger": "etl_logger", "message": "Finish downloading Davinci CC - VFSC Report", "service": "cc_reconcile", "stage": "download_davinci", "status": "ok"}
{"timestamp": "2026-02-28T19:01:29+0800", "level": "INFO", "logger": "etl_logger", "message": "Start downloading Davinci CC Report for brand: VFSC2...", "service": "cc_reconcile", "stage": "download_davinci", "status": "ok"}
{"timestamp": "2026-02-28T19:01:30+0800", "level": "WARNING", "logger": "etl_logger", "message": "POST failed (VFSC2 2026-02-25) attempt 1: 500 Server Error: Internal Server Error for url: https://report.vantagemarkets.com/api/cc-detail/download, took 0.2s", "service": "cc_reconcile", "stage": "download_davinci", "status": "ok"}
{"timestamp": "2026-02-28T19:01:35+0800", "level": "WARNING", "logger": "etl_logger", "message": "POST failed (VFSC2 2026-02-25) attempt 2: 500 Server Error: Internal Server Error for url: https://report.vantagemarkets.com/api/cc-detail/download, took 0.2s", "service": "cc_reconcile", "stage": "download_davinci", "status": "ok"}
{"timestamp": "2026-02-28T19:01:40+0800", "level": "WARNING", "logger": "etl_logger", "message": "POST failed (VFSC2 2026-02-25) attempt 3: 500 Server Error: Internal Server Error for url: https://report.vantagemarkets.com/api/cc-detail/download, took 0.2s", "service": "cc_reconcile", "stage": "download_davinci", "status": "ok"}
{"timestamp": "2026-02-28T19:01:40+0800", "level": "ERROR", "logger": "etl_logger", "message": "POST failed after 3 attempts (VFSC2 2026-02-25)", "service": "cc_reconcile", "stage": "download_davinci", "status": "ok"}
{"timestamp": "2026-02-28T19:01:40+0800", "level": "WARNING", "logger": "etl_logger", "message": "POST failed (VFSC2 2026-02-26) attempt 1: 500 Server Error: Internal Server Error for url: https://report.vantagemarkets.com/api/cc-detail/download, took 0.2s", "service": "cc_reconcile", "stage": "download_davinci", "status": "ok"}
{"timestamp": "2026-02-28T19:01:45+0800", "level": "WARNING", "logger": "etl_logger", "message": "POST failed (VFSC2 2026-02-26) attempt 2: 500 Server Error: Internal Server Error for url: https://report.vantagemarkets.com/api/cc-detail/download, took 0.2s", "service": "cc_reconcile", "stage": "download_davinci", "status": "ok"}
{"timestamp": "2026-02-28T19:01:51+0800", "level": "WARNING", "logger": "etl_logger", "message": "POST failed (VFSC2 2026-02-26) attempt 3: 500 Server Error: Internal Server Error for url: https://report.vantagemarkets.com/api/cc-detail/download, took 0.2s", "service": "cc_reconcile", "stage": "download_davinci", "status": "ok"}
{"timestamp": "2026-02-28T19:01:51+0800", "level": "ERROR", "logger": "etl_logger", "message": "POST failed after 3 attempts (VFSC2 2026-02-26)", "service": "cc_reconcile", "stage": "download_davinci", "status": "ok"}
{"timestamp": "2026-02-28T19:01:51+0800", "level": "WARNING", "logger": "etl_logger", "message": "POST failed (VFSC2 2026-02-27) attempt 1: 500 Server Error: Internal Server Error for url: https://report.vantagemarkets.com/api/cc-detail/download, took 0.2s", "service": "cc_reconcile", "stage": "download_davinci", "status": "ok"}
{"timestamp": "2026-02-28T19:01:56+0800", "level": "WARNING", "logger": "etl_logger", "message": "POST failed (VFSC2 2026-02-27) attempt 2: 500 Server Error: Internal Server Error for url: https://report.vantagemarkets.com/api/cc-detail/download, took 0.2s", "service": "cc_reconcile", "stage": "download_davinci", "status": "ok"}
{"timestamp": "2026-02-28T19:02:01+0800", "level": "WARNING", "logger": "etl_logger", "message": "POST failed (VFSC2 2026-02-27) attempt 3: 500 Server Error: Internal Server Error for url: https://report.vantagemarkets.com/api/cc-detail/download, took 0.2s", "service": "cc_reconcile", "stage": "download_davinci", "status": "ok"}
{"timestamp": "2026-02-28T19:02:01+0800", "level": "ERROR", "logger": "etl_logger", "message": "POST failed after 3 attempts (VFSC2 2026-02-27)", "service": "cc_reconcile", "stage": "download_davinci", "status": "ok"}
{"timestamp": "2026-02-28T19:02:02+0800", "level": "WARNING", "logger": "etl_logger", "message": "POST failed (VFSC2 2026-02-28) attempt 1: 500 Server Error: Internal Server Error for url: https://report.vantagemarkets.com/api/cc-detail/download, took 0.2s", "service": "cc_reconcile", "stage": "download_davinci", "status": "ok"}
{"timestamp": "2026-02-28T19:02:07+0800", "level": "WARNING", "logger": "etl_logger", "message": "POST failed (VFSC2 2026-02-28) attempt 2: 500 Server Error: Internal Server Error for url: https://report.vantagemarkets.com/api/cc-detail/download, took 0.2s", "service": "cc_reconcile", "stage": "download_davinci", "status": "ok"}
{"timestamp": "2026-02-28T19:02:12+0800", "level": "WARNING", "logger": "etl_logger", "message": "POST failed (VFSC2 2026-02-28) attempt 3: 500 Server Error: Internal Server Error for url: https://report.vantagemarkets.com/api/cc-detail/download, took 0.2s", "service": "cc_reconcile", "stage": "download_davinci", "status": "ok"}
{"timestamp": "2026-02-28T19:02:12+0800", "level": "ERROR", "logger": "etl_logger", "message": "POST failed after 3 attempts (VFSC2 2026-02-28)", "service": "cc_reconcile", "stage": "download_davinci", "status": "ok"}
{"timestamp": "2026-02-28T19:02:12+0800", "level": "INFO", "logger": "etl_logger", "message": "Finish downloading Davinci CC - VFSC2 Report", "service": "cc_reconcile", "stage": "download_davinci", "status": "ok"}
{"timestamp": "2026-02-28T19:02:12+0800", "level": "WARNING", "logger": "etl_logger", "message": "No data downloaded for any brand.", "service": "cc_reconcile", "stage": "download_davinci", "status": "ok"}
Traceback (most recent call last):
  File "/app/main.py", line 72, in <module>
    main()
  File "/app/main.py", line 25, in main
    logger.info(f"Download CRM CC Report Finish ，Total: {len(crm_cc)}")
TypeError: object of type 'NoneType' has no len()
{"timestamp": "2026-02-28T20:00:02+0800", "level": "INFO", "logger": "etl_logger", "message": "Start download reports...", "service": "cc_reconcile", "stage": "download", "status": "ok"}
{"timestamp": "2026-02-28T20:00:05+0800", "level": "INFO", "logger": "etl_logger", "message": "Payabl Login Success and Get Token Success", "service": "cc_reconcile", "stage": "download_payabl", "status": "ok"}
{"timestamp": "2026-02-28T20:00:05+0800", "level": "INFO", "logger": "etl_logger", "message": "Start downloading Payabl CC Report for date: 2026-02-27...", "service": "cc_reconcile", "stage": "download_payabl", "status": "ok"}
{"timestamp": "2026-02-28T20:00:32+0800", "level": "INFO", "logger": "etl_logger", "message": "Start downloading Payabl CC Report for date: 2026-02-28...", "service": "cc_reconcile", "stage": "download_payabl", "status": "ok"}
{"timestamp": "2026-02-28T20:00:42+0800", "level": "INFO", "logger": "etl_logger", "message": "Finish downloading Payabl CC Report", "service": "cc_reconcile", "stage": "download_payabl", "status": "ok"}
{"timestamp": "2026-02-28T20:00:42+0800", "level": "INFO", "logger": "etl_logger", "message": "Download Payabl CC Report Finish ，Total: 49972", "service": "cc_reconcile", "stage": "download", "status": "ok"}
{"timestamp": "2026-02-28T20:00:42+0800", "level": "INFO", "logger": "etl_logger", "message": "Login attempt 1/5", "service": "cc_reconcile", "stage": "download_davinci", "status": "ok"}
{"timestamp": "2026-02-28T20:00:43+0800", "level": "INFO", "logger": "etl_logger", "message": "Login response status=200, url=https://admin.vantagemarkets.com/admin/main, cookies=4", "service": "cc_reconcile", "stage": "download_davinci", "status": "ok"}
{"timestamp": "2026-02-28T20:00:43+0800", "level": "INFO", "logger": "etl_logger", "message": "Login successful", "service": "cc_reconcile", "stage": "download_davinci", "status": "ok"}
{"timestamp": "2026-02-28T20:00:43+0800", "level": "INFO", "logger": "etl_logger", "message": "Token obtained successfully", "service": "cc_reconcile", "stage": "download_davinci", "status": "ok"}
{"timestamp": "2026-02-28T20:00:43+0800", "level": "INFO", "logger": "etl_logger", "message": "Start downloading Davinci CC Report for brand: VFSC...", "service": "cc_reconcile", "stage": "download_davinci", "status": "ok"}
{"timestamp": "2026-02-28T20:00:44+0800", "level": "WARNING", "logger": "etl_logger", "message": "POST failed (VFSC 2026-02-25) attempt 1: 500 Server Error: Internal Server Error for url: https://report.vantagemarkets.com/api/cc-detail/download, took 0.3s", "service": "cc_reconcile", "stage": "download_davinci", "status": "ok"}
{"timestamp": "2026-02-28T20:00:49+0800", "level": "WARNING", "logger": "etl_logger", "message": "POST failed (VFSC 2026-02-25) attempt 2: 500 Server Error: Internal Server Error for url: https://report.vantagemarkets.com/api/cc-detail/download, took 0.3s", "service": "cc_reconcile", "stage": "download_davinci", "status": "ok"}
{"timestamp": "2026-02-28T20:00:54+0800", "level": "WARNING", "logger": "etl_logger", "message": "POST failed (VFSC 2026-02-25) attempt 3: 500 Server Error: Internal Server Error for url: https://report.vantagemarkets.com/api/cc-detail/download, took 0.3s", "service": "cc_reconcile", "stage": "download_davinci", "status": "ok"}
{"timestamp": "2026-02-28T20:00:54+0800", "level": "ERROR", "logger": "etl_logger", "message": "POST failed after 3 attempts (VFSC 2026-02-25)", "service": "cc_reconcile", "stage": "download_davinci", "status": "ok"}
{"timestamp": "2026-02-28T20:00:54+0800", "level": "WARNING", "logger": "etl_logger", "message": "POST failed (VFSC 2026-02-26) attempt 1: 500 Server Error: Internal Server Error for url: https://report.vantagemarkets.com/api/cc-detail/download, took 0.3s", "service": "cc_reconcile", "stage": "download_davinci", "status": "ok"}
{"timestamp": "2026-02-28T20:01:00+0800", "level": "WARNING", "logger": "etl_logger", "message": "POST failed (VFSC 2026-02-26) attempt 2: 500 Server Error: Internal Server Error for url: https://report.vantagemarkets.com/api/cc-detail/download, took 0.3s", "service": "cc_reconcile", "stage": "download_davinci", "status": "ok"}
{"timestamp": "2026-02-28T20:01:05+0800", "level": "WARNING", "logger": "etl_logger", "message": "POST failed (VFSC 2026-02-26) attempt 3: 500 Server Error: Internal Server Error for url: https://report.vantagemarkets.com/api/cc-detail/download, took 0.2s", "service": "cc_reconcile", "stage": "download_davinci", "status": "ok"}
{"timestamp": "2026-02-28T20:01:05+0800", "level": "ERROR", "logger": "etl_logger", "message": "POST failed after 3 attempts (VFSC 2026-02-26)", "service": "cc_reconcile", "stage": "download_davinci", "status": "ok"}
{"timestamp": "2026-02-28T20:01:06+0800", "level": "WARNING", "logger": "etl_logger", "message": "POST failed (VFSC 2026-02-27) attempt 1: 500 Server Error: Internal Server Error for url: https://report.vantagemarkets.com/api/cc-detail/download, took 0.9s", "service": "cc_reconcile", "stage": "download_davinci", "status": "ok"}
{"timestamp": "2026-02-28T20:01:11+0800", "level": "WARNING", "logger": "etl_logger", "message": "POST failed (VFSC 2026-02-27) attempt 2: 500 Server Error: Internal Server Error for url: https://report.vantagemarkets.com/api/cc-detail/download, took 0.3s", "service": "cc_reconcile", "stage": "download_davinci", "status": "ok"}
{"timestamp": "2026-02-28T20:01:16+0800", "level": "WARNING", "logger": "etl_logger", "message": "POST failed (VFSC 2026-02-27) attempt 3: 500 Server Error: Internal Server Error for url: https://report.vantagemarkets.com/api/cc-detail/download, took 0.3s", "service": "cc_reconcile", "stage": "download_davinci", "status": "ok"}
{"timestamp": "2026-02-28T20:01:16+0800", "level": "ERROR", "logger": "etl_logger", "message": "POST failed after 3 attempts (VFSC 2026-02-27)", "service": "cc_reconcile", "stage": "download_davinci", "status": "ok"}
{"timestamp": "2026-02-28T20:01:17+0800", "level": "WARNING", "logger": "etl_logger", "message": "POST failed (VFSC 2026-02-28) attempt 1: 500 Server Error: Internal Server Error for url: https://report.vantagemarkets.com/api/cc-detail/download, took 0.9s", "service": "cc_reconcile", "stage": "download_davinci", "status": "ok"}
{"timestamp": "2026-02-28T20:01:23+0800", "level": "WARNING", "logger": "etl_logger", "message": "POST failed (VFSC 2026-02-28) attempt 2: 500 Server Error: Internal Server Error for url: https://report.vantagemarkets.com/api/cc-detail/download, took 0.3s", "service": "cc_reconcile", "stage": "download_davinci", "status": "ok"}
{"timestamp": "2026-02-28T20:01:28+0800", "level": "WARNING", "logger": "etl_logger", "message": "POST failed (VFSC 2026-02-28) attempt 3: 500 Server Error: Internal Server Error for url: https://report.vantagemarkets.com/api/cc-detail/download, took 0.3s", "service": "cc_reconcile", "stage": "download_davinci", "status": "ok"}
{"timestamp": "2026-02-28T20:01:28+0800", "level": "ERROR", "logger": "etl_logger", "message": "POST failed after 3 attempts (VFSC 2026-02-28)", "service": "cc_reconcile", "stage": "download_davinci", "status": "ok"}
{"timestamp": "2026-02-28T20:01:28+0800", "level": "INFO", "logger": "etl_logger", "message": "Finish downloading Davinci CC - VFSC Report", "service": "cc_reconcile", "stage": "download_davinci", "status": "ok"}
{"timestamp": "2026-02-28T20:01:28+0800", "level": "INFO", "logger": "etl_logger", "message": "Start downloading Davinci CC Report for brand: VFSC2...", "service": "cc_reconcile", "stage": "download_davinci", "status": "ok"}
{"timestamp": "2026-02-28T20:01:28+0800", "level": "WARNING", "logger": "etl_logger", "message": "POST failed (VFSC2 2026-02-25) attempt 1: 500 Server Error: Internal Server Error for url: https://report.vantagemarkets.com/api/cc-detail/download, took 0.3s", "service": "cc_reconcile", "stage": "download_davinci", "status": "ok"}
{"timestamp": "2026-02-28T20:01:34+0800", "level": "WARNING", "logger": "etl_logger", "message": "POST failed (VFSC2 2026-02-25) attempt 2: 500 Server Error: Internal Server Error for url: https://report.vantagemarkets.com/api/cc-detail/download, took 0.9s", "service": "cc_reconcile", "stage": "download_davinci", "status": "ok"}
{"timestamp": "2026-02-28T20:01:39+0800", "level": "WARNING", "logger": "etl_logger", "message": "POST failed (VFSC2 2026-02-25) attempt 3: 500 Server Error: Internal Server Error for url: https://report.vantagemarkets.com/api/cc-detail/download, took 0.3s", "service": "cc_reconcile", "stage": "download_davinci", "status": "ok"}
{"timestamp": "2026-02-28T20:01:39+0800", "level": "ERROR", "logger": "etl_logger", "message": "POST failed after 3 attempts (VFSC2 2026-02-25)", "service": "cc_reconcile", "stage": "download_davinci", "status": "ok"}
{"timestamp": "2026-02-28T20:01:40+0800", "level": "WARNING", "logger": "etl_logger", "message": "POST failed (VFSC2 2026-02-26) attempt 1: 500 Server Error: Internal Server Error for url: https://report.vantagemarkets.com/api/cc-detail/download, took 0.3s", "service": "cc_reconcile", "stage": "download_davinci", "status": "ok"}
{"timestamp": "2026-02-28T20:01:45+0800", "level": "WARNING", "logger": "etl_logger", "message": "POST failed (VFSC2 2026-02-26) attempt 2: 500 Server Error: Internal Server Error for url: https://report.vantagemarkets.com/api/cc-detail/download, took 0.3s", "service": "cc_reconcile", "stage": "download_davinci", "status": "ok"}
{"timestamp": "2026-02-28T20:01:50+0800", "level": "WARNING", "logger": "etl_logger", "message": "POST failed (VFSC2 2026-02-26) attempt 3: 500 Server Error: Internal Server Error for url: https://report.vantagemarkets.com/api/cc-detail/download, took 0.3s", "service": "cc_reconcile", "stage": "download_davinci", "status": "ok"}
{"timestamp": "2026-02-28T20:01:50+0800", "level": "ERROR", "logger": "etl_logger", "message": "POST failed after 3 attempts (VFSC2 2026-02-26)", "service": "cc_reconcile", "stage": "download_davinci", "status": "ok"}
{"timestamp": "2026-02-28T20:01:51+0800", "level": "WARNING", "logger": "etl_logger", "message": "POST failed (VFSC2 2026-02-27) attempt 1: 500 Server Error: Internal Server Error for url: https://report.vantagemarkets.com/api/cc-detail/download, took 0.9s", "service": "cc_reconcile", "stage": "download_davinci", "status": "ok"}
{"timestamp": "2026-02-28T20:01:57+0800", "level": "WARNING", "logger": "etl_logger", "message": "POST failed (VFSC2 2026-02-27) attempt 2: 500 Server Error: Internal Server Error for url: https://report.vantagemarkets.com/api/cc-detail/download, took 0.5s", "service": "cc_reconcile", "stage": "download_davinci", "status": "ok"}
{"timestamp": "2026-02-28T20:02:02+0800", "level": "WARNING", "logger": "etl_logger", "message": "POST failed (VFSC2 2026-02-27) attempt 3: 500 Server Error: Internal Server Error for url: https://report.vantagemarkets.com/api/cc-detail/download, took 0.3s", "service": "cc_reconcile", "stage": "download_davinci", "status": "ok"}
{"timestamp": "2026-02-28T20:02:02+0800", "level": "ERROR", "logger": "etl_logger", "message": "POST failed after 3 attempts (VFSC2 2026-02-27)", "service": "cc_reconcile", "stage": "download_davinci", "status": "ok"}
{"timestamp": "2026-02-28T20:02:02+0800", "level": "WARNING", "logger": "etl_logger", "message": "POST failed (VFSC2 2026-02-28) attempt 1: 500 Server Error: Internal Server Error for url: https://report.vantagemarkets.com/api/cc-detail/download, took 0.5s", "service": "cc_reconcile", "stage": "download_davinci", "status": "ok"}
{"timestamp": "2026-02-28T20:02:08+0800", "level": "WARNING", "logger": "etl_logger", "message": "POST failed (VFSC2 2026-02-28) attempt 2: 500 Server Error: Internal Server Error for url: https://report.vantagemarkets.com/api/cc-detail/download, took 0.2s", "service": "cc_reconcile", "stage": "download_davinci", "status": "ok"}
{"timestamp": "2026-02-28T20:02:13+0800", "level": "WARNING", "logger": "etl_logger", "message": "POST failed (VFSC2 2026-02-28) attempt 3: 500 Server Error: Internal Server Error for url: https://report.vantagemarkets.com/api/cc-detail/download, took 0.3s", "service": "cc_reconcile", "stage": "download_davinci", "status": "ok"}
{"timestamp": "2026-02-28T20:02:13+0800", "level": "ERROR", "logger": "etl_logger", "message": "POST failed after 3 attempts (VFSC2 2026-02-28)", "service": "cc_reconcile", "stage": "download_davinci", "status": "ok"}
{"timestamp": "2026-02-28T20:02:13+0800", "level": "INFO", "logger": "etl_logger", "message": "Finish downloading Davinci CC - VFSC2 Report", "service": "cc_reconcile", "stage": "download_davinci", "status": "ok"}
{"timestamp": "2026-02-28T20:02:13+0800", "level": "WARNING", "logger": "etl_logger", "message": "No data downloaded for any brand.", "service": "cc_reconcile", "stage": "download_davinci", "status": "ok"}
Traceback (most recent call last):
  File "/app/main.py", line 72, in <module>
    main()
  File "/app/main.py", line 25, in main
    logger.info(f"Download CRM CC Report Finish ，Total: {len(crm_cc)}")
TypeError: object of type 'NoneType' has no len()
{"timestamp": "2026-02-28T21:00:01+0800", "level": "INFO", "logger": "etl_logger", "message": "Start download reports...", "service": "cc_reconcile", "stage": "download", "status": "ok"}
{"timestamp": "2026-02-28T21:00:05+0800", "level": "INFO", "logger": "etl_logger", "message": "Payabl Login Success and Get Token Success", "service": "cc_reconcile", "stage": "download_payabl", "status": "ok"}
{"timestamp": "2026-02-28T21:00:05+0800", "level": "INFO", "logger": "etl_logger", "message": "Start downloading Payabl CC Report for date: 2026-02-27...", "service": "cc_reconcile", "stage": "download_payabl", "status": "ok"}
{"timestamp": "2026-02-28T21:00:34+0800", "level": "INFO", "logger": "etl_logger", "message": "Start downloading Payabl CC Report for date: 2026-02-28...", "service": "cc_reconcile", "stage": "download_payabl", "status": "ok"}
{"timestamp": "2026-02-28T21:00:43+0800", "level": "INFO", "logger": "etl_logger", "message": "Finish downloading Payabl CC Report", "service": "cc_reconcile", "stage": "download_payabl", "status": "ok"}
{"timestamp": "2026-02-28T21:00:43+0800", "level": "INFO", "logger": "etl_logger", "message": "Download Payabl CC Report Finish ，Total: 50666", "service": "cc_reconcile", "stage": "download", "status": "ok"}
{"timestamp": "2026-02-28T21:00:43+0800", "level": "INFO", "logger": "etl_logger", "message": "Login attempt 1/5", "service": "cc_reconcile", "stage": "download_davinci", "status": "ok"}
{"timestamp": "2026-02-28T21:00:44+0800", "level": "INFO", "logger": "etl_logger", "message": "Login response status=200, url=https://admin.vantagemarkets.com/admin/main, cookies=4", "service": "cc_reconcile", "stage": "download_davinci", "status": "ok"}
{"timestamp": "2026-02-28T21:00:44+0800", "level": "INFO", "logger": "etl_logger", "message": "Login successful", "service": "cc_reconcile", "stage": "download_davinci", "status": "ok"}
{"timestamp": "2026-02-28T21:00:45+0800", "level": "INFO", "logger": "etl_logger", "message": "Token obtained successfully", "service": "cc_reconcile", "stage": "download_davinci", "status": "ok"}
{"timestamp": "2026-02-28T21:00:45+0800", "level": "INFO", "logger": "etl_logger", "message": "Start downloading Davinci CC Report for brand: VFSC...", "service": "cc_reconcile", "stage": "download_davinci", "status": "ok"}
{"timestamp": "2026-02-28T21:00:45+0800", "level": "WARNING", "logger": "etl_logger", "message": "POST failed (VFSC 2026-02-25) attempt 1: 500 Server Error: Internal Server Error for url: https://report.vantagemarkets.com/api/cc-detail/download, took 0.3s", "service": "cc_reconcile", "stage": "download_davinci", "status": "ok"}
{"timestamp": "2026-02-28T21:00:50+0800", "level": "WARNING", "logger": "etl_logger", "message": "POST failed (VFSC 2026-02-25) attempt 2: 500 Server Error: Internal Server Error for url: https://report.vantagemarkets.com/api/cc-detail/download, took 0.2s", "service": "cc_reconcile", "stage": "download_davinci", "status": "ok"}
{"timestamp": "2026-02-28T21:00:55+0800", "level": "WARNING", "logger": "etl_logger", "message": "POST failed (VFSC 2026-02-25) attempt 3: 500 Server Error: Internal Server Error for url: https://report.vantagemarkets.com/api/cc-detail/download, took 0.2s", "service": "cc_reconcile", "stage": "download_davinci", "status": "ok"}
{"timestamp": "2026-02-28T21:00:55+0800", "level": "ERROR", "logger": "etl_logger", "message": "POST failed after 3 attempts (VFSC 2026-02-25)", "service": "cc_reconcile", "stage": "download_davinci", "status": "ok"}
{"timestamp": "2026-02-28T21:00:56+0800", "level": "WARNING", "logger": "etl_logger", "message": "POST failed (VFSC 2026-02-26) attempt 1: 500 Server Error: Internal Server Error for url: https://report.vantagemarkets.com/api/cc-detail/download, took 0.2s", "service": "cc_reconcile", "stage": "download_davinci", "status": "ok"}
{"timestamp": "2026-02-28T21:01:01+0800", "level": "WARNING", "logger": "etl_logger", "message": "POST failed (VFSC 2026-02-26) attempt 2: 500 Server Error: Internal Server Error for url: https://report.vantagemarkets.com/api/cc-detail/download, took 0.2s", "service": "cc_reconcile", "stage": "download_davinci", "status": "ok"}
{"timestamp": "2026-02-28T21:01:06+0800", "level": "WARNING", "logger": "etl_logger", "message": "POST failed (VFSC 2026-02-26) attempt 3: 500 Server Error: Internal Server Error for url: https://report.vantagemarkets.com/api/cc-detail/download, took 0.2s", "service": "cc_reconcile", "stage": "download_davinci", "status": "ok"}
{"timestamp": "2026-02-28T21:01:06+0800", "level": "ERROR", "logger": "etl_logger", "message": "POST failed after 3 attempts (VFSC 2026-02-26)", "service": "cc_reconcile", "stage": "download_davinci", "status": "ok"}
{"timestamp": "2026-02-28T21:01:06+0800", "level": "WARNING", "logger": "etl_logger", "message": "POST failed (VFSC 2026-02-27) attempt 1: 500 Server Error: Internal Server Error for url: https://report.vantagemarkets.com/api/cc-detail/download, took 0.2s", "service": "cc_reconcile", "stage": "download_davinci", "status": "ok"}
{"timestamp": "2026-02-28T21:01:12+0800", "level": "WARNING", "logger": "etl_logger", "message": "POST failed (VFSC 2026-02-27) attempt 2: 500 Server Error: Internal Server Error for url: https://report.vantagemarkets.com/api/cc-detail/download, took 0.2s", "service": "cc_reconcile", "stage": "download_davinci", "status": "ok"}
{"timestamp": "2026-02-28T21:01:17+0800", "level": "WARNING", "logger": "etl_logger", "message": "POST failed (VFSC 2026-02-27) attempt 3: 500 Server Error: Internal Server Error for url: https://report.vantagemarkets.com/api/cc-detail/download, took 0.2s", "service": "cc_reconcile", "stage": "download_davinci", "status": "ok"}
{"timestamp": "2026-02-28T21:01:17+0800", "level": "ERROR", "logger": "etl_logger", "message": "POST failed after 3 attempts (VFSC 2026-02-27)", "service": "cc_reconcile", "stage": "download_davinci", "status": "ok"}
{"timestamp": "2026-02-28T21:01:17+0800", "level": "WARNING", "logger": "etl_logger", "message": "POST failed (VFSC 2026-02-28) attempt 1: 500 Server Error: Internal Server Error for url: https://report.vantagemarkets.com/api/cc-detail/download, took 0.2s", "service": "cc_reconcile", "stage": "download_davinci", "status": "ok"}
{"timestamp": "2026-02-28T21:01:22+0800", "level": "WARNING", "logger": "etl_logger", "message": "POST failed (VFSC 2026-02-28) attempt 2: 500 Server Error: Internal Server Error for url: https://report.vantagemarkets.com/api/cc-detail/download, took 0.2s", "service": "cc_reconcile", "stage": "download_davinci", "status": "ok"}
{"timestamp": "2026-02-28T21:01:27+0800", "level": "WARNING", "logger": "etl_logger", "message": "POST failed (VFSC 2026-02-28) attempt 3: 500 Server Error: Internal Server Error for url: https://report.vantagemarkets.com/api/cc-detail/download, took 0.2s", "service": "cc_reconcile", "stage": "download_davinci", "status": "ok"}
{"timestamp": "2026-02-28T21:01:27+0800", "level": "ERROR", "logger": "etl_logger", "message": "POST failed after 3 attempts (VFSC 2026-02-28)", "service": "cc_reconcile", "stage": "download_davinci", "status": "ok"}
{"timestamp": "2026-02-28T21:01:27+0800", "level": "INFO", "logger": "etl_logger", "message": "Finish downloading Davinci CC - VFSC Report", "service": "cc_reconcile", "stage": "download_davinci", "status": "ok"}
{"timestamp": "2026-02-28T21:01:27+0800", "level": "INFO", "logger": "etl_logger", "message": "Start downloading Davinci CC Report for brand: VFSC2...", "service": "cc_reconcile", "stage": "download_davinci", "status": "ok"}
{"timestamp": "2026-02-28T21:01:28+0800", "level": "WARNING", "logger": "etl_logger", "message": "POST failed (VFSC2 2026-02-25) attempt 1: 500 Server Error: Internal Server Error for url: https://report.vantagemarkets.com/api/cc-detail/download, took 0.2s", "service": "cc_reconcile", "stage": "download_davinci", "status": "ok"}
{"timestamp": "2026-02-28T21:01:33+0800", "level": "WARNING", "logger": "etl_logger", "message": "POST failed (VFSC2 2026-02-25) attempt 2: 500 Server Error: Internal Server Error for url: https://report.vantagemarkets.com/api/cc-detail/download, took 0.2s", "service": "cc_reconcile", "stage": "download_davinci", "status": "ok"}
{"timestamp": "2026-02-28T21:01:38+0800", "level": "WARNING", "logger": "etl_logger", "message": "POST failed (VFSC2 2026-02-25) attempt 3: 500 Server Error: Internal Server Error for url: https://report.vantagemarkets.com/api/cc-detail/download, took 0.2s", "service": "cc_reconcile", "stage": "download_davinci", "status": "ok"}
{"timestamp": "2026-02-28T21:01:38+0800", "level": "ERROR", "logger": "etl_logger", "message": "POST failed after 3 attempts (VFSC2 2026-02-25)", "service": "cc_reconcile", "stage": "download_davinci", "status": "ok"}
{"timestamp": "2026-02-28T21:01:38+0800", "level": "WARNING", "logger": "etl_logger", "message": "POST failed (VFSC2 2026-02-26) attempt 1: 500 Server Error: Internal Server Error for url: https://report.vantagemarkets.com/api/cc-detail/download, took 0.2s", "service": "cc_reconcile", "stage": "download_davinci", "status": "ok"}
{"timestamp": "2026-02-28T21:01:44+0800", "level": "WARNING", "logger": "etl_logger", "message": "POST failed (VFSC2 2026-02-26) attempt 2: 500 Server Error: Internal Server Error for url: https://report.vantagemarkets.com/api/cc-detail/download, took 0.2s", "service": "cc_reconcile", "stage": "download_davinci", "status": "ok"}
{"timestamp": "2026-02-28T21:01:49+0800", "level": "WARNING", "logger": "etl_logger", "message": "POST failed (VFSC2 2026-02-26) attempt 3: 500 Server Error: Internal Server Error for url: https://report.vantagemarkets.com/api/cc-detail/download, took 0.2s", "service": "cc_reconcile", "stage": "download_davinci", "status": "ok"}
{"timestamp": "2026-02-28T21:01:49+0800", "level": "ERROR", "logger": "etl_logger", "message": "POST failed after 3 attempts (VFSC2 2026-02-26)", "service": "cc_reconcile", "stage": "download_davinci", "status": "ok"}
{"timestamp": "2026-02-28T21:01:49+0800", "level": "WARNING", "logger": "etl_logger", "message": "POST failed (VFSC2 2026-02-27) attempt 1: 500 Server Error: Internal Server Error for url: https://report.vantagemarkets.com/api/cc-detail/download, took 0.2s", "service": "cc_reconcile", "stage": "download_davinci", "status": "ok"}
{"timestamp": "2026-02-28T21:01:54+0800", "level": "WARNING", "logger": "etl_logger", "message": "POST failed (VFSC2 2026-02-27) attempt 2: 500 Server Error: Internal Server Error for url: https://report.vantagemarkets.com/api/cc-detail/download, took 0.2s", "service": "cc_reconcile", "stage": "download_davinci", "status": "ok"}
{"timestamp": "2026-02-28T21:02:00+0800", "level": "WARNING", "logger": "etl_logger", "message": "POST failed (VFSC2 2026-02-27) attempt 3: 500 Server Error: Internal Server Error for url: https://report.vantagemarkets.com/api/cc-detail/download, took 0.2s", "service": "cc_reconcile", "stage": "download_davinci", "status": "ok"}
{"timestamp": "2026-02-28T21:02:00+0800", "level": "ERROR", "logger": "etl_logger", "message": "POST failed after 3 attempts (VFSC2 2026-02-27)", "service": "cc_reconcile", "stage": "download_davinci", "status": "ok"}
{"timestamp": "2026-02-28T21:02:00+0800", "level": "WARNING", "logger": "etl_logger", "message": "POST failed (VFSC2 2026-02-28) attempt 1: 500 Server Error: Internal Server Error for url: https://report.vantagemarkets.com/api/cc-detail/download, took 0.2s", "service": "cc_reconcile", "stage": "download_davinci", "status": "ok"}
{"timestamp": "2026-02-28T21:02:05+0800", "level": "WARNING", "logger": "etl_logger", "message": "POST failed (VFSC2 2026-02-28) attempt 2: 500 Server Error: Internal Server Error for url: https://report.vantagemarkets.com/api/cc-detail/download, took 0.2s", "service": "cc_reconcile", "stage": "download_davinci", "status": "ok"}
{"timestamp": "2026-02-28T21:02:10+0800", "level": "WARNING", "logger": "etl_logger", "message": "POST failed (VFSC2 2026-02-28) attempt 3: 500 Server Error: Internal Server Error for url: https://report.vantagemarkets.com/api/cc-detail/download, took 0.2s", "service": "cc_reconcile", "stage": "download_davinci", "status": "ok"}
{"timestamp": "2026-02-28T21:02:10+0800", "level": "ERROR", "logger": "etl_logger", "message": "POST failed after 3 attempts (VFSC2 2026-02-28)", "service": "cc_reconcile", "stage": "download_davinci", "status": "ok"}
{"timestamp": "2026-02-28T21:02:10+0800", "level": "INFO", "logger": "etl_logger", "message": "Finish downloading Davinci CC - VFSC2 Report", "service": "cc_reconcile", "stage": "download_davinci", "status": "ok"}
{"timestamp": "2026-02-28T21:02:10+0800", "level": "WARNING", "logger": "etl_logger", "message": "No data downloaded for any brand.", "service": "cc_reconcile", "stage": "download_davinci", "status": "ok"}
Traceback (most recent call last):
  File "/app/main.py", line 72, in <module>
    main()
  File "/app/main.py", line 25, in main
    logger.info(f"Download CRM CC Report Finish ，Total: {len(crm_cc)}")
TypeError: object of type 'NoneType' has no len()
{"timestamp": "2026-02-28T22:00:01+0800", "level": "INFO", "logger": "etl_logger", "message": "Start download reports...", "service": "cc_reconcile", "stage": "download", "status": "ok"}
{"timestamp": "2026-02-28T22:00:04+0800", "level": "INFO", "logger": "etl_logger", "message": "Payabl Login Success and Get Token Success", "service": "cc_reconcile", "stage": "download_payabl", "status": "ok"}
{"timestamp": "2026-02-28T22:00:04+0800", "level": "INFO", "logger": "etl_logger", "message": "Start downloading Payabl CC Report for date: 2026-02-27...", "service": "cc_reconcile", "stage": "download_payabl", "status": "ok"}
{"timestamp": "2026-02-28T22:00:34+0800", "level": "INFO", "logger": "etl_logger", "message": "Start downloading Payabl CC Report for date: 2026-02-28...", "service": "cc_reconcile", "stage": "download_payabl", "status": "ok"}
{"timestamp": "2026-02-28T22:00:45+0800", "level": "INFO", "logger": "etl_logger", "message": "Finish downloading Payabl CC Report", "service": "cc_reconcile", "stage": "download_payabl", "status": "ok"}
{"timestamp": "2026-02-28T22:00:45+0800", "level": "INFO", "logger": "etl_logger", "message": "Download Payabl CC Report Finish ，Total: 51827", "service": "cc_reconcile", "stage": "download", "status": "ok"}
{"timestamp": "2026-02-28T22:00:45+0800", "level": "INFO", "logger": "etl_logger", "message": "Login attempt 1/5", "service": "cc_reconcile", "stage": "download_davinci", "status": "ok"}
{"timestamp": "2026-02-28T22:00:46+0800", "level": "INFO", "logger": "etl_logger", "message": "Login response status=200, url=https://admin.vantagemarkets.com/admin/main, cookies=4", "service": "cc_reconcile", "stage": "download_davinci", "status": "ok"}
{"timestamp": "2026-02-28T22:00:46+0800", "level": "INFO", "logger": "etl_logger", "message": "Login successful", "service": "cc_reconcile", "stage": "download_davinci", "status": "ok"}
{"timestamp": "2026-02-28T22:00:46+0800", "level": "INFO", "logger": "etl_logger", "message": "Token obtained successfully", "service": "cc_reconcile", "stage": "download_davinci", "status": "ok"}
{"timestamp": "2026-02-28T22:00:46+0800", "level": "INFO", "logger": "etl_logger", "message": "Start downloading Davinci CC Report for brand: VFSC...", "service": "cc_reconcile", "stage": "download_davinci", "status": "ok"}
{"timestamp": "2026-02-28T22:00:47+0800", "level": "WARNING", "logger": "etl_logger", "message": "POST failed (VFSC 2026-02-25) attempt 1: 500 Server Error: Internal Server Error for url: https://report.vantagemarkets.com/api/cc-detail/download, took 0.3s", "service": "cc_reconcile", "stage": "download_davinci", "status": "ok"}
{"timestamp": "2026-02-28T22:00:52+0800", "level": "WARNING", "logger": "etl_logger", "message": "POST failed (VFSC 2026-02-25) attempt 2: 500 Server Error: Internal Server Error for url: https://report.vantagemarkets.com/api/cc-detail/download, took 0.2s", "service": "cc_reconcile", "stage": "download_davinci", "status": "ok"}
{"timestamp": "2026-02-28T22:00:57+0800", "level": "WARNING", "logger": "etl_logger", "message": "POST failed (VFSC 2026-02-25) attempt 3: 500 Server Error: Internal Server Error for url: https://report.vantagemarkets.com/api/cc-detail/download, took 0.2s", "service": "cc_reconcile", "stage": "download_davinci", "status": "ok"}
{"timestamp": "2026-02-28T22:00:57+0800", "level": "ERROR", "logger": "etl_logger", "message": "POST failed after 3 attempts (VFSC 2026-02-25)", "service": "cc_reconcile", "stage": "download_davinci", "status": "ok"}
{"timestamp": "2026-02-28T22:00:57+0800", "level": "WARNING", "logger": "etl_logger", "message": "POST failed (VFSC 2026-02-26) attempt 1: 500 Server Error: Internal Server Error for url: https://report.vantagemarkets.com/api/cc-detail/download, took 0.2s", "service": "cc_reconcile", "stage": "download_davinci", "status": "ok"}
{"timestamp": "2026-02-28T22:01:02+0800", "level": "WARNING", "logger": "etl_logger", "message": "POST failed (VFSC 2026-02-26) attempt 2: 500 Server Error: Internal Server Error for url: https://report.vantagemarkets.com/api/cc-detail/download, took 0.2s", "service": "cc_reconcile", "stage": "download_davinci", "status": "ok"}
{"timestamp": "2026-02-28T22:01:08+0800", "level": "WARNING", "logger": "etl_logger", "message": "POST failed (VFSC 2026-02-26) attempt 3: 500 Server Error: Internal Server Error for url: https://report.vantagemarkets.com/api/cc-detail/download, took 0.2s", "service": "cc_reconcile", "stage": "download_davinci", "status": "ok"}
{"timestamp": "2026-02-28T22:01:08+0800", "level": "ERROR", "logger": "etl_logger", "message": "POST failed after 3 attempts (VFSC 2026-02-26)", "service": "cc_reconcile", "stage": "download_davinci", "status": "ok"}
{"timestamp": "2026-02-28T22:01:08+0800", "level": "WARNING", "logger": "etl_logger", "message": "POST failed (VFSC 2026-02-27) attempt 1: 500 Server Error: Internal Server Error for url: https://report.vantagemarkets.com/api/cc-detail/download, took 0.2s", "service": "cc_reconcile", "stage": "download_davinci", "status": "ok"}
{"timestamp": "2026-02-28T22:01:13+0800", "level": "WARNING", "logger": "etl_logger", "message": "POST failed (VFSC 2026-02-27) attempt 2: 500 Server Error: Internal Server Error for url: https://report.vantagemarkets.com/api/cc-detail/download, took 0.2s", "service": "cc_reconcile", "stage": "download_davinci", "status": "ok"}
{"timestamp": "2026-02-28T22:01:18+0800", "level": "WARNING", "logger": "etl_logger", "message": "POST failed (VFSC 2026-02-27) attempt 3: 500 Server Error: Internal Server Error for url: https://report.vantagemarkets.com/api/cc-detail/download, took 0.2s", "service": "cc_reconcile", "stage": "download_davinci", "status": "ok"}
{"timestamp": "2026-02-28T22:01:18+0800", "level": "ERROR", "logger": "etl_logger", "message": "POST failed after 3 attempts (VFSC 2026-02-27)", "service": "cc_reconcile", "stage": "download_davinci", "status": "ok"}
{"timestamp": "2026-02-28T22:01:19+0800", "level": "WARNING", "logger": "etl_logger", "message": "POST failed (VFSC 2026-02-28) attempt 1: 500 Server Error: Internal Server Error for url: https://report.vantagemarkets.com/api/cc-detail/download, took 0.2s", "service": "cc_reconcile", "stage": "download_davinci", "status": "ok"}
{"timestamp": "2026-02-28T22:01:24+0800", "level": "WARNING", "logger": "etl_logger", "message": "POST failed (VFSC 2026-02-28) attempt 2: 500 Server Error: Internal Server Error for url: https://report.vantagemarkets.com/api/cc-detail/download, took 0.2s", "service": "cc_reconcile", "stage": "download_davinci", "status": "ok"}
{"timestamp": "2026-02-28T22:01:29+0800", "level": "WARNING", "logger": "etl_logger", "message": "POST failed (VFSC 2026-02-28) attempt 3: 500 Server Error: Internal Server Error for url: https://report.vantagemarkets.com/api/cc-detail/download, took 0.2s", "service": "cc_reconcile", "stage": "download_davinci", "status": "ok"}
{"timestamp": "2026-02-28T22:01:29+0800", "level": "ERROR", "logger": "etl_logger", "message": "POST failed after 3 attempts (VFSC 2026-02-28)", "service": "cc_reconcile", "stage": "download_davinci", "status": "ok"}
{"timestamp": "2026-02-28T22:01:29+0800", "level": "INFO", "logger": "etl_logger", "message": "Finish downloading Davinci CC - VFSC Report", "service": "cc_reconcile", "stage": "download_davinci", "status": "ok"}
{"timestamp": "2026-02-28T22:01:29+0800", "level": "INFO", "logger": "etl_logger", "message": "Start downloading Davinci CC Report for brand: VFSC2...", "service": "cc_reconcile", "stage": "download_davinci", "status": "ok"}
{"timestamp": "2026-02-28T22:01:29+0800", "level": "WARNING", "logger": "etl_logger", "message": "POST failed (VFSC2 2026-02-25) attempt 1: 500 Server Error: Internal Server Error for url: https://report.vantagemarkets.com/api/cc-detail/download, took 0.2s", "service": "cc_reconcile", "stage": "download_davinci", "status": "ok"}
{"timestamp": "2026-02-28T22:01:35+0800", "level": "WARNING", "logger": "etl_logger", "message": "POST failed (VFSC2 2026-02-25) attempt 2: 500 Server Error: Internal Server Error for url: https://report.vantagemarkets.com/api/cc-detail/download, took 0.2s", "service": "cc_reconcile", "stage": "download_davinci", "status": "ok"}
{"timestamp": "2026-02-28T22:01:40+0800", "level": "WARNING", "logger": "etl_logger", "message": "POST failed (VFSC2 2026-02-25) attempt 3: 500 Server Error: Internal Server Error for url: https://report.vantagemarkets.com/api/cc-detail/download, took 0.2s", "service": "cc_reconcile", "stage": "download_davinci", "status": "ok"}
{"timestamp": "2026-02-28T22:01:40+0800", "level": "ERROR", "logger": "etl_logger", "message": "POST failed after 3 attempts (VFSC2 2026-02-25)", "service": "cc_reconcile", "stage": "download_davinci", "status": "ok"}
{"timestamp": "2026-02-28T22:01:40+0800", "level": "WARNING", "logger": "etl_logger", "message": "POST failed (VFSC2 2026-02-26) attempt 1: 500 Server Error: Internal Server Error for url: https://report.vantagemarkets.com/api/cc-detail/download, took 0.2s", "service": "cc_reconcile", "stage": "download_davinci", "status": "ok"}
{"timestamp": "2026-02-28T22:01:45+0800", "level": "WARNING", "logger": "etl_logger", "message": "POST failed (VFSC2 2026-02-26) attempt 2: 500 Server Error: Internal Server Error for url: https://report.vantagemarkets.com/api/cc-detail/download, took 0.2s", "service": "cc_reconcile", "stage": "download_davinci", "status": "ok"}
{"timestamp": "2026-02-28T22:01:50+0800", "level": "WARNING", "logger": "etl_logger", "message": "POST failed (VFSC2 2026-02-26) attempt 3: 500 Server Error: Internal Server Error for url: https://report.vantagemarkets.com/api/cc-detail/download, took 0.2s", "service": "cc_reconcile", "stage": "download_davinci", "status": "ok"}
{"timestamp": "2026-02-28T22:01:50+0800", "level": "ERROR", "logger": "etl_logger", "message": "POST failed after 3 attempts (VFSC2 2026-02-26)", "service": "cc_reconcile", "stage": "download_davinci", "status": "ok"}
{"timestamp": "2026-02-28T22:01:51+0800", "level": "WARNING", "logger": "etl_logger", "message": "POST failed (VFSC2 2026-02-27) attempt 1: 500 Server Error: Internal Server Error for url: https://report.vantagemarkets.com/api/cc-detail/download, took 0.2s", "service": "cc_reconcile", "stage": "download_davinci", "status": "ok"}
{"timestamp": "2026-02-28T22:01:56+0800", "level": "WARNING", "logger": "etl_logger", "message": "POST failed (VFSC2 2026-02-27) attempt 2: 500 Server Error: Internal Server Error for url: https://report.vantagemarkets.com/api/cc-detail/download, took 0.2s", "service": "cc_reconcile", "stage": "download_davinci", "status": "ok"}
{"timestamp": "2026-02-28T22:02:01+0800", "level": "WARNING", "logger": "etl_logger", "message": "POST failed (VFSC2 2026-02-27) attempt 3: 500 Server Error: Internal Server Error for url: https://report.vantagemarkets.com/api/cc-detail/download, took 0.2s", "service": "cc_reconcile", "stage": "download_davinci", "status": "ok"}
{"timestamp": "2026-02-28T22:02:01+0800", "level": "ERROR", "logger": "etl_logger", "message": "POST failed after 3 attempts (VFSC2 2026-02-27)", "service": "cc_reconcile", "stage": "download_davinci", "status": "ok"}
{"timestamp": "2026-02-28T22:02:01+0800", "level": "WARNING", "logger": "etl_logger", "message": "POST failed (VFSC2 2026-02-28) attempt 1: 500 Server Error: Internal Server Error for url: https://report.vantagemarkets.com/api/cc-detail/download, took 0.2s", "service": "cc_reconcile", "stage": "download_davinci", "status": "ok"}
{"timestamp": "2026-02-28T22:02:07+0800", "level": "WARNING", "logger": "etl_logger", "message": "POST failed (VFSC2 2026-02-28) attempt 2: 500 Server Error: Internal Server Error for url: https://report.vantagemarkets.com/api/cc-detail/download, took 0.2s", "service": "cc_reconcile", "stage": "download_davinci", "status": "ok"}
{"timestamp": "2026-02-28T22:02:12+0800", "level": "WARNING", "logger": "etl_logger", "message": "POST failed (VFSC2 2026-02-28) attempt 3: 500 Server Error: Internal Server Error for url: https://report.vantagemarkets.com/api/cc-detail/download, took 0.2s", "service": "cc_reconcile", "stage": "download_davinci", "status": "ok"}
{"timestamp": "2026-02-28T22:02:12+0800", "level": "ERROR", "logger": "etl_logger", "message": "POST failed after 3 attempts (VFSC2 2026-02-28)", "service": "cc_reconcile", "stage": "download_davinci", "status": "ok"}
{"timestamp": "2026-02-28T22:02:12+0800", "level": "INFO", "logger": "etl_logger", "message": "Finish downloading Davinci CC - VFSC2 Report", "service": "cc_reconcile", "stage": "download_davinci", "status": "ok"}
{"timestamp": "2026-02-28T22:02:12+0800", "level": "WARNING", "logger": "etl_logger", "message": "No data downloaded for any brand.", "service": "cc_reconcile", "stage": "download_davinci", "status": "ok"}
Traceback (most recent call last):
  File "/app/main.py", line 72, in <module>
    main()
  File "/app/main.py", line 25, in main
    logger.info(f"Download CRM CC Report Finish ，Total: {len(crm_cc)}")
TypeError: object of type 'NoneType' has no len()
{"timestamp": "2026-02-28T23:00:01+0800", "level": "INFO", "logger": "etl_logger", "message": "Start download reports...", "service": "cc_reconcile", "stage": "download", "status": "ok"}
{"timestamp": "2026-02-28T23:00:05+0800", "level": "INFO", "logger": "etl_logger", "message": "Payabl Login Success and Get Token Success", "service": "cc_reconcile", "stage": "download_payabl", "status": "ok"}
{"timestamp": "2026-02-28T23:00:05+0800", "level": "INFO", "logger": "etl_logger", "message": "Start downloading Payabl CC Report for date: 2026-02-27...", "service": "cc_reconcile", "stage": "download_payabl", "status": "ok"}
{"timestamp": "2026-02-28T23:00:37+0800", "level": "INFO", "logger": "etl_logger", "message": "Start downloading Payabl CC Report for date: 2026-02-28...", "service": "cc_reconcile", "stage": "download_payabl", "status": "ok"}
{"timestamp": "2026-02-28T23:00:47+0800", "level": "INFO", "logger": "etl_logger", "message": "Finish downloading Payabl CC Report", "service": "cc_reconcile", "stage": "download_payabl", "status": "ok"}
{"timestamp": "2026-02-28T23:00:47+0800", "level": "INFO", "logger": "etl_logger", "message": "Download Payabl CC Report Finish ，Total: 53264", "service": "cc_reconcile", "stage": "download", "status": "ok"}
{"timestamp": "2026-02-28T23:00:47+0800", "level": "INFO", "logger": "etl_logger", "message": "Login attempt 1/5", "service": "cc_reconcile", "stage": "download_davinci", "status": "ok"}
{"timestamp": "2026-02-28T23:00:49+0800", "level": "INFO", "logger": "etl_logger", "message": "Login response status=200, url=https://admin.vantagemarkets.com/admin/main, cookies=4", "service": "cc_reconcile", "stage": "download_davinci", "status": "ok"}
{"timestamp": "2026-02-28T23:00:49+0800", "level": "INFO", "logger": "etl_logger", "message": "Login successful", "service": "cc_reconcile", "stage": "download_davinci", "status": "ok"}
{"timestamp": "2026-02-28T23:00:49+0800", "level": "INFO", "logger": "etl_logger", "message": "Token obtained successfully", "service": "cc_reconcile", "stage": "download_davinci", "status": "ok"}
{"timestamp": "2026-02-28T23:00:49+0800", "level": "INFO", "logger": "etl_logger", "message": "Start downloading Davinci CC Report for brand: VFSC...", "service": "cc_reconcile", "stage": "download_davinci", "status": "ok"}
{"timestamp": "2026-02-28T23:00:49+0800", "level": "WARNING", "logger": "etl_logger", "message": "POST failed (VFSC 2026-02-25) attempt 1: 502 Server Error: Bad Gateway for url: https://report.vantagemarkets.com/api/cc-detail/download, took 0.3s", "service": "cc_reconcile", "stage": "download_davinci", "status": "ok"}
{"timestamp": "2026-02-28T23:00:54+0800", "level": "WARNING", "logger": "etl_logger", "message": "POST failed (VFSC 2026-02-25) attempt 2: 500 Server Error: Internal Server Error for url: https://report.vantagemarkets.com/api/cc-detail/download, took 0.2s", "service": "cc_reconcile", "stage": "download_davinci", "status": "ok"}
{"timestamp": "2026-02-28T23:01:00+0800", "level": "WARNING", "logger": "etl_logger", "message": "POST failed (VFSC 2026-02-25) attempt 3: 500 Server Error: Internal Server Error for url: https://report.vantagemarkets.com/api/cc-detail/download, took 0.2s", "service": "cc_reconcile", "stage": "download_davinci", "status": "ok"}
{"timestamp": "2026-02-28T23:01:00+0800", "level": "ERROR", "logger": "etl_logger", "message": "POST failed after 3 attempts (VFSC 2026-02-25)", "service": "cc_reconcile", "stage": "download_davinci", "status": "ok"}
{"timestamp": "2026-02-28T23:01:00+0800", "level": "WARNING", "logger": "etl_logger", "message": "POST failed (VFSC 2026-02-26) attempt 1: 500 Server Error: Internal Server Error for url: https://report.vantagemarkets.com/api/cc-detail/download, took 0.2s", "service": "cc_reconcile", "stage": "download_davinci", "status": "ok"}
{"timestamp": "2026-02-28T23:01:05+0800", "level": "WARNING", "logger": "etl_logger", "message": "POST failed (VFSC 2026-02-26) attempt 2: 502 Server Error: Bad Gateway for url: https://report.vantagemarkets.com/api/cc-detail/download, took 0.2s", "service": "cc_reconcile", "stage": "download_davinci", "status": "ok"}
{"timestamp": "2026-02-28T23:01:10+0800", "level": "WARNING", "logger": "etl_logger", "message": "POST failed (VFSC 2026-02-26) attempt 3: 502 Server Error: Bad Gateway for url: https://report.vantagemarkets.com/api/cc-detail/download, took 0.2s", "service": "cc_reconcile", "stage": "download_davinci", "status": "ok"}
{"timestamp": "2026-02-28T23:01:10+0800", "level": "ERROR", "logger": "etl_logger", "message": "POST failed after 3 attempts (VFSC 2026-02-26)", "service": "cc_reconcile", "stage": "download_davinci", "status": "ok"}
{"timestamp": "2026-02-28T23:01:11+0800", "level": "WARNING", "logger": "etl_logger", "message": "POST failed (VFSC 2026-02-27) attempt 1: 500 Server Error: Internal Server Error for url: https://report.vantagemarkets.com/api/cc-detail/download, took 0.2s", "service": "cc_reconcile", "stage": "download_davinci", "status": "ok"}
{"timestamp": "2026-02-28T23:01:16+0800", "level": "WARNING", "logger": "etl_logger", "message": "POST failed (VFSC 2026-02-27) attempt 2: 500 Server Error: Internal Server Error for url: https://report.vantagemarkets.com/api/cc-detail/download, took 0.2s", "service": "cc_reconcile", "stage": "download_davinci", "status": "ok"}
{"timestamp": "2026-02-28T23:01:21+0800", "level": "WARNING", "logger": "etl_logger", "message": "POST failed (VFSC 2026-02-27) attempt 3: 500 Server Error: Internal Server Error for url: https://report.vantagemarkets.com/api/cc-detail/download, took 0.2s", "service": "cc_reconcile", "stage": "download_davinci", "status": "ok"}
{"timestamp": "2026-02-28T23:01:21+0800", "level": "ERROR", "logger": "etl_logger", "message": "POST failed after 3 attempts (VFSC 2026-02-27)", "service": "cc_reconcile", "stage": "download_davinci", "status": "ok"}
{"timestamp": "2026-02-28T23:01:21+0800", "level": "WARNING", "logger": "etl_logger", "message": "POST failed (VFSC 2026-02-28) attempt 1: 500 Server Error: Internal Server Error for url: https://report.vantagemarkets.com/api/cc-detail/download, took 0.2s", "service": "cc_reconcile", "stage": "download_davinci", "status": "ok"}
{"timestamp": "2026-02-28T23:01:27+0800", "level": "WARNING", "logger": "etl_logger", "message": "POST failed (VFSC 2026-02-28) attempt 2: 500 Server Error: Internal Server Error for url: https://report.vantagemarkets.com/api/cc-detail/download, took 0.2s", "service": "cc_reconcile", "stage": "download_davinci", "status": "ok"}
{"timestamp": "2026-02-28T23:01:32+0800", "level": "WARNING", "logger": "etl_logger", "message": "POST failed (VFSC 2026-02-28) attempt 3: 502 Server Error: Bad Gateway for url: https://report.vantagemarkets.com/api/cc-detail/download, took 0.2s", "service": "cc_reconcile", "stage": "download_davinci", "status": "ok"}
{"timestamp": "2026-02-28T23:01:32+0800", "level": "ERROR", "logger": "etl_logger", "message": "POST failed after 3 attempts (VFSC 2026-02-28)", "service": "cc_reconcile", "stage": "download_davinci", "status": "ok"}
{"timestamp": "2026-02-28T23:01:32+0800", "level": "INFO", "logger": "etl_logger", "message": "Finish downloading Davinci CC - VFSC Report", "service": "cc_reconcile", "stage": "download_davinci", "status": "ok"}
{"timestamp": "2026-02-28T23:01:32+0800", "level": "INFO", "logger": "etl_logger", "message": "Start downloading Davinci CC Report for brand: VFSC2...", "service": "cc_reconcile", "stage": "download_davinci", "status": "ok"}
{"timestamp": "2026-02-28T23:01:32+0800", "level": "WARNING", "logger": "etl_logger", "message": "POST failed (VFSC2 2026-02-25) attempt 1: 500 Server Error: Internal Server Error for url: https://report.vantagemarkets.com/api/cc-detail/download, took 0.2s", "service": "cc_reconcile", "stage": "download_davinci", "status": "ok"}
{"timestamp": "2026-02-28T23:01:37+0800", "level": "WARNING", "logger": "etl_logger", "message": "POST failed (VFSC2 2026-02-25) attempt 2: 500 Server Error: Internal Server Error for url: https://report.vantagemarkets.com/api/cc-detail/download, took 0.2s", "service": "cc_reconcile", "stage": "download_davinci", "status": "ok"}
{"timestamp": "2026-02-28T23:01:42+0800", "level": "WARNING", "logger": "etl_logger", "message": "POST failed (VFSC2 2026-02-25) attempt 3: 500 Server Error: Internal Server Error for url: https://report.vantagemarkets.com/api/cc-detail/download, took 0.2s", "service": "cc_reconcile", "stage": "download_davinci", "status": "ok"}
{"timestamp": "2026-02-28T23:01:42+0800", "level": "ERROR", "logger": "etl_logger", "message": "POST failed after 3 attempts (VFSC2 2026-02-25)", "service": "cc_reconcile", "stage": "download_davinci", "status": "ok"}
{"timestamp": "2026-02-28T23:01:43+0800", "level": "WARNING", "logger": "etl_logger", "message": "POST failed (VFSC2 2026-02-26) attempt 1: 500 Server Error: Internal Server Error for url: https://report.vantagemarkets.com/api/cc-detail/download, took 0.2s", "service": "cc_reconcile", "stage": "download_davinci", "status": "ok"}
{"timestamp": "2026-02-28T23:01:48+0800", "level": "WARNING", "logger": "etl_logger", "message": "POST failed (VFSC2 2026-02-26) attempt 2: 500 Server Error: Internal Server Error for url: https://report.vantagemarkets.com/api/cc-detail/download, took 0.2s", "service": "cc_reconcile", "stage": "download_davinci", "status": "ok"}
{"timestamp": "2026-02-28T23:01:53+0800", "level": "WARNING", "logger": "etl_logger", "message": "POST failed (VFSC2 2026-02-26) attempt 3: 500 Server Error: Internal Server Error for url: https://report.vantagemarkets.com/api/cc-detail/download, took 0.2s", "service": "cc_reconcile", "stage": "download_davinci", "status": "ok"}
{"timestamp": "2026-02-28T23:01:53+0800", "level": "ERROR", "logger": "etl_logger", "message": "POST failed after 3 attempts (VFSC2 2026-02-26)", "service": "cc_reconcile", "stage": "download_davinci", "status": "ok"}
{"timestamp": "2026-02-28T23:01:53+0800", "level": "WARNING", "logger": "etl_logger", "message": "POST failed (VFSC2 2026-02-27) attempt 1: 500 Server Error: Internal Server Error for url: https://report.vantagemarkets.com/api/cc-detail/download, took 0.2s", "service": "cc_reconcile", "stage": "download_davinci", "status": "ok"}
{"timestamp": "2026-02-28T23:01:59+0800", "level": "WARNING", "logger": "etl_logger", "message": "POST failed (VFSC2 2026-02-27) attempt 2: 502 Server Error: Bad Gateway for url: https://report.vantagemarkets.com/api/cc-detail/download, took 0.2s", "service": "cc_reconcile", "stage": "download_davinci", "status": "ok"}
{"timestamp": "2026-02-28T23:02:04+0800", "level": "WARNING", "logger": "etl_logger", "message": "POST failed (VFSC2 2026-02-27) attempt 3: 500 Server Error: Internal Server Error for url: https://report.vantagemarkets.com/api/cc-detail/download, took 0.2s", "service": "cc_reconcile", "stage": "download_davinci", "status": "ok"}
{"timestamp": "2026-02-28T23:02:04+0800", "level": "ERROR", "logger": "etl_logger", "message": "POST failed after 3 attempts (VFSC2 2026-02-27)", "service": "cc_reconcile", "stage": "download_davinci", "status": "ok"}
{"timestamp": "2026-02-28T23:02:04+0800", "level": "WARNING", "logger": "etl_logger", "message": "POST failed (VFSC2 2026-02-28) attempt 1: 500 Server Error: Internal Server Error for url: https://report.vantagemarkets.com/api/cc-detail/download, took 0.2s", "service": "cc_reconcile", "stage": "download_davinci", "status": "ok"}
{"timestamp": "2026-02-28T23:02:09+0800", "level": "WARNING", "logger": "etl_logger", "message": "POST failed (VFSC2 2026-02-28) attempt 2: 500 Server Error: Internal Server Error for url: https://report.vantagemarkets.com/api/cc-detail/download, took 0.2s", "service": "cc_reconcile", "stage": "download_davinci", "status": "ok"}
{"timestamp": "2026-02-28T23:02:14+0800", "level": "WARNING", "logger": "etl_logger", "message": "POST failed (VFSC2 2026-02-28) attempt 3: 500 Server Error: Internal Server Error for url: https://report.vantagemarkets.com/api/cc-detail/download, took 0.2s", "service": "cc_reconcile", "stage": "download_davinci", "status": "ok"}
{"timestamp": "2026-02-28T23:02:14+0800", "level": "ERROR", "logger": "etl_logger", "message": "POST failed after 3 attempts (VFSC2 2026-02-28)", "service": "cc_reconcile", "stage": "download_davinci", "status": "ok"}
{"timestamp": "2026-02-28T23:02:14+0800", "level": "INFO", "logger": "etl_logger", "message": "Finish downloading Davinci CC - VFSC2 Report", "service": "cc_reconcile", "stage": "download_davinci", "status": "ok"}
{"timestamp": "2026-02-28T23:02:14+0800", "level": "WARNING", "logger": "etl_logger", "message": "No data downloaded for any brand.", "service": "cc_reconcile", "stage": "download_davinci", "status": "ok"}
Traceback (most recent call last):
  File "/app/main.py", line 72, in <module>
    main()
  File "/app/main.py", line 25, in main
    logger.info(f"Download CRM CC Report Finish ，Total: {len(crm_cc)}")
TypeError: object of type 'NoneType' has no len()
