{"timestamp": "2026-03-02T00:00:01+0800", "level": "INFO", "logger": "etl_logger", "message": "Start download reports...", "service": "cc_reconcile", "stage": "download", "status": "ok"}
{"timestamp": "2026-03-02T00:00:05+0800", "level": "INFO", "logger": "etl_logger", "message": "Payabl Login Success and Get Token Success", "service": "cc_reconcile", "stage": "download_payabl", "status": "ok"}
{"timestamp": "2026-03-02T00:00:05+0800", "level": "INFO", "logger": "etl_logger", "message": "Start downloading Payabl CC Report for date: 2026-03-01...", "service": "cc_reconcile", "stage": "download_payabl", "status": "ok"}
{"timestamp": "2026-03-02T00:00:17+0800", "level": "INFO", "logger": "etl_logger", "message": "Start downloading Payabl CC Report for date: 2026-03-02...", "service": "cc_reconcile", "stage": "download_payabl", "status": "ok"}
{"timestamp": "2026-03-02T00:00:22+0800", "level": "INFO", "logger": "etl_logger", "message": "Finish downloading Payabl CC Report", "service": "cc_reconcile", "stage": "download_payabl", "status": "ok"}
{"timestamp": "2026-03-02T00:00:22+0800", "level": "INFO", "logger": "etl_logger", "message": "Download Payabl CC Report Finish ，Total: 15129", "service": "cc_reconcile", "stage": "download", "status": "ok"}
{"timestamp": "2026-03-02T00:00:22+0800", "level": "INFO", "logger": "etl_logger", "message": "Login attempt 1/5", "service": "cc_reconcile", "stage": "download_davinci", "status": "ok"}
{"timestamp": "2026-03-02T00:00:24+0800", "level": "INFO", "logger": "etl_logger", "message": "Login response status=200, url=https://admin.vantagemarkets.com/admin/main, cookies=4", "service": "cc_reconcile", "stage": "download_davinci", "status": "ok"}
{"timestamp": "2026-03-02T00:00:24+0800", "level": "INFO", "logger": "etl_logger", "message": "Login successful", "service": "cc_reconcile", "stage": "download_davinci", "status": "ok"}
{"timestamp": "2026-03-02T00:00:24+0800", "level": "INFO", "logger": "etl_logger", "message": "Token obtained successfully", "service": "cc_reconcile", "stage": "download_davinci", "status": "ok"}
{"timestamp": "2026-03-02T00:00:24+0800", "level": "INFO", "logger": "etl_logger", "message": "Start downloading Davinci CC Report for brand: VFSC...", "service": "cc_reconcile", "stage": "download_davinci", "status": "ok"}
{"timestamp": "2026-03-02T00:00:24+0800", "level": "WARNING", "logger": "etl_logger", "message": "POST failed (VFSC 2026-02-26) attempt 1: 500 Server Error: Internal Server Error for url: https://report.vantagemarkets.com/api/cc-detail/download, took 0.3s", "service": "cc_reconcile", "stage": "download_davinci", "status": "ok"}
{"timestamp": "2026-03-02T00:00:29+0800", "level": "WARNING", "logger": "etl_logger", "message": "POST failed (VFSC 2026-02-26) attempt 2: 500 Server Error: Internal Server Error for url: https://report.vantagemarkets.com/api/cc-detail/download, took 0.2s", "service": "cc_reconcile", "stage": "download_davinci", "status": "ok"}
{"timestamp": "2026-03-02T00:00:35+0800", "level": "WARNING", "logger": "etl_logger", "message": "POST failed (VFSC 2026-02-26) attempt 3: 500 Server Error: Internal Server Error for url: https://report.vantagemarkets.com/api/cc-detail/download, took 0.2s", "service": "cc_reconcile", "stage": "download_davinci", "status": "ok"}
{"timestamp": "2026-03-02T00:00:35+0800", "level": "ERROR", "logger": "etl_logger", "message": "POST failed after 3 attempts (VFSC 2026-02-26)", "service": "cc_reconcile", "stage": "download_davinci", "status": "ok"}
{"timestamp": "2026-03-02T00:00:35+0800", "level": "WARNING", "logger": "etl_logger", "message": "POST failed (VFSC 2026-02-27) attempt 1: 500 Server Error: Internal Server Error for url: https://report.vantagemarkets.com/api/cc-detail/download, took 0.2s", "service": "cc_reconcile", "stage": "download_davinci", "status": "ok"}
{"timestamp": "2026-03-02T00:00:40+0800", "level": "WARNING", "logger": "etl_logger", "message": "POST failed (VFSC 2026-02-27) attempt 2: 500 Server Error: Internal Server Error for url: https://report.vantagemarkets.com/api/cc-detail/download, took 0.2s", "service": "cc_reconcile", "stage": "download_davinci", "status": "ok"}
{"timestamp": "2026-03-02T00:00:45+0800", "level": "WARNING", "logger": "etl_logger", "message": "POST failed (VFSC 2026-02-27) attempt 3: 500 Server Error: Internal Server Error for url: https://report.vantagemarkets.com/api/cc-detail/download, took 0.2s", "service": "cc_reconcile", "stage": "download_davinci", "status": "ok"}
{"timestamp": "2026-03-02T00:00:45+0800", "level": "ERROR", "logger": "etl_logger", "message": "POST failed after 3 attempts (VFSC 2026-02-27)", "service": "cc_reconcile", "stage": "download_davinci", "status": "ok"}
{"timestamp": "2026-03-02T00:00:46+0800", "level": "WARNING", "logger": "etl_logger", "message": "POST failed (VFSC 2026-02-28) attempt 1: 500 Server Error: Internal Server Error for url: https://report.vantagemarkets.com/api/cc-detail/download, took 0.2s", "service": "cc_reconcile", "stage": "download_davinci", "status": "ok"}
{"timestamp": "2026-03-02T00:00:51+0800", "level": "WARNING", "logger": "etl_logger", "message": "POST failed (VFSC 2026-02-28) attempt 2: 500 Server Error: Internal Server Error for url: https://report.vantagemarkets.com/api/cc-detail/download, took 0.2s", "service": "cc_reconcile", "stage": "download_davinci", "status": "ok"}
{"timestamp": "2026-03-02T00:00:56+0800", "level": "WARNING", "logger": "etl_logger", "message": "POST failed (VFSC 2026-02-28) attempt 3: 500 Server Error: Internal Server Error for url: https://report.vantagemarkets.com/api/cc-detail/download, took 0.2s", "service": "cc_reconcile", "stage": "download_davinci", "status": "ok"}
{"timestamp": "2026-03-02T00:00:56+0800", "level": "ERROR", "logger": "etl_logger", "message": "POST failed after 3 attempts (VFSC 2026-02-28)", "service": "cc_reconcile", "stage": "download_davinci", "status": "ok"}
{"timestamp": "2026-03-02T00:00:56+0800", "level": "WARNING", "logger": "etl_logger", "message": "POST failed (VFSC 2026-03-01) attempt 1: 500 Server Error: Internal Server Error for url: https://report.vantagemarkets.com/api/cc-detail/download, took 0.2s", "service": "cc_reconcile", "stage": "download_davinci", "status": "ok"}
{"timestamp": "2026-03-02T00:01:01+0800", "level": "WARNING", "logger": "etl_logger", "message": "POST failed (VFSC 2026-03-01) attempt 2: 500 Server Error: Internal Server Error for url: https://report.vantagemarkets.com/api/cc-detail/download, took 0.2s", "service": "cc_reconcile", "stage": "download_davinci", "status": "ok"}
{"timestamp": "2026-03-02T00:01:07+0800", "level": "WARNING", "logger": "etl_logger", "message": "POST failed (VFSC 2026-03-01) attempt 3: 500 Server Error: Internal Server Error for url: https://report.vantagemarkets.com/api/cc-detail/download, took 0.2s", "service": "cc_reconcile", "stage": "download_davinci", "status": "ok"}
{"timestamp": "2026-03-02T00:01:07+0800", "level": "ERROR", "logger": "etl_logger", "message": "POST failed after 3 attempts (VFSC 2026-03-01)", "service": "cc_reconcile", "stage": "download_davinci", "status": "ok"}
{"timestamp": "2026-03-02T00:01:07+0800", "level": "INFO", "logger": "etl_logger", "message": "Finish downloading Davinci CC - VFSC Report", "service": "cc_reconcile", "stage": "download_davinci", "status": "ok"}
{"timestamp": "2026-03-02T00:01:07+0800", "level": "INFO", "logger": "etl_logger", "message": "Start downloading Davinci CC Report for brand: VFSC2...", "service": "cc_reconcile", "stage": "download_davinci", "status": "ok"}
{"timestamp": "2026-03-02T00:01:07+0800", "level": "WARNING", "logger": "etl_logger", "message": "POST failed (VFSC2 2026-02-26) attempt 1: 500 Server Error: Internal Server Error for url: https://report.vantagemarkets.com/api/cc-detail/download, took 0.2s", "service": "cc_reconcile", "stage": "download_davinci", "status": "ok"}
{"timestamp": "2026-03-02T00:01:12+0800", "level": "WARNING", "logger": "etl_logger", "message": "POST failed (VFSC2 2026-02-26) attempt 2: 502 Server Error: Bad Gateway for url: https://report.vantagemarkets.com/api/cc-detail/download, took 0.2s", "service": "cc_reconcile", "stage": "download_davinci", "status": "ok"}
{"timestamp": "2026-03-02T00:01:17+0800", "level": "WARNING", "logger": "etl_logger", "message": "POST failed (VFSC2 2026-02-26) attempt 3: 502 Server Error: Bad Gateway for url: https://report.vantagemarkets.com/api/cc-detail/download, took 0.2s", "service": "cc_reconcile", "stage": "download_davinci", "status": "ok"}
{"timestamp": "2026-03-02T00:01:17+0800", "level": "ERROR", "logger": "etl_logger", "message": "POST failed after 3 attempts (VFSC2 2026-02-26)", "service": "cc_reconcile", "stage": "download_davinci", "status": "ok"}
{"timestamp": "2026-03-02T00:01:18+0800", "level": "WARNING", "logger": "etl_logger", "message": "POST failed (VFSC2 2026-02-27) attempt 1: 500 Server Error: Internal Server Error for url: https://report.vantagemarkets.com/api/cc-detail/download, took 0.2s", "service": "cc_reconcile", "stage": "download_davinci", "status": "ok"}
{"timestamp": "2026-03-02T00:01:23+0800", "level": "WARNING", "logger": "etl_logger", "message": "POST failed (VFSC2 2026-02-27) attempt 2: 500 Server Error: Internal Server Error for url: https://report.vantagemarkets.com/api/cc-detail/download, took 0.2s", "service": "cc_reconcile", "stage": "download_davinci", "status": "ok"}
{"timestamp": "2026-03-02T00:01:28+0800", "level": "WARNING", "logger": "etl_logger", "message": "POST failed (VFSC2 2026-02-27) attempt 3: 500 Server Error: Internal Server Error for url: https://report.vantagemarkets.com/api/cc-detail/download, took 0.2s", "service": "cc_reconcile", "stage": "download_davinci", "status": "ok"}
{"timestamp": "2026-03-02T00:01:28+0800", "level": "ERROR", "logger": "etl_logger", "message": "POST failed after 3 attempts (VFSC2 2026-02-27)", "service": "cc_reconcile", "stage": "download_davinci", "status": "ok"}
{"timestamp": "2026-03-02T00:01:28+0800", "level": "WARNING", "logger": "etl_logger", "message": "POST failed (VFSC2 2026-02-28) attempt 1: 500 Server Error: Internal Server Error for url: https://report.vantagemarkets.com/api/cc-detail/download, took 0.2s", "service": "cc_reconcile", "stage": "download_davinci", "status": "ok"}
{"timestamp": "2026-03-02T00:01:33+0800", "level": "WARNING", "logger": "etl_logger", "message": "POST failed (VFSC2 2026-02-28) attempt 2: 500 Server Error: Internal Server Error for url: https://report.vantagemarkets.com/api/cc-detail/download, took 0.2s", "service": "cc_reconcile", "stage": "download_davinci", "status": "ok"}
{"timestamp": "2026-03-02T00:01:39+0800", "level": "WARNING", "logger": "etl_logger", "message": "POST failed (VFSC2 2026-02-28) attempt 3: 500 Server Error: Internal Server Error for url: https://report.vantagemarkets.com/api/cc-detail/download, took 0.2s", "service": "cc_reconcile", "stage": "download_davinci", "status": "ok"}
{"timestamp": "2026-03-02T00:01:39+0800", "level": "ERROR", "logger": "etl_logger", "message": "POST failed after 3 attempts (VFSC2 2026-02-28)", "service": "cc_reconcile", "stage": "download_davinci", "status": "ok"}
{"timestamp": "2026-03-02T00:01:39+0800", "level": "WARNING", "logger": "etl_logger", "message": "POST failed (VFSC2 2026-03-01) attempt 1: 500 Server Error: Internal Server Error for url: https://report.vantagemarkets.com/api/cc-detail/download, took 0.2s", "service": "cc_reconcile", "stage": "download_davinci", "status": "ok"}
{"timestamp": "2026-03-02T00:01:44+0800", "level": "WARNING", "logger": "etl_logger", "message": "POST failed (VFSC2 2026-03-01) attempt 2: 500 Server Error: Internal Server Error for url: https://report.vantagemarkets.com/api/cc-detail/download, took 0.2s", "service": "cc_reconcile", "stage": "download_davinci", "status": "ok"}
{"timestamp": "2026-03-02T00:01:49+0800", "level": "WARNING", "logger": "etl_logger", "message": "POST failed (VFSC2 2026-03-01) attempt 3: 500 Server Error: Internal Server Error for url: https://report.vantagemarkets.com/api/cc-detail/download, took 0.2s", "service": "cc_reconcile", "stage": "download_davinci", "status": "ok"}
{"timestamp": "2026-03-02T00:01:49+0800", "level": "ERROR", "logger": "etl_logger", "message": "POST failed after 3 attempts (VFSC2 2026-03-01)", "service": "cc_reconcile", "stage": "download_davinci", "status": "ok"}
{"timestamp": "2026-03-02T00:01:49+0800", "level": "INFO", "logger": "etl_logger", "message": "Finish downloading Davinci CC - VFSC2 Report", "service": "cc_reconcile", "stage": "download_davinci", "status": "ok"}
{"timestamp": "2026-03-02T00:01:49+0800", "level": "WARNING", "logger": "etl_logger", "message": "No data downloaded for any brand.", "service": "cc_reconcile", "stage": "download_davinci", "status": "ok"}
Traceback (most recent call last):
  File "/app/main.py", line 72, in <module>
    main()
  File "/app/main.py", line 25, in main
    logger.info(f"Download CRM CC Report Finish ，Total: {len(crm_cc)}")
TypeError: object of type 'NoneType' has no len()
{"timestamp": "2026-03-02T01:00:02+0800", "level": "INFO", "logger": "etl_logger", "message": "Start download reports...", "service": "cc_reconcile", "stage": "download", "status": "ok"}
{"timestamp": "2026-03-02T01:00:05+0800", "level": "INFO", "logger": "etl_logger", "message": "Payabl Login Success and Get Token Success", "service": "cc_reconcile", "stage": "download_payabl", "status": "ok"}
{"timestamp": "2026-03-02T01:00:05+0800", "level": "INFO", "logger": "etl_logger", "message": "Start downloading Payabl CC Report for date: 2026-03-01...", "service": "cc_reconcile", "stage": "download_payabl", "status": "ok"}
{"timestamp": "2026-03-02T01:00:18+0800", "level": "INFO", "logger": "etl_logger", "message": "Start downloading Payabl CC Report for date: 2026-03-02...", "service": "cc_reconcile", "stage": "download_payabl", "status": "ok"}
{"timestamp": "2026-03-02T01:00:23+0800", "level": "INFO", "logger": "etl_logger", "message": "Finish downloading Payabl CC Report", "service": "cc_reconcile", "stage": "download_payabl", "status": "ok"}
{"timestamp": "2026-03-02T01:00:23+0800", "level": "INFO", "logger": "etl_logger", "message": "Download Payabl CC Report Finish ，Total: 17241", "service": "cc_reconcile", "stage": "download", "status": "ok"}
{"timestamp": "2026-03-02T01:00:23+0800", "level": "INFO", "logger": "etl_logger", "message": "Login attempt 1/5", "service": "cc_reconcile", "stage": "download_davinci", "status": "ok"}
{"timestamp": "2026-03-02T01:00:25+0800", "level": "INFO", "logger": "etl_logger", "message": "Login response status=200, url=https://admin.vantagemarkets.com/admin/main, cookies=4", "service": "cc_reconcile", "stage": "download_davinci", "status": "ok"}
{"timestamp": "2026-03-02T01:00:25+0800", "level": "INFO", "logger": "etl_logger", "message": "Login successful", "service": "cc_reconcile", "stage": "download_davinci", "status": "ok"}
{"timestamp": "2026-03-02T01:00:25+0800", "level": "INFO", "logger": "etl_logger", "message": "Token obtained successfully", "service": "cc_reconcile", "stage": "download_davinci", "status": "ok"}
{"timestamp": "2026-03-02T01:00:25+0800", "level": "INFO", "logger": "etl_logger", "message": "Start downloading Davinci CC Report for brand: VFSC...", "service": "cc_reconcile", "stage": "download_davinci", "status": "ok"}
{"timestamp": "2026-03-02T01:00:25+0800", "level": "WARNING", "logger": "etl_logger", "message": "POST failed (VFSC 2026-02-26) attempt 1: 500 Server Error: Internal Server Error for url: https://report.vantagemarkets.com/api/cc-detail/download, took 0.3s", "service": "cc_reconcile", "stage": "download_davinci", "status": "ok"}
{"timestamp": "2026-03-02T01:00:31+0800", "level": "WARNING", "logger": "etl_logger", "message": "POST failed (VFSC 2026-02-26) attempt 2: 502 Server Error: Bad Gateway for url: https://report.vantagemarkets.com/api/cc-detail/download, took 0.2s", "service": "cc_reconcile", "stage": "download_davinci", "status": "ok"}
{"timestamp": "2026-03-02T01:00:36+0800", "level": "WARNING", "logger": "etl_logger", "message": "POST failed (VFSC 2026-02-26) attempt 3: 500 Server Error: Internal Server Error for url: https://report.vantagemarkets.com/api/cc-detail/download, took 0.2s", "service": "cc_reconcile", "stage": "download_davinci", "status": "ok"}
{"timestamp": "2026-03-02T01:00:36+0800", "level": "ERROR", "logger": "etl_logger", "message": "POST failed after 3 attempts (VFSC 2026-02-26)", "service": "cc_reconcile", "stage": "download_davinci", "status": "ok"}
{"timestamp": "2026-03-02T01:00:36+0800", "level": "WARNING", "logger": "etl_logger", "message": "POST failed (VFSC 2026-02-27) attempt 1: 500 Server Error: Internal Server Error for url: https://report.vantagemarkets.com/api/cc-detail/download, took 0.2s", "service": "cc_reconcile", "stage": "download_davinci", "status": "ok"}
{"timestamp": "2026-03-02T01:00:41+0800", "level": "WARNING", "logger": "etl_logger", "message": "POST failed (VFSC 2026-02-27) attempt 2: 500 Server Error: Internal Server Error for url: https://report.vantagemarkets.com/api/cc-detail/download, took 0.2s", "service": "cc_reconcile", "stage": "download_davinci", "status": "ok"}
{"timestamp": "2026-03-02T01:00:47+0800", "level": "WARNING", "logger": "etl_logger", "message": "POST failed (VFSC 2026-02-27) attempt 3: 500 Server Error: Internal Server Error for url: https://report.vantagemarkets.com/api/cc-detail/download, took 0.2s", "service": "cc_reconcile", "stage": "download_davinci", "status": "ok"}
{"timestamp": "2026-03-02T01:00:47+0800", "level": "ERROR", "logger": "etl_logger", "message": "POST failed after 3 attempts (VFSC 2026-02-27)", "service": "cc_reconcile", "stage": "download_davinci", "status": "ok"}
{"timestamp": "2026-03-02T01:00:47+0800", "level": "WARNING", "logger": "etl_logger", "message": "POST failed (VFSC 2026-02-28) attempt 1: 500 Server Error: Internal Server Error for url: https://report.vantagemarkets.com/api/cc-detail/download, took 0.2s", "service": "cc_reconcile", "stage": "download_davinci", "status": "ok"}
{"timestamp": "2026-03-02T01:00:52+0800", "level": "WARNING", "logger": "etl_logger", "message": "POST failed (VFSC 2026-02-28) attempt 2: 500 Server Error: Internal Server Error for url: https://report.vantagemarkets.com/api/cc-detail/download, took 0.2s", "service": "cc_reconcile", "stage": "download_davinci", "status": "ok"}
{"timestamp": "2026-03-02T01:00:57+0800", "level": "WARNING", "logger": "etl_logger", "message": "POST failed (VFSC 2026-02-28) attempt 3: 500 Server Error: Internal Server Error for url: https://report.vantagemarkets.com/api/cc-detail/download, took 0.2s", "service": "cc_reconcile", "stage": "download_davinci", "status": "ok"}
{"timestamp": "2026-03-02T01:00:57+0800", "level": "ERROR", "logger": "etl_logger", "message": "POST failed after 3 attempts (VFSC 2026-02-28)", "service": "cc_reconcile", "stage": "download_davinci", "status": "ok"}
{"timestamp": "2026-03-02T01:00:57+0800", "level": "WARNING", "logger": "etl_logger", "message": "POST failed (VFSC 2026-03-01) attempt 1: 502 Server Error: Bad Gateway for url: https://report.vantagemarkets.com/api/cc-detail/download, took 0.2s", "service": "cc_reconcile", "stage": "download_davinci", "status": "ok"}
{"timestamp": "2026-03-02T01:01:03+0800", "level": "WARNING", "logger": "etl_logger", "message": "POST failed (VFSC 2026-03-01) attempt 2: 500 Server Error: Internal Server Error for url: https://report.vantagemarkets.com/api/cc-detail/download, took 0.2s", "service": "cc_reconcile", "stage": "download_davinci", "status": "ok"}
{"timestamp": "2026-03-02T01:01:08+0800", "level": "WARNING", "logger": "etl_logger", "message": "POST failed (VFSC 2026-03-01) attempt 3: 500 Server Error: Internal Server Error for url: https://report.vantagemarkets.com/api/cc-detail/download, took 0.2s", "service": "cc_reconcile", "stage": "download_davinci", "status": "ok"}
{"timestamp": "2026-03-02T01:01:08+0800", "level": "ERROR", "logger": "etl_logger", "message": "POST failed after 3 attempts (VFSC 2026-03-01)", "service": "cc_reconcile", "stage": "download_davinci", "status": "ok"}
{"timestamp": "2026-03-02T01:01:08+0800", "level": "INFO", "logger": "etl_logger", "message": "Finish downloading Davinci CC - VFSC Report", "service": "cc_reconcile", "stage": "download_davinci", "status": "ok"}
{"timestamp": "2026-03-02T01:01:08+0800", "level": "INFO", "logger": "etl_logger", "message": "Start downloading Davinci CC Report for brand: VFSC2...", "service": "cc_reconcile", "stage": "download_davinci", "status": "ok"}
{"timestamp": "2026-03-02T01:01:08+0800", "level": "WARNING", "logger": "etl_logger", "message": "POST failed (VFSC2 2026-02-26) attempt 1: 500 Server Error: Internal Server Error for url: https://report.vantagemarkets.com/api/cc-detail/download, took 0.2s", "service": "cc_reconcile", "stage": "download_davinci", "status": "ok"}
{"timestamp": "2026-03-02T01:01:13+0800", "level": "WARNING", "logger": "etl_logger", "message": "POST failed (VFSC2 2026-02-26) attempt 2: 500 Server Error: Internal Server Error for url: https://report.vantagemarkets.com/api/cc-detail/download, took 0.2s", "service": "cc_reconcile", "stage": "download_davinci", "status": "ok"}
{"timestamp": "2026-03-02T01:01:19+0800", "level": "WARNING", "logger": "etl_logger", "message": "POST failed (VFSC2 2026-02-26) attempt 3: 500 Server Error: Internal Server Error for url: https://report.vantagemarkets.com/api/cc-detail/download, took 0.2s", "service": "cc_reconcile", "stage": "download_davinci", "status": "ok"}
{"timestamp": "2026-03-02T01:01:19+0800", "level": "ERROR", "logger": "etl_logger", "message": "POST failed after 3 attempts (VFSC2 2026-02-26)", "service": "cc_reconcile", "stage": "download_davinci", "status": "ok"}
{"timestamp": "2026-03-02T01:01:19+0800", "level": "WARNING", "logger": "etl_logger", "message": "POST failed (VFSC2 2026-02-27) attempt 1: 502 Server Error: Bad Gateway for url: https://report.vantagemarkets.com/api/cc-detail/download, took 0.2s", "service": "cc_reconcile", "stage": "download_davinci", "status": "ok"}
{"timestamp": "2026-03-02T01:01:24+0800", "level": "WARNING", "logger": "etl_logger", "message": "POST failed (VFSC2 2026-02-27) attempt 2: 500 Server Error: Internal Server Error for url: https://report.vantagemarkets.com/api/cc-detail/download, took 0.2s", "service": "cc_reconcile", "stage": "download_davinci", "status": "ok"}
{"timestamp": "2026-03-02T01:01:29+0800", "level": "WARNING", "logger": "etl_logger", "message": "POST failed (VFSC2 2026-02-27) attempt 3: 502 Server Error: Bad Gateway for url: https://report.vantagemarkets.com/api/cc-detail/download, took 0.2s", "service": "cc_reconcile", "stage": "download_davinci", "status": "ok"}
{"timestamp": "2026-03-02T01:01:29+0800", "level": "ERROR", "logger": "etl_logger", "message": "POST failed after 3 attempts (VFSC2 2026-02-27)", "service": "cc_reconcile", "stage": "download_davinci", "status": "ok"}
{"timestamp": "2026-03-02T01:01:29+0800", "level": "WARNING", "logger": "etl_logger", "message": "POST failed (VFSC2 2026-02-28) attempt 1: 500 Server Error: Internal Server Error for url: https://report.vantagemarkets.com/api/cc-detail/download, took 0.2s", "service": "cc_reconcile", "stage": "download_davinci", "status": "ok"}
{"timestamp": "2026-03-02T01:01:35+0800", "level": "WARNING", "logger": "etl_logger", "message": "POST failed (VFSC2 2026-02-28) attempt 2: 500 Server Error: Internal Server Error for url: https://report.vantagemarkets.com/api/cc-detail/download, took 0.2s", "service": "cc_reconcile", "stage": "download_davinci", "status": "ok"}
{"timestamp": "2026-03-02T01:01:40+0800", "level": "WARNING", "logger": "etl_logger", "message": "POST failed (VFSC2 2026-02-28) attempt 3: 500 Server Error: Internal Server Error for url: https://report.vantagemarkets.com/api/cc-detail/download, took 0.2s", "service": "cc_reconcile", "stage": "download_davinci", "status": "ok"}
{"timestamp": "2026-03-02T01:01:40+0800", "level": "ERROR", "logger": "etl_logger", "message": "POST failed after 3 attempts (VFSC2 2026-02-28)", "service": "cc_reconcile", "stage": "download_davinci", "status": "ok"}
{"timestamp": "2026-03-02T01:01:40+0800", "level": "WARNING", "logger": "etl_logger", "message": "POST failed (VFSC2 2026-03-01) attempt 1: 500 Server Error: Internal Server Error for url: https://report.vantagemarkets.com/api/cc-detail/download, took 0.2s", "service": "cc_reconcile", "stage": "download_davinci", "status": "ok"}
{"timestamp": "2026-03-02T01:01:45+0800", "level": "WARNING", "logger": "etl_logger", "message": "POST failed (VFSC2 2026-03-01) attempt 2: 502 Server Error: Bad Gateway for url: https://report.vantagemarkets.com/api/cc-detail/download, took 0.2s", "service": "cc_reconcile", "stage": "download_davinci", "status": "ok"}
{"timestamp": "2026-03-02T01:01:51+0800", "level": "WARNING", "logger": "etl_logger", "message": "POST failed (VFSC2 2026-03-01) attempt 3: 500 Server Error: Internal Server Error for url: https://report.vantagemarkets.com/api/cc-detail/download, took 0.2s", "service": "cc_reconcile", "stage": "download_davinci", "status": "ok"}
{"timestamp": "2026-03-02T01:01:51+0800", "level": "ERROR", "logger": "etl_logger", "message": "POST failed after 3 attempts (VFSC2 2026-03-01)", "service": "cc_reconcile", "stage": "download_davinci", "status": "ok"}
{"timestamp": "2026-03-02T01:01:51+0800", "level": "INFO", "logger": "etl_logger", "message": "Finish downloading Davinci CC - VFSC2 Report", "service": "cc_reconcile", "stage": "download_davinci", "status": "ok"}
{"timestamp": "2026-03-02T01:01:51+0800", "level": "WARNING", "logger": "etl_logger", "message": "No data downloaded for any brand.", "service": "cc_reconcile", "stage": "download_davinci", "status": "ok"}
Traceback (most recent call last):
  File "/app/main.py", line 72, in <module>
    main()
  File "/app/main.py", line 25, in main
    logger.info(f"Download CRM CC Report Finish ，Total: {len(crm_cc)}")
TypeError: object of type 'NoneType' has no len()
{"timestamp": "2026-03-02T02:00:01+0800", "level": "INFO", "logger": "etl_logger", "message": "Start download reports...", "service": "cc_reconcile", "stage": "download", "status": "ok"}
{"timestamp": "2026-03-02T02:00:04+0800", "level": "INFO", "logger": "etl_logger", "message": "Payabl Login Success and Get Token Success", "service": "cc_reconcile", "stage": "download_payabl", "status": "ok"}
{"timestamp": "2026-03-02T02:00:04+0800", "level": "INFO", "logger": "etl_logger", "message": "Start downloading Payabl CC Report for date: 2026-03-01...", "service": "cc_reconcile", "stage": "download_payabl", "status": "ok"}
{"timestamp": "2026-03-02T02:00:18+0800", "level": "INFO", "logger": "etl_logger", "message": "Start downloading Payabl CC Report for date: 2026-03-02...", "service": "cc_reconcile", "stage": "download_payabl", "status": "ok"}
{"timestamp": "2026-03-02T02:00:23+0800", "level": "INFO", "logger": "etl_logger", "message": "Finish downloading Payabl CC Report", "service": "cc_reconcile", "stage": "download_payabl", "status": "ok"}
{"timestamp": "2026-03-02T02:00:23+0800", "level": "INFO", "logger": "etl_logger", "message": "Download Payabl CC Report Finish ，Total: 19344", "service": "cc_reconcile", "stage": "download", "status": "ok"}
{"timestamp": "2026-03-02T02:00:23+0800", "level": "INFO", "logger": "etl_logger", "message": "Login attempt 1/5", "service": "cc_reconcile", "stage": "download_davinci", "status": "ok"}
{"timestamp": "2026-03-02T02:00:24+0800", "level": "INFO", "logger": "etl_logger", "message": "Login response status=200, url=https://admin.vantagemarkets.com/admin/main, cookies=4", "service": "cc_reconcile", "stage": "download_davinci", "status": "ok"}
{"timestamp": "2026-03-02T02:00:24+0800", "level": "INFO", "logger": "etl_logger", "message": "Login successful", "service": "cc_reconcile", "stage": "download_davinci", "status": "ok"}
{"timestamp": "2026-03-02T02:00:25+0800", "level": "INFO", "logger": "etl_logger", "message": "Token obtained successfully", "service": "cc_reconcile", "stage": "download_davinci", "status": "ok"}
{"timestamp": "2026-03-02T02:00:25+0800", "level": "INFO", "logger": "etl_logger", "message": "Start downloading Davinci CC Report for brand: VFSC...", "service": "cc_reconcile", "stage": "download_davinci", "status": "ok"}
{"timestamp": "2026-03-02T02:00:25+0800", "level": "WARNING", "logger": "etl_logger", "message": "POST failed (VFSC 2026-02-26) attempt 1: 500 Server Error: Internal Server Error for url: https://report.vantagemarkets.com/api/cc-detail/download, took 0.3s", "service": "cc_reconcile", "stage": "download_davinci", "status": "ok"}
{"timestamp": "2026-03-02T02:00:30+0800", "level": "WARNING", "logger": "etl_logger", "message": "POST failed (VFSC 2026-02-26) attempt 2: 500 Server Error: Internal Server Error for url: https://report.vantagemarkets.com/api/cc-detail/download, took 0.2s", "service": "cc_reconcile", "stage": "download_davinci", "status": "ok"}
{"timestamp": "2026-03-02T02:00:35+0800", "level": "WARNING", "logger": "etl_logger", "message": "POST failed (VFSC 2026-02-26) attempt 3: 500 Server Error: Internal Server Error for url: https://report.vantagemarkets.com/api/cc-detail/download, took 0.2s", "service": "cc_reconcile", "stage": "download_davinci", "status": "ok"}
{"timestamp": "2026-03-02T02:00:35+0800", "level": "ERROR", "logger": "etl_logger", "message": "POST failed after 3 attempts (VFSC 2026-02-26)", "service": "cc_reconcile", "stage": "download_davinci", "status": "ok"}
{"timestamp": "2026-03-02T02:00:36+0800", "level": "WARNING", "logger": "etl_logger", "message": "POST failed (VFSC 2026-02-27) attempt 1: 500 Server Error: Internal Server Error for url: https://report.vantagemarkets.com/api/cc-detail/download, took 0.2s", "service": "cc_reconcile", "stage": "download_davinci", "status": "ok"}
{"timestamp": "2026-03-02T02:00:41+0800", "level": "WARNING", "logger": "etl_logger", "message": "POST failed (VFSC 2026-02-27) attempt 2: 500 Server Error: Internal Server Error for url: https://report.vantagemarkets.com/api/cc-detail/download, took 0.2s", "service": "cc_reconcile", "stage": "download_davinci", "status": "ok"}
{"timestamp": "2026-03-02T02:00:46+0800", "level": "WARNING", "logger": "etl_logger", "message": "POST failed (VFSC 2026-02-27) attempt 3: 502 Server Error: Bad Gateway for url: https://report.vantagemarkets.com/api/cc-detail/download, took 0.2s", "service": "cc_reconcile", "stage": "download_davinci", "status": "ok"}
{"timestamp": "2026-03-02T02:00:46+0800", "level": "ERROR", "logger": "etl_logger", "message": "POST failed after 3 attempts (VFSC 2026-02-27)", "service": "cc_reconcile", "stage": "download_davinci", "status": "ok"}
{"timestamp": "2026-03-02T02:00:46+0800", "level": "WARNING", "logger": "etl_logger", "message": "POST failed (VFSC 2026-02-28) attempt 1: 500 Server Error: Internal Server Error for url: https://report.vantagemarkets.com/api/cc-detail/download, took 0.2s", "service": "cc_reconcile", "stage": "download_davinci", "status": "ok"}
{"timestamp": "2026-03-02T02:00:52+0800", "level": "WARNING", "logger": "etl_logger", "message": "POST failed (VFSC 2026-02-28) attempt 2: 500 Server Error: Internal Server Error for url: https://report.vantagemarkets.com/api/cc-detail/download, took 0.2s", "service": "cc_reconcile", "stage": "download_davinci", "status": "ok"}
{"timestamp": "2026-03-02T02:00:57+0800", "level": "WARNING", "logger": "etl_logger", "message": "POST failed (VFSC 2026-02-28) attempt 3: 500 Server Error: Internal Server Error for url: https://report.vantagemarkets.com/api/cc-detail/download, took 0.2s", "service": "cc_reconcile", "stage": "download_davinci", "status": "ok"}
{"timestamp": "2026-03-02T02:00:57+0800", "level": "ERROR", "logger": "etl_logger", "message": "POST failed after 3 attempts (VFSC 2026-02-28)", "service": "cc_reconcile", "stage": "download_davinci", "status": "ok"}
{"timestamp": "2026-03-02T02:00:57+0800", "level": "WARNING", "logger": "etl_logger", "message": "POST failed (VFSC 2026-03-01) attempt 1: 500 Server Error: Internal Server Error for url: https://report.vantagemarkets.com/api/cc-detail/download, took 0.2s", "service": "cc_reconcile", "stage": "download_davinci", "status": "ok"}
{"timestamp": "2026-03-02T02:01:02+0800", "level": "WARNING", "logger": "etl_logger", "message": "POST failed (VFSC 2026-03-01) attempt 2: 500 Server Error: Internal Server Error for url: https://report.vantagemarkets.com/api/cc-detail/download, took 0.2s", "service": "cc_reconcile", "stage": "download_davinci", "status": "ok"}
{"timestamp": "2026-03-02T02:01:08+0800", "level": "WARNING", "logger": "etl_logger", "message": "POST failed (VFSC 2026-03-01) attempt 3: 500 Server Error: Internal Server Error for url: https://report.vantagemarkets.com/api/cc-detail/download, took 0.3s", "service": "cc_reconcile", "stage": "download_davinci", "status": "ok"}
{"timestamp": "2026-03-02T02:01:08+0800", "level": "ERROR", "logger": "etl_logger", "message": "POST failed after 3 attempts (VFSC 2026-03-01)", "service": "cc_reconcile", "stage": "download_davinci", "status": "ok"}
{"timestamp": "2026-03-02T02:01:08+0800", "level": "INFO", "logger": "etl_logger", "message": "Finish downloading Davinci CC - VFSC Report", "service": "cc_reconcile", "stage": "download_davinci", "status": "ok"}
{"timestamp": "2026-03-02T02:01:08+0800", "level": "INFO", "logger": "etl_logger", "message": "Start downloading Davinci CC Report for brand: VFSC2...", "service": "cc_reconcile", "stage": "download_davinci", "status": "ok"}
{"timestamp": "2026-03-02T02:01:08+0800", "level": "WARNING", "logger": "etl_logger", "message": "POST failed (VFSC2 2026-02-26) attempt 1: 500 Server Error: Internal Server Error for url: https://report.vantagemarkets.com/api/cc-detail/download, took 0.2s", "service": "cc_reconcile", "stage": "download_davinci", "status": "ok"}
{"timestamp": "2026-03-02T02:01:13+0800", "level": "WARNING", "logger": "etl_logger", "message": "POST failed (VFSC2 2026-02-26) attempt 2: 500 Server Error: Internal Server Error for url: https://report.vantagemarkets.com/api/cc-detail/download, took 0.3s", "service": "cc_reconcile", "stage": "download_davinci", "status": "ok"}
{"timestamp": "2026-03-02T02:01:18+0800", "level": "WARNING", "logger": "etl_logger", "message": "POST failed (VFSC2 2026-02-26) attempt 3: 500 Server Error: Internal Server Error for url: https://report.vantagemarkets.com/api/cc-detail/download, took 0.2s", "service": "cc_reconcile", "stage": "download_davinci", "status": "ok"}
{"timestamp": "2026-03-02T02:01:18+0800", "level": "ERROR", "logger": "etl_logger", "message": "POST failed after 3 attempts (VFSC2 2026-02-26)", "service": "cc_reconcile", "stage": "download_davinci", "status": "ok"}
{"timestamp": "2026-03-02T02:01:18+0800", "level": "WARNING", "logger": "etl_logger", "message": "POST failed (VFSC2 2026-02-27) attempt 1: 500 Server Error: Internal Server Error for url: https://report.vantagemarkets.com/api/cc-detail/download, took 0.2s", "service": "cc_reconcile", "stage": "download_davinci", "status": "ok"}
{"timestamp": "2026-03-02T02:01:24+0800", "level": "WARNING", "logger": "etl_logger", "message": "POST failed (VFSC2 2026-02-27) attempt 2: 500 Server Error: Internal Server Error for url: https://report.vantagemarkets.com/api/cc-detail/download, took 0.2s", "service": "cc_reconcile", "stage": "download_davinci", "status": "ok"}
{"timestamp": "2026-03-02T02:01:29+0800", "level": "WARNING", "logger": "etl_logger", "message": "POST failed (VFSC2 2026-02-27) attempt 3: 500 Server Error: Internal Server Error for url: https://report.vantagemarkets.com/api/cc-detail/download, took 0.2s", "service": "cc_reconcile", "stage": "download_davinci", "status": "ok"}
{"timestamp": "2026-03-02T02:01:29+0800", "level": "ERROR", "logger": "etl_logger", "message": "POST failed after 3 attempts (VFSC2 2026-02-27)", "service": "cc_reconcile", "stage": "download_davinci", "status": "ok"}
{"timestamp": "2026-03-02T02:01:29+0800", "level": "WARNING", "logger": "etl_logger", "message": "POST failed (VFSC2 2026-02-28) attempt 1: 500 Server Error: Internal Server Error for url: https://report.vantagemarkets.com/api/cc-detail/download, took 0.2s", "service": "cc_reconcile", "stage": "download_davinci", "status": "ok"}
{"timestamp": "2026-03-02T02:01:34+0800", "level": "WARNING", "logger": "etl_logger", "message": "POST failed (VFSC2 2026-02-28) attempt 2: 500 Server Error: Internal Server Error for url: https://report.vantagemarkets.com/api/cc-detail/download, took 0.2s", "service": "cc_reconcile", "stage": "download_davinci", "status": "ok"}
{"timestamp": "2026-03-02T02:01:40+0800", "level": "WARNING", "logger": "etl_logger", "message": "POST failed (VFSC2 2026-02-28) attempt 3: 500 Server Error: Internal Server Error for url: https://report.vantagemarkets.com/api/cc-detail/download, took 0.2s", "service": "cc_reconcile", "stage": "download_davinci", "status": "ok"}
{"timestamp": "2026-03-02T02:01:40+0800", "level": "ERROR", "logger": "etl_logger", "message": "POST failed after 3 attempts (VFSC2 2026-02-28)", "service": "cc_reconcile", "stage": "download_davinci", "status": "ok"}
{"timestamp": "2026-03-02T02:01:40+0800", "level": "WARNING", "logger": "etl_logger", "message": "POST failed (VFSC2 2026-03-01) attempt 1: 500 Server Error: Internal Server Error for url: https://report.vantagemarkets.com/api/cc-detail/download, took 0.2s", "service": "cc_reconcile", "stage": "download_davinci", "status": "ok"}
{"timestamp": "2026-03-02T02:01:45+0800", "level": "WARNING", "logger": "etl_logger", "message": "POST failed (VFSC2 2026-03-01) attempt 2: 500 Server Error: Internal Server Error for url: https://report.vantagemarkets.com/api/cc-detail/download, took 0.2s", "service": "cc_reconcile", "stage": "download_davinci", "status": "ok"}
{"timestamp": "2026-03-02T02:01:50+0800", "level": "WARNING", "logger": "etl_logger", "message": "POST failed (VFSC2 2026-03-01) attempt 3: 500 Server Error: Internal Server Error for url: https://report.vantagemarkets.com/api/cc-detail/download, took 0.2s", "service": "cc_reconcile", "stage": "download_davinci", "status": "ok"}
{"timestamp": "2026-03-02T02:01:50+0800", "level": "ERROR", "logger": "etl_logger", "message": "POST failed after 3 attempts (VFSC2 2026-03-01)", "service": "cc_reconcile", "stage": "download_davinci", "status": "ok"}
{"timestamp": "2026-03-02T02:01:50+0800", "level": "INFO", "logger": "etl_logger", "message": "Finish downloading Davinci CC - VFSC2 Report", "service": "cc_reconcile", "stage": "download_davinci", "status": "ok"}
{"timestamp": "2026-03-02T02:01:50+0800", "level": "WARNING", "logger": "etl_logger", "message": "No data downloaded for any brand.", "service": "cc_reconcile", "stage": "download_davinci", "status": "ok"}
Traceback (most recent call last):
  File "/app/main.py", line 72, in <module>
    main()
  File "/app/main.py", line 25, in main
    logger.info(f"Download CRM CC Report Finish ，Total: {len(crm_cc)}")
TypeError: object of type 'NoneType' has no len()
{"timestamp": "2026-03-02T03:00:01+0800", "level": "INFO", "logger": "etl_logger", "message": "Start download reports...", "service": "cc_reconcile", "stage": "download", "status": "ok"}
{"timestamp": "2026-03-02T03:00:04+0800", "level": "INFO", "logger": "etl_logger", "message": "Payabl Login Success and Get Token Success", "service": "cc_reconcile", "stage": "download_payabl", "status": "ok"}
{"timestamp": "2026-03-02T03:00:04+0800", "level": "INFO", "logger": "etl_logger", "message": "Start downloading Payabl CC Report for date: 2026-03-01...", "service": "cc_reconcile", "stage": "download_payabl", "status": "ok"}
{"timestamp": "2026-03-02T03:00:18+0800", "level": "INFO", "logger": "etl_logger", "message": "Start downloading Payabl CC Report for date: 2026-03-02...", "service": "cc_reconcile", "stage": "download_payabl", "status": "ok"}
{"timestamp": "2026-03-02T03:00:24+0800", "level": "INFO", "logger": "etl_logger", "message": "Finish downloading Payabl CC Report", "service": "cc_reconcile", "stage": "download_payabl", "status": "ok"}
{"timestamp": "2026-03-02T03:00:24+0800", "level": "INFO", "logger": "etl_logger", "message": "Download Payabl CC Report Finish ，Total: 21631", "service": "cc_reconcile", "stage": "download", "status": "ok"}
{"timestamp": "2026-03-02T03:00:24+0800", "level": "INFO", "logger": "etl_logger", "message": "Login attempt 1/5", "service": "cc_reconcile", "stage": "download_davinci", "status": "ok"}
{"timestamp": "2026-03-02T03:00:25+0800", "level": "INFO", "logger": "etl_logger", "message": "Login response status=200, url=https://admin.vantagemarkets.com/admin/main, cookies=4", "service": "cc_reconcile", "stage": "download_davinci", "status": "ok"}
{"timestamp": "2026-03-02T03:00:25+0800", "level": "INFO", "logger": "etl_logger", "message": "Login successful", "service": "cc_reconcile", "stage": "download_davinci", "status": "ok"}
{"timestamp": "2026-03-02T03:00:26+0800", "level": "INFO", "logger": "etl_logger", "message": "Token obtained successfully", "service": "cc_reconcile", "stage": "download_davinci", "status": "ok"}
{"timestamp": "2026-03-02T03:00:26+0800", "level": "INFO", "logger": "etl_logger", "message": "Start downloading Davinci CC Report for brand: VFSC...", "service": "cc_reconcile", "stage": "download_davinci", "status": "ok"}
{"timestamp": "2026-03-02T03:00:26+0800", "level": "WARNING", "logger": "etl_logger", "message": "POST failed (VFSC 2026-02-26) attempt 1: 500 Server Error: Internal Server Error for url: https://report.vantagemarkets.com/api/cc-detail/download, took 0.3s", "service": "cc_reconcile", "stage": "download_davinci", "status": "ok"}
{"timestamp": "2026-03-02T03:00:31+0800", "level": "WARNING", "logger": "etl_logger", "message": "POST failed (VFSC 2026-02-26) attempt 2: 500 Server Error: Internal Server Error for url: https://report.vantagemarkets.com/api/cc-detail/download, took 0.2s", "service": "cc_reconcile", "stage": "download_davinci", "status": "ok"}
{"timestamp": "2026-03-02T03:00:36+0800", "level": "WARNING", "logger": "etl_logger", "message": "POST failed (VFSC 2026-02-26) attempt 3: 502 Server Error: Bad Gateway for url: https://report.vantagemarkets.com/api/cc-detail/download, took 0.2s", "service": "cc_reconcile", "stage": "download_davinci", "status": "ok"}
{"timestamp": "2026-03-02T03:00:36+0800", "level": "ERROR", "logger": "etl_logger", "message": "POST failed after 3 attempts (VFSC 2026-02-26)", "service": "cc_reconcile", "stage": "download_davinci", "status": "ok"}
{"timestamp": "2026-03-02T03:00:36+0800", "level": "WARNING", "logger": "etl_logger", "message": "POST failed (VFSC 2026-02-27) attempt 1: 500 Server Error: Internal Server Error for url: https://report.vantagemarkets.com/api/cc-detail/download, took 0.2s", "service": "cc_reconcile", "stage": "download_davinci", "status": "ok"}
{"timestamp": "2026-03-02T03:00:42+0800", "level": "WARNING", "logger": "etl_logger", "message": "POST failed (VFSC 2026-02-27) attempt 2: 502 Server Error: Bad Gateway for url: https://report.vantagemarkets.com/api/cc-detail/download, took 0.2s", "service": "cc_reconcile", "stage": "download_davinci", "status": "ok"}
{"timestamp": "2026-03-02T03:00:47+0800", "level": "WARNING", "logger": "etl_logger", "message": "POST failed (VFSC 2026-02-27) attempt 3: 500 Server Error: Internal Server Error for url: https://report.vantagemarkets.com/api/cc-detail/download, took 0.2s", "service": "cc_reconcile", "stage": "download_davinci", "status": "ok"}
{"timestamp": "2026-03-02T03:00:47+0800", "level": "ERROR", "logger": "etl_logger", "message": "POST failed after 3 attempts (VFSC 2026-02-27)", "service": "cc_reconcile", "stage": "download_davinci", "status": "ok"}
{"timestamp": "2026-03-02T03:00:47+0800", "level": "WARNING", "logger": "etl_logger", "message": "POST failed (VFSC 2026-02-28) attempt 1: 502 Server Error: Bad Gateway for url: https://report.vantagemarkets.com/api/cc-detail/download, took 0.2s", "service": "cc_reconcile", "stage": "download_davinci", "status": "ok"}
{"timestamp": "2026-03-02T03:00:52+0800", "level": "WARNING", "logger": "etl_logger", "message": "POST failed (VFSC 2026-02-28) attempt 2: 502 Server Error: Bad Gateway for url: https://report.vantagemarkets.com/api/cc-detail/download, took 0.2s", "service": "cc_reconcile", "stage": "download_davinci", "status": "ok"}
{"timestamp": "2026-03-02T03:00:58+0800", "level": "WARNING", "logger": "etl_logger", "message": "POST failed (VFSC 2026-02-28) attempt 3: 500 Server Error: Internal Server Error for url: https://report.vantagemarkets.com/api/cc-detail/download, took 0.2s", "service": "cc_reconcile", "stage": "download_davinci", "status": "ok"}
{"timestamp": "2026-03-02T03:00:58+0800", "level": "ERROR", "logger": "etl_logger", "message": "POST failed after 3 attempts (VFSC 2026-02-28)", "service": "cc_reconcile", "stage": "download_davinci", "status": "ok"}
{"timestamp": "2026-03-02T03:00:58+0800", "level": "WARNING", "logger": "etl_logger", "message": "POST failed (VFSC 2026-03-01) attempt 1: 500 Server Error: Internal Server Error for url: https://report.vantagemarkets.com/api/cc-detail/download, took 0.2s", "service": "cc_reconcile", "stage": "download_davinci", "status": "ok"}
{"timestamp": "2026-03-02T03:01:03+0800", "level": "WARNING", "logger": "etl_logger", "message": "POST failed (VFSC 2026-03-01) attempt 2: 500 Server Error: Internal Server Error for url: https://report.vantagemarkets.com/api/cc-detail/download, took 0.2s", "service": "cc_reconcile", "stage": "download_davinci", "status": "ok"}
{"timestamp": "2026-03-02T03:01:08+0800", "level": "WARNING", "logger": "etl_logger", "message": "POST failed (VFSC 2026-03-01) attempt 3: 500 Server Error: Internal Server Error for url: https://report.vantagemarkets.com/api/cc-detail/download, took 0.2s", "service": "cc_reconcile", "stage": "download_davinci", "status": "ok"}
{"timestamp": "2026-03-02T03:01:08+0800", "level": "ERROR", "logger": "etl_logger", "message": "POST failed after 3 attempts (VFSC 2026-03-01)", "service": "cc_reconcile", "stage": "download_davinci", "status": "ok"}
{"timestamp": "2026-03-02T03:01:08+0800", "level": "INFO", "logger": "etl_logger", "message": "Finish downloading Davinci CC - VFSC Report", "service": "cc_reconcile", "stage": "download_davinci", "status": "ok"}
{"timestamp": "2026-03-02T03:01:08+0800", "level": "INFO", "logger": "etl_logger", "message": "Start downloading Davinci CC Report for brand: VFSC2...", "service": "cc_reconcile", "stage": "download_davinci", "status": "ok"}
{"timestamp": "2026-03-02T03:01:08+0800", "level": "WARNING", "logger": "etl_logger", "message": "POST failed (VFSC2 2026-02-26) attempt 1: 502 Server Error: Bad Gateway for url: https://report.vantagemarkets.com/api/cc-detail/download, took 0.2s", "service": "cc_reconcile", "stage": "download_davinci", "status": "ok"}
{"timestamp": "2026-03-02T03:01:14+0800", "level": "WARNING", "logger": "etl_logger", "message": "POST failed (VFSC2 2026-02-26) attempt 2: 500 Server Error: Internal Server Error for url: https://report.vantagemarkets.com/api/cc-detail/download, took 0.2s", "service": "cc_reconcile", "stage": "download_davinci", "status": "ok"}
{"timestamp": "2026-03-02T03:01:19+0800", "level": "WARNING", "logger": "etl_logger", "message": "POST failed (VFSC2 2026-02-26) attempt 3: 500 Server Error: Internal Server Error for url: https://report.vantagemarkets.com/api/cc-detail/download, took 0.2s", "service": "cc_reconcile", "stage": "download_davinci", "status": "ok"}
{"timestamp": "2026-03-02T03:01:19+0800", "level": "ERROR", "logger": "etl_logger", "message": "POST failed after 3 attempts (VFSC2 2026-02-26)", "service": "cc_reconcile", "stage": "download_davinci", "status": "ok"}
{"timestamp": "2026-03-02T03:01:19+0800", "level": "WARNING", "logger": "etl_logger", "message": "POST failed (VFSC2 2026-02-27) attempt 1: 500 Server Error: Internal Server Error for url: https://report.vantagemarkets.com/api/cc-detail/download, took 0.2s", "service": "cc_reconcile", "stage": "download_davinci", "status": "ok"}
{"timestamp": "2026-03-02T03:01:24+0800", "level": "WARNING", "logger": "etl_logger", "message": "POST failed (VFSC2 2026-02-27) attempt 2: 500 Server Error: Internal Server Error for url: https://report.vantagemarkets.com/api/cc-detail/download, took 0.2s", "service": "cc_reconcile", "stage": "download_davinci", "status": "ok"}
{"timestamp": "2026-03-02T03:01:30+0800", "level": "WARNING", "logger": "etl_logger", "message": "POST failed (VFSC2 2026-02-27) attempt 3: 500 Server Error: Internal Server Error for url: https://report.vantagemarkets.com/api/cc-detail/download, took 0.2s", "service": "cc_reconcile", "stage": "download_davinci", "status": "ok"}
{"timestamp": "2026-03-02T03:01:30+0800", "level": "ERROR", "logger": "etl_logger", "message": "POST failed after 3 attempts (VFSC2 2026-02-27)", "service": "cc_reconcile", "stage": "download_davinci", "status": "ok"}
{"timestamp": "2026-03-02T03:01:30+0800", "level": "WARNING", "logger": "etl_logger", "message": "POST failed (VFSC2 2026-02-28) attempt 1: 500 Server Error: Internal Server Error for url: https://report.vantagemarkets.com/api/cc-detail/download, took 0.2s", "service": "cc_reconcile", "stage": "download_davinci", "status": "ok"}
{"timestamp": "2026-03-02T03:01:35+0800", "level": "WARNING", "logger": "etl_logger", "message": "POST failed (VFSC2 2026-02-28) attempt 2: 502 Server Error: Bad Gateway for url: https://report.vantagemarkets.com/api/cc-detail/download, took 0.2s", "service": "cc_reconcile", "stage": "download_davinci", "status": "ok"}
{"timestamp": "2026-03-02T03:01:40+0800", "level": "WARNING", "logger": "etl_logger", "message": "POST failed (VFSC2 2026-02-28) attempt 3: 500 Server Error: Internal Server Error for url: https://report.vantagemarkets.com/api/cc-detail/download, took 0.2s", "service": "cc_reconcile", "stage": "download_davinci", "status": "ok"}
{"timestamp": "2026-03-02T03:01:40+0800", "level": "ERROR", "logger": "etl_logger", "message": "POST failed after 3 attempts (VFSC2 2026-02-28)", "service": "cc_reconcile", "stage": "download_davinci", "status": "ok"}
{"timestamp": "2026-03-02T03:01:40+0800", "level": "WARNING", "logger": "etl_logger", "message": "POST failed (VFSC2 2026-03-01) attempt 1: 500 Server Error: Internal Server Error for url: https://report.vantagemarkets.com/api/cc-detail/download, took 0.2s", "service": "cc_reconcile", "stage": "download_davinci", "status": "ok"}
{"timestamp": "2026-03-02T03:01:46+0800", "level": "WARNING", "logger": "etl_logger", "message": "POST failed (VFSC2 2026-03-01) attempt 2: 500 Server Error: Internal Server Error for url: https://report.vantagemarkets.com/api/cc-detail/download, took 0.2s", "service": "cc_reconcile", "stage": "download_davinci", "status": "ok"}
{"timestamp": "2026-03-02T03:01:51+0800", "level": "WARNING", "logger": "etl_logger", "message": "POST failed (VFSC2 2026-03-01) attempt 3: 500 Server Error: Internal Server Error for url: https://report.vantagemarkets.com/api/cc-detail/download, took 0.2s", "service": "cc_reconcile", "stage": "download_davinci", "status": "ok"}
{"timestamp": "2026-03-02T03:01:51+0800", "level": "ERROR", "logger": "etl_logger", "message": "POST failed after 3 attempts (VFSC2 2026-03-01)", "service": "cc_reconcile", "stage": "download_davinci", "status": "ok"}
{"timestamp": "2026-03-02T03:01:51+0800", "level": "INFO", "logger": "etl_logger", "message": "Finish downloading Davinci CC - VFSC2 Report", "service": "cc_reconcile", "stage": "download_davinci", "status": "ok"}
{"timestamp": "2026-03-02T03:01:51+0800", "level": "WARNING", "logger": "etl_logger", "message": "No data downloaded for any brand.", "service": "cc_reconcile", "stage": "download_davinci", "status": "ok"}
Traceback (most recent call last):
  File "/app/main.py", line 72, in <module>
    main()
  File "/app/main.py", line 25, in main
    logger.info(f"Download CRM CC Report Finish ，Total: {len(crm_cc)}")
TypeError: object of type 'NoneType' has no len()
{"timestamp": "2026-03-02T04:00:01+0800", "level": "INFO", "logger": "etl_logger", "message": "Start download reports...", "service": "cc_reconcile", "stage": "download", "status": "ok"}
{"timestamp": "2026-03-02T04:00:05+0800", "level": "INFO", "logger": "etl_logger", "message": "Payabl Login Success and Get Token Success", "service": "cc_reconcile", "stage": "download_payabl", "status": "ok"}
{"timestamp": "2026-03-02T04:00:05+0800", "level": "INFO", "logger": "etl_logger", "message": "Start downloading Payabl CC Report for date: 2026-03-01...", "service": "cc_reconcile", "stage": "download_payabl", "status": "ok"}
{"timestamp": "2026-03-02T04:00:20+0800", "level": "INFO", "logger": "etl_logger", "message": "Start downloading Payabl CC Report for date: 2026-03-02...", "service": "cc_reconcile", "stage": "download_payabl", "status": "ok"}
{"timestamp": "2026-03-02T04:00:27+0800", "level": "INFO", "logger": "etl_logger", "message": "Finish downloading Payabl CC Report", "service": "cc_reconcile", "stage": "download_payabl", "status": "ok"}
{"timestamp": "2026-03-02T04:00:27+0800", "level": "INFO", "logger": "etl_logger", "message": "Download Payabl CC Report Finish ，Total: 24250", "service": "cc_reconcile", "stage": "download", "status": "ok"}
{"timestamp": "2026-03-02T04:00:27+0800", "level": "INFO", "logger": "etl_logger", "message": "Login attempt 1/5", "service": "cc_reconcile", "stage": "download_davinci", "status": "ok"}
{"timestamp": "2026-03-02T04:00:28+0800", "level": "INFO", "logger": "etl_logger", "message": "Login response status=200, url=https://admin.vantagemarkets.com/admin/main, cookies=4", "service": "cc_reconcile", "stage": "download_davinci", "status": "ok"}
{"timestamp": "2026-03-02T04:00:28+0800", "level": "INFO", "logger": "etl_logger", "message": "Login successful", "service": "cc_reconcile", "stage": "download_davinci", "status": "ok"}
{"timestamp": "2026-03-02T04:00:28+0800", "level": "INFO", "logger": "etl_logger", "message": "Token obtained successfully", "service": "cc_reconcile", "stage": "download_davinci", "status": "ok"}
{"timestamp": "2026-03-02T04:00:28+0800", "level": "INFO", "logger": "etl_logger", "message": "Start downloading Davinci CC Report for brand: VFSC...", "service": "cc_reconcile", "stage": "download_davinci", "status": "ok"}
{"timestamp": "2026-03-02T04:00:28+0800", "level": "WARNING", "logger": "etl_logger", "message": "POST failed (VFSC 2026-02-26) attempt 1: 500 Server Error: Internal Server Error for url: https://report.vantagemarkets.com/api/cc-detail/download, took 0.2s", "service": "cc_reconcile", "stage": "download_davinci", "status": "ok"}
{"timestamp": "2026-03-02T04:00:33+0800", "level": "WARNING", "logger": "etl_logger", "message": "POST failed (VFSC 2026-02-26) attempt 2: 500 Server Error: Internal Server Error for url: https://report.vantagemarkets.com/api/cc-detail/download, took 0.2s", "service": "cc_reconcile", "stage": "download_davinci", "status": "ok"}
{"timestamp": "2026-03-02T04:00:39+0800", "level": "WARNING", "logger": "etl_logger", "message": "POST failed (VFSC 2026-02-26) attempt 3: 500 Server Error: Internal Server Error for url: https://report.vantagemarkets.com/api/cc-detail/download, took 0.2s", "service": "cc_reconcile", "stage": "download_davinci", "status": "ok"}
{"timestamp": "2026-03-02T04:00:39+0800", "level": "ERROR", "logger": "etl_logger", "message": "POST failed after 3 attempts (VFSC 2026-02-26)", "service": "cc_reconcile", "stage": "download_davinci", "status": "ok"}
{"timestamp": "2026-03-02T04:00:39+0800", "level": "WARNING", "logger": "etl_logger", "message": "POST failed (VFSC 2026-02-27) attempt 1: 500 Server Error: Internal Server Error for url: https://report.vantagemarkets.com/api/cc-detail/download, took 0.2s", "service": "cc_reconcile", "stage": "download_davinci", "status": "ok"}
{"timestamp": "2026-03-02T04:00:44+0800", "level": "WARNING", "logger": "etl_logger", "message": "POST failed (VFSC 2026-02-27) attempt 2: 500 Server Error: Internal Server Error for url: https://report.vantagemarkets.com/api/cc-detail/download, took 0.2s", "service": "cc_reconcile", "stage": "download_davinci", "status": "ok"}
{"timestamp": "2026-03-02T04:00:49+0800", "level": "WARNING", "logger": "etl_logger", "message": "POST failed (VFSC 2026-02-27) attempt 3: 500 Server Error: Internal Server Error for url: https://report.vantagemarkets.com/api/cc-detail/download, took 0.2s", "service": "cc_reconcile", "stage": "download_davinci", "status": "ok"}
{"timestamp": "2026-03-02T04:00:49+0800", "level": "ERROR", "logger": "etl_logger", "message": "POST failed after 3 attempts (VFSC 2026-02-27)", "service": "cc_reconcile", "stage": "download_davinci", "status": "ok"}
{"timestamp": "2026-03-02T04:00:50+0800", "level": "WARNING", "logger": "etl_logger", "message": "POST failed (VFSC 2026-02-28) attempt 1: 500 Server Error: Internal Server Error for url: https://report.vantagemarkets.com/api/cc-detail/download, took 0.2s", "service": "cc_reconcile", "stage": "download_davinci", "status": "ok"}
{"timestamp": "2026-03-02T04:00:55+0800", "level": "WARNING", "logger": "etl_logger", "message": "POST failed (VFSC 2026-02-28) attempt 2: 500 Server Error: Internal Server Error for url: https://report.vantagemarkets.com/api/cc-detail/download, took 0.2s", "service": "cc_reconcile", "stage": "download_davinci", "status": "ok"}
{"timestamp": "2026-03-02T04:01:00+0800", "level": "WARNING", "logger": "etl_logger", "message": "POST failed (VFSC 2026-02-28) attempt 3: 500 Server Error: Internal Server Error for url: https://report.vantagemarkets.com/api/cc-detail/download, took 0.2s", "service": "cc_reconcile", "stage": "download_davinci", "status": "ok"}
{"timestamp": "2026-03-02T04:01:00+0800", "level": "ERROR", "logger": "etl_logger", "message": "POST failed after 3 attempts (VFSC 2026-02-28)", "service": "cc_reconcile", "stage": "download_davinci", "status": "ok"}
{"timestamp": "2026-03-02T04:01:00+0800", "level": "WARNING", "logger": "etl_logger", "message": "POST failed (VFSC 2026-03-01) attempt 1: 500 Server Error: Internal Server Error for url: https://report.vantagemarkets.com/api/cc-detail/download, took 0.2s", "service": "cc_reconcile", "stage": "download_davinci", "status": "ok"}
{"timestamp": "2026-03-02T04:01:05+0800", "level": "WARNING", "logger": "etl_logger", "message": "POST failed (VFSC 2026-03-01) attempt 2: 500 Server Error: Internal Server Error for url: https://report.vantagemarkets.com/api/cc-detail/download, took 0.2s", "service": "cc_reconcile", "stage": "download_davinci", "status": "ok"}
{"timestamp": "2026-03-02T04:01:11+0800", "level": "WARNING", "logger": "etl_logger", "message": "POST failed (VFSC 2026-03-01) attempt 3: 502 Server Error: Bad Gateway for url: https://report.vantagemarkets.com/api/cc-detail/download, took 0.2s", "service": "cc_reconcile", "stage": "download_davinci", "status": "ok"}
{"timestamp": "2026-03-02T04:01:11+0800", "level": "ERROR", "logger": "etl_logger", "message": "POST failed after 3 attempts (VFSC 2026-03-01)", "service": "cc_reconcile", "stage": "download_davinci", "status": "ok"}
{"timestamp": "2026-03-02T04:01:11+0800", "level": "INFO", "logger": "etl_logger", "message": "Finish downloading Davinci CC - VFSC Report", "service": "cc_reconcile", "stage": "download_davinci", "status": "ok"}
{"timestamp": "2026-03-02T04:01:11+0800", "level": "INFO", "logger": "etl_logger", "message": "Start downloading Davinci CC Report for brand: VFSC2...", "service": "cc_reconcile", "stage": "download_davinci", "status": "ok"}
{"timestamp": "2026-03-02T04:01:11+0800", "level": "WARNING", "logger": "etl_logger", "message": "POST failed (VFSC2 2026-02-26) attempt 1: 500 Server Error: Internal Server Error for url: https://report.vantagemarkets.com/api/cc-detail/download, took 0.2s", "service": "cc_reconcile", "stage": "download_davinci", "status": "ok"}
{"timestamp": "2026-03-02T04:01:16+0800", "level": "WARNING", "logger": "etl_logger", "message": "POST failed (VFSC2 2026-02-26) attempt 2: 500 Server Error: Internal Server Error for url: https://report.vantagemarkets.com/api/cc-detail/download, took 0.2s", "service": "cc_reconcile", "stage": "download_davinci", "status": "ok"}
{"timestamp": "2026-03-02T04:01:21+0800", "level": "WARNING", "logger": "etl_logger", "message": "POST failed (VFSC2 2026-02-26) attempt 3: 500 Server Error: Internal Server Error for url: https://report.vantagemarkets.com/api/cc-detail/download, took 0.2s", "service": "cc_reconcile", "stage": "download_davinci", "status": "ok"}
{"timestamp": "2026-03-02T04:01:21+0800", "level": "ERROR", "logger": "etl_logger", "message": "POST failed after 3 attempts (VFSC2 2026-02-26)", "service": "cc_reconcile", "stage": "download_davinci", "status": "ok"}
{"timestamp": "2026-03-02T04:01:21+0800", "level": "WARNING", "logger": "etl_logger", "message": "POST failed (VFSC2 2026-02-27) attempt 1: 500 Server Error: Internal Server Error for url: https://report.vantagemarkets.com/api/cc-detail/download, took 0.2s", "service": "cc_reconcile", "stage": "download_davinci", "status": "ok"}
{"timestamp": "2026-03-02T04:01:27+0800", "level": "WARNING", "logger": "etl_logger", "message": "POST failed (VFSC2 2026-02-27) attempt 2: 500 Server Error: Internal Server Error for url: https://report.vantagemarkets.com/api/cc-detail/download, took 0.2s", "service": "cc_reconcile", "stage": "download_davinci", "status": "ok"}
{"timestamp": "2026-03-02T04:01:32+0800", "level": "WARNING", "logger": "etl_logger", "message": "POST failed (VFSC2 2026-02-27) attempt 3: 500 Server Error: Internal Server Error for url: https://report.vantagemarkets.com/api/cc-detail/download, took 0.2s", "service": "cc_reconcile", "stage": "download_davinci", "status": "ok"}
{"timestamp": "2026-03-02T04:01:32+0800", "level": "ERROR", "logger": "etl_logger", "message": "POST failed after 3 attempts (VFSC2 2026-02-27)", "service": "cc_reconcile", "stage": "download_davinci", "status": "ok"}
{"timestamp": "2026-03-02T04:01:32+0800", "level": "WARNING", "logger": "etl_logger", "message": "POST failed (VFSC2 2026-02-28) attempt 1: 502 Server Error: Bad Gateway for url: https://report.vantagemarkets.com/api/cc-detail/download, took 0.2s", "service": "cc_reconcile", "stage": "download_davinci", "status": "ok"}
{"timestamp": "2026-03-02T04:01:37+0800", "level": "WARNING", "logger": "etl_logger", "message": "POST failed (VFSC2 2026-02-28) attempt 2: 500 Server Error: Internal Server Error for url: https://report.vantagemarkets.com/api/cc-detail/download, took 0.2s", "service": "cc_reconcile", "stage": "download_davinci", "status": "ok"}
{"timestamp": "2026-03-02T04:01:43+0800", "level": "WARNING", "logger": "etl_logger", "message": "POST failed (VFSC2 2026-02-28) attempt 3: 500 Server Error: Internal Server Error for url: https://report.vantagemarkets.com/api/cc-detail/download, took 0.2s", "service": "cc_reconcile", "stage": "download_davinci", "status": "ok"}
{"timestamp": "2026-03-02T04:01:43+0800", "level": "ERROR", "logger": "etl_logger", "message": "POST failed after 3 attempts (VFSC2 2026-02-28)", "service": "cc_reconcile", "stage": "download_davinci", "status": "ok"}
{"timestamp": "2026-03-02T04:01:43+0800", "level": "WARNING", "logger": "etl_logger", "message": "POST failed (VFSC2 2026-03-01) attempt 1: 500 Server Error: Internal Server Error for url: https://report.vantagemarkets.com/api/cc-detail/download, took 0.2s", "service": "cc_reconcile", "stage": "download_davinci", "status": "ok"}
{"timestamp": "2026-03-02T04:01:48+0800", "level": "WARNING", "logger": "etl_logger", "message": "POST failed (VFSC2 2026-03-01) attempt 2: 500 Server Error: Internal Server Error for url: https://report.vantagemarkets.com/api/cc-detail/download, took 0.2s", "service": "cc_reconcile", "stage": "download_davinci", "status": "ok"}
{"timestamp": "2026-03-02T04:01:53+0800", "level": "WARNING", "logger": "etl_logger", "message": "POST failed (VFSC2 2026-03-01) attempt 3: 500 Server Error: Internal Server Error for url: https://report.vantagemarkets.com/api/cc-detail/download, took 0.2s", "service": "cc_reconcile", "stage": "download_davinci", "status": "ok"}
{"timestamp": "2026-03-02T04:01:53+0800", "level": "ERROR", "logger": "etl_logger", "message": "POST failed after 3 attempts (VFSC2 2026-03-01)", "service": "cc_reconcile", "stage": "download_davinci", "status": "ok"}
{"timestamp": "2026-03-02T04:01:53+0800", "level": "INFO", "logger": "etl_logger", "message": "Finish downloading Davinci CC - VFSC2 Report", "service": "cc_reconcile", "stage": "download_davinci", "status": "ok"}
{"timestamp": "2026-03-02T04:01:53+0800", "level": "WARNING", "logger": "etl_logger", "message": "No data downloaded for any brand.", "service": "cc_reconcile", "stage": "download_davinci", "status": "ok"}
Traceback (most recent call last):
  File "/app/main.py", line 72, in <module>
    main()
  File "/app/main.py", line 25, in main
    logger.info(f"Download CRM CC Report Finish ，Total: {len(crm_cc)}")
TypeError: object of type 'NoneType' has no len()
{"timestamp": "2026-03-02T05:00:01+0800", "level": "INFO", "logger": "etl_logger", "message": "Start download reports...", "service": "cc_reconcile", "stage": "download", "status": "ok"}
{"timestamp": "2026-03-02T05:00:05+0800", "level": "INFO", "logger": "etl_logger", "message": "Payabl Login Success and Get Token Success", "service": "cc_reconcile", "stage": "download_payabl", "status": "ok"}
{"timestamp": "2026-03-02T05:00:05+0800", "level": "INFO", "logger": "etl_logger", "message": "Start downloading Payabl CC Report for date: 2026-03-01...", "service": "cc_reconcile", "stage": "download_payabl", "status": "ok"}
{"timestamp": "2026-03-02T05:00:22+0800", "level": "INFO", "logger": "etl_logger", "message": "Start downloading Payabl CC Report for date: 2026-03-02...", "service": "cc_reconcile", "stage": "download_payabl", "status": "ok"}
{"timestamp": "2026-03-02T05:00:27+0800", "level": "INFO", "logger": "etl_logger", "message": "Finish downloading Payabl CC Report", "service": "cc_reconcile", "stage": "download_payabl", "status": "ok"}
{"timestamp": "2026-03-02T05:00:27+0800", "level": "INFO", "logger": "etl_logger", "message": "Download Payabl CC Report Finish ，Total: 27677", "service": "cc_reconcile", "stage": "download", "status": "ok"}
{"timestamp": "2026-03-02T05:00:27+0800", "level": "INFO", "logger": "etl_logger", "message": "Login attempt 1/5", "service": "cc_reconcile", "stage": "download_davinci", "status": "ok"}
{"timestamp": "2026-03-02T05:00:28+0800", "level": "INFO", "logger": "etl_logger", "message": "Login response status=200, url=https://admin.vantagemarkets.com/admin/main, cookies=4", "service": "cc_reconcile", "stage": "download_davinci", "status": "ok"}
{"timestamp": "2026-03-02T05:00:28+0800", "level": "INFO", "logger": "etl_logger", "message": "Login successful", "service": "cc_reconcile", "stage": "download_davinci", "status": "ok"}
{"timestamp": "2026-03-02T05:00:28+0800", "level": "INFO", "logger": "etl_logger", "message": "Token obtained successfully", "service": "cc_reconcile", "stage": "download_davinci", "status": "ok"}
{"timestamp": "2026-03-02T05:00:28+0800", "level": "INFO", "logger": "etl_logger", "message": "Start downloading Davinci CC Report for brand: VFSC...", "service": "cc_reconcile", "stage": "download_davinci", "status": "ok"}
{"timestamp": "2026-03-02T05:00:29+0800", "level": "WARNING", "logger": "etl_logger", "message": "POST failed (VFSC 2026-02-26) attempt 1: 500 Server Error: Internal Server Error for url: https://report.vantagemarkets.com/api/cc-detail/download, took 0.3s", "service": "cc_reconcile", "stage": "download_davinci", "status": "ok"}
{"timestamp": "2026-03-02T05:00:34+0800", "level": "WARNING", "logger": "etl_logger", "message": "POST failed (VFSC 2026-02-26) attempt 2: 500 Server Error: Internal Server Error for url: https://report.vantagemarkets.com/api/cc-detail/download, took 0.2s", "service": "cc_reconcile", "stage": "download_davinci", "status": "ok"}
{"timestamp": "2026-03-02T05:00:39+0800", "level": "WARNING", "logger": "etl_logger", "message": "POST failed (VFSC 2026-02-26) attempt 3: 500 Server Error: Internal Server Error for url: https://report.vantagemarkets.com/api/cc-detail/download, took 0.2s", "service": "cc_reconcile", "stage": "download_davinci", "status": "ok"}
{"timestamp": "2026-03-02T05:00:39+0800", "level": "ERROR", "logger": "etl_logger", "message": "POST failed after 3 attempts (VFSC 2026-02-26)", "service": "cc_reconcile", "stage": "download_davinci", "status": "ok"}
{"timestamp": "2026-03-02T05:00:39+0800", "level": "WARNING", "logger": "etl_logger", "message": "POST failed (VFSC 2026-02-27) attempt 1: 500 Server Error: Internal Server Error for url: https://report.vantagemarkets.com/api/cc-detail/download, took 0.2s", "service": "cc_reconcile", "stage": "download_davinci", "status": "ok"}
{"timestamp": "2026-03-02T05:00:45+0800", "level": "WARNING", "logger": "etl_logger", "message": "POST failed (VFSC 2026-02-27) attempt 2: 500 Server Error: Internal Server Error for url: https://report.vantagemarkets.com/api/cc-detail/download, took 0.2s", "service": "cc_reconcile", "stage": "download_davinci", "status": "ok"}
{"timestamp": "2026-03-02T05:00:50+0800", "level": "WARNING", "logger": "etl_logger", "message": "POST failed (VFSC 2026-02-27) attempt 3: 500 Server Error: Internal Server Error for url: https://report.vantagemarkets.com/api/cc-detail/download, took 0.2s", "service": "cc_reconcile", "stage": "download_davinci", "status": "ok"}
{"timestamp": "2026-03-02T05:00:50+0800", "level": "ERROR", "logger": "etl_logger", "message": "POST failed after 3 attempts (VFSC 2026-02-27)", "service": "cc_reconcile", "stage": "download_davinci", "status": "ok"}
{"timestamp": "2026-03-02T05:00:50+0800", "level": "WARNING", "logger": "etl_logger", "message": "POST failed (VFSC 2026-02-28) attempt 1: 500 Server Error: Internal Server Error for url: https://report.vantagemarkets.com/api/cc-detail/download, took 0.2s", "service": "cc_reconcile", "stage": "download_davinci", "status": "ok"}
{"timestamp": "2026-03-02T05:00:55+0800", "level": "WARNING", "logger": "etl_logger", "message": "POST failed (VFSC 2026-02-28) attempt 2: 500 Server Error: Internal Server Error for url: https://report.vantagemarkets.com/api/cc-detail/download, took 0.2s", "service": "cc_reconcile", "stage": "download_davinci", "status": "ok"}
{"timestamp": "2026-03-02T05:01:01+0800", "level": "WARNING", "logger": "etl_logger", "message": "POST failed (VFSC 2026-02-28) attempt 3: 502 Server Error: Bad Gateway for url: https://report.vantagemarkets.com/api/cc-detail/download, took 0.2s", "service": "cc_reconcile", "stage": "download_davinci", "status": "ok"}
{"timestamp": "2026-03-02T05:01:01+0800", "level": "ERROR", "logger": "etl_logger", "message": "POST failed after 3 attempts (VFSC 2026-02-28)", "service": "cc_reconcile", "stage": "download_davinci", "status": "ok"}
{"timestamp": "2026-03-02T05:01:01+0800", "level": "WARNING", "logger": "etl_logger", "message": "POST failed (VFSC 2026-03-01) attempt 1: 500 Server Error: Internal Server Error for url: https://report.vantagemarkets.com/api/cc-detail/download, took 0.2s", "service": "cc_reconcile", "stage": "download_davinci", "status": "ok"}
{"timestamp": "2026-03-02T05:01:06+0800", "level": "WARNING", "logger": "etl_logger", "message": "POST failed (VFSC 2026-03-01) attempt 2: 500 Server Error: Internal Server Error for url: https://report.vantagemarkets.com/api/cc-detail/download, took 0.2s", "service": "cc_reconcile", "stage": "download_davinci", "status": "ok"}
{"timestamp": "2026-03-02T05:01:11+0800", "level": "WARNING", "logger": "etl_logger", "message": "POST failed (VFSC 2026-03-01) attempt 3: 502 Server Error: Bad Gateway for url: https://report.vantagemarkets.com/api/cc-detail/download, took 0.2s", "service": "cc_reconcile", "stage": "download_davinci", "status": "ok"}
{"timestamp": "2026-03-02T05:01:11+0800", "level": "ERROR", "logger": "etl_logger", "message": "POST failed after 3 attempts (VFSC 2026-03-01)", "service": "cc_reconcile", "stage": "download_davinci", "status": "ok"}
{"timestamp": "2026-03-02T05:01:11+0800", "level": "INFO", "logger": "etl_logger", "message": "Finish downloading Davinci CC - VFSC Report", "service": "cc_reconcile", "stage": "download_davinci", "status": "ok"}
{"timestamp": "2026-03-02T05:01:11+0800", "level": "INFO", "logger": "etl_logger", "message": "Start downloading Davinci CC Report for brand: VFSC2...", "service": "cc_reconcile", "stage": "download_davinci", "status": "ok"}
{"timestamp": "2026-03-02T05:01:11+0800", "level": "WARNING", "logger": "etl_logger", "message": "POST failed (VFSC2 2026-02-26) attempt 1: 500 Server Error: Internal Server Error for url: https://report.vantagemarkets.com/api/cc-detail/download, took 0.2s", "service": "cc_reconcile", "stage": "download_davinci", "status": "ok"}
{"timestamp": "2026-03-02T05:01:17+0800", "level": "WARNING", "logger": "etl_logger", "message": "POST failed (VFSC2 2026-02-26) attempt 2: 500 Server Error: Internal Server Error for url: https://report.vantagemarkets.com/api/cc-detail/download, took 0.2s", "service": "cc_reconcile", "stage": "download_davinci", "status": "ok"}
{"timestamp": "2026-03-02T05:01:22+0800", "level": "WARNING", "logger": "etl_logger", "message": "POST failed (VFSC2 2026-02-26) attempt 3: 500 Server Error: Internal Server Error for url: https://report.vantagemarkets.com/api/cc-detail/download, took 0.2s", "service": "cc_reconcile", "stage": "download_davinci", "status": "ok"}
{"timestamp": "2026-03-02T05:01:22+0800", "level": "ERROR", "logger": "etl_logger", "message": "POST failed after 3 attempts (VFSC2 2026-02-26)", "service": "cc_reconcile", "stage": "download_davinci", "status": "ok"}
{"timestamp": "2026-03-02T05:01:22+0800", "level": "WARNING", "logger": "etl_logger", "message": "POST failed (VFSC2 2026-02-27) attempt 1: 500 Server Error: Internal Server Error for url: https://report.vantagemarkets.com/api/cc-detail/download, took 0.2s", "service": "cc_reconcile", "stage": "download_davinci", "status": "ok"}
{"timestamp": "2026-03-02T05:01:27+0800", "level": "WARNING", "logger": "etl_logger", "message": "POST failed (VFSC2 2026-02-27) attempt 2: 500 Server Error: Internal Server Error for url: https://report.vantagemarkets.com/api/cc-detail/download, took 0.2s", "service": "cc_reconcile", "stage": "download_davinci", "status": "ok"}
{"timestamp": "2026-03-02T05:01:33+0800", "level": "WARNING", "logger": "etl_logger", "message": "POST failed (VFSC2 2026-02-27) attempt 3: 500 Server Error: Internal Server Error for url: https://report.vantagemarkets.com/api/cc-detail/download, took 0.2s", "service": "cc_reconcile", "stage": "download_davinci", "status": "ok"}
{"timestamp": "2026-03-02T05:01:33+0800", "level": "ERROR", "logger": "etl_logger", "message": "POST failed after 3 attempts (VFSC2 2026-02-27)", "service": "cc_reconcile", "stage": "download_davinci", "status": "ok"}
{"timestamp": "2026-03-02T05:01:33+0800", "level": "WARNING", "logger": "etl_logger", "message": "POST failed (VFSC2 2026-02-28) attempt 1: 500 Server Error: Internal Server Error for url: https://report.vantagemarkets.com/api/cc-detail/download, took 0.2s", "service": "cc_reconcile", "stage": "download_davinci", "status": "ok"}
{"timestamp": "2026-03-02T05:01:38+0800", "level": "WARNING", "logger": "etl_logger", "message": "POST failed (VFSC2 2026-02-28) attempt 2: 500 Server Error: Internal Server Error for url: https://report.vantagemarkets.com/api/cc-detail/download, took 0.2s", "service": "cc_reconcile", "stage": "download_davinci", "status": "ok"}
{"timestamp": "2026-03-02T05:01:43+0800", "level": "WARNING", "logger": "etl_logger", "message": "POST failed (VFSC2 2026-02-28) attempt 3: 500 Server Error: Internal Server Error for url: https://report.vantagemarkets.com/api/cc-detail/download, took 0.2s", "service": "cc_reconcile", "stage": "download_davinci", "status": "ok"}
{"timestamp": "2026-03-02T05:01:43+0800", "level": "ERROR", "logger": "etl_logger", "message": "POST failed after 3 attempts (VFSC2 2026-02-28)", "service": "cc_reconcile", "stage": "download_davinci", "status": "ok"}
{"timestamp": "2026-03-02T05:01:44+0800", "level": "WARNING", "logger": "etl_logger", "message": "POST failed (VFSC2 2026-03-01) attempt 1: 500 Server Error: Internal Server Error for url: https://report.vantagemarkets.com/api/cc-detail/download, took 0.2s", "service": "cc_reconcile", "stage": "download_davinci", "status": "ok"}
{"timestamp": "2026-03-02T05:01:49+0800", "level": "WARNING", "logger": "etl_logger", "message": "POST failed (VFSC2 2026-03-01) attempt 2: 500 Server Error: Internal Server Error for url: https://report.vantagemarkets.com/api/cc-detail/download, took 0.2s", "service": "cc_reconcile", "stage": "download_davinci", "status": "ok"}
{"timestamp": "2026-03-02T05:01:54+0800", "level": "WARNING", "logger": "etl_logger", "message": "POST failed (VFSC2 2026-03-01) attempt 3: 500 Server Error: Internal Server Error for url: https://report.vantagemarkets.com/api/cc-detail/download, took 0.2s", "service": "cc_reconcile", "stage": "download_davinci", "status": "ok"}
{"timestamp": "2026-03-02T05:01:54+0800", "level": "ERROR", "logger": "etl_logger", "message": "POST failed after 3 attempts (VFSC2 2026-03-01)", "service": "cc_reconcile", "stage": "download_davinci", "status": "ok"}
{"timestamp": "2026-03-02T05:01:54+0800", "level": "INFO", "logger": "etl_logger", "message": "Finish downloading Davinci CC - VFSC2 Report", "service": "cc_reconcile", "stage": "download_davinci", "status": "ok"}
{"timestamp": "2026-03-02T05:01:54+0800", "level": "WARNING", "logger": "etl_logger", "message": "No data downloaded for any brand.", "service": "cc_reconcile", "stage": "download_davinci", "status": "ok"}
Traceback (most recent call last):
  File "/app/main.py", line 72, in <module>
    main()
  File "/app/main.py", line 25, in main
    logger.info(f"Download CRM CC Report Finish ，Total: {len(crm_cc)}")
TypeError: object of type 'NoneType' has no len()
{"timestamp": "2026-03-02T06:00:02+0800", "level": "INFO", "logger": "etl_logger", "message": "Start download reports...", "service": "cc_reconcile", "stage": "download", "status": "ok"}
{"timestamp": "2026-03-02T06:00:05+0800", "level": "INFO", "logger": "etl_logger", "message": "Payabl Login Success and Get Token Success", "service": "cc_reconcile", "stage": "download_payabl", "status": "ok"}
{"timestamp": "2026-03-02T06:00:05+0800", "level": "INFO", "logger": "etl_logger", "message": "Start downloading Payabl CC Report for date: 2026-03-01...", "service": "cc_reconcile", "stage": "download_payabl", "status": "ok"}
{"timestamp": "2026-03-02T06:00:26+0800", "level": "INFO", "logger": "etl_logger", "message": "Start downloading Payabl CC Report for date: 2026-03-02...", "service": "cc_reconcile", "stage": "download_payabl", "status": "ok"}
{"timestamp": "2026-03-02T06:00:34+0800", "level": "INFO", "logger": "etl_logger", "message": "Finish downloading Payabl CC Report", "service": "cc_reconcile", "stage": "download_payabl", "status": "ok"}
{"timestamp": "2026-03-02T06:00:34+0800", "level": "INFO", "logger": "etl_logger", "message": "Download Payabl CC Report Finish ，Total: 31697", "service": "cc_reconcile", "stage": "download", "status": "ok"}
{"timestamp": "2026-03-02T06:00:34+0800", "level": "INFO", "logger": "etl_logger", "message": "Login attempt 1/5", "service": "cc_reconcile", "stage": "download_davinci", "status": "ok"}
{"timestamp": "2026-03-02T06:00:35+0800", "level": "INFO", "logger": "etl_logger", "message": "Login response status=200, url=https://admin.vantagemarkets.com/admin/main, cookies=4", "service": "cc_reconcile", "stage": "download_davinci", "status": "ok"}
{"timestamp": "2026-03-02T06:00:35+0800", "level": "INFO", "logger": "etl_logger", "message": "Login successful", "service": "cc_reconcile", "stage": "download_davinci", "status": "ok"}
{"timestamp": "2026-03-02T06:00:35+0800", "level": "INFO", "logger": "etl_logger", "message": "Token obtained successfully", "service": "cc_reconcile", "stage": "download_davinci", "status": "ok"}
{"timestamp": "2026-03-02T06:00:35+0800", "level": "INFO", "logger": "etl_logger", "message": "Start downloading Davinci CC Report for brand: VFSC...", "service": "cc_reconcile", "stage": "download_davinci", "status": "ok"}
{"timestamp": "2026-03-02T06:00:35+0800", "level": "WARNING", "logger": "etl_logger", "message": "POST failed (VFSC 2026-02-27) attempt 1: 500 Server Error: Internal Server Error for url: https://report.vantagemarkets.com/api/cc-detail/download, took 0.2s", "service": "cc_reconcile", "stage": "download_davinci", "status": "ok"}
{"timestamp": "2026-03-02T06:00:41+0800", "level": "WARNING", "logger": "etl_logger", "message": "POST failed (VFSC 2026-02-27) attempt 2: 500 Server Error: Internal Server Error for url: https://report.vantagemarkets.com/api/cc-detail/download, took 0.2s", "service": "cc_reconcile", "stage": "download_davinci", "status": "ok"}
{"timestamp": "2026-03-02T06:00:46+0800", "level": "WARNING", "logger": "etl_logger", "message": "POST failed (VFSC 2026-02-27) attempt 3: 500 Server Error: Internal Server Error for url: https://report.vantagemarkets.com/api/cc-detail/download, took 0.2s", "service": "cc_reconcile", "stage": "download_davinci", "status": "ok"}
{"timestamp": "2026-03-02T06:00:46+0800", "level": "ERROR", "logger": "etl_logger", "message": "POST failed after 3 attempts (VFSC 2026-02-27)", "service": "cc_reconcile", "stage": "download_davinci", "status": "ok"}
{"timestamp": "2026-03-02T06:00:46+0800", "level": "WARNING", "logger": "etl_logger", "message": "POST failed (VFSC 2026-02-28) attempt 1: 502 Server Error: Bad Gateway for url: https://report.vantagemarkets.com/api/cc-detail/download, took 0.2s", "service": "cc_reconcile", "stage": "download_davinci", "status": "ok"}
{"timestamp": "2026-03-02T06:00:51+0800", "level": "WARNING", "logger": "etl_logger", "message": "POST failed (VFSC 2026-02-28) attempt 2: 500 Server Error: Internal Server Error for url: https://report.vantagemarkets.com/api/cc-detail/download, took 0.2s", "service": "cc_reconcile", "stage": "download_davinci", "status": "ok"}
{"timestamp": "2026-03-02T06:00:57+0800", "level": "WARNING", "logger": "etl_logger", "message": "POST failed (VFSC 2026-02-28) attempt 3: 500 Server Error: Internal Server Error for url: https://report.vantagemarkets.com/api/cc-detail/download, took 0.2s", "service": "cc_reconcile", "stage": "download_davinci", "status": "ok"}
{"timestamp": "2026-03-02T06:00:57+0800", "level": "ERROR", "logger": "etl_logger", "message": "POST failed after 3 attempts (VFSC 2026-02-28)", "service": "cc_reconcile", "stage": "download_davinci", "status": "ok"}
{"timestamp": "2026-03-02T06:00:57+0800", "level": "WARNING", "logger": "etl_logger", "message": "POST failed (VFSC 2026-03-01) attempt 1: 500 Server Error: Internal Server Error for url: https://report.vantagemarkets.com/api/cc-detail/download, took 0.2s", "service": "cc_reconcile", "stage": "download_davinci", "status": "ok"}
{"timestamp": "2026-03-02T06:01:02+0800", "level": "WARNING", "logger": "etl_logger", "message": "POST failed (VFSC 2026-03-01) attempt 2: 502 Server Error: Bad Gateway for url: https://report.vantagemarkets.com/api/cc-detail/download, took 0.2s", "service": "cc_reconcile", "stage": "download_davinci", "status": "ok"}
{"timestamp": "2026-03-02T06:01:07+0800", "level": "WARNING", "logger": "etl_logger", "message": "POST failed (VFSC 2026-03-01) attempt 3: 502 Server Error: Bad Gateway for url: https://report.vantagemarkets.com/api/cc-detail/download, took 0.2s", "service": "cc_reconcile", "stage": "download_davinci", "status": "ok"}
{"timestamp": "2026-03-02T06:01:07+0800", "level": "ERROR", "logger": "etl_logger", "message": "POST failed after 3 attempts (VFSC 2026-03-01)", "service": "cc_reconcile", "stage": "download_davinci", "status": "ok"}
{"timestamp": "2026-03-02T06:01:07+0800", "level": "WARNING", "logger": "etl_logger", "message": "POST failed (VFSC 2026-03-02) attempt 1: 500 Server Error: Internal Server Error for url: https://report.vantagemarkets.com/api/cc-detail/download, took 0.2s", "service": "cc_reconcile", "stage": "download_davinci", "status": "ok"}
{"timestamp": "2026-03-02T06:01:13+0800", "level": "WARNING", "logger": "etl_logger", "message": "POST failed (VFSC 2026-03-02) attempt 2: 500 Server Error: Internal Server Error for url: https://report.vantagemarkets.com/api/cc-detail/download, took 0.2s", "service": "cc_reconcile", "stage": "download_davinci", "status": "ok"}
{"timestamp": "2026-03-02T06:01:18+0800", "level": "WARNING", "logger": "etl_logger", "message": "POST failed (VFSC 2026-03-02) attempt 3: 500 Server Error: Internal Server Error for url: https://report.vantagemarkets.com/api/cc-detail/download, took 0.2s", "service": "cc_reconcile", "stage": "download_davinci", "status": "ok"}
{"timestamp": "2026-03-02T06:01:18+0800", "level": "ERROR", "logger": "etl_logger", "message": "POST failed after 3 attempts (VFSC 2026-03-02)", "service": "cc_reconcile", "stage": "download_davinci", "status": "ok"}
{"timestamp": "2026-03-02T06:01:18+0800", "level": "INFO", "logger": "etl_logger", "message": "Finish downloading Davinci CC - VFSC Report", "service": "cc_reconcile", "stage": "download_davinci", "status": "ok"}
{"timestamp": "2026-03-02T06:01:18+0800", "level": "INFO", "logger": "etl_logger", "message": "Start downloading Davinci CC Report for brand: VFSC2...", "service": "cc_reconcile", "stage": "download_davinci", "status": "ok"}
{"timestamp": "2026-03-02T06:01:18+0800", "level": "WARNING", "logger": "etl_logger", "message": "POST failed (VFSC2 2026-02-27) attempt 1: 502 Server Error: Bad Gateway for url: https://report.vantagemarkets.com/api/cc-detail/download, took 0.2s", "service": "cc_reconcile", "stage": "download_davinci", "status": "ok"}
{"timestamp": "2026-03-02T06:01:23+0800", "level": "WARNING", "logger": "etl_logger", "message": "POST failed (VFSC2 2026-02-27) attempt 2: 500 Server Error: Internal Server Error for url: https://report.vantagemarkets.com/api/cc-detail/download, took 0.2s", "service": "cc_reconcile", "stage": "download_davinci", "status": "ok"}
{"timestamp": "2026-03-02T06:01:28+0800", "level": "WARNING", "logger": "etl_logger", "message": "POST failed (VFSC2 2026-02-27) attempt 3: 500 Server Error: Internal Server Error for url: https://report.vantagemarkets.com/api/cc-detail/download, took 0.2s", "service": "cc_reconcile", "stage": "download_davinci", "status": "ok"}
{"timestamp": "2026-03-02T06:01:28+0800", "level": "ERROR", "logger": "etl_logger", "message": "POST failed after 3 attempts (VFSC2 2026-02-27)", "service": "cc_reconcile", "stage": "download_davinci", "status": "ok"}
{"timestamp": "2026-03-02T06:01:29+0800", "level": "WARNING", "logger": "etl_logger", "message": "POST failed (VFSC2 2026-02-28) attempt 1: 500 Server Error: Internal Server Error for url: https://report.vantagemarkets.com/api/cc-detail/download, took 0.2s", "service": "cc_reconcile", "stage": "download_davinci", "status": "ok"}
{"timestamp": "2026-03-02T06:01:34+0800", "level": "WARNING", "logger": "etl_logger", "message": "POST failed (VFSC2 2026-02-28) attempt 2: 500 Server Error: Internal Server Error for url: https://report.vantagemarkets.com/api/cc-detail/download, took 0.2s", "service": "cc_reconcile", "stage": "download_davinci", "status": "ok"}
{"timestamp": "2026-03-02T06:01:39+0800", "level": "WARNING", "logger": "etl_logger", "message": "POST failed (VFSC2 2026-02-28) attempt 3: 500 Server Error: Internal Server Error for url: https://report.vantagemarkets.com/api/cc-detail/download, took 0.2s", "service": "cc_reconcile", "stage": "download_davinci", "status": "ok"}
{"timestamp": "2026-03-02T06:01:39+0800", "level": "ERROR", "logger": "etl_logger", "message": "POST failed after 3 attempts (VFSC2 2026-02-28)", "service": "cc_reconcile", "stage": "download_davinci", "status": "ok"}
{"timestamp": "2026-03-02T06:01:39+0800", "level": "WARNING", "logger": "etl_logger", "message": "POST failed (VFSC2 2026-03-01) attempt 1: 500 Server Error: Internal Server Error for url: https://report.vantagemarkets.com/api/cc-detail/download, took 0.2s", "service": "cc_reconcile", "stage": "download_davinci", "status": "ok"}
{"timestamp": "2026-03-02T06:01:45+0800", "level": "WARNING", "logger": "etl_logger", "message": "POST failed (VFSC2 2026-03-01) attempt 2: 500 Server Error: Internal Server Error for url: https://report.vantagemarkets.com/api/cc-detail/download, took 0.2s", "service": "cc_reconcile", "stage": "download_davinci", "status": "ok"}
{"timestamp": "2026-03-02T06:01:50+0800", "level": "WARNING", "logger": "etl_logger", "message": "POST failed (VFSC2 2026-03-01) attempt 3: 500 Server Error: Internal Server Error for url: https://report.vantagemarkets.com/api/cc-detail/download, took 0.2s", "service": "cc_reconcile", "stage": "download_davinci", "status": "ok"}
{"timestamp": "2026-03-02T06:01:50+0800", "level": "ERROR", "logger": "etl_logger", "message": "POST failed after 3 attempts (VFSC2 2026-03-01)", "service": "cc_reconcile", "stage": "download_davinci", "status": "ok"}
{"timestamp": "2026-03-02T06:01:50+0800", "level": "WARNING", "logger": "etl_logger", "message": "POST failed (VFSC2 2026-03-02) attempt 1: 500 Server Error: Internal Server Error for url: https://report.vantagemarkets.com/api/cc-detail/download, took 0.2s", "service": "cc_reconcile", "stage": "download_davinci", "status": "ok"}
{"timestamp": "2026-03-02T06:01:55+0800", "level": "WARNING", "logger": "etl_logger", "message": "POST failed (VFSC2 2026-03-02) attempt 2: 502 Server Error: Bad Gateway for url: https://report.vantagemarkets.com/api/cc-detail/download, took 0.2s", "service": "cc_reconcile", "stage": "download_davinci", "status": "ok"}
{"timestamp": "2026-03-02T06:02:00+0800", "level": "WARNING", "logger": "etl_logger", "message": "POST failed (VFSC2 2026-03-02) attempt 3: 500 Server Error: Internal Server Error for url: https://report.vantagemarkets.com/api/cc-detail/download, took 0.2s", "service": "cc_reconcile", "stage": "download_davinci", "status": "ok"}
{"timestamp": "2026-03-02T06:02:00+0800", "level": "ERROR", "logger": "etl_logger", "message": "POST failed after 3 attempts (VFSC2 2026-03-02)", "service": "cc_reconcile", "stage": "download_davinci", "status": "ok"}
{"timestamp": "2026-03-02T06:02:00+0800", "level": "INFO", "logger": "etl_logger", "message": "Finish downloading Davinci CC - VFSC2 Report", "service": "cc_reconcile", "stage": "download_davinci", "status": "ok"}
{"timestamp": "2026-03-02T06:02:00+0800", "level": "WARNING", "logger": "etl_logger", "message": "No data downloaded for any brand.", "service": "cc_reconcile", "stage": "download_davinci", "status": "ok"}
Traceback (most recent call last):
  File "/app/main.py", line 72, in <module>
    main()
  File "/app/main.py", line 25, in main
    logger.info(f"Download CRM CC Report Finish ，Total: {len(crm_cc)}")
TypeError: object of type 'NoneType' has no len()
{"timestamp": "2026-03-02T07:00:01+0800", "level": "INFO", "logger": "etl_logger", "message": "Start download reports...", "service": "cc_reconcile", "stage": "download", "status": "ok"}
{"timestamp": "2026-03-02T07:00:05+0800", "level": "INFO", "logger": "etl_logger", "message": "Payabl Login Success and Get Token Success", "service": "cc_reconcile", "stage": "download_payabl", "status": "ok"}
{"timestamp": "2026-03-02T07:00:05+0800", "level": "INFO", "logger": "etl_logger", "message": "Start downloading Payabl CC Report for date: 2026-03-01...", "service": "cc_reconcile", "stage": "download_payabl", "status": "ok"}
{"timestamp": "2026-03-02T07:00:29+0800", "level": "INFO", "logger": "etl_logger", "message": "Start downloading Payabl CC Report for date: 2026-03-02...", "service": "cc_reconcile", "stage": "download_payabl", "status": "ok"}
{"timestamp": "2026-03-02T07:00:37+0800", "level": "INFO", "logger": "etl_logger", "message": "Finish downloading Payabl CC Report", "service": "cc_reconcile", "stage": "download_payabl", "status": "ok"}
{"timestamp": "2026-03-02T07:00:37+0800", "level": "INFO", "logger": "etl_logger", "message": "Download Payabl CC Report Finish ，Total: 38969", "service": "cc_reconcile", "stage": "download", "status": "ok"}
{"timestamp": "2026-03-02T07:00:37+0800", "level": "INFO", "logger": "etl_logger", "message": "Login attempt 1/5", "service": "cc_reconcile", "stage": "download_davinci", "status": "ok"}
{"timestamp": "2026-03-02T07:00:38+0800", "level": "INFO", "logger": "etl_logger", "message": "Login response status=200, url=https://admin.vantagemarkets.com/admin/main, cookies=4", "service": "cc_reconcile", "stage": "download_davinci", "status": "ok"}
{"timestamp": "2026-03-02T07:00:38+0800", "level": "INFO", "logger": "etl_logger", "message": "Login successful", "service": "cc_reconcile", "stage": "download_davinci", "status": "ok"}
{"timestamp": "2026-03-02T07:00:38+0800", "level": "INFO", "logger": "etl_logger", "message": "Token obtained successfully", "service": "cc_reconcile", "stage": "download_davinci", "status": "ok"}
{"timestamp": "2026-03-02T07:00:38+0800", "level": "INFO", "logger": "etl_logger", "message": "Start downloading Davinci CC Report for brand: VFSC...", "service": "cc_reconcile", "stage": "download_davinci", "status": "ok"}
{"timestamp": "2026-03-02T07:00:39+0800", "level": "WARNING", "logger": "etl_logger", "message": "POST failed (VFSC 2026-02-27) attempt 1: 500 Server Error: Internal Server Error for url: https://report.vantagemarkets.com/api/cc-detail/download, took 0.8s", "service": "cc_reconcile", "stage": "download_davinci", "status": "ok"}
{"timestamp": "2026-03-02T07:00:45+0800", "level": "WARNING", "logger": "etl_logger", "message": "POST failed (VFSC 2026-02-27) attempt 2: 500 Server Error: Internal Server Error for url: https://report.vantagemarkets.com/api/cc-detail/download, took 0.2s", "service": "cc_reconcile", "stage": "download_davinci", "status": "ok"}
{"timestamp": "2026-03-02T07:00:50+0800", "level": "WARNING", "logger": "etl_logger", "message": "POST failed (VFSC 2026-02-27) attempt 3: 502 Server Error: Bad Gateway for url: https://report.vantagemarkets.com/api/cc-detail/download, took 0.3s", "service": "cc_reconcile", "stage": "download_davinci", "status": "ok"}
{"timestamp": "2026-03-02T07:00:50+0800", "level": "ERROR", "logger": "etl_logger", "message": "POST failed after 3 attempts (VFSC 2026-02-27)", "service": "cc_reconcile", "stage": "download_davinci", "status": "ok"}
{"timestamp": "2026-03-02T07:00:50+0800", "level": "WARNING", "logger": "etl_logger", "message": "POST failed (VFSC 2026-02-28) attempt 1: 500 Server Error: Internal Server Error for url: https://report.vantagemarkets.com/api/cc-detail/download, took 0.2s", "service": "cc_reconcile", "stage": "download_davinci", "status": "ok"}
{"timestamp": "2026-03-02T07:00:55+0800", "level": "WARNING", "logger": "etl_logger", "message": "POST failed (VFSC 2026-02-28) attempt 2: 500 Server Error: Internal Server Error for url: https://report.vantagemarkets.com/api/cc-detail/download, took 0.2s", "service": "cc_reconcile", "stage": "download_davinci", "status": "ok"}
{"timestamp": "2026-03-02T07:01:00+0800", "level": "WARNING", "logger": "etl_logger", "message": "POST failed (VFSC 2026-02-28) attempt 3: 500 Server Error: Internal Server Error for url: https://report.vantagemarkets.com/api/cc-detail/download, took 0.2s", "service": "cc_reconcile", "stage": "download_davinci", "status": "ok"}
{"timestamp": "2026-03-02T07:01:00+0800", "level": "ERROR", "logger": "etl_logger", "message": "POST failed after 3 attempts (VFSC 2026-02-28)", "service": "cc_reconcile", "stage": "download_davinci", "status": "ok"}
{"timestamp": "2026-03-02T07:01:01+0800", "level": "WARNING", "logger": "etl_logger", "message": "POST failed (VFSC 2026-03-01) attempt 1: 500 Server Error: Internal Server Error for url: https://report.vantagemarkets.com/api/cc-detail/download, took 0.2s", "service": "cc_reconcile", "stage": "download_davinci", "status": "ok"}
{"timestamp": "2026-03-02T07:01:06+0800", "level": "WARNING", "logger": "etl_logger", "message": "POST failed (VFSC 2026-03-01) attempt 2: 500 Server Error: Internal Server Error for url: https://report.vantagemarkets.com/api/cc-detail/download, took 0.2s", "service": "cc_reconcile", "stage": "download_davinci", "status": "ok"}
{"timestamp": "2026-03-02T07:01:11+0800", "level": "WARNING", "logger": "etl_logger", "message": "POST failed (VFSC 2026-03-01) attempt 3: 500 Server Error: Internal Server Error for url: https://report.vantagemarkets.com/api/cc-detail/download, took 0.2s", "service": "cc_reconcile", "stage": "download_davinci", "status": "ok"}
{"timestamp": "2026-03-02T07:01:11+0800", "level": "ERROR", "logger": "etl_logger", "message": "POST failed after 3 attempts (VFSC 2026-03-01)", "service": "cc_reconcile", "stage": "download_davinci", "status": "ok"}
{"timestamp": "2026-03-02T07:01:11+0800", "level": "WARNING", "logger": "etl_logger", "message": "POST failed (VFSC 2026-03-02) attempt 1: 500 Server Error: Internal Server Error for url: https://report.vantagemarkets.com/api/cc-detail/download, took 0.3s", "service": "cc_reconcile", "stage": "download_davinci", "status": "ok"}
{"timestamp": "2026-03-02T07:01:17+0800", "level": "WARNING", "logger": "etl_logger", "message": "POST failed (VFSC 2026-03-02) attempt 2: 500 Server Error: Internal Server Error for url: https://report.vantagemarkets.com/api/cc-detail/download, took 0.2s", "service": "cc_reconcile", "stage": "download_davinci", "status": "ok"}
{"timestamp": "2026-03-02T07:01:22+0800", "level": "WARNING", "logger": "etl_logger", "message": "POST failed (VFSC 2026-03-02) attempt 3: 500 Server Error: Internal Server Error for url: https://report.vantagemarkets.com/api/cc-detail/download, took 0.3s", "service": "cc_reconcile", "stage": "download_davinci", "status": "ok"}
{"timestamp": "2026-03-02T07:01:22+0800", "level": "ERROR", "logger": "etl_logger", "message": "POST failed after 3 attempts (VFSC 2026-03-02)", "service": "cc_reconcile", "stage": "download_davinci", "status": "ok"}
{"timestamp": "2026-03-02T07:01:22+0800", "level": "INFO", "logger": "etl_logger", "message": "Finish downloading Davinci CC - VFSC Report", "service": "cc_reconcile", "stage": "download_davinci", "status": "ok"}
{"timestamp": "2026-03-02T07:01:22+0800", "level": "INFO", "logger": "etl_logger", "message": "Start downloading Davinci CC Report for brand: VFSC2...", "service": "cc_reconcile", "stage": "download_davinci", "status": "ok"}
{"timestamp": "2026-03-02T07:01:22+0800", "level": "WARNING", "logger": "etl_logger", "message": "POST failed (VFSC2 2026-02-27) attempt 1: 500 Server Error: Internal Server Error for url: https://report.vantagemarkets.com/api/cc-detail/download, took 0.3s", "service": "cc_reconcile", "stage": "download_davinci", "status": "ok"}
{"timestamp": "2026-03-02T07:01:27+0800", "level": "WARNING", "logger": "etl_logger", "message": "POST failed (VFSC2 2026-02-27) attempt 2: 500 Server Error: Internal Server Error for url: https://report.vantagemarkets.com/api/cc-detail/download, took 0.3s", "service": "cc_reconcile", "stage": "download_davinci", "status": "ok"}
{"timestamp": "2026-03-02T07:01:33+0800", "level": "WARNING", "logger": "etl_logger", "message": "POST failed (VFSC2 2026-02-27) attempt 3: 500 Server Error: Internal Server Error for url: https://report.vantagemarkets.com/api/cc-detail/download, took 0.2s", "service": "cc_reconcile", "stage": "download_davinci", "status": "ok"}
{"timestamp": "2026-03-02T07:01:33+0800", "level": "ERROR", "logger": "etl_logger", "message": "POST failed after 3 attempts (VFSC2 2026-02-27)", "service": "cc_reconcile", "stage": "download_davinci", "status": "ok"}
{"timestamp": "2026-03-02T07:01:33+0800", "level": "WARNING", "logger": "etl_logger", "message": "POST failed (VFSC2 2026-02-28) attempt 1: 500 Server Error: Internal Server Error for url: https://report.vantagemarkets.com/api/cc-detail/download, took 0.2s", "service": "cc_reconcile", "stage": "download_davinci", "status": "ok"}
{"timestamp": "2026-03-02T07:01:38+0800", "level": "WARNING", "logger": "etl_logger", "message": "POST failed (VFSC2 2026-02-28) attempt 2: 500 Server Error: Internal Server Error for url: https://report.vantagemarkets.com/api/cc-detail/download, took 0.2s", "service": "cc_reconcile", "stage": "download_davinci", "status": "ok"}
{"timestamp": "2026-03-02T07:01:43+0800", "level": "WARNING", "logger": "etl_logger", "message": "POST failed (VFSC2 2026-02-28) attempt 3: 500 Server Error: Internal Server Error for url: https://report.vantagemarkets.com/api/cc-detail/download, took 0.3s", "service": "cc_reconcile", "stage": "download_davinci", "status": "ok"}
{"timestamp": "2026-03-02T07:01:43+0800", "level": "ERROR", "logger": "etl_logger", "message": "POST failed after 3 attempts (VFSC2 2026-02-28)", "service": "cc_reconcile", "stage": "download_davinci", "status": "ok"}
{"timestamp": "2026-03-02T07:01:44+0800", "level": "WARNING", "logger": "etl_logger", "message": "POST failed (VFSC2 2026-03-01) attempt 1: 500 Server Error: Internal Server Error for url: https://report.vantagemarkets.com/api/cc-detail/download, took 0.3s", "service": "cc_reconcile", "stage": "download_davinci", "status": "ok"}
{"timestamp": "2026-03-02T07:01:49+0800", "level": "WARNING", "logger": "etl_logger", "message": "POST failed (VFSC2 2026-03-01) attempt 2: 502 Server Error: Bad Gateway for url: https://report.vantagemarkets.com/api/cc-detail/download, took 0.2s", "service": "cc_reconcile", "stage": "download_davinci", "status": "ok"}
{"timestamp": "2026-03-02T07:01:54+0800", "level": "WARNING", "logger": "etl_logger", "message": "POST failed (VFSC2 2026-03-01) attempt 3: 500 Server Error: Internal Server Error for url: https://report.vantagemarkets.com/api/cc-detail/download, took 0.2s", "service": "cc_reconcile", "stage": "download_davinci", "status": "ok"}
{"timestamp": "2026-03-02T07:01:54+0800", "level": "ERROR", "logger": "etl_logger", "message": "POST failed after 3 attempts (VFSC2 2026-03-01)", "service": "cc_reconcile", "stage": "download_davinci", "status": "ok"}
{"timestamp": "2026-03-02T07:01:54+0800", "level": "WARNING", "logger": "etl_logger", "message": "POST failed (VFSC2 2026-03-02) attempt 1: 500 Server Error: Internal Server Error for url: https://report.vantagemarkets.com/api/cc-detail/download, took 0.2s", "service": "cc_reconcile", "stage": "download_davinci", "status": "ok"}
{"timestamp": "2026-03-02T07:02:00+0800", "level": "WARNING", "logger": "etl_logger", "message": "POST failed (VFSC2 2026-03-02) attempt 2: 500 Server Error: Internal Server Error for url: https://report.vantagemarkets.com/api/cc-detail/download, took 0.3s", "service": "cc_reconcile", "stage": "download_davinci", "status": "ok"}
{"timestamp": "2026-03-02T07:02:05+0800", "level": "WARNING", "logger": "etl_logger", "message": "POST failed (VFSC2 2026-03-02) attempt 3: 500 Server Error: Internal Server Error for url: https://report.vantagemarkets.com/api/cc-detail/download, took 0.3s", "service": "cc_reconcile", "stage": "download_davinci", "status": "ok"}
{"timestamp": "2026-03-02T07:02:05+0800", "level": "ERROR", "logger": "etl_logger", "message": "POST failed after 3 attempts (VFSC2 2026-03-02)", "service": "cc_reconcile", "stage": "download_davinci", "status": "ok"}
{"timestamp": "2026-03-02T07:02:05+0800", "level": "INFO", "logger": "etl_logger", "message": "Finish downloading Davinci CC - VFSC2 Report", "service": "cc_reconcile", "stage": "download_davinci", "status": "ok"}
{"timestamp": "2026-03-02T07:02:05+0800", "level": "WARNING", "logger": "etl_logger", "message": "No data downloaded for any brand.", "service": "cc_reconcile", "stage": "download_davinci", "status": "ok"}
Traceback (most recent call last):
  File "/app/main.py", line 72, in <module>
    main()
  File "/app/main.py", line 25, in main
    logger.info(f"Download CRM CC Report Finish ，Total: {len(crm_cc)}")
TypeError: object of type 'NoneType' has no len()
{"timestamp": "2026-03-02T08:00:01+0800", "level": "INFO", "logger": "etl_logger", "message": "Start download reports...", "service": "cc_reconcile", "stage": "download", "status": "ok"}
{"timestamp": "2026-03-02T08:00:05+0800", "level": "INFO", "logger": "etl_logger", "message": "Payabl Login Success and Get Token Success", "service": "cc_reconcile", "stage": "download_payabl", "status": "ok"}
{"timestamp": "2026-03-02T08:00:05+0800", "level": "INFO", "logger": "etl_logger", "message": "Start downloading Payabl CC Report for date: 2026-03-01...", "service": "cc_reconcile", "stage": "download_payabl", "status": "ok"}
{"timestamp": "2026-03-02T08:00:30+0800", "level": "INFO", "logger": "etl_logger", "message": "Start downloading Payabl CC Report for date: 2026-03-02...", "service": "cc_reconcile", "stage": "download_payabl", "status": "ok"}
{"timestamp": "2026-03-02T08:00:40+0800", "level": "INFO", "logger": "etl_logger", "message": "Finish downloading Payabl CC Report", "service": "cc_reconcile", "stage": "download_payabl", "status": "ok"}
{"timestamp": "2026-03-02T08:00:40+0800", "level": "INFO", "logger": "etl_logger", "message": "Download Payabl CC Report Finish ，Total: 49719", "service": "cc_reconcile", "stage": "download", "status": "ok"}
{"timestamp": "2026-03-02T08:00:40+0800", "level": "INFO", "logger": "etl_logger", "message": "Login attempt 1/5", "service": "cc_reconcile", "stage": "download_davinci", "status": "ok"}
{"timestamp": "2026-03-02T08:00:42+0800", "level": "INFO", "logger": "etl_logger", "message": "Login response status=200, url=https://admin.vantagemarkets.com/admin/main, cookies=4", "service": "cc_reconcile", "stage": "download_davinci", "status": "ok"}
{"timestamp": "2026-03-02T08:00:42+0800", "level": "INFO", "logger": "etl_logger", "message": "Login successful", "service": "cc_reconcile", "stage": "download_davinci", "status": "ok"}
{"timestamp": "2026-03-02T08:00:42+0800", "level": "INFO", "logger": "etl_logger", "message": "Token obtained successfully", "service": "cc_reconcile", "stage": "download_davinci", "status": "ok"}
{"timestamp": "2026-03-02T08:00:42+0800", "level": "INFO", "logger": "etl_logger", "message": "Start downloading Davinci CC Report for brand: VFSC...", "service": "cc_reconcile", "stage": "download_davinci", "status": "ok"}
{"timestamp": "2026-03-02T08:00:42+0800", "level": "WARNING", "logger": "etl_logger", "message": "POST failed (VFSC 2026-02-27) attempt 1: 500 Server Error: Internal Server Error for url: https://report.vantagemarkets.com/api/cc-detail/download, took 0.3s", "service": "cc_reconcile", "stage": "download_davinci", "status": "ok"}
{"timestamp": "2026-03-02T08:00:47+0800", "level": "WARNING", "logger": "etl_logger", "message": "POST failed (VFSC 2026-02-27) attempt 2: 500 Server Error: Internal Server Error for url: https://report.vantagemarkets.com/api/cc-detail/download, took 0.2s", "service": "cc_reconcile", "stage": "download_davinci", "status": "ok"}
{"timestamp": "2026-03-02T08:00:53+0800", "level": "WARNING", "logger": "etl_logger", "message": "POST failed (VFSC 2026-02-27) attempt 3: 502 Server Error: Bad Gateway for url: https://report.vantagemarkets.com/api/cc-detail/download, took 0.2s", "service": "cc_reconcile", "stage": "download_davinci", "status": "ok"}
{"timestamp": "2026-03-02T08:00:53+0800", "level": "ERROR", "logger": "etl_logger", "message": "POST failed after 3 attempts (VFSC 2026-02-27)", "service": "cc_reconcile", "stage": "download_davinci", "status": "ok"}
{"timestamp": "2026-03-02T08:00:53+0800", "level": "WARNING", "logger": "etl_logger", "message": "POST failed (VFSC 2026-02-28) attempt 1: 500 Server Error: Internal Server Error for url: https://report.vantagemarkets.com/api/cc-detail/download, took 0.2s", "service": "cc_reconcile", "stage": "download_davinci", "status": "ok"}
{"timestamp": "2026-03-02T08:00:58+0800", "level": "WARNING", "logger": "etl_logger", "message": "POST failed (VFSC 2026-02-28) attempt 2: 500 Server Error: Internal Server Error for url: https://report.vantagemarkets.com/api/cc-detail/download, took 0.2s", "service": "cc_reconcile", "stage": "download_davinci", "status": "ok"}
{"timestamp": "2026-03-02T08:01:03+0800", "level": "WARNING", "logger": "etl_logger", "message": "POST failed (VFSC 2026-02-28) attempt 3: 502 Server Error: Bad Gateway for url: https://report.vantagemarkets.com/api/cc-detail/download, took 0.2s", "service": "cc_reconcile", "stage": "download_davinci", "status": "ok"}
{"timestamp": "2026-03-02T08:01:03+0800", "level": "ERROR", "logger": "etl_logger", "message": "POST failed after 3 attempts (VFSC 2026-02-28)", "service": "cc_reconcile", "stage": "download_davinci", "status": "ok"}
{"timestamp": "2026-03-02T08:01:04+0800", "level": "WARNING", "logger": "etl_logger", "message": "POST failed (VFSC 2026-03-01) attempt 1: 500 Server Error: Internal Server Error for url: https://report.vantagemarkets.com/api/cc-detail/download, took 0.2s", "service": "cc_reconcile", "stage": "download_davinci", "status": "ok"}
{"timestamp": "2026-03-02T08:01:09+0800", "level": "WARNING", "logger": "etl_logger", "message": "POST failed (VFSC 2026-03-01) attempt 2: 500 Server Error: Internal Server Error for url: https://report.vantagemarkets.com/api/cc-detail/download, took 0.2s", "service": "cc_reconcile", "stage": "download_davinci", "status": "ok"}
{"timestamp": "2026-03-02T08:01:14+0800", "level": "WARNING", "logger": "etl_logger", "message": "POST failed (VFSC 2026-03-01) attempt 3: 500 Server Error: Internal Server Error for url: https://report.vantagemarkets.com/api/cc-detail/download, took 0.2s", "service": "cc_reconcile", "stage": "download_davinci", "status": "ok"}
{"timestamp": "2026-03-02T08:01:14+0800", "level": "ERROR", "logger": "etl_logger", "message": "POST failed after 3 attempts (VFSC 2026-03-01)", "service": "cc_reconcile", "stage": "download_davinci", "status": "ok"}
{"timestamp": "2026-03-02T08:01:14+0800", "level": "WARNING", "logger": "etl_logger", "message": "POST failed (VFSC 2026-03-02) attempt 1: 500 Server Error: Internal Server Error for url: https://report.vantagemarkets.com/api/cc-detail/download, took 0.2s", "service": "cc_reconcile", "stage": "download_davinci", "status": "ok"}
{"timestamp": "2026-03-02T08:01:20+0800", "level": "WARNING", "logger": "etl_logger", "message": "POST failed (VFSC 2026-03-02) attempt 2: 500 Server Error: Internal Server Error for url: https://report.vantagemarkets.com/api/cc-detail/download, took 0.2s", "service": "cc_reconcile", "stage": "download_davinci", "status": "ok"}
{"timestamp": "2026-03-02T08:01:25+0800", "level": "WARNING", "logger": "etl_logger", "message": "POST failed (VFSC 2026-03-02) attempt 3: 502 Server Error: Bad Gateway for url: https://report.vantagemarkets.com/api/cc-detail/download, took 0.3s", "service": "cc_reconcile", "stage": "download_davinci", "status": "ok"}
{"timestamp": "2026-03-02T08:01:25+0800", "level": "ERROR", "logger": "etl_logger", "message": "POST failed after 3 attempts (VFSC 2026-03-02)", "service": "cc_reconcile", "stage": "download_davinci", "status": "ok"}
{"timestamp": "2026-03-02T08:01:25+0800", "level": "INFO", "logger": "etl_logger", "message": "Finish downloading Davinci CC - VFSC Report", "service": "cc_reconcile", "stage": "download_davinci", "status": "ok"}
{"timestamp": "2026-03-02T08:01:25+0800", "level": "INFO", "logger": "etl_logger", "message": "Start downloading Davinci CC Report for brand: VFSC2...", "service": "cc_reconcile", "stage": "download_davinci", "status": "ok"}
{"timestamp": "2026-03-02T08:01:25+0800", "level": "WARNING", "logger": "etl_logger", "message": "POST failed (VFSC2 2026-02-27) attempt 1: 500 Server Error: Internal Server Error for url: https://report.vantagemarkets.com/api/cc-detail/download, took 0.2s", "service": "cc_reconcile", "stage": "download_davinci", "status": "ok"}
{"timestamp": "2026-03-02T08:01:30+0800", "level": "WARNING", "logger": "etl_logger", "message": "POST failed (VFSC2 2026-02-27) attempt 2: 500 Server Error: Internal Server Error for url: https://report.vantagemarkets.com/api/cc-detail/download, took 0.2s", "service": "cc_reconcile", "stage": "download_davinci", "status": "ok"}
{"timestamp": "2026-03-02T08:01:36+0800", "level": "WARNING", "logger": "etl_logger", "message": "POST failed (VFSC2 2026-02-27) attempt 3: 500 Server Error: Internal Server Error for url: https://report.vantagemarkets.com/api/cc-detail/download, took 0.2s", "service": "cc_reconcile", "stage": "download_davinci", "status": "ok"}
{"timestamp": "2026-03-02T08:01:36+0800", "level": "ERROR", "logger": "etl_logger", "message": "POST failed after 3 attempts (VFSC2 2026-02-27)", "service": "cc_reconcile", "stage": "download_davinci", "status": "ok"}
{"timestamp": "2026-03-02T08:01:36+0800", "level": "WARNING", "logger": "etl_logger", "message": "POST failed (VFSC2 2026-02-28) attempt 1: 500 Server Error: Internal Server Error for url: https://report.vantagemarkets.com/api/cc-detail/download, took 0.2s", "service": "cc_reconcile", "stage": "download_davinci", "status": "ok"}
{"timestamp": "2026-03-02T08:01:41+0800", "level": "WARNING", "logger": "etl_logger", "message": "POST failed (VFSC2 2026-02-28) attempt 2: 500 Server Error: Internal Server Error for url: https://report.vantagemarkets.com/api/cc-detail/download, took 0.2s", "service": "cc_reconcile", "stage": "download_davinci", "status": "ok"}
{"timestamp": "2026-03-02T08:01:46+0800", "level": "WARNING", "logger": "etl_logger", "message": "POST failed (VFSC2 2026-02-28) attempt 3: 500 Server Error: Internal Server Error for url: https://report.vantagemarkets.com/api/cc-detail/download, took 0.2s", "service": "cc_reconcile", "stage": "download_davinci", "status": "ok"}
{"timestamp": "2026-03-02T08:01:46+0800", "level": "ERROR", "logger": "etl_logger", "message": "POST failed after 3 attempts (VFSC2 2026-02-28)", "service": "cc_reconcile", "stage": "download_davinci", "status": "ok"}
{"timestamp": "2026-03-02T08:01:47+0800", "level": "WARNING", "logger": "etl_logger", "message": "POST failed (VFSC2 2026-03-01) attempt 1: 500 Server Error: Internal Server Error for url: https://report.vantagemarkets.com/api/cc-detail/download, took 0.2s", "service": "cc_reconcile", "stage": "download_davinci", "status": "ok"}
{"timestamp": "2026-03-02T08:01:52+0800", "level": "WARNING", "logger": "etl_logger", "message": "POST failed (VFSC2 2026-03-01) attempt 2: 502 Server Error: Bad Gateway for url: https://report.vantagemarkets.com/api/cc-detail/download, took 0.2s", "service": "cc_reconcile", "stage": "download_davinci", "status": "ok"}
{"timestamp": "2026-03-02T08:01:57+0800", "level": "WARNING", "logger": "etl_logger", "message": "POST failed (VFSC2 2026-03-01) attempt 3: 500 Server Error: Internal Server Error for url: https://report.vantagemarkets.com/api/cc-detail/download, took 0.2s", "service": "cc_reconcile", "stage": "download_davinci", "status": "ok"}
{"timestamp": "2026-03-02T08:01:57+0800", "level": "ERROR", "logger": "etl_logger", "message": "POST failed after 3 attempts (VFSC2 2026-03-01)", "service": "cc_reconcile", "stage": "download_davinci", "status": "ok"}
{"timestamp": "2026-03-02T08:01:57+0800", "level": "WARNING", "logger": "etl_logger", "message": "POST failed (VFSC2 2026-03-02) attempt 1: 500 Server Error: Internal Server Error for url: https://report.vantagemarkets.com/api/cc-detail/download, took 0.2s", "service": "cc_reconcile", "stage": "download_davinci", "status": "ok"}
{"timestamp": "2026-03-02T08:02:03+0800", "level": "WARNING", "logger": "etl_logger", "message": "POST failed (VFSC2 2026-03-02) attempt 2: 500 Server Error: Internal Server Error for url: https://report.vantagemarkets.com/api/cc-detail/download, took 0.2s", "service": "cc_reconcile", "stage": "download_davinci", "status": "ok"}
{"timestamp": "2026-03-02T08:02:08+0800", "level": "WARNING", "logger": "etl_logger", "message": "POST failed (VFSC2 2026-03-02) attempt 3: 500 Server Error: Internal Server Error for url: https://report.vantagemarkets.com/api/cc-detail/download, took 0.2s", "service": "cc_reconcile", "stage": "download_davinci", "status": "ok"}
{"timestamp": "2026-03-02T08:02:08+0800", "level": "ERROR", "logger": "etl_logger", "message": "POST failed after 3 attempts (VFSC2 2026-03-02)", "service": "cc_reconcile", "stage": "download_davinci", "status": "ok"}
{"timestamp": "2026-03-02T08:02:08+0800", "level": "INFO", "logger": "etl_logger", "message": "Finish downloading Davinci CC - VFSC2 Report", "service": "cc_reconcile", "stage": "download_davinci", "status": "ok"}
{"timestamp": "2026-03-02T08:02:08+0800", "level": "WARNING", "logger": "etl_logger", "message": "No data downloaded for any brand.", "service": "cc_reconcile", "stage": "download_davinci", "status": "ok"}
Traceback (most recent call last):
  File "/app/main.py", line 72, in <module>
    main()
  File "/app/main.py", line 25, in main
    logger.info(f"Download CRM CC Report Finish ，Total: {len(crm_cc)}")
TypeError: object of type 'NoneType' has no len()
{"timestamp": "2026-03-02T09:00:02+0800", "level": "INFO", "logger": "etl_logger", "message": "Start download reports...", "service": "cc_reconcile", "stage": "download", "status": "ok"}
{"timestamp": "2026-03-02T09:00:05+0800", "level": "INFO", "logger": "etl_logger", "message": "Payabl Login Success and Get Token Success", "service": "cc_reconcile", "stage": "download_payabl", "status": "ok"}
{"timestamp": "2026-03-02T09:00:05+0800", "level": "INFO", "logger": "etl_logger", "message": "Start downloading Payabl CC Report for date: 2026-03-01...", "service": "cc_reconcile", "stage": "download_payabl", "status": "ok"}
{"timestamp": "2026-03-02T09:00:30+0800", "level": "INFO", "logger": "etl_logger", "message": "Start downloading Payabl CC Report for date: 2026-03-02...", "service": "cc_reconcile", "stage": "download_payabl", "status": "ok"}
{"timestamp": "2026-03-02T09:00:42+0800", "level": "INFO", "logger": "etl_logger", "message": "Finish downloading Payabl CC Report", "service": "cc_reconcile", "stage": "download_payabl", "status": "ok"}
{"timestamp": "2026-03-02T09:00:42+0800", "level": "INFO", "logger": "etl_logger", "message": "Download Payabl CC Report Finish ，Total: 54482", "service": "cc_reconcile", "stage": "download", "status": "ok"}
{"timestamp": "2026-03-02T09:00:42+0800", "level": "INFO", "logger": "etl_logger", "message": "Login attempt 1/5", "service": "cc_reconcile", "stage": "download_davinci", "status": "ok"}
{"timestamp": "2026-03-02T09:00:44+0800", "level": "INFO", "logger": "etl_logger", "message": "Login response status=200, url=https://admin.vantagemarkets.com/admin/main, cookies=4", "service": "cc_reconcile", "stage": "download_davinci", "status": "ok"}
{"timestamp": "2026-03-02T09:00:44+0800", "level": "INFO", "logger": "etl_logger", "message": "Login successful", "service": "cc_reconcile", "stage": "download_davinci", "status": "ok"}
{"timestamp": "2026-03-02T09:00:44+0800", "level": "INFO", "logger": "etl_logger", "message": "Token obtained successfully", "service": "cc_reconcile", "stage": "download_davinci", "status": "ok"}
{"timestamp": "2026-03-02T09:00:44+0800", "level": "INFO", "logger": "etl_logger", "message": "Start downloading Davinci CC Report for brand: VFSC...", "service": "cc_reconcile", "stage": "download_davinci", "status": "ok"}
{"timestamp": "2026-03-02T09:00:45+0800", "level": "WARNING", "logger": "etl_logger", "message": "POST failed (VFSC 2026-02-27) attempt 1: 502 Server Error: Bad Gateway for url: https://report.vantagemarkets.com/api/cc-detail/download, took 1.1s", "service": "cc_reconcile", "stage": "download_davinci", "status": "ok"}
{"timestamp": "2026-03-02T09:01:08+0800", "level": "INFO", "logger": "etl_logger", "message": "POST success (VFSC 2026-02-27): cc_withdraw_detail_report_20260302010108.csv, took 18.1s", "service": "cc_reconcile", "stage": "download_davinci", "status": "ok"}
{"timestamp": "2026-03-02T09:01:10+0800", "level": "INFO", "logger": "etl_logger", "message": "Download success (VFSC 2026-02-27): cc_withdraw_detail_report_20260302010108.csv, took 1.8s", "service": "cc_reconcile", "stage": "download_davinci", "status": "ok"}
{"timestamp": "2026-03-02T09:01:28+0800", "level": "INFO", "logger": "etl_logger", "message": "POST success (VFSC 2026-02-28): cc_withdraw_detail_report_20260302010128.csv, took 18.3s", "service": "cc_reconcile", "stage": "download_davinci", "status": "ok"}
{"timestamp": "2026-03-02T09:01:30+0800", "level": "INFO", "logger": "etl_logger", "message": "Download success (VFSC 2026-02-28): cc_withdraw_detail_report_20260302010128.csv, took 1.8s", "service": "cc_reconcile", "stage": "download_davinci", "status": "ok"}
{"timestamp": "2026-03-02T09:01:48+0800", "level": "INFO", "logger": "etl_logger", "message": "POST success (VFSC 2026-03-01): cc_withdraw_detail_report_20260302010148.csv, took 17.7s", "service": "cc_reconcile", "stage": "download_davinci", "status": "ok"}
{"timestamp": "2026-03-02T09:01:50+0800", "level": "INFO", "logger": "etl_logger", "message": "Download success (VFSC 2026-03-01): cc_withdraw_detail_report_20260302010148.csv, took 1.8s", "service": "cc_reconcile", "stage": "download_davinci", "status": "ok"}
{"timestamp": "2026-03-02T09:02:08+0800", "level": "INFO", "logger": "etl_logger", "message": "POST success (VFSC 2026-03-02): cc_withdraw_detail_report_20260302010208.csv, took 18.2s", "service": "cc_reconcile", "stage": "download_davinci", "status": "ok"}
{"timestamp": "2026-03-02T09:02:10+0800", "level": "INFO", "logger": "etl_logger", "message": "Download success (VFSC 2026-03-02): cc_withdraw_detail_report_20260302010208.csv, took 1.8s", "service": "cc_reconcile", "stage": "download_davinci", "status": "ok"}
{"timestamp": "2026-03-02T09:02:10+0800", "level": "INFO", "logger": "etl_logger", "message": "Finish downloading Davinci CC - VFSC Report", "service": "cc_reconcile", "stage": "download_davinci", "status": "ok"}
{"timestamp": "2026-03-02T09:02:10+0800", "level": "INFO", "logger": "etl_logger", "message": "Start downloading Davinci CC Report for brand: VFSC2...", "service": "cc_reconcile", "stage": "download_davinci", "status": "ok"}
{"timestamp": "2026-03-02T09:03:02+0800", "level": "INFO", "logger": "etl_logger", "message": "POST success (VFSC2 2026-02-27): cc_withdraw_detail_report_20260302010302.csv, took 52.8s", "service": "cc_reconcile", "stage": "download_davinci", "status": "ok"}
{"timestamp": "2026-03-02T09:03:06+0800", "level": "INFO", "logger": "etl_logger", "message": "Download success (VFSC2 2026-02-27): cc_withdraw_detail_report_20260302010302.csv, took 3.0s", "service": "cc_reconcile", "stage": "download_davinci", "status": "ok"}
{"timestamp": "2026-03-02T09:03:06+0800", "level": "WARNING", "logger": "etl_logger", "message": "POST failed (VFSC2 2026-02-28) attempt 1: 502 Server Error: Bad Gateway for url: https://report.vantagemarkets.com/api/cc-detail/download, took 0.3s", "service": "cc_reconcile", "stage": "download_davinci", "status": "ok"}
{"timestamp": "2026-03-02T09:04:01+0800", "level": "INFO", "logger": "etl_logger", "message": "POST success (VFSC2 2026-02-28): cc_withdraw_detail_report_20260302010401.csv, took 49.8s", "service": "cc_reconcile", "stage": "download_davinci", "status": "ok"}
{"timestamp": "2026-03-02T09:04:03+0800", "level": "INFO", "logger": "etl_logger", "message": "Download success (VFSC2 2026-02-28): cc_withdraw_detail_report_20260302010401.csv, took 2.6s", "service": "cc_reconcile", "stage": "download_davinci", "status": "ok"}
{"timestamp": "2026-03-02T09:04:53+0800", "level": "INFO", "logger": "etl_logger", "message": "POST success (VFSC2 2026-03-01): cc_withdraw_detail_report_20260302010453.csv, took 49.8s", "service": "cc_reconcile", "stage": "download_davinci", "status": "ok"}
{"timestamp": "2026-03-02T09:04:55+0800", "level": "INFO", "logger": "etl_logger", "message": "Download success (VFSC2 2026-03-01): cc_withdraw_detail_report_20260302010453.csv, took 2.2s", "service": "cc_reconcile", "stage": "download_davinci", "status": "ok"}
{"timestamp": "2026-03-02T09:05:17+0800", "level": "WARNING", "logger": "etl_logger", "message": "POST failed (VFSC2 2026-03-02) attempt 1: 500 Server Error: Internal Server Error for url: https://report.vantagemarkets.com/api/cc-detail/download, took 21.9s", "service": "cc_reconcile", "stage": "download_davinci", "status": "ok"}
{"timestamp": "2026-03-02T09:06:13+0800", "level": "INFO", "logger": "etl_logger", "message": "POST success (VFSC2 2026-03-02): cc_withdraw_detail_report_20260302010613.csv, took 50.9s", "service": "cc_reconcile", "stage": "download_davinci", "status": "ok"}
{"timestamp": "2026-03-02T09:06:14+0800", "level": "WARNING", "logger": "etl_logger", "message": "Download failed (VFSC2 2026-03-02) attempt 1: 502 Server Error: Bad Gateway for url: https://report.vantagemarkets.com/api/download/cc_withdraw_detail_report_20260302010613.csv, took 1.0s", "service": "cc_reconcile", "stage": "download_davinci", "status": "ok"}
{"timestamp": "2026-03-02T09:06:21+0800", "level": "INFO", "logger": "etl_logger", "message": "Download success (VFSC2 2026-03-02): cc_withdraw_detail_report_20260302010613.csv, took 2.1s", "service": "cc_reconcile", "stage": "download_davinci", "status": "ok"}
{"timestamp": "2026-03-02T09:06:22+0800", "level": "INFO", "logger": "etl_logger", "message": "Finish downloading Davinci CC - VFSC2 Report", "service": "cc_reconcile", "stage": "download_davinci", "status": "ok"}
{"timestamp": "2026-03-02T09:06:22+0800", "level": "INFO", "logger": "etl_logger", "message": "Finish downloading Davinci CC Report for all brands, total rows: 30078", "service": "cc_reconcile", "stage": "download_davinci", "status": "ok"}
{"timestamp": "2026-03-02T09:06:22+0800", "level": "INFO", "logger": "etl_logger", "message": "Download CRM CC Report Finish ，Total: 30078", "service": "cc_reconcile", "stage": "download", "status": "ok"}
{"timestamp": "2026-03-02T09:06:22+0800", "level": "INFO", "logger": "etl_logger", "message": "Start reconcile...", "service": "cc_reconcile", "stage": "reconcile", "status": "ok"}
{"timestamp": "2026-03-02T09:06:22+0800", "level": "INFO", "logger": "etl_logger", "message": "Reconcile Finish ，Total Mismatch Case: 6", "service": "cc_reconcile", "stage": "reconcile", "status": "ok"}
{"timestamp": "2026-03-02T09:06:22+0800", "level": "INFO", "logger": "etl_logger", "message": "Connect Lark Finish", "service": "cc_reconcile", "stage": "lark", "status": "ok"}
{"timestamp": "2026-03-02T09:06:22+0800", "level": "INFO", "logger": "etl_logger", "message": "Start query existing data in LarkSheet...", "service": "cc_reconcile", "stage": "lark", "status": "ok"}
{"timestamp": "2026-03-02T09:06:25+0800", "level": "INFO", "logger": "etl_logger", "message": "Query existing data in LarkSheet Finish", "service": "cc_reconcile", "stage": "lark", "status": "ok"}
{"timestamp": "2026-03-02T09:06:25+0800", "level": "INFO", "logger": "etl_logger", "message": "Total unique keys in LarkSheet: 63, Total new mismatch cases to upload: 6", "service": "cc_reconcile", "stage": "lark", "status": "ok"}
{"timestamp": "2026-03-02T09:06:25+0800", "level": "INFO", "logger": "etl_logger", "message": "Append data to LarkSheet with range: Kalw4Y!A2:L8, rows: 6, columns: 12", "service": "cc_reconcile", "stage": "lark", "status": "ok"}
{"timestamp": "2026-03-02T09:06:25+0800", "level": "INFO", "logger": "etl_logger", "message": "✅ Successfully appended data to LarkSheet", "service": "cc_reconcile", "stage": "lark", "status": "ok"}
{"timestamp": "2026-03-02T09:06:27+0800", "level": "INFO", "logger": "etl_logger", "message": "Upload data to LarkSheet Finish", "service": "cc_reconcile", "stage": "lark", "status": "ok"}
{"timestamp": "2026-03-02T10:00:01+0800", "level": "INFO", "logger": "etl_logger", "message": "Start download reports...", "service": "cc_reconcile", "stage": "download", "status": "ok"}
{"timestamp": "2026-03-02T10:00:04+0800", "level": "INFO", "logger": "etl_logger", "message": "Payabl Login Success and Get Token Success", "service": "cc_reconcile", "stage": "download_payabl", "status": "ok"}
{"timestamp": "2026-03-02T10:00:04+0800", "level": "INFO", "logger": "etl_logger", "message": "Start downloading Payabl CC Report for date: 2026-03-01...", "service": "cc_reconcile", "stage": "download_payabl", "status": "ok"}
{"timestamp": "2026-03-02T10:00:29+0800", "level": "INFO", "logger": "etl_logger", "message": "Start downloading Payabl CC Report for date: 2026-03-02...", "service": "cc_reconcile", "stage": "download_payabl", "status": "ok"}
{"timestamp": "2026-03-02T10:00:44+0800", "level": "INFO", "logger": "etl_logger", "message": "Finish downloading Payabl CC Report", "service": "cc_reconcile", "stage": "download_payabl", "status": "ok"}
{"timestamp": "2026-03-02T10:00:44+0800", "level": "INFO", "logger": "etl_logger", "message": "Download Payabl CC Report Finish ，Total: 58966", "service": "cc_reconcile", "stage": "download", "status": "ok"}
{"timestamp": "2026-03-02T10:00:44+0800", "level": "INFO", "logger": "etl_logger", "message": "Login attempt 1/5", "service": "cc_reconcile", "stage": "download_davinci", "status": "ok"}
{"timestamp": "2026-03-02T10:00:46+0800", "level": "INFO", "logger": "etl_logger", "message": "Login response status=200, url=https://admin.vantagemarkets.com/admin/main, cookies=4", "service": "cc_reconcile", "stage": "download_davinci", "status": "ok"}
{"timestamp": "2026-03-02T10:00:46+0800", "level": "INFO", "logger": "etl_logger", "message": "Login successful", "service": "cc_reconcile", "stage": "download_davinci", "status": "ok"}
{"timestamp": "2026-03-02T10:00:46+0800", "level": "INFO", "logger": "etl_logger", "message": "Token obtained successfully", "service": "cc_reconcile", "stage": "download_davinci", "status": "ok"}
{"timestamp": "2026-03-02T10:00:46+0800", "level": "INFO", "logger": "etl_logger", "message": "Start downloading Davinci CC Report for brand: VFSC...", "service": "cc_reconcile", "stage": "download_davinci", "status": "ok"}
{"timestamp": "2026-03-02T10:01:12+0800", "level": "INFO", "logger": "etl_logger", "message": "POST success (VFSC 2026-02-27): cc_withdraw_detail_report_20260302020112.csv, took 26.5s", "service": "cc_reconcile", "stage": "download_davinci", "status": "ok"}
{"timestamp": "2026-03-02T10:01:14+0800", "level": "INFO", "logger": "etl_logger", "message": "Download success (VFSC 2026-02-27): cc_withdraw_detail_report_20260302020112.csv, took 1.8s", "service": "cc_reconcile", "stage": "download_davinci", "status": "ok"}
{"timestamp": "2026-03-02T10:01:48+0800", "level": "WARNING", "logger": "etl_logger", "message": "POST failed (VFSC 2026-02-28) attempt 1: 502 Server Error: Bad Gateway for url: https://report.vantagemarkets.com/api/cc-detail/download, took 33.5s", "service": "cc_reconcile", "stage": "download_davinci", "status": "ok"}
{"timestamp": "2026-03-02T10:02:44+0800", "level": "INFO", "logger": "etl_logger", "message": "POST success (VFSC 2026-02-28): cc_withdraw_detail_report_20260302020244.csv, took 51.6s", "service": "cc_reconcile", "stage": "download_davinci", "status": "ok"}
{"timestamp": "2026-03-02T10:02:46+0800", "level": "INFO", "logger": "etl_logger", "message": "Download success (VFSC 2026-02-28): cc_withdraw_detail_report_20260302020244.csv, took 1.4s", "service": "cc_reconcile", "stage": "download_davinci", "status": "ok"}
{"timestamp": "2026-03-02T10:03:04+0800", "level": "INFO", "logger": "etl_logger", "message": "POST success (VFSC 2026-03-01): cc_withdraw_detail_report_20260302020304.csv, took 18.3s", "service": "cc_reconcile", "stage": "download_davinci", "status": "ok"}
{"timestamp": "2026-03-02T10:03:06+0800", "level": "INFO", "logger": "etl_logger", "message": "Download success (VFSC 2026-03-01): cc_withdraw_detail_report_20260302020304.csv, took 1.7s", "service": "cc_reconcile", "stage": "download_davinci", "status": "ok"}
{"timestamp": "2026-03-02T10:03:25+0800", "level": "INFO", "logger": "etl_logger", "message": "POST success (VFSC 2026-03-02): cc_withdraw_detail_report_20260302020325.csv, took 19.3s", "service": "cc_reconcile", "stage": "download_davinci", "status": "ok"}
{"timestamp": "2026-03-02T10:03:27+0800", "level": "INFO", "logger": "etl_logger", "message": "Download success (VFSC 2026-03-02): cc_withdraw_detail_report_20260302020325.csv, took 2.0s", "service": "cc_reconcile", "stage": "download_davinci", "status": "ok"}
{"timestamp": "2026-03-02T10:03:27+0800", "level": "INFO", "logger": "etl_logger", "message": "Finish downloading Davinci CC - VFSC Report", "service": "cc_reconcile", "stage": "download_davinci", "status": "ok"}
{"timestamp": "2026-03-02T10:03:27+0800", "level": "INFO", "logger": "etl_logger", "message": "Start downloading Davinci CC Report for brand: VFSC2...", "service": "cc_reconcile", "stage": "download_davinci", "status": "ok"}
{"timestamp": "2026-03-02T10:04:32+0800", "level": "INFO", "logger": "etl_logger", "message": "POST success (VFSC2 2026-02-27): cc_withdraw_detail_report_20260302020432.csv, took 64.6s", "service": "cc_reconcile", "stage": "download_davinci", "status": "ok"}
{"timestamp": "2026-03-02T10:04:35+0800", "level": "INFO", "logger": "etl_logger", "message": "Download success (VFSC2 2026-02-27): cc_withdraw_detail_report_20260302020432.csv, took 3.0s", "service": "cc_reconcile", "stage": "download_davinci", "status": "ok"}
{"timestamp": "2026-03-02T10:05:02+0800", "level": "WARNING", "logger": "etl_logger", "message": "POST failed (VFSC2 2026-02-28) attempt 1: 500 Server Error: Internal Server Error for url: https://report.vantagemarkets.com/api/cc-detail/download, took 27.8s", "service": "cc_reconcile", "stage": "download_davinci", "status": "ok"}
{"timestamp": "2026-03-02T10:05:36+0800", "level": "WARNING", "logger": "etl_logger", "message": "POST failed (VFSC2 2026-02-28) attempt 2: 500 Server Error: Internal Server Error for url: https://report.vantagemarkets.com/api/cc-detail/download, took 28.1s", "service": "cc_reconcile", "stage": "download_davinci", "status": "ok"}
{"timestamp": "2026-03-02T10:06:33+0800", "level": "INFO", "logger": "etl_logger", "message": "POST success (VFSC2 2026-02-28): cc_withdraw_detail_report_20260302020633.csv, took 52.1s", "service": "cc_reconcile", "stage": "download_davinci", "status": "ok"}
{"timestamp": "2026-03-02T10:06:34+0800", "level": "WARNING", "logger": "etl_logger", "message": "Download failed (VFSC2 2026-02-28) attempt 1: 502 Server Error: Bad Gateway for url: https://report.vantagemarkets.com/api/download/cc_withdraw_detail_report_20260302020633.csv, took 1.0s", "service": "cc_reconcile", "stage": "download_davinci", "status": "ok"}
{"timestamp": "2026-03-02T10:06:40+0800", "level": "WARNING", "logger": "etl_logger", "message": "Download failed (VFSC2 2026-02-28) attempt 2: 502 Server Error: Bad Gateway for url: https://report.vantagemarkets.com/api/download/cc_withdraw_detail_report_20260302020633.csv, took 1.5s", "service": "cc_reconcile", "stage": "download_davinci", "status": "ok"}
{"timestamp": "2026-03-02T10:06:47+0800", "level": "INFO", "logger": "etl_logger", "message": "Download success (VFSC2 2026-02-28): cc_withdraw_detail_report_20260302020633.csv, took 2.0s", "service": "cc_reconcile", "stage": "download_davinci", "status": "ok"}
{"timestamp": "2026-03-02T10:07:42+0800", "level": "INFO", "logger": "etl_logger", "message": "POST success (VFSC2 2026-03-01): cc_withdraw_detail_report_20260302020742.csv, took 54.8s", "service": "cc_reconcile", "stage": "download_davinci", "status": "ok"}
{"timestamp": "2026-03-02T10:07:45+0800", "level": "INFO", "logger": "etl_logger", "message": "Download success (VFSC2 2026-03-01): cc_withdraw_detail_report_20260302020742.csv, took 2.6s", "service": "cc_reconcile", "stage": "download_davinci", "status": "ok"}
{"timestamp": "2026-03-02T10:08:40+0800", "level": "INFO", "logger": "etl_logger", "message": "POST success (VFSC2 2026-03-02): cc_withdraw_detail_report_20260302020840.csv, took 55.3s", "service": "cc_reconcile", "stage": "download_davinci", "status": "ok"}
{"timestamp": "2026-03-02T10:08:43+0800", "level": "INFO", "logger": "etl_logger", "message": "Download success (VFSC2 2026-03-02): cc_withdraw_detail_report_20260302020840.csv, took 2.8s", "service": "cc_reconcile", "stage": "download_davinci", "status": "ok"}
{"timestamp": "2026-03-02T10:08:43+0800", "level": "INFO", "logger": "etl_logger", "message": "Finish downloading Davinci CC - VFSC2 Report", "service": "cc_reconcile", "stage": "download_davinci", "status": "ok"}
{"timestamp": "2026-03-02T10:08:43+0800", "level": "INFO", "logger": "etl_logger", "message": "Finish downloading Davinci CC Report for all brands, total rows: 31007", "service": "cc_reconcile", "stage": "download_davinci", "status": "ok"}
{"timestamp": "2026-03-02T10:08:43+0800", "level": "INFO", "logger": "etl_logger", "message": "Download CRM CC Report Finish ，Total: 31007", "service": "cc_reconcile", "stage": "download", "status": "ok"}
{"timestamp": "2026-03-02T10:08:43+0800", "level": "INFO", "logger": "etl_logger", "message": "Start reconcile...", "service": "cc_reconcile", "stage": "reconcile", "status": "ok"}
{"timestamp": "2026-03-02T10:08:43+0800", "level": "INFO", "logger": "etl_logger", "message": "Reconcile Finish ，Total Mismatch Case: 6", "service": "cc_reconcile", "stage": "reconcile", "status": "ok"}
{"timestamp": "2026-03-02T10:08:44+0800", "level": "INFO", "logger": "etl_logger", "message": "Connect Lark Finish", "service": "cc_reconcile", "stage": "lark", "status": "ok"}
{"timestamp": "2026-03-02T10:08:44+0800", "level": "INFO", "logger": "etl_logger", "message": "Start query existing data in LarkSheet...", "service": "cc_reconcile", "stage": "lark", "status": "ok"}
{"timestamp": "2026-03-02T10:08:45+0800", "level": "INFO", "logger": "etl_logger", "message": "Query existing data in LarkSheet Finish", "service": "cc_reconcile", "stage": "lark", "status": "ok"}
{"timestamp": "2026-03-02T10:08:45+0800", "level": "INFO", "logger": "etl_logger", "message": "Total unique keys in LarkSheet: 69, Total new mismatch cases to upload: 0", "service": "cc_reconcile", "stage": "lark", "status": "ok"}
{"timestamp": "2026-03-02T10:08:45+0800", "level": "INFO", "logger": "etl_logger", "message": "Append data to LarkSheet with range: Kalw4Y!A2:L3, rows: 1, columns: 12", "service": "cc_reconcile", "stage": "lark", "status": "ok"}
{"timestamp": "2026-03-02T10:08:45+0800", "level": "INFO", "logger": "etl_logger", "message": "✅ Successfully appended data to LarkSheet", "service": "cc_reconcile", "stage": "lark", "status": "ok"}
{"timestamp": "2026-03-02T10:08:48+0800", "level": "INFO", "logger": "etl_logger", "message": "Upload data to LarkSheet Finish", "service": "cc_reconcile", "stage": "lark", "status": "ok"}
{"timestamp": "2026-03-02T11:00:02+0800", "level": "INFO", "logger": "etl_logger", "message": "Start download reports...", "service": "cc_reconcile", "stage": "download", "status": "ok"}
{"timestamp": "2026-03-02T11:00:05+0800", "level": "INFO", "logger": "etl_logger", "message": "Payabl Login Success and Get Token Success", "service": "cc_reconcile", "stage": "download_payabl", "status": "ok"}
{"timestamp": "2026-03-02T11:00:05+0800", "level": "INFO", "logger": "etl_logger", "message": "Start downloading Payabl CC Report for date: 2026-03-01...", "service": "cc_reconcile", "stage": "download_payabl", "status": "ok"}
{"timestamp": "2026-03-02T11:00:28+0800", "level": "INFO", "logger": "etl_logger", "message": "Start downloading Payabl CC Report for date: 2026-03-02...", "service": "cc_reconcile", "stage": "download_payabl", "status": "ok"}
{"timestamp": "2026-03-02T11:00:43+0800", "level": "INFO", "logger": "etl_logger", "message": "Finish downloading Payabl CC Report", "service": "cc_reconcile", "stage": "download_payabl", "status": "ok"}
{"timestamp": "2026-03-02T11:00:43+0800", "level": "INFO", "logger": "etl_logger", "message": "Download Payabl CC Report Finish ，Total: 60614", "service": "cc_reconcile", "stage": "download", "status": "ok"}
{"timestamp": "2026-03-02T11:00:43+0800", "level": "INFO", "logger": "etl_logger", "message": "Login attempt 1/5", "service": "cc_reconcile", "stage": "download_davinci", "status": "ok"}
{"timestamp": "2026-03-02T11:00:45+0800", "level": "INFO", "logger": "etl_logger", "message": "Login response status=200, url=https://admin.vantagemarkets.com/admin/main, cookies=4", "service": "cc_reconcile", "stage": "download_davinci", "status": "ok"}
{"timestamp": "2026-03-02T11:00:45+0800", "level": "INFO", "logger": "etl_logger", "message": "Login successful", "service": "cc_reconcile", "stage": "download_davinci", "status": "ok"}
{"timestamp": "2026-03-02T11:00:45+0800", "level": "INFO", "logger": "etl_logger", "message": "Token obtained successfully", "service": "cc_reconcile", "stage": "download_davinci", "status": "ok"}
{"timestamp": "2026-03-02T11:00:45+0800", "level": "INFO", "logger": "etl_logger", "message": "Start downloading Davinci CC Report for brand: VFSC...", "service": "cc_reconcile", "stage": "download_davinci", "status": "ok"}
{"timestamp": "2026-03-02T11:01:04+0800", "level": "INFO", "logger": "etl_logger", "message": "POST success (VFSC 2026-02-27): cc_withdraw_detail_report_20260302030104.csv, took 18.5s", "service": "cc_reconcile", "stage": "download_davinci", "status": "ok"}
{"timestamp": "2026-03-02T11:01:06+0800", "level": "INFO", "logger": "etl_logger", "message": "Download success (VFSC 2026-02-27): cc_withdraw_detail_report_20260302030104.csv, took 2.1s", "service": "cc_reconcile", "stage": "download_davinci", "status": "ok"}
{"timestamp": "2026-03-02T11:01:24+0800", "level": "INFO", "logger": "etl_logger", "message": "POST success (VFSC 2026-02-28): cc_withdraw_detail_report_20260302030124.csv, took 18.2s", "service": "cc_reconcile", "stage": "download_davinci", "status": "ok"}
{"timestamp": "2026-03-02T11:01:26+0800", "level": "INFO", "logger": "etl_logger", "message": "Download success (VFSC 2026-02-28): cc_withdraw_detail_report_20260302030124.csv, took 1.7s", "service": "cc_reconcile", "stage": "download_davinci", "status": "ok"}
{"timestamp": "2026-03-02T11:01:44+0800", "level": "INFO", "logger": "etl_logger", "message": "POST success (VFSC 2026-03-01): cc_withdraw_detail_report_20260302030144.csv, took 18.0s", "service": "cc_reconcile", "stage": "download_davinci", "status": "ok"}
{"timestamp": "2026-03-02T11:01:45+0800", "level": "INFO", "logger": "etl_logger", "message": "Download success (VFSC 2026-03-01): cc_withdraw_detail_report_20260302030144.csv, took 1.8s", "service": "cc_reconcile", "stage": "download_davinci", "status": "ok"}
{"timestamp": "2026-03-02T11:02:03+0800", "level": "INFO", "logger": "etl_logger", "message": "POST success (VFSC 2026-03-02): cc_withdraw_detail_report_20260302030203.csv, took 17.3s", "service": "cc_reconcile", "stage": "download_davinci", "status": "ok"}
{"timestamp": "2026-03-02T11:02:05+0800", "level": "INFO", "logger": "etl_logger", "message": "Download success (VFSC 2026-03-02): cc_withdraw_detail_report_20260302030203.csv, took 2.0s", "service": "cc_reconcile", "stage": "download_davinci", "status": "ok"}
{"timestamp": "2026-03-02T11:02:05+0800", "level": "INFO", "logger": "etl_logger", "message": "Finish downloading Davinci CC - VFSC Report", "service": "cc_reconcile", "stage": "download_davinci", "status": "ok"}
{"timestamp": "2026-03-02T11:02:05+0800", "level": "INFO", "logger": "etl_logger", "message": "Start downloading Davinci CC Report for brand: VFSC2...", "service": "cc_reconcile", "stage": "download_davinci", "status": "ok"}
{"timestamp": "2026-03-02T11:02:56+0800", "level": "INFO", "logger": "etl_logger", "message": "POST success (VFSC2 2026-02-27): cc_withdraw_detail_report_20260302030256.csv, took 51.8s", "service": "cc_reconcile", "stage": "download_davinci", "status": "ok"}
{"timestamp": "2026-03-02T11:02:59+0800", "level": "INFO", "logger": "etl_logger", "message": "Download success (VFSC2 2026-02-27): cc_withdraw_detail_report_20260302030256.csv, took 3.0s", "service": "cc_reconcile", "stage": "download_davinci", "status": "ok"}
{"timestamp": "2026-03-02T11:04:16+0800", "level": "INFO", "logger": "etl_logger", "message": "POST success (VFSC2 2026-02-28): cc_withdraw_detail_report_20260302030416.csv, took 76.3s", "service": "cc_reconcile", "stage": "download_davinci", "status": "ok"}
{"timestamp": "2026-03-02T11:04:18+0800", "level": "INFO", "logger": "etl_logger", "message": "Download success (VFSC2 2026-02-28): cc_withdraw_detail_report_20260302030416.csv, took 2.7s", "service": "cc_reconcile", "stage": "download_davinci", "status": "ok"}
{"timestamp": "2026-03-02T11:05:31+0800", "level": "INFO", "logger": "etl_logger", "message": "POST success (VFSC2 2026-03-01): cc_withdraw_detail_report_20260302030531.csv, took 72.7s", "service": "cc_reconcile", "stage": "download_davinci", "status": "ok"}
{"timestamp": "2026-03-02T11:05:34+0800", "level": "INFO", "logger": "etl_logger", "message": "Download success (VFSC2 2026-03-01): cc_withdraw_detail_report_20260302030531.csv, took 2.6s", "service": "cc_reconcile", "stage": "download_davinci", "status": "ok"}
{"timestamp": "2026-03-02T11:05:56+0800", "level": "WARNING", "logger": "etl_logger", "message": "POST failed (VFSC2 2026-03-02) attempt 1: 500 Server Error: Internal Server Error for url: https://report.vantagemarkets.com/api/cc-detail/download, took 22.2s", "service": "cc_reconcile", "stage": "download_davinci", "status": "ok"}
{"timestamp": "2026-03-02T11:06:01+0800", "level": "WARNING", "logger": "etl_logger", "message": "POST failed (VFSC2 2026-03-02) attempt 2: 502 Server Error: Bad Gateway for url: https://report.vantagemarkets.com/api/cc-detail/download, took 0.2s", "service": "cc_reconcile", "stage": "download_davinci", "status": "ok"}
{"timestamp": "2026-03-02T11:06:06+0800", "level": "WARNING", "logger": "etl_logger", "message": "POST failed (VFSC2 2026-03-02) attempt 3: 502 Server Error: Bad Gateway for url: https://report.vantagemarkets.com/api/cc-detail/download, took 0.2s", "service": "cc_reconcile", "stage": "download_davinci", "status": "ok"}
{"timestamp": "2026-03-02T11:06:06+0800", "level": "ERROR", "logger": "etl_logger", "message": "POST failed after 3 attempts (VFSC2 2026-03-02)", "service": "cc_reconcile", "stage": "download_davinci", "status": "ok"}
{"timestamp": "2026-03-02T11:06:07+0800", "level": "INFO", "logger": "etl_logger", "message": "Finish downloading Davinci CC - VFSC2 Report", "service": "cc_reconcile", "stage": "download_davinci", "status": "ok"}
{"timestamp": "2026-03-02T11:06:07+0800", "level": "INFO", "logger": "etl_logger", "message": "Finish downloading Davinci CC Report for all brands, total rows: 23017", "service": "cc_reconcile", "stage": "download_davinci", "status": "ok"}
{"timestamp": "2026-03-02T11:06:07+0800", "level": "INFO", "logger": "etl_logger", "message": "Download CRM CC Report Finish ，Total: 23017", "service": "cc_reconcile", "stage": "download", "status": "ok"}
{"timestamp": "2026-03-02T11:06:07+0800", "level": "INFO", "logger": "etl_logger", "message": "Start reconcile...", "service": "cc_reconcile", "stage": "reconcile", "status": "ok"}
{"timestamp": "2026-03-02T11:06:08+0800", "level": "INFO", "logger": "etl_logger", "message": "Reconcile Finish ，Total Mismatch Case: 7", "service": "cc_reconcile", "stage": "reconcile", "status": "ok"}
{"timestamp": "2026-03-02T11:06:08+0800", "level": "INFO", "logger": "etl_logger", "message": "Connect Lark Finish", "service": "cc_reconcile", "stage": "lark", "status": "ok"}
{"timestamp": "2026-03-02T11:06:08+0800", "level": "INFO", "logger": "etl_logger", "message": "Start query existing data in LarkSheet...", "service": "cc_reconcile", "stage": "lark", "status": "ok"}
{"timestamp": "2026-03-02T11:06:09+0800", "level": "INFO", "logger": "etl_logger", "message": "Query existing data in LarkSheet Finish", "service": "cc_reconcile", "stage": "lark", "status": "ok"}
{"timestamp": "2026-03-02T11:06:09+0800", "level": "INFO", "logger": "etl_logger", "message": "Total unique keys in LarkSheet: 69, Total new mismatch cases to upload: 1", "service": "cc_reconcile", "stage": "lark", "status": "ok"}
{"timestamp": "2026-03-02T11:06:09+0800", "level": "INFO", "logger": "etl_logger", "message": "Append data to LarkSheet with range: Kalw4Y!A2:L3, rows: 1, columns: 12", "service": "cc_reconcile", "stage": "lark", "status": "ok"}
{"timestamp": "2026-03-02T11:06:10+0800", "level": "INFO", "logger": "etl_logger", "message": "✅ Successfully appended data to LarkSheet", "service": "cc_reconcile", "stage": "lark", "status": "ok"}
{"timestamp": "2026-03-02T11:06:11+0800", "level": "INFO", "logger": "etl_logger", "message": "Upload data to LarkSheet Finish", "service": "cc_reconcile", "stage": "lark", "status": "ok"}
{"timestamp": "2026-03-02T12:00:02+0800", "level": "INFO", "logger": "etl_logger", "message": "Start download reports...", "service": "cc_reconcile", "stage": "download", "status": "ok"}
{"timestamp": "2026-03-02T12:00:05+0800", "level": "INFO", "logger": "etl_logger", "message": "Payabl Login Success and Get Token Success", "service": "cc_reconcile", "stage": "download_payabl", "status": "ok"}
{"timestamp": "2026-03-02T12:00:05+0800", "level": "INFO", "logger": "etl_logger", "message": "Start downloading Payabl CC Report for date: 2026-03-01...", "service": "cc_reconcile", "stage": "download_payabl", "status": "ok"}
{"timestamp": "2026-03-02T12:00:28+0800", "level": "INFO", "logger": "etl_logger", "message": "Start downloading Payabl CC Report for date: 2026-03-02...", "service": "cc_reconcile", "stage": "download_payabl", "status": "ok"}
{"timestamp": "2026-03-02T12:00:44+0800", "level": "INFO", "logger": "etl_logger", "message": "Finish downloading Payabl CC Report", "service": "cc_reconcile", "stage": "download_payabl", "status": "ok"}
{"timestamp": "2026-03-02T12:00:44+0800", "level": "INFO", "logger": "etl_logger", "message": "Download Payabl CC Report Finish ，Total: 61487", "service": "cc_reconcile", "stage": "download", "status": "ok"}
{"timestamp": "2026-03-02T12:00:44+0800", "level": "INFO", "logger": "etl_logger", "message": "Login attempt 1/5", "service": "cc_reconcile", "stage": "download_davinci", "status": "ok"}
{"timestamp": "2026-03-02T12:00:45+0800", "level": "INFO", "logger": "etl_logger", "message": "Login response status=200, url=https://admin.vantagemarkets.com/admin/main, cookies=4", "service": "cc_reconcile", "stage": "download_davinci", "status": "ok"}
{"timestamp": "2026-03-02T12:00:45+0800", "level": "INFO", "logger": "etl_logger", "message": "Login successful", "service": "cc_reconcile", "stage": "download_davinci", "status": "ok"}
{"timestamp": "2026-03-02T12:00:45+0800", "level": "INFO", "logger": "etl_logger", "message": "Token obtained successfully", "service": "cc_reconcile", "stage": "download_davinci", "status": "ok"}
{"timestamp": "2026-03-02T12:00:45+0800", "level": "INFO", "logger": "etl_logger", "message": "Start downloading Davinci CC Report for brand: VFSC...", "service": "cc_reconcile", "stage": "download_davinci", "status": "ok"}
{"timestamp": "2026-03-02T12:00:46+0800", "level": "WARNING", "logger": "etl_logger", "message": "POST failed (VFSC 2026-02-27) attempt 1: 502 Server Error: Bad Gateway for url: https://report.vantagemarkets.com/api/cc-detail/download, took 0.8s", "service": "cc_reconcile", "stage": "download_davinci", "status": "ok"}
{"timestamp": "2026-03-02T12:01:09+0800", "level": "INFO", "logger": "etl_logger", "message": "POST success (VFSC 2026-02-27): cc_withdraw_detail_report_20260302040109.csv, took 18.1s", "service": "cc_reconcile", "stage": "download_davinci", "status": "ok"}
{"timestamp": "2026-03-02T12:01:11+0800", "level": "INFO", "logger": "etl_logger", "message": "Download success (VFSC 2026-02-27): cc_withdraw_detail_report_20260302040109.csv, took 2.2s", "service": "cc_reconcile", "stage": "download_davinci", "status": "ok"}
{"timestamp": "2026-03-02T12:01:12+0800", "level": "WARNING", "logger": "etl_logger", "message": "POST failed (VFSC 2026-02-28) attempt 1: 502 Server Error: Bad Gateway for url: https://report.vantagemarkets.com/api/cc-detail/download, took 0.2s", "service": "cc_reconcile", "stage": "download_davinci", "status": "ok"}
{"timestamp": "2026-03-02T12:01:35+0800", "level": "INFO", "logger": "etl_logger", "message": "POST success (VFSC 2026-02-28): cc_withdraw_detail_report_20260302040135.csv, took 18.2s", "service": "cc_reconcile", "stage": "download_davinci", "status": "ok"}
{"timestamp": "2026-03-02T12:01:36+0800", "level": "INFO", "logger": "etl_logger", "message": "Download success (VFSC 2026-02-28): cc_withdraw_detail_report_20260302040135.csv, took 1.4s", "service": "cc_reconcile", "stage": "download_davinci", "status": "ok"}
{"timestamp": "2026-03-02T12:01:36+0800", "level": "WARNING", "logger": "etl_logger", "message": "POST failed (VFSC 2026-03-01) attempt 1: 502 Server Error: Bad Gateway for url: https://report.vantagemarkets.com/api/cc-detail/download, took 0.2s", "service": "cc_reconcile", "stage": "download_davinci", "status": "ok"}
{"timestamp": "2026-03-02T12:01:59+0800", "level": "INFO", "logger": "etl_logger", "message": "POST success (VFSC 2026-03-01): cc_withdraw_detail_report_20260302040159.csv, took 17.8s", "service": "cc_reconcile", "stage": "download_davinci", "status": "ok"}
{"timestamp": "2026-03-02T12:02:01+0800", "level": "INFO", "logger": "etl_logger", "message": "Download success (VFSC 2026-03-01): cc_withdraw_detail_report_20260302040159.csv, took 1.5s", "service": "cc_reconcile", "stage": "download_davinci", "status": "ok"}
{"timestamp": "2026-03-02T12:02:09+0800", "level": "INFO", "logger": "etl_logger", "message": "POST success (VFSC 2026-03-02): cc_withdraw_detail_report_20260302040209.csv, took 8.0s", "service": "cc_reconcile", "stage": "download_davinci", "status": "ok"}
{"timestamp": "2026-03-02T12:02:11+0800", "level": "INFO", "logger": "etl_logger", "message": "Download success (VFSC 2026-03-02): cc_withdraw_detail_report_20260302040209.csv, took 1.9s", "service": "cc_reconcile", "stage": "download_davinci", "status": "ok"}
{"timestamp": "2026-03-02T12:02:11+0800", "level": "INFO", "logger": "etl_logger", "message": "Finish downloading Davinci CC - VFSC Report", "service": "cc_reconcile", "stage": "download_davinci", "status": "ok"}
{"timestamp": "2026-03-02T12:02:11+0800", "level": "INFO", "logger": "etl_logger", "message": "Start downloading Davinci CC Report for brand: VFSC2...", "service": "cc_reconcile", "stage": "download_davinci", "status": "ok"}
{"timestamp": "2026-03-02T12:03:02+0800", "level": "INFO", "logger": "etl_logger", "message": "POST success (VFSC2 2026-02-27): cc_withdraw_detail_report_20260302040302.csv, took 51.4s", "service": "cc_reconcile", "stage": "download_davinci", "status": "ok"}
{"timestamp": "2026-03-02T12:03:03+0800", "level": "WARNING", "logger": "etl_logger", "message": "Download failed (VFSC2 2026-02-27) attempt 1: 502 Server Error: Bad Gateway for url: https://report.vantagemarkets.com/api/download/cc_withdraw_detail_report_20260302040302.csv, took 1.1s", "service": "cc_reconcile", "stage": "download_davinci", "status": "ok"}
{"timestamp": "2026-03-02T12:03:09+0800", "level": "WARNING", "logger": "etl_logger", "message": "Download failed (VFSC2 2026-02-27) attempt 2: 502 Server Error: Bad Gateway for url: https://report.vantagemarkets.com/api/download/cc_withdraw_detail_report_20260302040302.csv, took 1.0s", "service": "cc_reconcile", "stage": "download_davinci", "status": "ok"}
{"timestamp": "2026-03-02T12:03:14+0800", "level": "WARNING", "logger": "etl_logger", "message": "Download failed (VFSC2 2026-02-27) attempt 3: 502 Server Error: Bad Gateway for url: https://report.vantagemarkets.com/api/download/cc_withdraw_detail_report_20260302040302.csv, took 0.4s", "service": "cc_reconcile", "stage": "download_davinci", "status": "ok"}
{"timestamp": "2026-03-02T12:03:14+0800", "level": "ERROR", "logger": "etl_logger", "message": "Download failed after 3 attempts (VFSC2 2026-02-27)", "service": "cc_reconcile", "stage": "download_davinci", "status": "ok"}
{"timestamp": "2026-03-02T12:04:05+0800", "level": "INFO", "logger": "etl_logger", "message": "POST success (VFSC2 2026-02-28): cc_withdraw_detail_report_20260302040405.csv, took 50.6s", "service": "cc_reconcile", "stage": "download_davinci", "status": "ok"}
{"timestamp": "2026-03-02T12:04:08+0800", "level": "INFO", "logger": "etl_logger", "message": "Download success (VFSC2 2026-02-28): cc_withdraw_detail_report_20260302040405.csv, took 2.6s", "service": "cc_reconcile", "stage": "download_davinci", "status": "ok"}
{"timestamp": "2026-03-02T12:04:57+0800", "level": "INFO", "logger": "etl_logger", "message": "POST success (VFSC2 2026-03-01): cc_withdraw_detail_report_20260302040457.csv, took 49.0s", "service": "cc_reconcile", "stage": "download_davinci", "status": "ok"}
{"timestamp": "2026-03-02T12:04:59+0800", "level": "INFO", "logger": "etl_logger", "message": "Download success (VFSC2 2026-03-01): cc_withdraw_detail_report_20260302040457.csv, took 2.6s", "service": "cc_reconcile", "stage": "download_davinci", "status": "ok"}
{"timestamp": "2026-03-02T12:05:00+0800", "level": "WARNING", "logger": "etl_logger", "message": "POST failed (VFSC2 2026-03-02) attempt 1: 502 Server Error: Bad Gateway for url: https://report.vantagemarkets.com/api/cc-detail/download, took 0.2s", "service": "cc_reconcile", "stage": "download_davinci", "status": "ok"}
{"timestamp": "2026-03-02T12:05:05+0800", "level": "WARNING", "logger": "etl_logger", "message": "POST failed (VFSC2 2026-03-02) attempt 2: 502 Server Error: Bad Gateway for url: https://report.vantagemarkets.com/api/cc-detail/download, took 0.2s", "service": "cc_reconcile", "stage": "download_davinci", "status": "ok"}
{"timestamp": "2026-03-02T12:06:55+0800", "level": "WARNING", "logger": "etl_logger", "message": "POST failed (VFSC2 2026-03-02) attempt 3: 502 Server Error: Bad Gateway for url: https://report.vantagemarkets.com/api/cc-detail/download, took 105.2s", "service": "cc_reconcile", "stage": "download_davinci", "status": "ok"}
{"timestamp": "2026-03-02T12:06:55+0800", "level": "ERROR", "logger": "etl_logger", "message": "POST failed after 3 attempts (VFSC2 2026-03-02)", "service": "cc_reconcile", "stage": "download_davinci", "status": "ok"}
{"timestamp": "2026-03-02T12:06:55+0800", "level": "INFO", "logger": "etl_logger", "message": "Finish downloading Davinci CC - VFSC2 Report", "service": "cc_reconcile", "stage": "download_davinci", "status": "ok"}
{"timestamp": "2026-03-02T12:06:55+0800", "level": "INFO", "logger": "etl_logger", "message": "Finish downloading Davinci CC Report for all brands, total rows: 11145", "service": "cc_reconcile", "stage": "download_davinci", "status": "ok"}
{"timestamp": "2026-03-02T12:06:55+0800", "level": "INFO", "logger": "etl_logger", "message": "Download CRM CC Report Finish ，Total: 11145", "service": "cc_reconcile", "stage": "download", "status": "ok"}
{"timestamp": "2026-03-02T12:06:55+0800", "level": "INFO", "logger": "etl_logger", "message": "Start reconcile...", "service": "cc_reconcile", "stage": "reconcile", "status": "ok"}
{"timestamp": "2026-03-02T12:06:55+0800", "level": "INFO", "logger": "etl_logger", "message": "Reconcile Finish ，Total Mismatch Case: 8", "service": "cc_reconcile", "stage": "reconcile", "status": "ok"}
{"timestamp": "2026-03-02T12:06:55+0800", "level": "INFO", "logger": "etl_logger", "message": "Connect Lark Finish", "service": "cc_reconcile", "stage": "lark", "status": "ok"}
{"timestamp": "2026-03-02T12:06:55+0800", "level": "INFO", "logger": "etl_logger", "message": "Start query existing data in LarkSheet...", "service": "cc_reconcile", "stage": "lark", "status": "ok"}
{"timestamp": "2026-03-02T12:06:57+0800", "level": "INFO", "logger": "etl_logger", "message": "Query existing data in LarkSheet Finish", "service": "cc_reconcile", "stage": "lark", "status": "ok"}
{"timestamp": "2026-03-02T12:06:57+0800", "level": "INFO", "logger": "etl_logger", "message": "Total unique keys in LarkSheet: 70, Total new mismatch cases to upload: 2", "service": "cc_reconcile", "stage": "lark", "status": "ok"}
{"timestamp": "2026-03-02T12:06:57+0800", "level": "INFO", "logger": "etl_logger", "message": "Append data to LarkSheet with range: Kalw4Y!A2:L4, rows: 2, columns: 12", "service": "cc_reconcile", "stage": "lark", "status": "ok"}
{"timestamp": "2026-03-02T12:06:58+0800", "level": "INFO", "logger": "etl_logger", "message": "✅ Successfully appended data to LarkSheet", "service": "cc_reconcile", "stage": "lark", "status": "ok"}
{"timestamp": "2026-03-02T12:06:59+0800", "level": "INFO", "logger": "etl_logger", "message": "Upload data to LarkSheet Finish", "service": "cc_reconcile", "stage": "lark", "status": "ok"}
{"timestamp": "2026-03-02T13:00:02+0800", "level": "INFO", "logger": "etl_logger", "message": "Start download reports...", "service": "cc_reconcile", "stage": "download", "status": "ok"}
{"timestamp": "2026-03-02T13:00:05+0800", "level": "INFO", "logger": "etl_logger", "message": "Payabl Login Success and Get Token Success", "service": "cc_reconcile", "stage": "download_payabl", "status": "ok"}
{"timestamp": "2026-03-02T13:00:05+0800", "level": "INFO", "logger": "etl_logger", "message": "Start downloading Payabl CC Report for date: 2026-03-01...", "service": "cc_reconcile", "stage": "download_payabl", "status": "ok"}
{"timestamp": "2026-03-02T13:00:30+0800", "level": "INFO", "logger": "etl_logger", "message": "Start downloading Payabl CC Report for date: 2026-03-02...", "service": "cc_reconcile", "stage": "download_payabl", "status": "ok"}
{"timestamp": "2026-03-02T13:00:46+0800", "level": "INFO", "logger": "etl_logger", "message": "Finish downloading Payabl CC Report", "service": "cc_reconcile", "stage": "download_payabl", "status": "ok"}
{"timestamp": "2026-03-02T13:00:46+0800", "level": "INFO", "logger": "etl_logger", "message": "Download Payabl CC Report Finish ，Total: 62410", "service": "cc_reconcile", "stage": "download", "status": "ok"}
{"timestamp": "2026-03-02T13:00:46+0800", "level": "INFO", "logger": "etl_logger", "message": "Login attempt 1/5", "service": "cc_reconcile", "stage": "download_davinci", "status": "ok"}
{"timestamp": "2026-03-02T13:00:47+0800", "level": "INFO", "logger": "etl_logger", "message": "Login response status=200, url=https://admin.vantagemarkets.com/admin/main, cookies=4", "service": "cc_reconcile", "stage": "download_davinci", "status": "ok"}
{"timestamp": "2026-03-02T13:00:47+0800", "level": "INFO", "logger": "etl_logger", "message": "Login successful", "service": "cc_reconcile", "stage": "download_davinci", "status": "ok"}
{"timestamp": "2026-03-02T13:00:47+0800", "level": "INFO", "logger": "etl_logger", "message": "Token obtained successfully", "service": "cc_reconcile", "stage": "download_davinci", "status": "ok"}
{"timestamp": "2026-03-02T13:00:47+0800", "level": "INFO", "logger": "etl_logger", "message": "Start downloading Davinci CC Report for brand: VFSC...", "service": "cc_reconcile", "stage": "download_davinci", "status": "ok"}
{"timestamp": "2026-03-02T13:01:06+0800", "level": "INFO", "logger": "etl_logger", "message": "POST success (VFSC 2026-02-27): cc_withdraw_detail_report_20260302050106.csv, took 19.0s", "service": "cc_reconcile", "stage": "download_davinci", "status": "ok"}
{"timestamp": "2026-03-02T13:01:08+0800", "level": "INFO", "logger": "etl_logger", "message": "Download success (VFSC 2026-02-27): cc_withdraw_detail_report_20260302050106.csv, took 2.2s", "service": "cc_reconcile", "stage": "download_davinci", "status": "ok"}
{"timestamp": "2026-03-02T13:01:29+0800", "level": "INFO", "logger": "etl_logger", "message": "POST success (VFSC 2026-02-28): cc_withdraw_detail_report_20260302050129.csv, took 20.8s", "service": "cc_reconcile", "stage": "download_davinci", "status": "ok"}
{"timestamp": "2026-03-02T13:01:31+0800", "level": "INFO", "logger": "etl_logger", "message": "Download success (VFSC 2026-02-28): cc_withdraw_detail_report_20260302050129.csv, took 1.8s", "service": "cc_reconcile", "stage": "download_davinci", "status": "ok"}
{"timestamp": "2026-03-02T13:01:49+0800", "level": "INFO", "logger": "etl_logger", "message": "POST success (VFSC 2026-03-01): cc_withdraw_detail_report_20260302050149.csv, took 18.3s", "service": "cc_reconcile", "stage": "download_davinci", "status": "ok"}
{"timestamp": "2026-03-02T13:01:51+0800", "level": "INFO", "logger": "etl_logger", "message": "Download success (VFSC 2026-03-01): cc_withdraw_detail_report_20260302050149.csv, took 1.8s", "service": "cc_reconcile", "stage": "download_davinci", "status": "ok"}
{"timestamp": "2026-03-02T13:02:08+0800", "level": "INFO", "logger": "etl_logger", "message": "POST success (VFSC 2026-03-02): cc_withdraw_detail_report_20260302050209.csv, took 17.8s", "service": "cc_reconcile", "stage": "download_davinci", "status": "ok"}
{"timestamp": "2026-03-02T13:02:10+0800", "level": "INFO", "logger": "etl_logger", "message": "Download success (VFSC 2026-03-02): cc_withdraw_detail_report_20260302050209.csv, took 1.9s", "service": "cc_reconcile", "stage": "download_davinci", "status": "ok"}
{"timestamp": "2026-03-02T13:02:10+0800", "level": "INFO", "logger": "etl_logger", "message": "Finish downloading Davinci CC - VFSC Report", "service": "cc_reconcile", "stage": "download_davinci", "status": "ok"}
{"timestamp": "2026-03-02T13:02:10+0800", "level": "INFO", "logger": "etl_logger", "message": "Start downloading Davinci CC Report for brand: VFSC2...", "service": "cc_reconcile", "stage": "download_davinci", "status": "ok"}
{"timestamp": "2026-03-02T13:03:01+0800", "level": "INFO", "logger": "etl_logger", "message": "POST success (VFSC2 2026-02-27): cc_withdraw_detail_report_20260302050301.csv, took 50.7s", "service": "cc_reconcile", "stage": "download_davinci", "status": "ok"}
{"timestamp": "2026-03-02T13:03:04+0800", "level": "INFO", "logger": "etl_logger", "message": "Download success (VFSC2 2026-02-27): cc_withdraw_detail_report_20260302050301.csv, took 2.5s", "service": "cc_reconcile", "stage": "download_davinci", "status": "ok"}
{"timestamp": "2026-03-02T13:03:53+0800", "level": "INFO", "logger": "etl_logger", "message": "POST success (VFSC2 2026-02-28): cc_withdraw_detail_report_20260302050353.csv, took 49.8s", "service": "cc_reconcile", "stage": "download_davinci", "status": "ok"}
{"timestamp": "2026-03-02T13:03:56+0800", "level": "INFO", "logger": "etl_logger", "message": "Download success (VFSC2 2026-02-28): cc_withdraw_detail_report_20260302050353.csv, took 2.7s", "service": "cc_reconcile", "stage": "download_davinci", "status": "ok"}
{"timestamp": "2026-03-02T13:04:45+0800", "level": "INFO", "logger": "etl_logger", "message": "POST success (VFSC2 2026-03-01): cc_withdraw_detail_report_20260302050444.csv, took 48.4s", "service": "cc_reconcile", "stage": "download_davinci", "status": "ok"}
{"timestamp": "2026-03-02T13:04:47+0800", "level": "INFO", "logger": "etl_logger", "message": "Download success (VFSC2 2026-03-01): cc_withdraw_detail_report_20260302050444.csv, took 2.7s", "service": "cc_reconcile", "stage": "download_davinci", "status": "ok"}
{"timestamp": "2026-03-02T13:05:39+0800", "level": "INFO", "logger": "etl_logger", "message": "POST success (VFSC2 2026-03-02): cc_withdraw_detail_report_20260302050539.csv, took 52.2s", "service": "cc_reconcile", "stage": "download_davinci", "status": "ok"}
{"timestamp": "2026-03-02T13:05:40+0800", "level": "WARNING", "logger": "etl_logger", "message": "Download failed (VFSC2 2026-03-02) attempt 1: 502 Server Error: Bad Gateway for url: https://report.vantagemarkets.com/api/download/cc_withdraw_detail_report_20260302050539.csv, took 0.8s", "service": "cc_reconcile", "stage": "download_davinci", "status": "ok"}
{"timestamp": "2026-03-02T13:05:46+0800", "level": "WARNING", "logger": "etl_logger", "message": "Download failed (VFSC2 2026-03-02) attempt 2: 502 Server Error: Bad Gateway for url: https://report.vantagemarkets.com/api/download/cc_withdraw_detail_report_20260302050539.csv, took 0.3s", "service": "cc_reconcile", "stage": "download_davinci", "status": "ok"}
{"timestamp": "2026-03-02T13:05:52+0800", "level": "INFO", "logger": "etl_logger", "message": "Download success (VFSC2 2026-03-02): cc_withdraw_detail_report_20260302050539.csv, took 1.8s", "service": "cc_reconcile", "stage": "download_davinci", "status": "ok"}
{"timestamp": "2026-03-02T13:05:53+0800", "level": "INFO", "logger": "etl_logger", "message": "Finish downloading Davinci CC - VFSC2 Report", "service": "cc_reconcile", "stage": "download_davinci", "status": "ok"}
{"timestamp": "2026-03-02T13:05:53+0800", "level": "INFO", "logger": "etl_logger", "message": "Finish downloading Davinci CC Report for all brands, total rows: 32405", "service": "cc_reconcile", "stage": "download_davinci", "status": "ok"}
{"timestamp": "2026-03-02T13:05:53+0800", "level": "INFO", "logger": "etl_logger", "message": "Download CRM CC Report Finish ，Total: 32405", "service": "cc_reconcile", "stage": "download", "status": "ok"}
{"timestamp": "2026-03-02T13:05:53+0800", "level": "INFO", "logger": "etl_logger", "message": "Start reconcile...", "service": "cc_reconcile", "stage": "reconcile", "status": "ok"}
{"timestamp": "2026-03-02T13:05:53+0800", "level": "INFO", "logger": "etl_logger", "message": "Reconcile Finish ，Total Mismatch Case: 8", "service": "cc_reconcile", "stage": "reconcile", "status": "ok"}
{"timestamp": "2026-03-02T13:05:53+0800", "level": "INFO", "logger": "etl_logger", "message": "Connect Lark Finish", "service": "cc_reconcile", "stage": "lark", "status": "ok"}
{"timestamp": "2026-03-02T13:05:53+0800", "level": "INFO", "logger": "etl_logger", "message": "Start query existing data in LarkSheet...", "service": "cc_reconcile", "stage": "lark", "status": "ok"}
{"timestamp": "2026-03-02T13:05:54+0800", "level": "INFO", "logger": "etl_logger", "message": "Query existing data in LarkSheet Finish", "service": "cc_reconcile", "stage": "lark", "status": "ok"}
{"timestamp": "2026-03-02T13:05:54+0800", "level": "INFO", "logger": "etl_logger", "message": "Total unique keys in LarkSheet: 72, Total new mismatch cases to upload: 1", "service": "cc_reconcile", "stage": "lark", "status": "ok"}
{"timestamp": "2026-03-02T13:05:54+0800", "level": "INFO", "logger": "etl_logger", "message": "Append data to LarkSheet with range: Kalw4Y!A2:L3, rows: 1, columns: 12", "service": "cc_reconcile", "stage": "lark", "status": "ok"}
{"timestamp": "2026-03-02T13:05:55+0800", "level": "INFO", "logger": "etl_logger", "message": "✅ Successfully appended data to LarkSheet", "service": "cc_reconcile", "stage": "lark", "status": "ok"}
{"timestamp": "2026-03-02T13:05:56+0800", "level": "INFO", "logger": "etl_logger", "message": "Upload data to LarkSheet Finish", "service": "cc_reconcile", "stage": "lark", "status": "ok"}
{"timestamp": "2026-03-02T14:00:01+0800", "level": "INFO", "logger": "etl_logger", "message": "Start download reports...", "service": "cc_reconcile", "stage": "download", "status": "ok"}
{"timestamp": "2026-03-02T14:00:04+0800", "level": "INFO", "logger": "etl_logger", "message": "Payabl Login Success and Get Token Success", "service": "cc_reconcile", "stage": "download_payabl", "status": "ok"}
{"timestamp": "2026-03-02T14:00:04+0800", "level": "INFO", "logger": "etl_logger", "message": "Start downloading Payabl CC Report for date: 2026-03-01...", "service": "cc_reconcile", "stage": "download_payabl", "status": "ok"}
{"timestamp": "2026-03-02T14:00:28+0800", "level": "INFO", "logger": "etl_logger", "message": "Start downloading Payabl CC Report for date: 2026-03-02...", "service": "cc_reconcile", "stage": "download_payabl", "status": "ok"}
{"timestamp": "2026-03-02T14:00:45+0800", "level": "INFO", "logger": "etl_logger", "message": "Finish downloading Payabl CC Report", "service": "cc_reconcile", "stage": "download_payabl", "status": "ok"}
{"timestamp": "2026-03-02T14:00:45+0800", "level": "INFO", "logger": "etl_logger", "message": "Download Payabl CC Report Finish ，Total: 63761", "service": "cc_reconcile", "stage": "download", "status": "ok"}
{"timestamp": "2026-03-02T14:00:45+0800", "level": "INFO", "logger": "etl_logger", "message": "Login attempt 1/5", "service": "cc_reconcile", "stage": "download_davinci", "status": "ok"}
{"timestamp": "2026-03-02T14:00:46+0800", "level": "INFO", "logger": "etl_logger", "message": "Login response status=200, url=https://admin.vantagemarkets.com/admin/main, cookies=4", "service": "cc_reconcile", "stage": "download_davinci", "status": "ok"}
{"timestamp": "2026-03-02T14:00:46+0800", "level": "INFO", "logger": "etl_logger", "message": "Login successful", "service": "cc_reconcile", "stage": "download_davinci", "status": "ok"}
{"timestamp": "2026-03-02T14:00:47+0800", "level": "INFO", "logger": "etl_logger", "message": "Token obtained successfully", "service": "cc_reconcile", "stage": "download_davinci", "status": "ok"}
{"timestamp": "2026-03-02T14:00:47+0800", "level": "INFO", "logger": "etl_logger", "message": "Start downloading Davinci CC Report for brand: VFSC...", "service": "cc_reconcile", "stage": "download_davinci", "status": "ok"}
{"timestamp": "2026-03-02T14:01:06+0800", "level": "INFO", "logger": "etl_logger", "message": "POST success (VFSC 2026-02-27): cc_withdraw_detail_report_20260302060106.csv, took 19.4s", "service": "cc_reconcile", "stage": "download_davinci", "status": "ok"}
{"timestamp": "2026-03-02T14:01:08+0800", "level": "INFO", "logger": "etl_logger", "message": "Download success (VFSC 2026-02-27): cc_withdraw_detail_report_20260302060106.csv, took 2.2s", "service": "cc_reconcile", "stage": "download_davinci", "status": "ok"}
{"timestamp": "2026-03-02T14:01:08+0800", "level": "WARNING", "logger": "etl_logger", "message": "POST failed (VFSC 2026-02-28) attempt 1: 502 Server Error: Bad Gateway for url: https://report.vantagemarkets.com/api/cc-detail/download, took 0.2s", "service": "cc_reconcile", "stage": "download_davinci", "status": "ok"}
{"timestamp": "2026-03-02T14:01:32+0800", "level": "INFO", "logger": "etl_logger", "message": "POST success (VFSC 2026-02-28): cc_withdraw_detail_report_20260302060132.csv, took 18.4s", "service": "cc_reconcile", "stage": "download_davinci", "status": "ok"}
{"timestamp": "2026-03-02T14:01:34+0800", "level": "INFO", "logger": "etl_logger", "message": "Download success (VFSC 2026-02-28): cc_withdraw_detail_report_20260302060132.csv, took 1.8s", "service": "cc_reconcile", "stage": "download_davinci", "status": "ok"}
{"timestamp": "2026-03-02T14:01:52+0800", "level": "INFO", "logger": "etl_logger", "message": "POST success (VFSC 2026-03-01): cc_withdraw_detail_report_20260302060152.csv, took 18.1s", "service": "cc_reconcile", "stage": "download_davinci", "status": "ok"}
{"timestamp": "2026-03-02T14:01:53+0800", "level": "INFO", "logger": "etl_logger", "message": "Download success (VFSC 2026-03-01): cc_withdraw_detail_report_20260302060152.csv, took 1.8s", "service": "cc_reconcile", "stage": "download_davinci", "status": "ok"}
{"timestamp": "2026-03-02T14:02:11+0800", "level": "INFO", "logger": "etl_logger", "message": "POST success (VFSC 2026-03-02): cc_withdraw_detail_report_20260302060211.csv, took 18.0s", "service": "cc_reconcile", "stage": "download_davinci", "status": "ok"}
{"timestamp": "2026-03-02T14:02:13+0800", "level": "INFO", "logger": "etl_logger", "message": "Download success (VFSC 2026-03-02): cc_withdraw_detail_report_20260302060211.csv, took 2.0s", "service": "cc_reconcile", "stage": "download_davinci", "status": "ok"}
{"timestamp": "2026-03-02T14:02:14+0800", "level": "INFO", "logger": "etl_logger", "message": "Finish downloading Davinci CC - VFSC Report", "service": "cc_reconcile", "stage": "download_davinci", "status": "ok"}
{"timestamp": "2026-03-02T14:02:14+0800", "level": "INFO", "logger": "etl_logger", "message": "Start downloading Davinci CC Report for brand: VFSC2...", "service": "cc_reconcile", "stage": "download_davinci", "status": "ok"}
{"timestamp": "2026-03-02T14:03:04+0800", "level": "INFO", "logger": "etl_logger", "message": "POST success (VFSC2 2026-02-27): cc_withdraw_detail_report_20260302060304.csv, took 50.9s", "service": "cc_reconcile", "stage": "download_davinci", "status": "ok"}
{"timestamp": "2026-03-02T14:03:08+0800", "level": "INFO", "logger": "etl_logger", "message": "Download success (VFSC2 2026-02-27): cc_withdraw_detail_report_20260302060304.csv, took 3.1s", "service": "cc_reconcile", "stage": "download_davinci", "status": "ok"}
{"timestamp": "2026-03-02T14:03:57+0800", "level": "INFO", "logger": "etl_logger", "message": "POST success (VFSC2 2026-02-28): cc_withdraw_detail_report_20260302060357.csv, took 49.2s", "service": "cc_reconcile", "stage": "download_davinci", "status": "ok"}
{"timestamp": "2026-03-02T14:03:59+0800", "level": "INFO", "logger": "etl_logger", "message": "Download success (VFSC2 2026-02-28): cc_withdraw_detail_report_20260302060357.csv, took 2.7s", "service": "cc_reconcile", "stage": "download_davinci", "status": "ok"}
{"timestamp": "2026-03-02T14:04:49+0800", "level": "INFO", "logger": "etl_logger", "message": "POST success (VFSC2 2026-03-01): cc_withdraw_detail_report_20260302060449.csv, took 49.6s", "service": "cc_reconcile", "stage": "download_davinci", "status": "ok"}
{"timestamp": "2026-03-02T14:04:52+0800", "level": "INFO", "logger": "etl_logger", "message": "Download success (VFSC2 2026-03-01): cc_withdraw_detail_report_20260302060449.csv, took 2.6s", "service": "cc_reconcile", "stage": "download_davinci", "status": "ok"}
{"timestamp": "2026-03-02T14:04:52+0800", "level": "WARNING", "logger": "etl_logger", "message": "POST failed (VFSC2 2026-03-02) attempt 1: 502 Server Error: Bad Gateway for url: https://report.vantagemarkets.com/api/cc-detail/download, took 0.2s", "service": "cc_reconcile", "stage": "download_davinci", "status": "ok"}
{"timestamp": "2026-03-02T14:05:47+0800", "level": "INFO", "logger": "etl_logger", "message": "POST success (VFSC2 2026-03-02): cc_withdraw_detail_report_20260302060547.csv, took 49.8s", "service": "cc_reconcile", "stage": "download_davinci", "status": "ok"}
{"timestamp": "2026-03-02T14:05:49+0800", "level": "INFO", "logger": "etl_logger", "message": "Download success (VFSC2 2026-03-02): cc_withdraw_detail_report_20260302060547.csv, took 2.4s", "service": "cc_reconcile", "stage": "download_davinci", "status": "ok"}
{"timestamp": "2026-03-02T14:05:50+0800", "level": "INFO", "logger": "etl_logger", "message": "Finish downloading Davinci CC - VFSC2 Report", "service": "cc_reconcile", "stage": "download_davinci", "status": "ok"}
{"timestamp": "2026-03-02T14:05:50+0800", "level": "INFO", "logger": "etl_logger", "message": "Finish downloading Davinci CC Report for all brands, total rows: 32795", "service": "cc_reconcile", "stage": "download_davinci", "status": "ok"}
{"timestamp": "2026-03-02T14:05:50+0800", "level": "INFO", "logger": "etl_logger", "message": "Download CRM CC Report Finish ，Total: 32795", "service": "cc_reconcile", "stage": "download", "status": "ok"}
{"timestamp": "2026-03-02T14:05:50+0800", "level": "INFO", "logger": "etl_logger", "message": "Start reconcile...", "service": "cc_reconcile", "stage": "reconcile", "status": "ok"}
{"timestamp": "2026-03-02T14:05:50+0800", "level": "INFO", "logger": "etl_logger", "message": "Reconcile Finish ，Total Mismatch Case: 9", "service": "cc_reconcile", "stage": "reconcile", "status": "ok"}
{"timestamp": "2026-03-02T14:05:50+0800", "level": "INFO", "logger": "etl_logger", "message": "Connect Lark Finish", "service": "cc_reconcile", "stage": "lark", "status": "ok"}
{"timestamp": "2026-03-02T14:05:50+0800", "level": "INFO", "logger": "etl_logger", "message": "Start query existing data in LarkSheet...", "service": "cc_reconcile", "stage": "lark", "status": "ok"}
{"timestamp": "2026-03-02T14:05:51+0800", "level": "INFO", "logger": "etl_logger", "message": "Query existing data in LarkSheet Finish", "service": "cc_reconcile", "stage": "lark", "status": "ok"}
{"timestamp": "2026-03-02T14:05:51+0800", "level": "INFO", "logger": "etl_logger", "message": "Total unique keys in LarkSheet: 73, Total new mismatch cases to upload: 1", "service": "cc_reconcile", "stage": "lark", "status": "ok"}
{"timestamp": "2026-03-02T14:05:51+0800", "level": "INFO", "logger": "etl_logger", "message": "Append data to LarkSheet with range: Kalw4Y!A2:L3, rows: 1, columns: 12", "service": "cc_reconcile", "stage": "lark", "status": "ok"}
{"timestamp": "2026-03-02T14:05:52+0800", "level": "INFO", "logger": "etl_logger", "message": "✅ Successfully appended data to LarkSheet", "service": "cc_reconcile", "stage": "lark", "status": "ok"}
{"timestamp": "2026-03-02T14:05:53+0800", "level": "INFO", "logger": "etl_logger", "message": "Upload data to LarkSheet Finish", "service": "cc_reconcile", "stage": "lark", "status": "ok"}
{"timestamp": "2026-03-02T15:00:02+0800", "level": "INFO", "logger": "etl_logger", "message": "Start download reports...", "service": "cc_reconcile", "stage": "download", "status": "ok"}
{"timestamp": "2026-03-02T15:00:05+0800", "level": "INFO", "logger": "etl_logger", "message": "Payabl Login Success and Get Token Success", "service": "cc_reconcile", "stage": "download_payabl", "status": "ok"}
{"timestamp": "2026-03-02T15:00:05+0800", "level": "INFO", "logger": "etl_logger", "message": "Start downloading Payabl CC Report for date: 2026-03-01...", "service": "cc_reconcile", "stage": "download_payabl", "status": "ok"}
{"timestamp": "2026-03-02T15:00:28+0800", "level": "INFO", "logger": "etl_logger", "message": "Start downloading Payabl CC Report for date: 2026-03-02...", "service": "cc_reconcile", "stage": "download_payabl", "status": "ok"}
{"timestamp": "2026-03-02T15:00:49+0800", "level": "INFO", "logger": "etl_logger", "message": "Finish downloading Payabl CC Report", "service": "cc_reconcile", "stage": "download_payabl", "status": "ok"}
{"timestamp": "2026-03-02T15:00:49+0800", "level": "INFO", "logger": "etl_logger", "message": "Download Payabl CC Report Finish ，Total: 65846", "service": "cc_reconcile", "stage": "download", "status": "ok"}
{"timestamp": "2026-03-02T15:00:49+0800", "level": "INFO", "logger": "etl_logger", "message": "Login attempt 1/5", "service": "cc_reconcile", "stage": "download_davinci", "status": "ok"}
{"timestamp": "2026-03-02T15:00:50+0800", "level": "INFO", "logger": "etl_logger", "message": "Login response status=200, url=https://admin.vantagemarkets.com/admin/main, cookies=4", "service": "cc_reconcile", "stage": "download_davinci", "status": "ok"}
{"timestamp": "2026-03-02T15:00:50+0800", "level": "INFO", "logger": "etl_logger", "message": "Login successful", "service": "cc_reconcile", "stage": "download_davinci", "status": "ok"}
{"timestamp": "2026-03-02T15:00:50+0800", "level": "INFO", "logger": "etl_logger", "message": "Token obtained successfully", "service": "cc_reconcile", "stage": "download_davinci", "status": "ok"}
{"timestamp": "2026-03-02T15:00:50+0800", "level": "INFO", "logger": "etl_logger", "message": "Start downloading Davinci CC Report for brand: VFSC...", "service": "cc_reconcile", "stage": "download_davinci", "status": "ok"}
{"timestamp": "2026-03-02T15:01:10+0800", "level": "INFO", "logger": "etl_logger", "message": "POST success (VFSC 2026-02-27): cc_withdraw_detail_report_20260302070110.csv, took 19.3s", "service": "cc_reconcile", "stage": "download_davinci", "status": "ok"}
{"timestamp": "2026-03-02T15:01:11+0800", "level": "INFO", "logger": "etl_logger", "message": "Download success (VFSC 2026-02-27): cc_withdraw_detail_report_20260302070110.csv, took 1.7s", "service": "cc_reconcile", "stage": "download_davinci", "status": "ok"}
{"timestamp": "2026-03-02T15:01:12+0800", "level": "WARNING", "logger": "etl_logger", "message": "POST failed (VFSC 2026-02-28) attempt 1: 502 Server Error: Bad Gateway for url: https://report.vantagemarkets.com/api/cc-detail/download, took 0.2s", "service": "cc_reconcile", "stage": "download_davinci", "status": "ok"}
{"timestamp": "2026-03-02T15:01:39+0800", "level": "INFO", "logger": "etl_logger", "message": "POST success (VFSC 2026-02-28): cc_withdraw_detail_report_20260302070139.csv, took 22.4s", "service": "cc_reconcile", "stage": "download_davinci", "status": "ok"}
{"timestamp": "2026-03-02T15:01:40+0800", "level": "WARNING", "logger": "etl_logger", "message": "Download failed (VFSC 2026-02-28) attempt 1: 502 Server Error: Bad Gateway for url: https://report.vantagemarkets.com/api/download/cc_withdraw_detail_report_20260302070139.csv, took 0.8s", "service": "cc_reconcile", "stage": "download_davinci", "status": "ok"}
{"timestamp": "2026-03-02T15:01:47+0800", "level": "WARNING", "logger": "etl_logger", "message": "Download failed (VFSC 2026-02-28) attempt 2: 502 Server Error: Bad Gateway for url: https://report.vantagemarkets.com/api/download/cc_withdraw_detail_report_20260302070139.csv, took 2.1s", "service": "cc_reconcile", "stage": "download_davinci", "status": "ok"}
{"timestamp": "2026-03-02T15:01:53+0800", "level": "INFO", "logger": "etl_logger", "message": "Download success (VFSC 2026-02-28): cc_withdraw_detail_report_20260302070139.csv, took 0.9s", "service": "cc_reconcile", "stage": "download_davinci", "status": "ok"}
{"timestamp": "2026-03-02T15:02:02+0800", "level": "WARNING", "logger": "etl_logger", "message": "POST failed (VFSC 2026-03-01) attempt 1: 502 Server Error: Bad Gateway for url: https://report.vantagemarkets.com/api/cc-detail/download, took 8.8s", "service": "cc_reconcile", "stage": "download_davinci", "status": "ok"}
{"timestamp": "2026-03-02T15:02:07+0800", "level": "WARNING", "logger": "etl_logger", "message": "POST failed (VFSC 2026-03-01) attempt 2: 502 Server Error: Bad Gateway for url: https://report.vantagemarkets.com/api/cc-detail/download, took 0.2s", "service": "cc_reconcile", "stage": "download_davinci", "status": "ok"}
{"timestamp": "2026-03-02T15:02:30+0800", "level": "INFO", "logger": "etl_logger", "message": "POST success (VFSC 2026-03-01): cc_withdraw_detail_report_20260302070230.csv, took 17.8s", "service": "cc_reconcile", "stage": "download_davinci", "status": "ok"}
{"timestamp": "2026-03-02T15:02:31+0800", "level": "INFO", "logger": "etl_logger", "message": "Download success (VFSC 2026-03-01): cc_withdraw_detail_report_20260302070230.csv, took 1.8s", "service": "cc_reconcile", "stage": "download_davinci", "status": "ok"}
{"timestamp": "2026-03-02T15:02:32+0800", "level": "WARNING", "logger": "etl_logger", "message": "POST failed (VFSC 2026-03-02) attempt 1: 502 Server Error: Bad Gateway for url: https://report.vantagemarkets.com/api/cc-detail/download, took 0.2s", "service": "cc_reconcile", "stage": "download_davinci", "status": "ok"}
{"timestamp": "2026-03-02T15:02:37+0800", "level": "WARNING", "logger": "etl_logger", "message": "POST failed (VFSC 2026-03-02) attempt 2: 502 Server Error: Bad Gateway for url: https://report.vantagemarkets.com/api/cc-detail/download, took 0.2s", "service": "cc_reconcile", "stage": "download_davinci", "status": "ok"}
{"timestamp": "2026-03-02T15:03:00+0800", "level": "INFO", "logger": "etl_logger", "message": "POST success (VFSC 2026-03-02): cc_withdraw_detail_report_20260302070300.csv, took 18.1s", "service": "cc_reconcile", "stage": "download_davinci", "status": "ok"}
{"timestamp": "2026-03-02T15:03:01+0800", "level": "WARNING", "logger": "etl_logger", "message": "Download failed (VFSC 2026-03-02) attempt 1: 502 Server Error: Bad Gateway for url: https://report.vantagemarkets.com/api/download/cc_withdraw_detail_report_20260302070300.csv, took 1.0s", "service": "cc_reconcile", "stage": "download_davinci", "status": "ok"}
{"timestamp": "2026-03-02T15:03:07+0800", "level": "WARNING", "logger": "etl_logger", "message": "Download failed (VFSC 2026-03-02) attempt 2: 502 Server Error: Bad Gateway for url: https://report.vantagemarkets.com/api/download/cc_withdraw_detail_report_20260302070300.csv, took 1.1s", "service": "cc_reconcile", "stage": "download_davinci", "status": "ok"}
{"timestamp": "2026-03-02T15:03:13+0800", "level": "INFO", "logger": "etl_logger", "message": "Download success (VFSC 2026-03-02): cc_withdraw_detail_report_20260302070300.csv, took 1.3s", "service": "cc_reconcile", "stage": "download_davinci", "status": "ok"}
{"timestamp": "2026-03-02T15:03:13+0800", "level": "INFO", "logger": "etl_logger", "message": "Finish downloading Davinci CC - VFSC Report", "service": "cc_reconcile", "stage": "download_davinci", "status": "ok"}
{"timestamp": "2026-03-02T15:03:13+0800", "level": "INFO", "logger": "etl_logger", "message": "Start downloading Davinci CC Report for brand: VFSC2...", "service": "cc_reconcile", "stage": "download_davinci", "status": "ok"}
{"timestamp": "2026-03-02T15:04:09+0800", "level": "INFO", "logger": "etl_logger", "message": "POST success (VFSC2 2026-02-27): cc_withdraw_detail_report_20260302070409.csv, took 55.2s", "service": "cc_reconcile", "stage": "download_davinci", "status": "ok"}
{"timestamp": "2026-03-02T15:04:12+0800", "level": "INFO", "logger": "etl_logger", "message": "Download success (VFSC2 2026-02-27): cc_withdraw_detail_report_20260302070409.csv, took 3.0s", "service": "cc_reconcile", "stage": "download_davinci", "status": "ok"}
{"timestamp": "2026-03-02T15:04:50+0800", "level": "WARNING", "logger": "etl_logger", "message": "POST failed (VFSC2 2026-02-28) attempt 1: 502 Server Error: Bad Gateway for url: https://report.vantagemarkets.com/api/cc-detail/download, took 38.4s", "service": "cc_reconcile", "stage": "download_davinci", "status": "ok"}
{"timestamp": "2026-03-02T15:05:10+0800", "level": "WARNING", "logger": "etl_logger", "message": "POST failed (VFSC2 2026-02-28) attempt 2: 502 Server Error: Bad Gateway for url: https://report.vantagemarkets.com/api/cc-detail/download, took 15.1s", "service": "cc_reconcile", "stage": "download_davinci", "status": "ok"}
{"timestamp": "2026-03-02T15:06:34+0800", "level": "INFO", "logger": "etl_logger", "message": "POST success (VFSC2 2026-02-28): cc_withdraw_detail_report_20260302070633.csv, took 78.3s", "service": "cc_reconcile", "stage": "download_davinci", "status": "ok"}
{"timestamp": "2026-03-02T15:06:36+0800", "level": "INFO", "logger": "etl_logger", "message": "Download success (VFSC2 2026-02-28): cc_withdraw_detail_report_20260302070633.csv, took 2.7s", "service": "cc_reconcile", "stage": "download_davinci", "status": "ok"}
{"timestamp": "2026-03-02T15:07:11+0800", "level": "WARNING", "logger": "etl_logger", "message": "POST failed (VFSC2 2026-03-01) attempt 1: 502 Server Error: Bad Gateway for url: https://report.vantagemarkets.com/api/cc-detail/download, took 34.8s", "service": "cc_reconcile", "stage": "download_davinci", "status": "ok"}
{"timestamp": "2026-03-02T15:08:09+0800", "level": "INFO", "logger": "etl_logger", "message": "POST success (VFSC2 2026-03-01): cc_withdraw_detail_report_20260302070808.csv, took 52.6s", "service": "cc_reconcile", "stage": "download_davinci", "status": "ok"}
{"timestamp": "2026-03-02T15:08:11+0800", "level": "INFO", "logger": "etl_logger", "message": "Download success (VFSC2 2026-03-01): cc_withdraw_detail_report_20260302070808.csv, took 2.7s", "service": "cc_reconcile", "stage": "download_davinci", "status": "ok"}
{"timestamp": "2026-03-02T15:09:06+0800", "level": "INFO", "logger": "etl_logger", "message": "POST success (VFSC2 2026-03-02): cc_withdraw_detail_report_20260302070906.csv, took 55.0s", "service": "cc_reconcile", "stage": "download_davinci", "status": "ok"}
{"timestamp": "2026-03-02T15:09:09+0800", "level": "INFO", "logger": "etl_logger", "message": "Download success (VFSC2 2026-03-02): cc_withdraw_detail_report_20260302070906.csv, took 3.0s", "service": "cc_reconcile", "stage": "download_davinci", "status": "ok"}
{"timestamp": "2026-03-02T15:09:10+0800", "level": "INFO", "logger": "etl_logger", "message": "Finish downloading Davinci CC - VFSC2 Report", "service": "cc_reconcile", "stage": "download_davinci", "status": "ok"}
{"timestamp": "2026-03-02T15:09:10+0800", "level": "INFO", "logger": "etl_logger", "message": "Finish downloading Davinci CC Report for all brands, total rows: 33386", "service": "cc_reconcile", "stage": "download_davinci", "status": "ok"}
{"timestamp": "2026-03-02T15:09:10+0800", "level": "INFO", "logger": "etl_logger", "message": "Download CRM CC Report Finish ，Total: 33386", "service": "cc_reconcile", "stage": "download", "status": "ok"}
{"timestamp": "2026-03-02T15:09:10+0800", "level": "INFO", "logger": "etl_logger", "message": "Start reconcile...", "service": "cc_reconcile", "stage": "reconcile", "status": "ok"}
{"timestamp": "2026-03-02T15:09:10+0800", "level": "INFO", "logger": "etl_logger", "message": "Reconcile Finish ，Total Mismatch Case: 11", "service": "cc_reconcile", "stage": "reconcile", "status": "ok"}
{"timestamp": "2026-03-02T15:09:10+0800", "level": "INFO", "logger": "etl_logger", "message": "Connect Lark Finish", "service": "cc_reconcile", "stage": "lark", "status": "ok"}
{"timestamp": "2026-03-02T15:09:10+0800", "level": "INFO", "logger": "etl_logger", "message": "Start query existing data in LarkSheet...", "service": "cc_reconcile", "stage": "lark", "status": "ok"}
{"timestamp": "2026-03-02T15:09:13+0800", "level": "INFO", "logger": "etl_logger", "message": "Query existing data in LarkSheet Finish", "service": "cc_reconcile", "stage": "lark", "status": "ok"}
{"timestamp": "2026-03-02T15:09:13+0800", "level": "INFO", "logger": "etl_logger", "message": "Total unique keys in LarkSheet: 74, Total new mismatch cases to upload: 2", "service": "cc_reconcile", "stage": "lark", "status": "ok"}
{"timestamp": "2026-03-02T15:09:13+0800", "level": "INFO", "logger": "etl_logger", "message": "Append data to LarkSheet with range: Kalw4Y!A2:L4, rows: 2, columns: 12", "service": "cc_reconcile", "stage": "lark", "status": "ok"}
{"timestamp": "2026-03-02T15:09:13+0800", "level": "INFO", "logger": "etl_logger", "message": "✅ Successfully appended data to LarkSheet", "service": "cc_reconcile", "stage": "lark", "status": "ok"}
{"timestamp": "2026-03-02T15:09:15+0800", "level": "INFO", "logger": "etl_logger", "message": "Upload data to LarkSheet Finish", "service": "cc_reconcile", "stage": "lark", "status": "ok"}
{"timestamp": "2026-03-02T16:00:02+0800", "level": "INFO", "logger": "etl_logger", "message": "Start download reports...", "service": "cc_reconcile", "stage": "download", "status": "ok"}
{"timestamp": "2026-03-02T16:00:05+0800", "level": "INFO", "logger": "etl_logger", "message": "Payabl Login Success and Get Token Success", "service": "cc_reconcile", "stage": "download_payabl", "status": "ok"}
{"timestamp": "2026-03-02T16:00:05+0800", "level": "INFO", "logger": "etl_logger", "message": "Start downloading Payabl CC Report for date: 2026-03-01...", "service": "cc_reconcile", "stage": "download_payabl", "status": "ok"}
{"timestamp": "2026-03-02T16:00:30+0800", "level": "INFO", "logger": "etl_logger", "message": "Start downloading Payabl CC Report for date: 2026-03-02...", "service": "cc_reconcile", "stage": "download_payabl", "status": "ok"}
{"timestamp": "2026-03-02T16:00:54+0800", "level": "INFO", "logger": "etl_logger", "message": "Finish downloading Payabl CC Report", "service": "cc_reconcile", "stage": "download_payabl", "status": "ok"}
{"timestamp": "2026-03-02T16:00:54+0800", "level": "INFO", "logger": "etl_logger", "message": "Download Payabl CC Report Finish ，Total: 69595", "service": "cc_reconcile", "stage": "download", "status": "ok"}
{"timestamp": "2026-03-02T16:00:54+0800", "level": "INFO", "logger": "etl_logger", "message": "Login attempt 1/5", "service": "cc_reconcile", "stage": "download_davinci", "status": "ok"}
{"timestamp": "2026-03-02T16:00:55+0800", "level": "INFO", "logger": "etl_logger", "message": "Login response status=200, url=https://admin.vantagemarkets.com/admin/main, cookies=4", "service": "cc_reconcile", "stage": "download_davinci", "status": "ok"}
{"timestamp": "2026-03-02T16:00:55+0800", "level": "INFO", "logger": "etl_logger", "message": "Login successful", "service": "cc_reconcile", "stage": "download_davinci", "status": "ok"}
{"timestamp": "2026-03-02T16:00:55+0800", "level": "INFO", "logger": "etl_logger", "message": "Token obtained successfully", "service": "cc_reconcile", "stage": "download_davinci", "status": "ok"}
{"timestamp": "2026-03-02T16:00:55+0800", "level": "INFO", "logger": "etl_logger", "message": "Start downloading Davinci CC Report for brand: VFSC...", "service": "cc_reconcile", "stage": "download_davinci", "status": "ok"}
{"timestamp": "2026-03-02T16:02:41+0800", "level": "WARNING", "logger": "etl_logger", "message": "POST failed (VFSC 2026-02-27) attempt 1: 502 Server Error: Bad Gateway for url: https://report.vantagemarkets.com/api/cc-detail/download, took 105.7s", "service": "cc_reconcile", "stage": "download_davinci", "status": "ok"}
{"timestamp": "2026-03-02T16:03:05+0800", "level": "INFO", "logger": "etl_logger", "message": "POST success (VFSC 2026-02-27): cc_withdraw_detail_report_20260302080305.csv, took 19.2s", "service": "cc_reconcile", "stage": "download_davinci", "status": "ok"}
{"timestamp": "2026-03-02T16:03:06+0800", "level": "WARNING", "logger": "etl_logger", "message": "Download failed (VFSC 2026-02-27) attempt 1: 502 Server Error: Bad Gateway for url: https://report.vantagemarkets.com/api/download/cc_withdraw_detail_report_20260302080305.csv, took 1.0s", "service": "cc_reconcile", "stage": "download_davinci", "status": "ok"}
{"timestamp": "2026-03-02T16:03:15+0800", "level": "WARNING", "logger": "etl_logger", "message": "Download failed (VFSC 2026-02-27) attempt 2: 502 Server Error: Bad Gateway for url: https://report.vantagemarkets.com/api/download/cc_withdraw_detail_report_20260302080305.csv, took 3.5s", "service": "cc_reconcile", "stage": "download_davinci", "status": "ok"}
{"timestamp": "2026-03-02T16:03:20+0800", "level": "WARNING", "logger": "etl_logger", "message": "Download failed (VFSC 2026-02-27) attempt 3: 502 Server Error: Bad Gateway for url: https://report.vantagemarkets.com/api/download/cc_withdraw_detail_report_20260302080305.csv, took 0.4s", "service": "cc_reconcile", "stage": "download_davinci", "status": "ok"}
{"timestamp": "2026-03-02T16:03:20+0800", "level": "ERROR", "logger": "etl_logger", "message": "Download failed after 3 attempts (VFSC 2026-02-27)", "service": "cc_reconcile", "stage": "download_davinci", "status": "ok"}
{"timestamp": "2026-03-02T16:03:20+0800", "level": "WARNING", "logger": "etl_logger", "message": "POST failed (VFSC 2026-02-28) attempt 1: 502 Server Error: Bad Gateway for url: https://report.vantagemarkets.com/api/cc-detail/download, took 0.3s", "service": "cc_reconcile", "stage": "download_davinci", "status": "ok"}
{"timestamp": "2026-03-02T16:03:43+0800", "level": "INFO", "logger": "etl_logger", "message": "POST success (VFSC 2026-02-28): cc_withdraw_detail_report_20260302080343.csv, took 17.6s", "service": "cc_reconcile", "stage": "download_davinci", "status": "ok"}
{"timestamp": "2026-03-02T16:03:44+0800", "level": "INFO", "logger": "etl_logger", "message": "Download success (VFSC 2026-02-28): cc_withdraw_detail_report_20260302080343.csv, took 1.7s", "service": "cc_reconcile", "stage": "download_davinci", "status": "ok"}
{"timestamp": "2026-03-02T16:04:02+0800", "level": "INFO", "logger": "etl_logger", "message": "POST success (VFSC 2026-03-01): cc_withdraw_detail_report_20260302080402.csv, took 17.6s", "service": "cc_reconcile", "stage": "download_davinci", "status": "ok"}
{"timestamp": "2026-03-02T16:04:04+0800", "level": "INFO", "logger": "etl_logger", "message": "Download success (VFSC 2026-03-01): cc_withdraw_detail_report_20260302080402.csv, took 1.8s", "service": "cc_reconcile", "stage": "download_davinci", "status": "ok"}
{"timestamp": "2026-03-02T16:04:22+0800", "level": "INFO", "logger": "etl_logger", "message": "POST success (VFSC 2026-03-02): cc_withdraw_detail_report_20260302080422.csv, took 17.7s", "service": "cc_reconcile", "stage": "download_davinci", "status": "ok"}
{"timestamp": "2026-03-02T16:04:23+0800", "level": "WARNING", "logger": "etl_logger", "message": "Download failed (VFSC 2026-03-02) attempt 1: 502 Server Error: Bad Gateway for url: https://report.vantagemarkets.com/api/download/cc_withdraw_detail_report_20260302080422.csv, took 1.0s", "service": "cc_reconcile", "stage": "download_davinci", "status": "ok"}
{"timestamp": "2026-03-02T16:04:28+0800", "level": "WARNING", "logger": "etl_logger", "message": "Download failed (VFSC 2026-03-02) attempt 2: 502 Server Error: Bad Gateway for url: https://report.vantagemarkets.com/api/download/cc_withdraw_detail_report_20260302080422.csv, took 0.7s", "service": "cc_reconcile", "stage": "download_davinci", "status": "ok"}
{"timestamp": "2026-03-02T16:04:35+0800", "level": "INFO", "logger": "etl_logger", "message": "Download success (VFSC 2026-03-02): cc_withdraw_detail_report_20260302080422.csv, took 1.5s", "service": "cc_reconcile", "stage": "download_davinci", "status": "ok"}
{"timestamp": "2026-03-02T16:04:35+0800", "level": "INFO", "logger": "etl_logger", "message": "Finish downloading Davinci CC - VFSC Report", "service": "cc_reconcile", "stage": "download_davinci", "status": "ok"}
{"timestamp": "2026-03-02T16:04:35+0800", "level": "INFO", "logger": "etl_logger", "message": "Start downloading Davinci CC Report for brand: VFSC2...", "service": "cc_reconcile", "stage": "download_davinci", "status": "ok"}
{"timestamp": "2026-03-02T16:05:27+0800", "level": "INFO", "logger": "etl_logger", "message": "POST success (VFSC2 2026-02-27): cc_withdraw_detail_report_20260302080526.csv, took 51.6s", "service": "cc_reconcile", "stage": "download_davinci", "status": "ok"}
{"timestamp": "2026-03-02T16:05:30+0800", "level": "INFO", "logger": "etl_logger", "message": "Download success (VFSC2 2026-02-27): cc_withdraw_detail_report_20260302080526.csv, took 3.0s", "service": "cc_reconcile", "stage": "download_davinci", "status": "ok"}
{"timestamp": "2026-03-02T16:06:21+0800", "level": "INFO", "logger": "etl_logger", "message": "POST success (VFSC2 2026-02-28): cc_withdraw_detail_report_20260302080621.csv, took 51.3s", "service": "cc_reconcile", "stage": "download_davinci", "status": "ok"}
{"timestamp": "2026-03-02T16:06:24+0800", "level": "INFO", "logger": "etl_logger", "message": "Download success (VFSC2 2026-02-28): cc_withdraw_detail_report_20260302080621.csv, took 2.6s", "service": "cc_reconcile", "stage": "download_davinci", "status": "ok"}
{"timestamp": "2026-03-02T16:07:18+0800", "level": "INFO", "logger": "etl_logger", "message": "POST success (VFSC2 2026-03-01): cc_withdraw_detail_report_20260302080718.csv, took 54.1s", "service": "cc_reconcile", "stage": "download_davinci", "status": "ok"}
{"timestamp": "2026-03-02T16:07:20+0800", "level": "INFO", "logger": "etl_logger", "message": "Download success (VFSC2 2026-03-01): cc_withdraw_detail_report_20260302080718.csv, took 2.6s", "service": "cc_reconcile", "stage": "download_davinci", "status": "ok"}
{"timestamp": "2026-03-02T16:08:16+0800", "level": "INFO", "logger": "etl_logger", "message": "POST success (VFSC2 2026-03-02): cc_withdraw_detail_report_20260302080816.csv, took 55.7s", "service": "cc_reconcile", "stage": "download_davinci", "status": "ok"}
{"timestamp": "2026-03-02T16:08:19+0800", "level": "INFO", "logger": "etl_logger", "message": "Download success (VFSC2 2026-03-02): cc_withdraw_detail_report_20260302080816.csv, took 3.0s", "service": "cc_reconcile", "stage": "download_davinci", "status": "ok"}
{"timestamp": "2026-03-02T16:08:19+0800", "level": "INFO", "logger": "etl_logger", "message": "Finish downloading Davinci CC - VFSC2 Report", "service": "cc_reconcile", "stage": "download_davinci", "status": "ok"}
{"timestamp": "2026-03-02T16:08:19+0800", "level": "INFO", "logger": "etl_logger", "message": "Finish downloading Davinci CC Report for all brands, total rows: 33248", "service": "cc_reconcile", "stage": "download_davinci", "status": "ok"}
{"timestamp": "2026-03-02T16:08:19+0800", "level": "INFO", "logger": "etl_logger", "message": "Download CRM CC Report Finish ，Total: 33248", "service": "cc_reconcile", "stage": "download", "status": "ok"}
{"timestamp": "2026-03-02T16:08:19+0800", "level": "INFO", "logger": "etl_logger", "message": "Start reconcile...", "service": "cc_reconcile", "stage": "reconcile", "status": "ok"}
{"timestamp": "2026-03-02T16:08:20+0800", "level": "INFO", "logger": "etl_logger", "message": "Reconcile Finish ，Total Mismatch Case: 12", "service": "cc_reconcile", "stage": "reconcile", "status": "ok"}
{"timestamp": "2026-03-02T16:08:20+0800", "level": "INFO", "logger": "etl_logger", "message": "Connect Lark Finish", "service": "cc_reconcile", "stage": "lark", "status": "ok"}
{"timestamp": "2026-03-02T16:08:20+0800", "level": "INFO", "logger": "etl_logger", "message": "Start query existing data in LarkSheet...", "service": "cc_reconcile", "stage": "lark", "status": "ok"}
{"timestamp": "2026-03-02T16:08:21+0800", "level": "INFO", "logger": "etl_logger", "message": "Query existing data in LarkSheet Finish", "service": "cc_reconcile", "stage": "lark", "status": "ok"}
{"timestamp": "2026-03-02T16:08:21+0800", "level": "INFO", "logger": "etl_logger", "message": "Total unique keys in LarkSheet: 76, Total new mismatch cases to upload: 1", "service": "cc_reconcile", "stage": "lark", "status": "ok"}
{"timestamp": "2026-03-02T16:08:21+0800", "level": "INFO", "logger": "etl_logger", "message": "Append data to LarkSheet with range: Kalw4Y!A2:L3, rows: 1, columns: 12", "service": "cc_reconcile", "stage": "lark", "status": "ok"}
{"timestamp": "2026-03-02T16:08:22+0800", "level": "INFO", "logger": "etl_logger", "message": "✅ Successfully appended data to LarkSheet", "service": "cc_reconcile", "stage": "lark", "status": "ok"}
{"timestamp": "2026-03-02T16:08:23+0800", "level": "INFO", "logger": "etl_logger", "message": "Upload data to LarkSheet Finish", "service": "cc_reconcile", "stage": "lark", "status": "ok"}
{"timestamp": "2026-03-02T17:00:02+0800", "level": "INFO", "logger": "etl_logger", "message": "Start download reports...", "service": "cc_reconcile", "stage": "download", "status": "ok"}
{"timestamp": "2026-03-02T17:00:05+0800", "level": "INFO", "logger": "etl_logger", "message": "Payabl Login Success and Get Token Success", "service": "cc_reconcile", "stage": "download_payabl", "status": "ok"}
{"timestamp": "2026-03-02T17:00:05+0800", "level": "INFO", "logger": "etl_logger", "message": "Start downloading Payabl CC Report for date: 2026-03-01...", "service": "cc_reconcile", "stage": "download_payabl", "status": "ok"}
{"timestamp": "2026-03-02T17:00:31+0800", "level": "INFO", "logger": "etl_logger", "message": "Start downloading Payabl CC Report for date: 2026-03-02...", "service": "cc_reconcile", "stage": "download_payabl", "status": "ok"}
{"timestamp": "2026-03-02T17:00:58+0800", "level": "INFO", "logger": "etl_logger", "message": "Finish downloading Payabl CC Report", "service": "cc_reconcile", "stage": "download_payabl", "status": "ok"}
{"timestamp": "2026-03-02T17:00:58+0800", "level": "INFO", "logger": "etl_logger", "message": "Download Payabl CC Report Finish ，Total: 72790", "service": "cc_reconcile", "stage": "download", "status": "ok"}
{"timestamp": "2026-03-02T17:00:58+0800", "level": "INFO", "logger": "etl_logger", "message": "Login attempt 1/5", "service": "cc_reconcile", "stage": "download_davinci", "status": "ok"}
{"timestamp": "2026-03-02T17:00:59+0800", "level": "INFO", "logger": "etl_logger", "message": "Login response status=200, url=https://admin.vantagemarkets.com/admin/main, cookies=4", "service": "cc_reconcile", "stage": "download_davinci", "status": "ok"}
{"timestamp": "2026-03-02T17:00:59+0800", "level": "INFO", "logger": "etl_logger", "message": "Login successful", "service": "cc_reconcile", "stage": "download_davinci", "status": "ok"}
{"timestamp": "2026-03-02T17:00:59+0800", "level": "INFO", "logger": "etl_logger", "message": "Token obtained successfully", "service": "cc_reconcile", "stage": "download_davinci", "status": "ok"}
{"timestamp": "2026-03-02T17:00:59+0800", "level": "INFO", "logger": "etl_logger", "message": "Start downloading Davinci CC Report for brand: VFSC...", "service": "cc_reconcile", "stage": "download_davinci", "status": "ok"}
{"timestamp": "2026-03-02T17:01:15+0800", "level": "WARNING", "logger": "etl_logger", "message": "POST failed (VFSC 2026-02-27) attempt 1: 500 Server Error: Internal Server Error for url: https://report.vantagemarkets.com/api/cc-detail/download, took 15.5s", "service": "cc_reconcile", "stage": "download_davinci", "status": "ok"}
{"timestamp": "2026-03-02T17:01:36+0800", "level": "WARNING", "logger": "etl_logger", "message": "POST failed (VFSC 2026-02-27) attempt 2: 500 Server Error: Internal Server Error for url: https://report.vantagemarkets.com/api/cc-detail/download, took 16.6s", "service": "cc_reconcile", "stage": "download_davinci", "status": "ok"}
{"timestamp": "2026-03-02T17:02:00+0800", "level": "INFO", "logger": "etl_logger", "message": "POST success (VFSC 2026-02-27): cc_withdraw_detail_report_20260302090159.csv, took 18.4s", "service": "cc_reconcile", "stage": "download_davinci", "status": "ok"}
{"timestamp": "2026-03-02T17:02:02+0800", "level": "INFO", "logger": "etl_logger", "message": "Download success (VFSC 2026-02-27): cc_withdraw_detail_report_20260302090159.csv, took 2.1s", "service": "cc_reconcile", "stage": "download_davinci", "status": "ok"}
{"timestamp": "2026-03-02T17:02:02+0800", "level": "WARNING", "logger": "etl_logger", "message": "POST failed (VFSC 2026-02-28) attempt 1: 502 Server Error: Bad Gateway for url: https://report.vantagemarkets.com/api/cc-detail/download, took 0.2s", "service": "cc_reconcile", "stage": "download_davinci", "status": "ok"}
{"timestamp": "2026-03-02T17:02:25+0800", "level": "INFO", "logger": "etl_logger", "message": "POST success (VFSC 2026-02-28): cc_withdraw_detail_report_20260302090225.csv, took 18.3s", "service": "cc_reconcile", "stage": "download_davinci", "status": "ok"}
{"timestamp": "2026-03-02T17:02:27+0800", "level": "INFO", "logger": "etl_logger", "message": "Download success (VFSC 2026-02-28): cc_withdraw_detail_report_20260302090225.csv, took 1.7s", "service": "cc_reconcile", "stage": "download_davinci", "status": "ok"}
{"timestamp": "2026-03-02T17:02:45+0800", "level": "INFO", "logger": "etl_logger", "message": "POST success (VFSC 2026-03-01): cc_withdraw_detail_report_20260302090245.csv, took 17.8s", "service": "cc_reconcile", "stage": "download_davinci", "status": "ok"}
{"timestamp": "2026-03-02T17:02:46+0800", "level": "INFO", "logger": "etl_logger", "message": "Download success (VFSC 2026-03-01): cc_withdraw_detail_report_20260302090245.csv, took 1.7s", "service": "cc_reconcile", "stage": "download_davinci", "status": "ok"}
{"timestamp": "2026-03-02T17:02:47+0800", "level": "WARNING", "logger": "etl_logger", "message": "POST failed (VFSC 2026-03-02) attempt 1: 502 Server Error: Bad Gateway for url: https://report.vantagemarkets.com/api/cc-detail/download, took 0.2s", "service": "cc_reconcile", "stage": "download_davinci", "status": "ok"}
{"timestamp": "2026-03-02T17:03:13+0800", "level": "INFO", "logger": "etl_logger", "message": "POST success (VFSC 2026-03-02): cc_withdraw_detail_report_20260302090313.csv, took 21.6s", "service": "cc_reconcile", "stage": "download_davinci", "status": "ok"}
{"timestamp": "2026-03-02T17:03:15+0800", "level": "INFO", "logger": "etl_logger", "message": "Download success (VFSC 2026-03-02): cc_withdraw_detail_report_20260302090313.csv, took 1.7s", "service": "cc_reconcile", "stage": "download_davinci", "status": "ok"}
{"timestamp": "2026-03-02T17:03:15+0800", "level": "INFO", "logger": "etl_logger", "message": "Finish downloading Davinci CC - VFSC Report", "service": "cc_reconcile", "stage": "download_davinci", "status": "ok"}
{"timestamp": "2026-03-02T17:03:15+0800", "level": "INFO", "logger": "etl_logger", "message": "Start downloading Davinci CC Report for brand: VFSC2...", "service": "cc_reconcile", "stage": "download_davinci", "status": "ok"}
{"timestamp": "2026-03-02T17:05:13+0800", "level": "WARNING", "logger": "etl_logger", "message": "POST failed (VFSC2 2026-02-27) attempt 1: 502 Server Error: Bad Gateway for url: https://report.vantagemarkets.com/api/cc-detail/download, took 118.3s", "service": "cc_reconcile", "stage": "download_davinci", "status": "ok"}
{"timestamp": "2026-03-02T17:06:15+0800", "level": "INFO", "logger": "etl_logger", "message": "POST success (VFSC2 2026-02-27): cc_withdraw_detail_report_20260302090615.csv, took 56.9s", "service": "cc_reconcile", "stage": "download_davinci", "status": "ok"}
{"timestamp": "2026-03-02T17:06:18+0800", "level": "INFO", "logger": "etl_logger", "message": "Download success (VFSC2 2026-02-27): cc_withdraw_detail_report_20260302090615.csv, took 3.1s", "service": "cc_reconcile", "stage": "download_davinci", "status": "ok"}
{"timestamp": "2026-03-02T17:07:09+0800", "level": "INFO", "logger": "etl_logger", "message": "POST success (VFSC2 2026-02-28): cc_withdraw_detail_report_20260302090709.csv, took 50.8s", "service": "cc_reconcile", "stage": "download_davinci", "status": "ok"}
{"timestamp": "2026-03-02T17:07:11+0800", "level": "INFO", "logger": "etl_logger", "message": "Download success (VFSC2 2026-02-28): cc_withdraw_detail_report_20260302090709.csv, took 2.1s", "service": "cc_reconcile", "stage": "download_davinci", "status": "ok"}
{"timestamp": "2026-03-02T17:08:02+0800", "level": "INFO", "logger": "etl_logger", "message": "POST success (VFSC2 2026-03-01): cc_withdraw_detail_report_20260302090802.csv, took 50.9s", "service": "cc_reconcile", "stage": "download_davinci", "status": "ok"}
{"timestamp": "2026-03-02T17:08:05+0800", "level": "INFO", "logger": "etl_logger", "message": "Download success (VFSC2 2026-03-01): cc_withdraw_detail_report_20260302090802.csv, took 2.6s", "service": "cc_reconcile", "stage": "download_davinci", "status": "ok"}
{"timestamp": "2026-03-02T17:08:56+0800", "level": "INFO", "logger": "etl_logger", "message": "POST success (VFSC2 2026-03-02): cc_withdraw_detail_report_20260302090856.csv, took 51.5s", "service": "cc_reconcile", "stage": "download_davinci", "status": "ok"}
{"timestamp": "2026-03-02T17:08:59+0800", "level": "INFO", "logger": "etl_logger", "message": "Download success (VFSC2 2026-03-02): cc_withdraw_detail_report_20260302090856.csv, took 3.0s", "service": "cc_reconcile", "stage": "download_davinci", "status": "ok"}
{"timestamp": "2026-03-02T17:09:00+0800", "level": "INFO", "logger": "etl_logger", "message": "Finish downloading Davinci CC - VFSC2 Report", "service": "cc_reconcile", "stage": "download_davinci", "status": "ok"}
{"timestamp": "2026-03-02T17:09:00+0800", "level": "INFO", "logger": "etl_logger", "message": "Finish downloading Davinci CC Report for all brands, total rows: 35412", "service": "cc_reconcile", "stage": "download_davinci", "status": "ok"}
{"timestamp": "2026-03-02T17:09:00+0800", "level": "INFO", "logger": "etl_logger", "message": "Download CRM CC Report Finish ，Total: 35412", "service": "cc_reconcile", "stage": "download", "status": "ok"}
{"timestamp": "2026-03-02T17:09:00+0800", "level": "INFO", "logger": "etl_logger", "message": "Start reconcile...", "service": "cc_reconcile", "stage": "reconcile", "status": "ok"}
{"timestamp": "2026-03-02T17:09:00+0800", "level": "INFO", "logger": "etl_logger", "message": "Reconcile Finish ，Total Mismatch Case: 12", "service": "cc_reconcile", "stage": "reconcile", "status": "ok"}
{"timestamp": "2026-03-02T17:09:01+0800", "level": "INFO", "logger": "etl_logger", "message": "Connect Lark Finish", "service": "cc_reconcile", "stage": "lark", "status": "ok"}
{"timestamp": "2026-03-02T17:09:01+0800", "level": "INFO", "logger": "etl_logger", "message": "Start query existing data in LarkSheet...", "service": "cc_reconcile", "stage": "lark", "status": "ok"}
{"timestamp": "2026-03-02T17:09:02+0800", "level": "INFO", "logger": "etl_logger", "message": "Query existing data in LarkSheet Finish", "service": "cc_reconcile", "stage": "lark", "status": "ok"}
{"timestamp": "2026-03-02T17:09:02+0800", "level": "INFO", "logger": "etl_logger", "message": "Total unique keys in LarkSheet: 77, Total new mismatch cases to upload: 0", "service": "cc_reconcile", "stage": "lark", "status": "ok"}
{"timestamp": "2026-03-02T17:09:02+0800", "level": "INFO", "logger": "etl_logger", "message": "Append data to LarkSheet with range: Kalw4Y!A2:L3, rows: 1, columns: 12", "service": "cc_reconcile", "stage": "lark", "status": "ok"}
{"timestamp": "2026-03-02T17:09:02+0800", "level": "INFO", "logger": "etl_logger", "message": "✅ Successfully appended data to LarkSheet", "service": "cc_reconcile", "stage": "lark", "status": "ok"}
{"timestamp": "2026-03-02T17:09:04+0800", "level": "INFO", "logger": "etl_logger", "message": "Upload data to LarkSheet Finish", "service": "cc_reconcile", "stage": "lark", "status": "ok"}
{"timestamp": "2026-03-02T18:00:02+0800", "level": "INFO", "logger": "etl_logger", "message": "Start download reports...", "service": "cc_reconcile", "stage": "download", "status": "ok"}
{"timestamp": "2026-03-02T18:00:05+0800", "level": "INFO", "logger": "etl_logger", "message": "Payabl Login Success and Get Token Success", "service": "cc_reconcile", "stage": "download_payabl", "status": "ok"}
{"timestamp": "2026-03-02T18:00:05+0800", "level": "INFO", "logger": "etl_logger", "message": "Start downloading Payabl CC Report for date: 2026-03-01...", "service": "cc_reconcile", "stage": "download_payabl", "status": "ok"}
{"timestamp": "2026-03-02T18:00:34+0800", "level": "INFO", "logger": "etl_logger", "message": "Start downloading Payabl CC Report for date: 2026-03-02...", "service": "cc_reconcile", "stage": "download_payabl", "status": "ok"}
{"timestamp": "2026-03-02T18:00:59+0800", "level": "INFO", "logger": "etl_logger", "message": "Finish downloading Payabl CC Report", "service": "cc_reconcile", "stage": "download_payabl", "status": "ok"}
{"timestamp": "2026-03-02T18:00:59+0800", "level": "INFO", "logger": "etl_logger", "message": "Download Payabl CC Report Finish ，Total: 75687", "service": "cc_reconcile", "stage": "download", "status": "ok"}
{"timestamp": "2026-03-02T18:00:59+0800", "level": "INFO", "logger": "etl_logger", "message": "Login attempt 1/5", "service": "cc_reconcile", "stage": "download_davinci", "status": "ok"}
{"timestamp": "2026-03-02T18:01:00+0800", "level": "INFO", "logger": "etl_logger", "message": "Login response status=200, url=https://admin.vantagemarkets.com/login/to_login, cookies=3", "service": "cc_reconcile", "stage": "download_davinci", "status": "ok"}
{"timestamp": "2026-03-02T18:01:00+0800", "level": "WARNING", "logger": "etl_logger", "message": "被導回 login 頁面（可能帳密/TOTP/風控）", "service": "cc_reconcile", "stage": "download_davinci", "status": "ok"}
{"timestamp": "2026-03-02T18:01:02+0800", "level": "INFO", "logger": "etl_logger", "message": "Login attempt 2/5", "service": "cc_reconcile", "stage": "download_davinci", "status": "ok"}
{"timestamp": "2026-03-02T18:01:03+0800", "level": "INFO", "logger": "etl_logger", "message": "Login response status=200, url=https://admin.vantagemarkets.com/admin/main, cookies=4", "service": "cc_reconcile", "stage": "download_davinci", "status": "ok"}
{"timestamp": "2026-03-02T18:01:03+0800", "level": "INFO", "logger": "etl_logger", "message": "Login successful", "service": "cc_reconcile", "stage": "download_davinci", "status": "ok"}
{"timestamp": "2026-03-02T18:01:03+0800", "level": "INFO", "logger": "etl_logger", "message": "Token obtained successfully", "service": "cc_reconcile", "stage": "download_davinci", "status": "ok"}
{"timestamp": "2026-03-02T18:01:03+0800", "level": "INFO", "logger": "etl_logger", "message": "Start downloading Davinci CC Report for brand: VFSC...", "service": "cc_reconcile", "stage": "download_davinci", "status": "ok"}
{"timestamp": "2026-03-02T18:01:26+0800", "level": "INFO", "logger": "etl_logger", "message": "POST success (VFSC 2026-02-27): cc_withdraw_detail_report_20260302100126.csv, took 22.9s", "service": "cc_reconcile", "stage": "download_davinci", "status": "ok"}
{"timestamp": "2026-03-02T18:01:28+0800", "level": "INFO", "logger": "etl_logger", "message": "Download success (VFSC 2026-02-27): cc_withdraw_detail_report_20260302100126.csv, took 2.1s", "service": "cc_reconcile", "stage": "download_davinci", "status": "ok"}
{"timestamp": "2026-03-02T18:01:29+0800", "level": "WARNING", "logger": "etl_logger", "message": "POST failed (VFSC 2026-02-28) attempt 1: 502 Server Error: Bad Gateway for url: https://report.vantagemarkets.com/api/cc-detail/download, took 0.2s", "service": "cc_reconcile", "stage": "download_davinci", "status": "ok"}
{"timestamp": "2026-03-02T18:01:52+0800", "level": "INFO", "logger": "etl_logger", "message": "POST success (VFSC 2026-02-28): cc_withdraw_detail_report_20260302100152.csv, took 18.3s", "service": "cc_reconcile", "stage": "download_davinci", "status": "ok"}
{"timestamp": "2026-03-02T18:01:53+0800", "level": "WARNING", "logger": "etl_logger", "message": "Download failed (VFSC 2026-02-28) attempt 1: 502 Server Error: Bad Gateway for url: https://report.vantagemarkets.com/api/download/cc_withdraw_detail_report_20260302100152.csv, took 1.0s", "service": "cc_reconcile", "stage": "download_davinci", "status": "ok"}
{"timestamp": "2026-03-02T18:02:02+0800", "level": "WARNING", "logger": "etl_logger", "message": "Download failed (VFSC 2026-02-28) attempt 2: 502 Server Error: Bad Gateway for url: https://report.vantagemarkets.com/api/download/cc_withdraw_detail_report_20260302100152.csv, took 4.6s", "service": "cc_reconcile", "stage": "download_davinci", "status": "ok"}
{"timestamp": "2026-03-02T18:02:09+0800", "level": "INFO", "logger": "etl_logger", "message": "Download success (VFSC 2026-02-28): cc_withdraw_detail_report_20260302100152.csv, took 1.1s", "service": "cc_reconcile", "stage": "download_davinci", "status": "ok"}
{"timestamp": "2026-03-02T18:02:26+0800", "level": "INFO", "logger": "etl_logger", "message": "POST success (VFSC 2026-03-01): cc_withdraw_detail_report_20260302100226.csv, took 17.6s", "service": "cc_reconcile", "stage": "download_davinci", "status": "ok"}
{"timestamp": "2026-03-02T18:02:27+0800", "level": "WARNING", "logger": "etl_logger", "message": "Download failed (VFSC 2026-03-01) attempt 1: 502 Server Error: Bad Gateway for url: https://report.vantagemarkets.com/api/download/cc_withdraw_detail_report_20260302100226.csv, took 1.0s", "service": "cc_reconcile", "stage": "download_davinci", "status": "ok"}
{"timestamp": "2026-03-02T18:02:33+0800", "level": "WARNING", "logger": "etl_logger", "message": "Download failed (VFSC 2026-03-01) attempt 2: 502 Server Error: Bad Gateway for url: https://report.vantagemarkets.com/api/download/cc_withdraw_detail_report_20260302100226.csv, took 0.3s", "service": "cc_reconcile", "stage": "download_davinci", "status": "ok"}
{"timestamp": "2026-03-02T18:02:39+0800", "level": "INFO", "logger": "etl_logger", "message": "Download success (VFSC 2026-03-01): cc_withdraw_detail_report_20260302100226.csv, took 1.0s", "service": "cc_reconcile", "stage": "download_davinci", "status": "ok"}
{"timestamp": "2026-03-02T18:02:57+0800", "level": "INFO", "logger": "etl_logger", "message": "POST success (VFSC 2026-03-02): cc_withdraw_detail_report_20260302100257.csv, took 18.2s", "service": "cc_reconcile", "stage": "download_davinci", "status": "ok"}
{"timestamp": "2026-03-02T18:02:58+0800", "level": "WARNING", "logger": "etl_logger", "message": "Download failed (VFSC 2026-03-02) attempt 1: 502 Server Error: Bad Gateway for url: https://report.vantagemarkets.com/api/download/cc_withdraw_detail_report_20260302100257.csv, took 1.0s", "service": "cc_reconcile", "stage": "download_davinci", "status": "ok"}
{"timestamp": "2026-03-02T18:03:04+0800", "level": "INFO", "logger": "etl_logger", "message": "Download success (VFSC 2026-03-02): cc_withdraw_detail_report_20260302100257.csv, took 1.5s", "service": "cc_reconcile", "stage": "download_davinci", "status": "ok"}
{"timestamp": "2026-03-02T18:03:04+0800", "level": "INFO", "logger": "etl_logger", "message": "Finish downloading Davinci CC - VFSC Report", "service": "cc_reconcile", "stage": "download_davinci", "status": "ok"}
{"timestamp": "2026-03-02T18:03:04+0800", "level": "INFO", "logger": "etl_logger", "message": "Start downloading Davinci CC Report for brand: VFSC2...", "service": "cc_reconcile", "stage": "download_davinci", "status": "ok"}
{"timestamp": "2026-03-02T18:03:57+0800", "level": "INFO", "logger": "etl_logger", "message": "POST success (VFSC2 2026-02-27): cc_withdraw_detail_report_20260302100357.csv, took 52.8s", "service": "cc_reconcile", "stage": "download_davinci", "status": "ok"}
{"timestamp": "2026-03-02T18:04:00+0800", "level": "INFO", "logger": "etl_logger", "message": "Download success (VFSC2 2026-02-27): cc_withdraw_detail_report_20260302100357.csv, took 3.0s", "service": "cc_reconcile", "stage": "download_davinci", "status": "ok"}
{"timestamp": "2026-03-02T18:04:52+0800", "level": "INFO", "logger": "etl_logger", "message": "POST success (VFSC2 2026-02-28): cc_withdraw_detail_report_20260302100451.csv, took 51.4s", "service": "cc_reconcile", "stage": "download_davinci", "status": "ok"}
{"timestamp": "2026-03-02T18:04:54+0800", "level": "INFO", "logger": "etl_logger", "message": "Download success (VFSC2 2026-02-28): cc_withdraw_detail_report_20260302100451.csv, took 2.7s", "service": "cc_reconcile", "stage": "download_davinci", "status": "ok"}
{"timestamp": "2026-03-02T18:05:46+0800", "level": "INFO", "logger": "etl_logger", "message": "POST success (VFSC2 2026-03-01): cc_withdraw_detail_report_20260302100546.csv, took 51.8s", "service": "cc_reconcile", "stage": "download_davinci", "status": "ok"}
{"timestamp": "2026-03-02T18:05:49+0800", "level": "INFO", "logger": "etl_logger", "message": "Download success (VFSC2 2026-03-01): cc_withdraw_detail_report_20260302100546.csv, took 2.7s", "service": "cc_reconcile", "stage": "download_davinci", "status": "ok"}
{"timestamp": "2026-03-02T18:06:32+0800", "level": "WARNING", "logger": "etl_logger", "message": "POST failed (VFSC2 2026-03-02) attempt 1: 500 Server Error: Internal Server Error for url: https://report.vantagemarkets.com/api/cc-detail/download, took 42.8s", "service": "cc_reconcile", "stage": "download_davinci", "status": "ok"}
{"timestamp": "2026-03-02T18:06:37+0800", "level": "WARNING", "logger": "etl_logger", "message": "POST failed (VFSC2 2026-03-02) attempt 2: 502 Server Error: Bad Gateway for url: https://report.vantagemarkets.com/api/cc-detail/download, took 0.2s", "service": "cc_reconcile", "stage": "download_davinci", "status": "ok"}
{"timestamp": "2026-03-02T18:07:24+0800", "level": "WARNING", "logger": "etl_logger", "message": "POST failed (VFSC2 2026-03-02) attempt 3: 500 Server Error: Internal Server Error for url: https://report.vantagemarkets.com/api/cc-detail/download, took 42.7s", "service": "cc_reconcile", "stage": "download_davinci", "status": "ok"}
{"timestamp": "2026-03-02T18:07:24+0800", "level": "ERROR", "logger": "etl_logger", "message": "POST failed after 3 attempts (VFSC2 2026-03-02)", "service": "cc_reconcile", "stage": "download_davinci", "status": "ok"}
{"timestamp": "2026-03-02T18:07:25+0800", "level": "INFO", "logger": "etl_logger", "message": "Finish downloading Davinci CC - VFSC2 Report", "service": "cc_reconcile", "stage": "download_davinci", "status": "ok"}
{"timestamp": "2026-03-02T18:07:25+0800", "level": "INFO", "logger": "etl_logger", "message": "Finish downloading Davinci CC Report for all brands, total rows: 23656", "service": "cc_reconcile", "stage": "download_davinci", "status": "ok"}
{"timestamp": "2026-03-02T18:07:25+0800", "level": "INFO", "logger": "etl_logger", "message": "Download CRM CC Report Finish ，Total: 23656", "service": "cc_reconcile", "stage": "download", "status": "ok"}
{"timestamp": "2026-03-02T18:07:25+0800", "level": "INFO", "logger": "etl_logger", "message": "Start reconcile...", "service": "cc_reconcile", "stage": "reconcile", "status": "ok"}
{"timestamp": "2026-03-02T18:07:25+0800", "level": "INFO", "logger": "etl_logger", "message": "Reconcile Finish ，Total Mismatch Case: 37", "service": "cc_reconcile", "stage": "reconcile", "status": "ok"}
{"timestamp": "2026-03-02T18:07:25+0800", "level": "INFO", "logger": "etl_logger", "message": "Connect Lark Finish", "service": "cc_reconcile", "stage": "lark", "status": "ok"}
{"timestamp": "2026-03-02T18:07:25+0800", "level": "INFO", "logger": "etl_logger", "message": "Start query existing data in LarkSheet...", "service": "cc_reconcile", "stage": "lark", "status": "ok"}
{"timestamp": "2026-03-02T18:07:26+0800", "level": "INFO", "logger": "etl_logger", "message": "Query existing data in LarkSheet Finish", "service": "cc_reconcile", "stage": "lark", "status": "ok"}
{"timestamp": "2026-03-02T18:07:26+0800", "level": "INFO", "logger": "etl_logger", "message": "Total unique keys in LarkSheet: 77, Total new mismatch cases to upload: 28", "service": "cc_reconcile", "stage": "lark", "status": "ok"}
{"timestamp": "2026-03-02T18:07:26+0800", "level": "INFO", "logger": "etl_logger", "message": "Append data to LarkSheet with range: Kalw4Y!A2:L30, rows: 28, columns: 12", "service": "cc_reconcile", "stage": "lark", "status": "ok"}
{"timestamp": "2026-03-02T18:07:27+0800", "level": "INFO", "logger": "etl_logger", "message": "✅ Successfully appended data to LarkSheet", "service": "cc_reconcile", "stage": "lark", "status": "ok"}
{"timestamp": "2026-03-02T18:07:29+0800", "level": "INFO", "logger": "etl_logger", "message": "Upload data to LarkSheet Finish", "service": "cc_reconcile", "stage": "lark", "status": "ok"}
{"timestamp": "2026-03-02T19:00:01+0800", "level": "INFO", "logger": "etl_logger", "message": "Start download reports...", "service": "cc_reconcile", "stage": "download", "status": "ok"}
{"timestamp": "2026-03-02T19:00:05+0800", "level": "INFO", "logger": "etl_logger", "message": "Payabl Login Success and Get Token Success", "service": "cc_reconcile", "stage": "download_payabl", "status": "ok"}
{"timestamp": "2026-03-02T19:00:05+0800", "level": "INFO", "logger": "etl_logger", "message": "Start downloading Payabl CC Report for date: 2026-03-01...", "service": "cc_reconcile", "stage": "download_payabl", "status": "ok"}
{"timestamp": "2026-03-02T19:00:37+0800", "level": "INFO", "logger": "etl_logger", "message": "Start downloading Payabl CC Report for date: 2026-03-02...", "service": "cc_reconcile", "stage": "download_payabl", "status": "ok"}
{"timestamp": "2026-03-02T19:01:04+0800", "level": "INFO", "logger": "etl_logger", "message": "Finish downloading Payabl CC Report", "service": "cc_reconcile", "stage": "download_payabl", "status": "ok"}
{"timestamp": "2026-03-02T19:01:04+0800", "level": "INFO", "logger": "etl_logger", "message": "Download Payabl CC Report Finish ，Total: 78483", "service": "cc_reconcile", "stage": "download", "status": "ok"}
{"timestamp": "2026-03-02T19:01:04+0800", "level": "INFO", "logger": "etl_logger", "message": "Login attempt 1/5", "service": "cc_reconcile", "stage": "download_davinci", "status": "ok"}
{"timestamp": "2026-03-02T19:01:05+0800", "level": "INFO", "logger": "etl_logger", "message": "Login response status=200, url=https://admin.vantagemarkets.com/admin/main, cookies=4", "service": "cc_reconcile", "stage": "download_davinci", "status": "ok"}
{"timestamp": "2026-03-02T19:01:05+0800", "level": "INFO", "logger": "etl_logger", "message": "Login successful", "service": "cc_reconcile", "stage": "download_davinci", "status": "ok"}
{"timestamp": "2026-03-02T19:01:06+0800", "level": "INFO", "logger": "etl_logger", "message": "Token obtained successfully", "service": "cc_reconcile", "stage": "download_davinci", "status": "ok"}
{"timestamp": "2026-03-02T19:01:06+0800", "level": "INFO", "logger": "etl_logger", "message": "Start downloading Davinci CC Report for brand: VFSC...", "service": "cc_reconcile", "stage": "download_davinci", "status": "ok"}
{"timestamp": "2026-03-02T19:01:06+0800", "level": "WARNING", "logger": "etl_logger", "message": "POST failed (VFSC 2026-02-27) attempt 1: 502 Server Error: Bad Gateway for url: https://report.vantagemarkets.com/api/cc-detail/download, took 0.9s", "service": "cc_reconcile", "stage": "download_davinci", "status": "ok"}
{"timestamp": "2026-03-02T19:01:30+0800", "level": "INFO", "logger": "etl_logger", "message": "POST success (VFSC 2026-02-27): cc_withdraw_detail_report_20260302110130.csv, took 18.1s", "service": "cc_reconcile", "stage": "download_davinci", "status": "ok"}
{"timestamp": "2026-03-02T19:01:32+0800", "level": "INFO", "logger": "etl_logger", "message": "Download success (VFSC 2026-02-27): cc_withdraw_detail_report_20260302110130.csv, took 2.2s", "service": "cc_reconcile", "stage": "download_davinci", "status": "ok"}
{"timestamp": "2026-03-02T19:01:51+0800", "level": "INFO", "logger": "etl_logger", "message": "POST success (VFSC 2026-02-28): cc_withdraw_detail_report_20260302110151.csv, took 18.7s", "service": "cc_reconcile", "stage": "download_davinci", "status": "ok"}
{"timestamp": "2026-03-02T19:01:52+0800", "level": "WARNING", "logger": "etl_logger", "message": "Download failed (VFSC 2026-02-28) attempt 1: 502 Server Error: Bad Gateway for url: https://report.vantagemarkets.com/api/download/cc_withdraw_detail_report_20260302110151.csv, took 1.0s", "service": "cc_reconcile", "stage": "download_davinci", "status": "ok"}
{"timestamp": "2026-03-02T19:01:58+0800", "level": "WARNING", "logger": "etl_logger", "message": "Download failed (VFSC 2026-02-28) attempt 2: 502 Server Error: Bad Gateway for url: https://report.vantagemarkets.com/api/download/cc_withdraw_detail_report_20260302110151.csv, took 1.6s", "service": "cc_reconcile", "stage": "download_davinci", "status": "ok"}
{"timestamp": "2026-03-02T19:02:04+0800", "level": "WARNING", "logger": "etl_logger", "message": "Download failed (VFSC 2026-02-28) attempt 3: 502 Server Error: Bad Gateway for url: https://report.vantagemarkets.com/api/download/cc_withdraw_detail_report_20260302110151.csv, took 0.4s", "service": "cc_reconcile", "stage": "download_davinci", "status": "ok"}
{"timestamp": "2026-03-02T19:02:04+0800", "level": "ERROR", "logger": "etl_logger", "message": "Download failed after 3 attempts (VFSC 2026-02-28)", "service": "cc_reconcile", "stage": "download_davinci", "status": "ok"}
{"timestamp": "2026-03-02T19:02:22+0800", "level": "INFO", "logger": "etl_logger", "message": "POST success (VFSC 2026-03-01): cc_withdraw_detail_report_20260302110222.csv, took 18.9s", "service": "cc_reconcile", "stage": "download_davinci", "status": "ok"}
{"timestamp": "2026-03-02T19:02:28+0800", "level": "WARNING", "logger": "etl_logger", "message": "Download failed (VFSC 2026-03-01) attempt 1: 502 Server Error: Bad Gateway for url: https://report.vantagemarkets.com/api/download/cc_withdraw_detail_report_20260302110222.csv, took 5.3s", "service": "cc_reconcile", "stage": "download_davinci", "status": "ok"}
{"timestamp": "2026-03-02T19:02:35+0800", "level": "INFO", "logger": "etl_logger", "message": "Download success (VFSC 2026-03-01): cc_withdraw_detail_report_20260302110222.csv, took 1.9s", "service": "cc_reconcile", "stage": "download_davinci", "status": "ok"}
{"timestamp": "2026-03-02T19:02:53+0800", "level": "INFO", "logger": "etl_logger", "message": "POST success (VFSC 2026-03-02): cc_withdraw_detail_report_20260302110253.csv, took 18.4s", "service": "cc_reconcile", "stage": "download_davinci", "status": "ok"}
{"timestamp": "2026-03-02T19:02:55+0800", "level": "INFO", "logger": "etl_logger", "message": "Download success (VFSC 2026-03-02): cc_withdraw_detail_report_20260302110253.csv, took 2.1s", "service": "cc_reconcile", "stage": "download_davinci", "status": "ok"}
{"timestamp": "2026-03-02T19:02:55+0800", "level": "INFO", "logger": "etl_logger", "message": "Finish downloading Davinci CC - VFSC Report", "service": "cc_reconcile", "stage": "download_davinci", "status": "ok"}
{"timestamp": "2026-03-02T19:02:55+0800", "level": "INFO", "logger": "etl_logger", "message": "Start downloading Davinci CC Report for brand: VFSC2...", "service": "cc_reconcile", "stage": "download_davinci", "status": "ok"}
{"timestamp": "2026-03-02T19:02:56+0800", "level": "WARNING", "logger": "etl_logger", "message": "POST failed (VFSC2 2026-02-27) attempt 1: 502 Server Error: Bad Gateway for url: https://report.vantagemarkets.com/api/cc-detail/download, took 0.2s", "service": "cc_reconcile", "stage": "download_davinci", "status": "ok"}
{"timestamp": "2026-03-02T19:03:33+0800", "level": "WARNING", "logger": "etl_logger", "message": "POST failed (VFSC2 2026-02-27) attempt 2: 500 Server Error: Internal Server Error for url: https://report.vantagemarkets.com/api/cc-detail/download, took 32.4s", "service": "cc_reconcile", "stage": "download_davinci", "status": "ok"}
{"timestamp": "2026-03-02T19:04:50+0800", "level": "INFO", "logger": "etl_logger", "message": "POST success (VFSC2 2026-02-27): cc_withdraw_detail_report_20260302110450.csv, took 72.3s", "service": "cc_reconcile", "stage": "download_davinci", "status": "ok"}
{"timestamp": "2026-03-02T19:04:51+0800", "level": "WARNING", "logger": "etl_logger", "message": "Download failed (VFSC2 2026-02-27) attempt 1: 502 Server Error: Bad Gateway for url: https://report.vantagemarkets.com/api/download/cc_withdraw_detail_report_20260302110450.csv, took 1.1s", "service": "cc_reconcile", "stage": "download_davinci", "status": "ok"}
{"timestamp": "2026-03-02T19:04:59+0800", "level": "INFO", "logger": "etl_logger", "message": "Download success (VFSC2 2026-02-27): cc_withdraw_detail_report_20260302110450.csv, took 2.3s", "service": "cc_reconcile", "stage": "download_davinci", "status": "ok"}
{"timestamp": "2026-03-02T19:06:10+0800", "level": "INFO", "logger": "etl_logger", "message": "POST success (VFSC2 2026-02-28): cc_withdraw_detail_report_20260302110610.csv, took 71.3s", "service": "cc_reconcile", "stage": "download_davinci", "status": "ok"}
{"timestamp": "2026-03-02T19:06:13+0800", "level": "INFO", "logger": "etl_logger", "message": "Download success (VFSC2 2026-02-28): cc_withdraw_detail_report_20260302110610.csv, took 2.6s", "service": "cc_reconcile", "stage": "download_davinci", "status": "ok"}
{"timestamp": "2026-03-02T19:07:06+0800", "level": "INFO", "logger": "etl_logger", "message": "POST success (VFSC2 2026-03-01): cc_withdraw_detail_report_20260302110706.csv, took 53.6s", "service": "cc_reconcile", "stage": "download_davinci", "status": "ok"}
{"timestamp": "2026-03-02T19:07:09+0800", "level": "INFO", "logger": "etl_logger", "message": "Download success (VFSC2 2026-03-01): cc_withdraw_detail_report_20260302110706.csv, took 2.7s", "service": "cc_reconcile", "stage": "download_davinci", "status": "ok"}
{"timestamp": "2026-03-02T19:08:23+0800", "level": "INFO", "logger": "etl_logger", "message": "POST success (VFSC2 2026-03-02): cc_withdraw_detail_report_20260302110823.csv, took 73.9s", "service": "cc_reconcile", "stage": "download_davinci", "status": "ok"}
{"timestamp": "2026-03-02T19:08:26+0800", "level": "INFO", "logger": "etl_logger", "message": "Download success (VFSC2 2026-03-02): cc_withdraw_detail_report_20260302110823.csv, took 3.0s", "service": "cc_reconcile", "stage": "download_davinci", "status": "ok"}
{"timestamp": "2026-03-02T19:08:26+0800", "level": "INFO", "logger": "etl_logger", "message": "Finish downloading Davinci CC - VFSC2 Report", "service": "cc_reconcile", "stage": "download_davinci", "status": "ok"}
{"timestamp": "2026-03-02T19:08:26+0800", "level": "INFO", "logger": "etl_logger", "message": "Finish downloading Davinci CC Report for all brands, total rows: 36445", "service": "cc_reconcile", "stage": "download_davinci", "status": "ok"}
{"timestamp": "2026-03-02T19:08:26+0800", "level": "INFO", "logger": "etl_logger", "message": "Download CRM CC Report Finish ，Total: 36445", "service": "cc_reconcile", "stage": "download", "status": "ok"}
{"timestamp": "2026-03-02T19:08:26+0800", "level": "INFO", "logger": "etl_logger", "message": "Start reconcile...", "service": "cc_reconcile", "stage": "reconcile", "status": "ok"}
{"timestamp": "2026-03-02T19:08:26+0800", "level": "INFO", "logger": "etl_logger", "message": "Reconcile Finish ，Total Mismatch Case: 12", "service": "cc_reconcile", "stage": "reconcile", "status": "ok"}
{"timestamp": "2026-03-02T19:08:27+0800", "level": "INFO", "logger": "etl_logger", "message": "Connect Lark Finish", "service": "cc_reconcile", "stage": "lark", "status": "ok"}
{"timestamp": "2026-03-02T19:08:27+0800", "level": "INFO", "logger": "etl_logger", "message": "Start query existing data in LarkSheet...", "service": "cc_reconcile", "stage": "lark", "status": "ok"}
{"timestamp": "2026-03-02T19:08:28+0800", "level": "INFO", "logger": "etl_logger", "message": "Query existing data in LarkSheet Finish", "service": "cc_reconcile", "stage": "lark", "status": "ok"}
{"timestamp": "2026-03-02T19:08:28+0800", "level": "INFO", "logger": "etl_logger", "message": "Total unique keys in LarkSheet: 105, Total new mismatch cases to upload: 0", "service": "cc_reconcile", "stage": "lark", "status": "ok"}
{"timestamp": "2026-03-02T19:08:28+0800", "level": "INFO", "logger": "etl_logger", "message": "Append data to LarkSheet with range: Kalw4Y!A2:L3, rows: 1, columns: 12", "service": "cc_reconcile", "stage": "lark", "status": "ok"}
{"timestamp": "2026-03-02T19:08:28+0800", "level": "INFO", "logger": "etl_logger", "message": "✅ Successfully appended data to LarkSheet", "service": "cc_reconcile", "stage": "lark", "status": "ok"}
{"timestamp": "2026-03-02T19:08:30+0800", "level": "INFO", "logger": "etl_logger", "message": "Upload data to LarkSheet Finish", "service": "cc_reconcile", "stage": "lark", "status": "ok"}
{"timestamp": "2026-03-02T20:00:01+0800", "level": "INFO", "logger": "etl_logger", "message": "Start download reports...", "service": "cc_reconcile", "stage": "download", "status": "ok"}
{"timestamp": "2026-03-02T20:00:05+0800", "level": "INFO", "logger": "etl_logger", "message": "Payabl Login Success and Get Token Success", "service": "cc_reconcile", "stage": "download_payabl", "status": "ok"}
{"timestamp": "2026-03-02T20:00:05+0800", "level": "INFO", "logger": "etl_logger", "message": "Start downloading Payabl CC Report for date: 2026-03-01...", "service": "cc_reconcile", "stage": "download_payabl", "status": "ok"}
{"timestamp": "2026-03-02T20:00:34+0800", "level": "INFO", "logger": "etl_logger", "message": "Start downloading Payabl CC Report for date: 2026-03-02...", "service": "cc_reconcile", "stage": "download_payabl", "status": "ok"}
{"timestamp": "2026-03-02T20:01:03+0800", "level": "INFO", "logger": "etl_logger", "message": "Finish downloading Payabl CC Report", "service": "cc_reconcile", "stage": "download_payabl", "status": "ok"}
{"timestamp": "2026-03-02T20:01:03+0800", "level": "INFO", "logger": "etl_logger", "message": "Download Payabl CC Report Finish ，Total: 81645", "service": "cc_reconcile", "stage": "download", "status": "ok"}
{"timestamp": "2026-03-02T20:01:03+0800", "level": "INFO", "logger": "etl_logger", "message": "Login attempt 1/5", "service": "cc_reconcile", "stage": "download_davinci", "status": "ok"}
{"timestamp": "2026-03-02T20:01:04+0800", "level": "INFO", "logger": "etl_logger", "message": "Login response status=200, url=https://admin.vantagemarkets.com/admin/main, cookies=4", "service": "cc_reconcile", "stage": "download_davinci", "status": "ok"}
{"timestamp": "2026-03-02T20:01:04+0800", "level": "INFO", "logger": "etl_logger", "message": "Login successful", "service": "cc_reconcile", "stage": "download_davinci", "status": "ok"}
{"timestamp": "2026-03-02T20:01:04+0800", "level": "INFO", "logger": "etl_logger", "message": "Token obtained successfully", "service": "cc_reconcile", "stage": "download_davinci", "status": "ok"}
{"timestamp": "2026-03-02T20:01:04+0800", "level": "INFO", "logger": "etl_logger", "message": "Start downloading Davinci CC Report for brand: VFSC...", "service": "cc_reconcile", "stage": "download_davinci", "status": "ok"}
{"timestamp": "2026-03-02T20:01:23+0800", "level": "INFO", "logger": "etl_logger", "message": "POST success (VFSC 2026-02-27): cc_withdraw_detail_report_20260302120123.csv, took 18.6s", "service": "cc_reconcile", "stage": "download_davinci", "status": "ok"}
{"timestamp": "2026-03-02T20:01:25+0800", "level": "INFO", "logger": "etl_logger", "message": "Download success (VFSC 2026-02-27): cc_withdraw_detail_report_20260302120123.csv, took 2.3s", "service": "cc_reconcile", "stage": "download_davinci", "status": "ok"}
{"timestamp": "2026-03-02T20:01:27+0800", "level": "WARNING", "logger": "etl_logger", "message": "POST failed (VFSC 2026-02-28) attempt 1: 500 Server Error: Internal Server Error for url: https://report.vantagemarkets.com/api/cc-detail/download, took 2.1s", "service": "cc_reconcile", "stage": "download_davinci", "status": "ok"}
{"timestamp": "2026-03-02T20:01:38+0800", "level": "INFO", "logger": "etl_logger", "message": "POST success (VFSC 2026-02-28): cc_withdraw_detail_report_20260302120138.csv, took 6.4s", "service": "cc_reconcile", "stage": "download_davinci", "status": "ok"}
{"timestamp": "2026-03-02T20:01:40+0800", "level": "INFO", "logger": "etl_logger", "message": "Download success (VFSC 2026-02-28): cc_withdraw_detail_report_20260302120138.csv, took 1.7s", "service": "cc_reconcile", "stage": "download_davinci", "status": "ok"}
{"timestamp": "2026-03-02T20:01:58+0800", "level": "INFO", "logger": "etl_logger", "message": "POST success (VFSC 2026-03-01): cc_withdraw_detail_report_20260302120158.csv, took 17.6s", "service": "cc_reconcile", "stage": "download_davinci", "status": "ok"}
{"timestamp": "2026-03-02T20:02:00+0800", "level": "INFO", "logger": "etl_logger", "message": "Download success (VFSC 2026-03-01): cc_withdraw_detail_report_20260302120158.csv, took 1.8s", "service": "cc_reconcile", "stage": "download_davinci", "status": "ok"}
{"timestamp": "2026-03-02T20:02:02+0800", "level": "WARNING", "logger": "etl_logger", "message": "POST failed (VFSC 2026-03-02) attempt 1: 502 Server Error: Bad Gateway for url: https://report.vantagemarkets.com/api/cc-detail/download, took 2.0s", "service": "cc_reconcile", "stage": "download_davinci", "status": "ok"}
{"timestamp": "2026-03-02T20:02:24+0800", "level": "INFO", "logger": "etl_logger", "message": "POST success (VFSC 2026-03-02): cc_withdraw_detail_report_20260302120224.csv, took 17.8s", "service": "cc_reconcile", "stage": "download_davinci", "status": "ok"}
{"timestamp": "2026-03-02T20:02:27+0800", "level": "INFO", "logger": "etl_logger", "message": "Download success (VFSC 2026-03-02): cc_withdraw_detail_report_20260302120224.csv, took 2.2s", "service": "cc_reconcile", "stage": "download_davinci", "status": "ok"}
{"timestamp": "2026-03-02T20:02:27+0800", "level": "INFO", "logger": "etl_logger", "message": "Finish downloading Davinci CC - VFSC Report", "service": "cc_reconcile", "stage": "download_davinci", "status": "ok"}
{"timestamp": "2026-03-02T20:02:27+0800", "level": "INFO", "logger": "etl_logger", "message": "Start downloading Davinci CC Report for brand: VFSC2...", "service": "cc_reconcile", "stage": "download_davinci", "status": "ok"}
{"timestamp": "2026-03-02T20:03:40+0800", "level": "INFO", "logger": "etl_logger", "message": "POST success (VFSC2 2026-02-27): cc_withdraw_detail_report_20260302120340.csv, took 73.6s", "service": "cc_reconcile", "stage": "download_davinci", "status": "ok"}
{"timestamp": "2026-03-02T20:03:43+0800", "level": "INFO", "logger": "etl_logger", "message": "Download success (VFSC2 2026-02-27): cc_withdraw_detail_report_20260302120340.csv, took 3.0s", "service": "cc_reconcile", "stage": "download_davinci", "status": "ok"}
{"timestamp": "2026-03-02T20:04:54+0800", "level": "INFO", "logger": "etl_logger", "message": "POST success (VFSC2 2026-02-28): cc_withdraw_detail_report_20260302120454.csv, took 70.4s", "service": "cc_reconcile", "stage": "download_davinci", "status": "ok"}
{"timestamp": "2026-03-02T20:04:56+0800", "level": "INFO", "logger": "etl_logger", "message": "Download success (VFSC2 2026-02-28): cc_withdraw_detail_report_20260302120454.csv, took 2.6s", "service": "cc_reconcile", "stage": "download_davinci", "status": "ok"}
{"timestamp": "2026-03-02T20:06:08+0800", "level": "INFO", "logger": "etl_logger", "message": "POST success (VFSC2 2026-03-01): cc_withdraw_detail_report_20260302120608.csv, took 71.7s", "service": "cc_reconcile", "stage": "download_davinci", "status": "ok"}
{"timestamp": "2026-03-02T20:06:10+0800", "level": "INFO", "logger": "etl_logger", "message": "Download success (VFSC2 2026-03-01): cc_withdraw_detail_report_20260302120608.csv, took 2.6s", "service": "cc_reconcile", "stage": "download_davinci", "status": "ok"}
{"timestamp": "2026-03-02T20:07:06+0800", "level": "INFO", "logger": "etl_logger", "message": "POST success (VFSC2 2026-03-02): cc_withdraw_detail_report_20260302120706.csv, took 55.4s", "service": "cc_reconcile", "stage": "download_davinci", "status": "ok"}
{"timestamp": "2026-03-02T20:07:18+0800", "level": "INFO", "logger": "etl_logger", "message": "Download success (VFSC2 2026-03-02): cc_withdraw_detail_report_20260302120706.csv, took 12.4s", "service": "cc_reconcile", "stage": "download_davinci", "status": "ok"}
{"timestamp": "2026-03-02T20:07:19+0800", "level": "INFO", "logger": "etl_logger", "message": "Finish downloading Davinci CC - VFSC2 Report", "service": "cc_reconcile", "stage": "download_davinci", "status": "ok"}
{"timestamp": "2026-03-02T20:07:19+0800", "level": "INFO", "logger": "etl_logger", "message": "Finish downloading Davinci CC Report for all brands, total rows: 37579", "service": "cc_reconcile", "stage": "download_davinci", "status": "ok"}
{"timestamp": "2026-03-02T20:07:19+0800", "level": "INFO", "logger": "etl_logger", "message": "Download CRM CC Report Finish ，Total: 37579", "service": "cc_reconcile", "stage": "download", "status": "ok"}
{"timestamp": "2026-03-02T20:07:19+0800", "level": "INFO", "logger": "etl_logger", "message": "Start reconcile...", "service": "cc_reconcile", "stage": "reconcile", "status": "ok"}
{"timestamp": "2026-03-02T20:07:19+0800", "level": "INFO", "logger": "etl_logger", "message": "Reconcile Finish ，Total Mismatch Case: 12", "service": "cc_reconcile", "stage": "reconcile", "status": "ok"}
{"timestamp": "2026-03-02T20:07:19+0800", "level": "INFO", "logger": "etl_logger", "message": "Connect Lark Finish", "service": "cc_reconcile", "stage": "lark", "status": "ok"}
{"timestamp": "2026-03-02T20:07:19+0800", "level": "INFO", "logger": "etl_logger", "message": "Start query existing data in LarkSheet...", "service": "cc_reconcile", "stage": "lark", "status": "ok"}
{"timestamp": "2026-03-02T20:07:21+0800", "level": "INFO", "logger": "etl_logger", "message": "Query existing data in LarkSheet Finish", "service": "cc_reconcile", "stage": "lark", "status": "ok"}
{"timestamp": "2026-03-02T20:07:21+0800", "level": "INFO", "logger": "etl_logger", "message": "Total unique keys in LarkSheet: 105, Total new mismatch cases to upload: 0", "service": "cc_reconcile", "stage": "lark", "status": "ok"}
{"timestamp": "2026-03-02T20:07:21+0800", "level": "INFO", "logger": "etl_logger", "message": "Append data to LarkSheet with range: Kalw4Y!A2:L3, rows: 1, columns: 12", "service": "cc_reconcile", "stage": "lark", "status": "ok"}
{"timestamp": "2026-03-02T20:07:21+0800", "level": "INFO", "logger": "etl_logger", "message": "✅ Successfully appended data to LarkSheet", "service": "cc_reconcile", "stage": "lark", "status": "ok"}
{"timestamp": "2026-03-02T20:07:23+0800", "level": "INFO", "logger": "etl_logger", "message": "Upload data to LarkSheet Finish", "service": "cc_reconcile", "stage": "lark", "status": "ok"}
{"timestamp": "2026-03-02T21:00:01+0800", "level": "INFO", "logger": "etl_logger", "message": "Start download reports...", "service": "cc_reconcile", "stage": "download", "status": "ok"}
{"timestamp": "2026-03-02T21:00:04+0800", "level": "INFO", "logger": "etl_logger", "message": "Payabl Login Success and Get Token Success", "service": "cc_reconcile", "stage": "download_payabl", "status": "ok"}
{"timestamp": "2026-03-02T21:00:04+0800", "level": "INFO", "logger": "etl_logger", "message": "Start downloading Payabl CC Report for date: 2026-03-01...", "service": "cc_reconcile", "stage": "download_payabl", "status": "ok"}
{"timestamp": "2026-03-02T21:00:32+0800", "level": "INFO", "logger": "etl_logger", "message": "Start downloading Payabl CC Report for date: 2026-03-02...", "service": "cc_reconcile", "stage": "download_payabl", "status": "ok"}
{"timestamp": "2026-03-02T21:01:03+0800", "level": "INFO", "logger": "etl_logger", "message": "Finish downloading Payabl CC Report", "service": "cc_reconcile", "stage": "download_payabl", "status": "ok"}
{"timestamp": "2026-03-02T21:01:03+0800", "level": "INFO", "logger": "etl_logger", "message": "Download Payabl CC Report Finish ，Total: 84390", "service": "cc_reconcile", "stage": "download", "status": "ok"}
{"timestamp": "2026-03-02T21:01:03+0800", "level": "INFO", "logger": "etl_logger", "message": "Login attempt 1/5", "service": "cc_reconcile", "stage": "download_davinci", "status": "ok"}
{"timestamp": "2026-03-02T21:01:04+0800", "level": "INFO", "logger": "etl_logger", "message": "Login response status=200, url=https://admin.vantagemarkets.com/admin/main, cookies=4", "service": "cc_reconcile", "stage": "download_davinci", "status": "ok"}
{"timestamp": "2026-03-02T21:01:04+0800", "level": "INFO", "logger": "etl_logger", "message": "Login successful", "service": "cc_reconcile", "stage": "download_davinci", "status": "ok"}
{"timestamp": "2026-03-02T21:01:04+0800", "level": "INFO", "logger": "etl_logger", "message": "Token obtained successfully", "service": "cc_reconcile", "stage": "download_davinci", "status": "ok"}
{"timestamp": "2026-03-02T21:01:04+0800", "level": "INFO", "logger": "etl_logger", "message": "Start downloading Davinci CC Report for brand: VFSC...", "service": "cc_reconcile", "stage": "download_davinci", "status": "ok"}
{"timestamp": "2026-03-02T21:01:23+0800", "level": "INFO", "logger": "etl_logger", "message": "POST success (VFSC 2026-02-27): cc_withdraw_detail_report_20260302130123.csv, took 18.5s", "service": "cc_reconcile", "stage": "download_davinci", "status": "ok"}
{"timestamp": "2026-03-02T21:01:24+0800", "level": "INFO", "logger": "etl_logger", "message": "Download success (VFSC 2026-02-27): cc_withdraw_detail_report_20260302130123.csv, took 1.7s", "service": "cc_reconcile", "stage": "download_davinci", "status": "ok"}
{"timestamp": "2026-03-02T21:01:25+0800", "level": "WARNING", "logger": "etl_logger", "message": "POST failed (VFSC 2026-02-28) attempt 1: 502 Server Error: Bad Gateway for url: https://report.vantagemarkets.com/api/cc-detail/download, took 0.2s", "service": "cc_reconcile", "stage": "download_davinci", "status": "ok"}
{"timestamp": "2026-03-02T21:01:52+0800", "level": "INFO", "logger": "etl_logger", "message": "POST success (VFSC 2026-02-28): cc_withdraw_detail_report_20260302130152.csv, took 22.5s", "service": "cc_reconcile", "stage": "download_davinci", "status": "ok"}
{"timestamp": "2026-03-02T21:01:54+0800", "level": "INFO", "logger": "etl_logger", "message": "Download success (VFSC 2026-02-28): cc_withdraw_detail_report_20260302130152.csv, took 1.4s", "service": "cc_reconcile", "stage": "download_davinci", "status": "ok"}
{"timestamp": "2026-03-02T21:02:12+0800", "level": "INFO", "logger": "etl_logger", "message": "POST success (VFSC 2026-03-01): cc_withdraw_detail_report_20260302130212.csv, took 18.6s", "service": "cc_reconcile", "stage": "download_davinci", "status": "ok"}
{"timestamp": "2026-03-02T21:02:13+0800", "level": "WARNING", "logger": "etl_logger", "message": "Download failed (VFSC 2026-03-01) attempt 1: 502 Server Error: Bad Gateway for url: https://report.vantagemarkets.com/api/download/cc_withdraw_detail_report_20260302130212.csv, took 0.8s", "service": "cc_reconcile", "stage": "download_davinci", "status": "ok"}
{"timestamp": "2026-03-02T21:02:19+0800", "level": "WARNING", "logger": "etl_logger", "message": "Download failed (VFSC 2026-03-01) attempt 2: 502 Server Error: Bad Gateway for url: https://report.vantagemarkets.com/api/download/cc_withdraw_detail_report_20260302130212.csv, took 0.9s", "service": "cc_reconcile", "stage": "download_davinci", "status": "ok"}
{"timestamp": "2026-03-02T21:02:24+0800", "level": "WARNING", "logger": "etl_logger", "message": "Download failed (VFSC 2026-03-01) attempt 3: 502 Server Error: Bad Gateway for url: https://report.vantagemarkets.com/api/download/cc_withdraw_detail_report_20260302130212.csv, took 0.3s", "service": "cc_reconcile", "stage": "download_davinci", "status": "ok"}
{"timestamp": "2026-03-02T21:02:24+0800", "level": "ERROR", "logger": "etl_logger", "message": "Download failed after 3 attempts (VFSC 2026-03-01)", "service": "cc_reconcile", "stage": "download_davinci", "status": "ok"}
{"timestamp": "2026-03-02T21:02:43+0800", "level": "INFO", "logger": "etl_logger", "message": "POST success (VFSC 2026-03-02): cc_withdraw_detail_report_20260302130243.csv, took 19.3s", "service": "cc_reconcile", "stage": "download_davinci", "status": "ok"}
{"timestamp": "2026-03-02T21:02:44+0800", "level": "WARNING", "logger": "etl_logger", "message": "Download failed (VFSC 2026-03-02) attempt 1: 502 Server Error: Bad Gateway for url: https://report.vantagemarkets.com/api/download/cc_withdraw_detail_report_20260302130243.csv, took 0.8s", "service": "cc_reconcile", "stage": "download_davinci", "status": "ok"}
{"timestamp": "2026-03-02T21:02:51+0800", "level": "INFO", "logger": "etl_logger", "message": "Download success (VFSC 2026-03-02): cc_withdraw_detail_report_20260302130243.csv, took 1.3s", "service": "cc_reconcile", "stage": "download_davinci", "status": "ok"}
{"timestamp": "2026-03-02T21:02:51+0800", "level": "INFO", "logger": "etl_logger", "message": "Finish downloading Davinci CC - VFSC Report", "service": "cc_reconcile", "stage": "download_davinci", "status": "ok"}
{"timestamp": "2026-03-02T21:02:51+0800", "level": "INFO", "logger": "etl_logger", "message": "Start downloading Davinci CC Report for brand: VFSC2...", "service": "cc_reconcile", "stage": "download_davinci", "status": "ok"}
{"timestamp": "2026-03-02T21:02:51+0800", "level": "WARNING", "logger": "etl_logger", "message": "POST failed (VFSC2 2026-02-27) attempt 1: 502 Server Error: Bad Gateway for url: https://report.vantagemarkets.com/api/cc-detail/download, took 0.2s", "service": "cc_reconcile", "stage": "download_davinci", "status": "ok"}
{"timestamp": "2026-03-02T21:04:06+0800", "level": "INFO", "logger": "etl_logger", "message": "POST success (VFSC2 2026-02-27): cc_withdraw_detail_report_20260302130406.csv, took 70.0s", "service": "cc_reconcile", "stage": "download_davinci", "status": "ok"}
{"timestamp": "2026-03-02T21:04:08+0800", "level": "INFO", "logger": "etl_logger", "message": "Download success (VFSC2 2026-02-27): cc_withdraw_detail_report_20260302130406.csv, took 2.6s", "service": "cc_reconcile", "stage": "download_davinci", "status": "ok"}
{"timestamp": "2026-03-02T21:05:21+0800", "level": "INFO", "logger": "etl_logger", "message": "POST success (VFSC2 2026-02-28): cc_withdraw_detail_report_20260302130521.csv, took 72.5s", "service": "cc_reconcile", "stage": "download_davinci", "status": "ok"}
{"timestamp": "2026-03-02T21:05:22+0800", "level": "WARNING", "logger": "etl_logger", "message": "Download failed (VFSC2 2026-02-28) attempt 1: 502 Server Error: Bad Gateway for url: https://report.vantagemarkets.com/api/download/cc_withdraw_detail_report_20260302130521.csv, took 0.8s", "service": "cc_reconcile", "stage": "download_davinci", "status": "ok"}
{"timestamp": "2026-03-02T21:05:28+0800", "level": "WARNING", "logger": "etl_logger", "message": "Download failed (VFSC2 2026-02-28) attempt 2: 502 Server Error: Bad Gateway for url: https://report.vantagemarkets.com/api/download/cc_withdraw_detail_report_20260302130521.csv, took 1.4s", "service": "cc_reconcile", "stage": "download_davinci", "status": "ok"}
{"timestamp": "2026-03-02T21:05:33+0800", "level": "WARNING", "logger": "etl_logger", "message": "Download failed (VFSC2 2026-02-28) attempt 3: 502 Server Error: Bad Gateway for url: https://report.vantagemarkets.com/api/download/cc_withdraw_detail_report_20260302130521.csv, took 0.3s", "service": "cc_reconcile", "stage": "download_davinci", "status": "ok"}
{"timestamp": "2026-03-02T21:05:33+0800", "level": "ERROR", "logger": "etl_logger", "message": "Download failed after 3 attempts (VFSC2 2026-02-28)", "service": "cc_reconcile", "stage": "download_davinci", "status": "ok"}
{"timestamp": "2026-03-02T21:06:46+0800", "level": "INFO", "logger": "etl_logger", "message": "POST success (VFSC2 2026-03-01): cc_withdraw_detail_report_20260302130646.csv, took 73.0s", "service": "cc_reconcile", "stage": "download_davinci", "status": "ok"}
{"timestamp": "2026-03-02T21:06:49+0800", "level": "INFO", "logger": "etl_logger", "message": "Download success (VFSC2 2026-03-01): cc_withdraw_detail_report_20260302130646.csv, took 2.8s", "service": "cc_reconcile", "stage": "download_davinci", "status": "ok"}
{"timestamp": "2026-03-02T21:07:44+0800", "level": "INFO", "logger": "etl_logger", "message": "POST success (VFSC2 2026-03-02): cc_withdraw_detail_report_20260302130744.csv, took 55.0s", "service": "cc_reconcile", "stage": "download_davinci", "status": "ok"}
{"timestamp": "2026-03-02T21:07:48+0800", "level": "INFO", "logger": "etl_logger", "message": "Download success (VFSC2 2026-03-02): cc_withdraw_detail_report_20260302130744.csv, took 3.8s", "service": "cc_reconcile", "stage": "download_davinci", "status": "ok"}
{"timestamp": "2026-03-02T21:07:49+0800", "level": "INFO", "logger": "etl_logger", "message": "Finish downloading Davinci CC - VFSC2 Report", "service": "cc_reconcile", "stage": "download_davinci", "status": "ok"}
{"timestamp": "2026-03-02T21:07:49+0800", "level": "INFO", "logger": "etl_logger", "message": "Finish downloading Davinci CC Report for all brands, total rows: 33717", "service": "cc_reconcile", "stage": "download_davinci", "status": "ok"}
{"timestamp": "2026-03-02T21:07:49+0800", "level": "INFO", "logger": "etl_logger", "message": "Download CRM CC Report Finish ，Total: 33717", "service": "cc_reconcile", "stage": "download", "status": "ok"}
{"timestamp": "2026-03-02T21:07:49+0800", "level": "INFO", "logger": "etl_logger", "message": "Start reconcile...", "service": "cc_reconcile", "stage": "reconcile", "status": "ok"}
{"timestamp": "2026-03-02T21:07:49+0800", "level": "INFO", "logger": "etl_logger", "message": "Reconcile Finish ，Total Mismatch Case: 14", "service": "cc_reconcile", "stage": "reconcile", "status": "ok"}
{"timestamp": "2026-03-02T21:07:49+0800", "level": "INFO", "logger": "etl_logger", "message": "Connect Lark Finish", "service": "cc_reconcile", "stage": "lark", "status": "ok"}
{"timestamp": "2026-03-02T21:07:49+0800", "level": "INFO", "logger": "etl_logger", "message": "Start query existing data in LarkSheet...", "service": "cc_reconcile", "stage": "lark", "status": "ok"}
{"timestamp": "2026-03-02T21:07:50+0800", "level": "INFO", "logger": "etl_logger", "message": "Query existing data in LarkSheet Finish", "service": "cc_reconcile", "stage": "lark", "status": "ok"}
{"timestamp": "2026-03-02T21:07:50+0800", "level": "INFO", "logger": "etl_logger", "message": "Total unique keys in LarkSheet: 105, Total new mismatch cases to upload: 2", "service": "cc_reconcile", "stage": "lark", "status": "ok"}
{"timestamp": "2026-03-02T21:07:50+0800", "level": "INFO", "logger": "etl_logger", "message": "Append data to LarkSheet with range: Kalw4Y!A2:L4, rows: 2, columns: 12", "service": "cc_reconcile", "stage": "lark", "status": "ok"}
{"timestamp": "2026-03-02T21:07:51+0800", "level": "INFO", "logger": "etl_logger", "message": "✅ Successfully appended data to LarkSheet", "service": "cc_reconcile", "stage": "lark", "status": "ok"}
{"timestamp": "2026-03-02T21:07:52+0800", "level": "INFO", "logger": "etl_logger", "message": "Upload data to LarkSheet Finish", "service": "cc_reconcile", "stage": "lark", "status": "ok"}
{"timestamp": "2026-03-02T22:00:01+0800", "level": "INFO", "logger": "etl_logger", "message": "Start download reports...", "service": "cc_reconcile", "stage": "download", "status": "ok"}
{"timestamp": "2026-03-02T22:00:04+0800", "level": "INFO", "logger": "etl_logger", "message": "Payabl Login Success and Get Token Success", "service": "cc_reconcile", "stage": "download_payabl", "status": "ok"}
{"timestamp": "2026-03-02T22:00:04+0800", "level": "INFO", "logger": "etl_logger", "message": "Start downloading Payabl CC Report for date: 2026-03-01...", "service": "cc_reconcile", "stage": "download_payabl", "status": "ok"}
{"timestamp": "2026-03-02T22:00:32+0800", "level": "INFO", "logger": "etl_logger", "message": "Start downloading Payabl CC Report for date: 2026-03-02...", "service": "cc_reconcile", "stage": "download_payabl", "status": "ok"}
{"timestamp": "2026-03-02T22:01:08+0800", "level": "INFO", "logger": "etl_logger", "message": "Finish downloading Payabl CC Report", "service": "cc_reconcile", "stage": "download_payabl", "status": "ok"}
{"timestamp": "2026-03-02T22:01:08+0800", "level": "INFO", "logger": "etl_logger", "message": "Download Payabl CC Report Finish ，Total: 89017", "service": "cc_reconcile", "stage": "download", "status": "ok"}
{"timestamp": "2026-03-02T22:01:08+0800", "level": "INFO", "logger": "etl_logger", "message": "Login attempt 1/5", "service": "cc_reconcile", "stage": "download_davinci", "status": "ok"}
{"timestamp": "2026-03-02T22:01:09+0800", "level": "INFO", "logger": "etl_logger", "message": "Login response status=200, url=https://admin.vantagemarkets.com/admin/main, cookies=4", "service": "cc_reconcile", "stage": "download_davinci", "status": "ok"}
{"timestamp": "2026-03-02T22:01:09+0800", "level": "INFO", "logger": "etl_logger", "message": "Login successful", "service": "cc_reconcile", "stage": "download_davinci", "status": "ok"}
{"timestamp": "2026-03-02T22:01:09+0800", "level": "INFO", "logger": "etl_logger", "message": "Token obtained successfully", "service": "cc_reconcile", "stage": "download_davinci", "status": "ok"}
{"timestamp": "2026-03-02T22:01:09+0800", "level": "INFO", "logger": "etl_logger", "message": "Start downloading Davinci CC Report for brand: VFSC...", "service": "cc_reconcile", "stage": "download_davinci", "status": "ok"}
{"timestamp": "2026-03-02T22:01:27+0800", "level": "INFO", "logger": "etl_logger", "message": "POST success (VFSC 2026-02-27): cc_withdraw_detail_report_20260302140127.csv, took 17.9s", "service": "cc_reconcile", "stage": "download_davinci", "status": "ok"}
{"timestamp": "2026-03-02T22:01:32+0800", "level": "INFO", "logger": "etl_logger", "message": "Download success (VFSC 2026-02-27): cc_withdraw_detail_report_20260302140127.csv, took 4.3s", "service": "cc_reconcile", "stage": "download_davinci", "status": "ok"}
{"timestamp": "2026-03-02T22:01:50+0800", "level": "INFO", "logger": "etl_logger", "message": "POST success (VFSC 2026-02-28): cc_withdraw_detail_report_20260302140150.csv, took 18.5s", "service": "cc_reconcile", "stage": "download_davinci", "status": "ok"}
{"timestamp": "2026-03-02T22:01:53+0800", "level": "INFO", "logger": "etl_logger", "message": "Download success (VFSC 2026-02-28): cc_withdraw_detail_report_20260302140150.csv, took 2.5s", "service": "cc_reconcile", "stage": "download_davinci", "status": "ok"}
{"timestamp": "2026-03-02T22:02:10+0800", "level": "INFO", "logger": "etl_logger", "message": "POST success (VFSC 2026-03-01): cc_withdraw_detail_report_20260302140210.csv, took 17.5s", "service": "cc_reconcile", "stage": "download_davinci", "status": "ok"}
{"timestamp": "2026-03-02T22:02:13+0800", "level": "INFO", "logger": "etl_logger", "message": "Download success (VFSC 2026-03-01): cc_withdraw_detail_report_20260302140210.csv, took 2.5s", "service": "cc_reconcile", "stage": "download_davinci", "status": "ok"}
{"timestamp": "2026-03-02T22:02:31+0800", "level": "INFO", "logger": "etl_logger", "message": "POST success (VFSC 2026-03-02): cc_withdraw_detail_report_20260302140231.csv, took 18.7s", "service": "cc_reconcile", "stage": "download_davinci", "status": "ok"}
{"timestamp": "2026-03-02T22:02:33+0800", "level": "WARNING", "logger": "etl_logger", "message": "Download failed (VFSC 2026-03-02) attempt 1: 502 Server Error: Bad Gateway for url: https://report.vantagemarkets.com/api/download/cc_withdraw_detail_report_20260302140231.csv, took 1.4s", "service": "cc_reconcile", "stage": "download_davinci", "status": "ok"}
{"timestamp": "2026-03-02T22:02:39+0800", "level": "WARNING", "logger": "etl_logger", "message": "Download failed (VFSC 2026-03-02) attempt 2: 502 Server Error: Bad Gateway for url: https://report.vantagemarkets.com/api/download/cc_withdraw_detail_report_20260302140231.csv, took 1.0s", "service": "cc_reconcile", "stage": "download_davinci", "status": "ok"}
{"timestamp": "2026-03-02T22:02:49+0800", "level": "INFO", "logger": "etl_logger", "message": "Download success (VFSC 2026-03-02): cc_withdraw_detail_report_20260302140231.csv, took 5.5s", "service": "cc_reconcile", "stage": "download_davinci", "status": "ok"}
{"timestamp": "2026-03-02T22:02:49+0800", "level": "INFO", "logger": "etl_logger", "message": "Finish downloading Davinci CC - VFSC Report", "service": "cc_reconcile", "stage": "download_davinci", "status": "ok"}
{"timestamp": "2026-03-02T22:02:49+0800", "level": "INFO", "logger": "etl_logger", "message": "Start downloading Davinci CC Report for brand: VFSC2...", "service": "cc_reconcile", "stage": "download_davinci", "status": "ok"}
{"timestamp": "2026-03-02T22:02:50+0800", "level": "WARNING", "logger": "etl_logger", "message": "POST failed (VFSC2 2026-02-27) attempt 1: 502 Server Error: Bad Gateway for url: https://report.vantagemarkets.com/api/cc-detail/download, took 0.2s", "service": "cc_reconcile", "stage": "download_davinci", "status": "ok"}
{"timestamp": "2026-03-02T22:03:48+0800", "level": "INFO", "logger": "etl_logger", "message": "POST success (VFSC2 2026-02-27): cc_withdraw_detail_report_20260302140347.csv, took 53.0s", "service": "cc_reconcile", "stage": "download_davinci", "status": "ok"}
{"timestamp": "2026-03-02T22:03:49+0800", "level": "WARNING", "logger": "etl_logger", "message": "Download failed (VFSC2 2026-02-27) attempt 1: 502 Server Error: Bad Gateway for url: https://report.vantagemarkets.com/api/download/cc_withdraw_detail_report_20260302140347.csv, took 1.1s", "service": "cc_reconcile", "stage": "download_davinci", "status": "ok"}
{"timestamp": "2026-03-02T22:03:55+0800", "level": "WARNING", "logger": "etl_logger", "message": "Download failed (VFSC2 2026-02-27) attempt 2: 502 Server Error: Bad Gateway for url: https://report.vantagemarkets.com/api/download/cc_withdraw_detail_report_20260302140347.csv, took 1.1s", "service": "cc_reconcile", "stage": "download_davinci", "status": "ok"}
{"timestamp": "2026-03-02T22:04:09+0800", "level": "INFO", "logger": "etl_logger", "message": "Download success (VFSC2 2026-02-27): cc_withdraw_detail_report_20260302140347.csv, took 9.0s", "service": "cc_reconcile", "stage": "download_davinci", "status": "ok"}
{"timestamp": "2026-03-02T22:05:01+0800", "level": "INFO", "logger": "etl_logger", "message": "POST success (VFSC2 2026-02-28): cc_withdraw_detail_report_20260302140501.csv, took 52.1s", "service": "cc_reconcile", "stage": "download_davinci", "status": "ok"}
{"timestamp": "2026-03-02T22:05:14+0800", "level": "WARNING", "logger": "etl_logger", "message": "Download failed (VFSC2 2026-02-28) attempt 1: ('Connection broken: IncompleteRead(782679 bytes read, 1146203 more expected)', IncompleteRead(782679 bytes read, 1146203 more expected)), took 12.9s", "service": "cc_reconcile", "stage": "download_davinci", "status": "ok"}
{"timestamp": "2026-03-02T22:05:33+0800", "level": "INFO", "logger": "etl_logger", "message": "Download success (VFSC2 2026-02-28): cc_withdraw_detail_report_20260302140501.csv, took 14.2s", "service": "cc_reconcile", "stage": "download_davinci", "status": "ok"}
{"timestamp": "2026-03-02T22:06:23+0800", "level": "INFO", "logger": "etl_logger", "message": "POST success (VFSC2 2026-03-01): cc_withdraw_detail_report_20260302140623.csv, took 50.2s", "service": "cc_reconcile", "stage": "download_davinci", "status": "ok"}
{"timestamp": "2026-03-02T22:06:27+0800", "level": "INFO", "logger": "etl_logger", "message": "Download success (VFSC2 2026-03-01): cc_withdraw_detail_report_20260302140623.csv, took 3.4s", "service": "cc_reconcile", "stage": "download_davinci", "status": "ok"}
{"timestamp": "2026-03-02T22:06:27+0800", "level": "WARNING", "logger": "etl_logger", "message": "POST failed (VFSC2 2026-03-02) attempt 1: 502 Server Error: Bad Gateway for url: https://report.vantagemarkets.com/api/cc-detail/download, took 0.2s", "service": "cc_reconcile", "stage": "download_davinci", "status": "ok"}
{"timestamp": "2026-03-02T22:06:32+0800", "level": "WARNING", "logger": "etl_logger", "message": "POST failed (VFSC2 2026-03-02) attempt 2: 502 Server Error: Bad Gateway for url: https://report.vantagemarkets.com/api/cc-detail/download, took 0.2s", "service": "cc_reconcile", "stage": "download_davinci", "status": "ok"}
{"timestamp": "2026-03-02T22:07:34+0800", "level": "INFO", "logger": "etl_logger", "message": "POST success (VFSC2 2026-03-02): cc_withdraw_detail_report_20260302140734.csv, took 56.6s", "service": "cc_reconcile", "stage": "download_davinci", "status": "ok"}
{"timestamp": "2026-03-02T22:07:42+0800", "level": "INFO", "logger": "etl_logger", "message": "Download success (VFSC2 2026-03-02): cc_withdraw_detail_report_20260302140734.csv, took 8.3s", "service": "cc_reconcile", "stage": "download_davinci", "status": "ok"}
{"timestamp": "2026-03-02T22:07:43+0800", "level": "INFO", "logger": "etl_logger", "message": "Finish downloading Davinci CC - VFSC2 Report", "service": "cc_reconcile", "stage": "download_davinci", "status": "ok"}
{"timestamp": "2026-03-02T22:07:43+0800", "level": "INFO", "logger": "etl_logger", "message": "Finish downloading Davinci CC Report for all brands, total rows: 39575", "service": "cc_reconcile", "stage": "download_davinci", "status": "ok"}
{"timestamp": "2026-03-02T22:07:43+0800", "level": "INFO", "logger": "etl_logger", "message": "Download CRM CC Report Finish ，Total: 39575", "service": "cc_reconcile", "stage": "download", "status": "ok"}
{"timestamp": "2026-03-02T22:07:43+0800", "level": "INFO", "logger": "etl_logger", "message": "Start reconcile...", "service": "cc_reconcile", "stage": "reconcile", "status": "ok"}
{"timestamp": "2026-03-02T22:07:43+0800", "level": "INFO", "logger": "etl_logger", "message": "Reconcile Finish ，Total Mismatch Case: 12", "service": "cc_reconcile", "stage": "reconcile", "status": "ok"}
{"timestamp": "2026-03-02T22:07:43+0800", "level": "INFO", "logger": "etl_logger", "message": "Connect Lark Finish", "service": "cc_reconcile", "stage": "lark", "status": "ok"}
{"timestamp": "2026-03-02T22:07:43+0800", "level": "INFO", "logger": "etl_logger", "message": "Start query existing data in LarkSheet...", "service": "cc_reconcile", "stage": "lark", "status": "ok"}
{"timestamp": "2026-03-02T22:07:44+0800", "level": "INFO", "logger": "etl_logger", "message": "Query existing data in LarkSheet Finish", "service": "cc_reconcile", "stage": "lark", "status": "ok"}
{"timestamp": "2026-03-02T22:07:44+0800", "level": "INFO", "logger": "etl_logger", "message": "Total unique keys in LarkSheet: 107, Total new mismatch cases to upload: 0", "service": "cc_reconcile", "stage": "lark", "status": "ok"}
{"timestamp": "2026-03-02T22:07:44+0800", "level": "INFO", "logger": "etl_logger", "message": "Append data to LarkSheet with range: Kalw4Y!A2:L3, rows: 1, columns: 12", "service": "cc_reconcile", "stage": "lark", "status": "ok"}
{"timestamp": "2026-03-02T22:07:45+0800", "level": "INFO", "logger": "etl_logger", "message": "✅ Successfully appended data to LarkSheet", "service": "cc_reconcile", "stage": "lark", "status": "ok"}
{"timestamp": "2026-03-02T22:07:46+0800", "level": "INFO", "logger": "etl_logger", "message": "Upload data to LarkSheet Finish", "service": "cc_reconcile", "stage": "lark", "status": "ok"}
{"timestamp": "2026-03-02T23:00:01+0800", "level": "INFO", "logger": "etl_logger", "message": "Start download reports...", "service": "cc_reconcile", "stage": "download", "status": "ok"}
{"timestamp": "2026-03-02T23:00:05+0800", "level": "INFO", "logger": "etl_logger", "message": "Payabl Login Success and Get Token Success", "service": "cc_reconcile", "stage": "download_payabl", "status": "ok"}
{"timestamp": "2026-03-02T23:00:05+0800", "level": "INFO", "logger": "etl_logger", "message": "Start downloading Payabl CC Report for date: 2026-03-01...", "service": "cc_reconcile", "stage": "download_payabl", "status": "ok"}
{"timestamp": "2026-03-02T23:00:32+0800", "level": "INFO", "logger": "etl_logger", "message": "Start downloading Payabl CC Report for date: 2026-03-02...", "service": "cc_reconcile", "stage": "download_payabl", "status": "ok"}
{"timestamp": "2026-03-02T23:01:10+0800", "level": "INFO", "logger": "etl_logger", "message": "Finish downloading Payabl CC Report", "service": "cc_reconcile", "stage": "download_payabl", "status": "ok"}
{"timestamp": "2026-03-02T23:01:10+0800", "level": "INFO", "logger": "etl_logger", "message": "Download Payabl CC Report Finish ，Total: 101295", "service": "cc_reconcile", "stage": "download", "status": "ok"}
{"timestamp": "2026-03-02T23:01:10+0800", "level": "INFO", "logger": "etl_logger", "message": "Login attempt 1/5", "service": "cc_reconcile", "stage": "download_davinci", "status": "ok"}
{"timestamp": "2026-03-02T23:01:11+0800", "level": "INFO", "logger": "etl_logger", "message": "Login response status=200, url=https://admin.vantagemarkets.com/admin/main, cookies=4", "service": "cc_reconcile", "stage": "download_davinci", "status": "ok"}
{"timestamp": "2026-03-02T23:01:11+0800", "level": "INFO", "logger": "etl_logger", "message": "Login successful", "service": "cc_reconcile", "stage": "download_davinci", "status": "ok"}
{"timestamp": "2026-03-02T23:01:12+0800", "level": "INFO", "logger": "etl_logger", "message": "Token obtained successfully", "service": "cc_reconcile", "stage": "download_davinci", "status": "ok"}
{"timestamp": "2026-03-02T23:01:12+0800", "level": "INFO", "logger": "etl_logger", "message": "Start downloading Davinci CC Report for brand: VFSC...", "service": "cc_reconcile", "stage": "download_davinci", "status": "ok"}
{"timestamp": "2026-03-02T23:01:13+0800", "level": "WARNING", "logger": "etl_logger", "message": "POST failed (VFSC 2026-02-27) attempt 1: 502 Server Error: Bad Gateway for url: https://report.vantagemarkets.com/api/cc-detail/download, took 0.8s", "service": "cc_reconcile", "stage": "download_davinci", "status": "ok"}
{"timestamp": "2026-03-02T23:01:35+0800", "level": "INFO", "logger": "etl_logger", "message": "POST success (VFSC 2026-02-27): cc_withdraw_detail_report_20260302150135.csv, took 17.9s", "service": "cc_reconcile", "stage": "download_davinci", "status": "ok"}
{"timestamp": "2026-03-02T23:01:41+0800", "level": "INFO", "logger": "etl_logger", "message": "Download success (VFSC 2026-02-27): cc_withdraw_detail_report_20260302150135.csv, took 5.6s", "service": "cc_reconcile", "stage": "download_davinci", "status": "ok"}
{"timestamp": "2026-03-02T23:01:41+0800", "level": "WARNING", "logger": "etl_logger", "message": "POST failed (VFSC 2026-02-28) attempt 1: 502 Server Error: Bad Gateway for url: https://report.vantagemarkets.com/api/cc-detail/download, took 0.2s", "service": "cc_reconcile", "stage": "download_davinci", "status": "ok"}
{"timestamp": "2026-03-02T23:02:04+0800", "level": "INFO", "logger": "etl_logger", "message": "POST success (VFSC 2026-02-28): cc_withdraw_detail_report_20260302150204.csv, took 17.6s", "service": "cc_reconcile", "stage": "download_davinci", "status": "ok"}
{"timestamp": "2026-03-02T23:02:07+0800", "level": "INFO", "logger": "etl_logger", "message": "Download success (VFSC 2026-02-28): cc_withdraw_detail_report_20260302150204.csv, took 2.7s", "service": "cc_reconcile", "stage": "download_davinci", "status": "ok"}
{"timestamp": "2026-03-02T23:02:24+0800", "level": "INFO", "logger": "etl_logger", "message": "POST success (VFSC 2026-03-01): cc_withdraw_detail_report_20260302150224.csv, took 17.1s", "service": "cc_reconcile", "stage": "download_davinci", "status": "ok"}
{"timestamp": "2026-03-02T23:02:27+0800", "level": "INFO", "logger": "etl_logger", "message": "Download success (VFSC 2026-03-01): cc_withdraw_detail_report_20260302150224.csv, took 3.3s", "service": "cc_reconcile", "stage": "download_davinci", "status": "ok"}
{"timestamp": "2026-03-02T23:02:27+0800", "level": "WARNING", "logger": "etl_logger", "message": "POST failed (VFSC 2026-03-02) attempt 1: 502 Server Error: Bad Gateway for url: https://report.vantagemarkets.com/api/cc-detail/download, took 0.2s", "service": "cc_reconcile", "stage": "download_davinci", "status": "ok"}
{"timestamp": "2026-03-02T23:02:50+0800", "level": "INFO", "logger": "etl_logger", "message": "POST success (VFSC 2026-03-02): cc_withdraw_detail_report_20260302150250.csv, took 17.8s", "service": "cc_reconcile", "stage": "download_davinci", "status": "ok"}
{"timestamp": "2026-03-02T23:02:52+0800", "level": "INFO", "logger": "etl_logger", "message": "Download success (VFSC 2026-03-02): cc_withdraw_detail_report_20260302150250.csv, took 1.8s", "service": "cc_reconcile", "stage": "download_davinci", "status": "ok"}
{"timestamp": "2026-03-02T23:02:52+0800", "level": "INFO", "logger": "etl_logger", "message": "Finish downloading Davinci CC - VFSC Report", "service": "cc_reconcile", "stage": "download_davinci", "status": "ok"}
{"timestamp": "2026-03-02T23:02:52+0800", "level": "INFO", "logger": "etl_logger", "message": "Start downloading Davinci CC Report for brand: VFSC2...", "service": "cc_reconcile", "stage": "download_davinci", "status": "ok"}
{"timestamp": "2026-03-02T23:03:46+0800", "level": "INFO", "logger": "etl_logger", "message": "POST success (VFSC2 2026-02-27): cc_withdraw_detail_report_20260302150345.csv, took 53.7s", "service": "cc_reconcile", "stage": "download_davinci", "status": "ok"}
{"timestamp": "2026-03-02T23:03:49+0800", "level": "INFO", "logger": "etl_logger", "message": "Download success (VFSC2 2026-02-27): cc_withdraw_detail_report_20260302150345.csv, took 3.5s", "service": "cc_reconcile", "stage": "download_davinci", "status": "ok"}
{"timestamp": "2026-03-02T23:04:43+0800", "level": "INFO", "logger": "etl_logger", "message": "POST success (VFSC2 2026-02-28): cc_withdraw_detail_report_20260302150443.csv, took 53.5s", "service": "cc_reconcile", "stage": "download_davinci", "status": "ok"}
{"timestamp": "2026-03-02T23:04:44+0800", "level": "WARNING", "logger": "etl_logger", "message": "Download failed (VFSC2 2026-02-28) attempt 1: 502 Server Error: Bad Gateway for url: https://report.vantagemarkets.com/api/download/cc_withdraw_detail_report_20260302150443.csv, took 1.5s", "service": "cc_reconcile", "stage": "download_davinci", "status": "ok"}
{"timestamp": "2026-03-02T23:04:52+0800", "level": "WARNING", "logger": "etl_logger", "message": "Download failed (VFSC2 2026-02-28) attempt 2: 502 Server Error: Bad Gateway for url: https://report.vantagemarkets.com/api/download/cc_withdraw_detail_report_20260302150443.csv, took 2.6s", "service": "cc_reconcile", "stage": "download_davinci", "status": "ok"}
{"timestamp": "2026-03-02T23:05:18+0800", "level": "INFO", "logger": "etl_logger", "message": "Download success (VFSC2 2026-02-28): cc_withdraw_detail_report_20260302150443.csv, took 21.9s", "service": "cc_reconcile", "stage": "download_davinci", "status": "ok"}
{"timestamp": "2026-03-02T23:05:19+0800", "level": "WARNING", "logger": "etl_logger", "message": "POST failed (VFSC2 2026-03-01) attempt 1: 502 Server Error: Bad Gateway for url: https://report.vantagemarkets.com/api/cc-detail/download, took 0.2s", "service": "cc_reconcile", "stage": "download_davinci", "status": "ok"}
{"timestamp": "2026-03-02T23:06:15+0800", "level": "INFO", "logger": "etl_logger", "message": "POST success (VFSC2 2026-03-01): cc_withdraw_detail_report_20260302150615.csv, took 51.7s", "service": "cc_reconcile", "stage": "download_davinci", "status": "ok"}
{"timestamp": "2026-03-02T23:06:19+0800", "level": "INFO", "logger": "etl_logger", "message": "Download success (VFSC2 2026-03-01): cc_withdraw_detail_report_20260302150615.csv, took 3.6s", "service": "cc_reconcile", "stage": "download_davinci", "status": "ok"}
{"timestamp": "2026-03-02T23:07:14+0800", "level": "INFO", "logger": "etl_logger", "message": "POST success (VFSC2 2026-03-02): cc_withdraw_detail_report_20260302150714.csv, took 55.3s", "service": "cc_reconcile", "stage": "download_davinci", "status": "ok"}
{"timestamp": "2026-03-02T23:07:28+0800", "level": "INFO", "logger": "etl_logger", "message": "Download success (VFSC2 2026-03-02): cc_withdraw_detail_report_20260302150714.csv, took 13.7s", "service": "cc_reconcile", "stage": "download_davinci", "status": "ok"}
{"timestamp": "2026-03-02T23:07:29+0800", "level": "INFO", "logger": "etl_logger", "message": "Finish downloading Davinci CC - VFSC2 Report", "service": "cc_reconcile", "stage": "download_davinci", "status": "ok"}
{"timestamp": "2026-03-02T23:07:29+0800", "level": "INFO", "logger": "etl_logger", "message": "Finish downloading Davinci CC Report for all brands, total rows: 41124", "service": "cc_reconcile", "stage": "download_davinci", "status": "ok"}
{"timestamp": "2026-03-02T23:07:29+0800", "level": "INFO", "logger": "etl_logger", "message": "Download CRM CC Report Finish ，Total: 41124", "service": "cc_reconcile", "stage": "download", "status": "ok"}
{"timestamp": "2026-03-02T23:07:29+0800", "level": "INFO", "logger": "etl_logger", "message": "Start reconcile...", "service": "cc_reconcile", "stage": "reconcile", "status": "ok"}
{"timestamp": "2026-03-02T23:07:29+0800", "level": "INFO", "logger": "etl_logger", "message": "Reconcile Finish ，Total Mismatch Case: 12", "service": "cc_reconcile", "stage": "reconcile", "status": "ok"}
{"timestamp": "2026-03-02T23:07:29+0800", "level": "INFO", "logger": "etl_logger", "message": "Connect Lark Finish", "service": "cc_reconcile", "stage": "lark", "status": "ok"}
{"timestamp": "2026-03-02T23:07:29+0800", "level": "INFO", "logger": "etl_logger", "message": "Start query existing data in LarkSheet...", "service": "cc_reconcile", "stage": "lark", "status": "ok"}
{"timestamp": "2026-03-02T23:07:31+0800", "level": "INFO", "logger": "etl_logger", "message": "Query existing data in LarkSheet Finish", "service": "cc_reconcile", "stage": "lark", "status": "ok"}
{"timestamp": "2026-03-02T23:07:31+0800", "level": "INFO", "logger": "etl_logger", "message": "Total unique keys in LarkSheet: 107, Total new mismatch cases to upload: 0", "service": "cc_reconcile", "stage": "lark", "status": "ok"}
{"timestamp": "2026-03-02T23:07:31+0800", "level": "INFO", "logger": "etl_logger", "message": "Append data to LarkSheet with range: Kalw4Y!A2:L3, rows: 1, columns: 12", "service": "cc_reconcile", "stage": "lark", "status": "ok"}
{"timestamp": "2026-03-02T23:07:32+0800", "level": "INFO", "logger": "etl_logger", "message": "✅ Successfully appended data to LarkSheet", "service": "cc_reconcile", "stage": "lark", "status": "ok"}
{"timestamp": "2026-03-02T23:07:33+0800", "level": "INFO", "logger": "etl_logger", "message": "Upload data to LarkSheet Finish", "service": "cc_reconcile", "stage": "lark", "status": "ok"}
