{"timestamp": "2026-03-01T00:00:01+0800", "level": "INFO", "logger": "etl_logger", "message": "Start download reports...", "service": "cc_reconcile", "stage": "download", "status": "ok"}
{"timestamp": "2026-03-01T00:00:04+0800", "level": "INFO", "logger": "etl_logger", "message": "Payabl Login Success and Get Token Success", "service": "cc_reconcile", "stage": "download_payabl", "status": "ok"}
{"timestamp": "2026-03-01T00:00:04+0800", "level": "INFO", "logger": "etl_logger", "message": "Start downloading Payabl CC Report for date: 2026-02-28...", "service": "cc_reconcile", "stage": "download_payabl", "status": "ok"}
{"timestamp": "2026-03-01T00:00:15+0800", "level": "INFO", "logger": "etl_logger", "message": "Start downloading Payabl CC Report for date: 2026-03-01...", "service": "cc_reconcile", "stage": "download_payabl", "status": "ok"}
{"timestamp": "2026-03-01T00:00:20+0800", "level": "INFO", "logger": "etl_logger", "message": "Finish downloading Payabl CC Report", "service": "cc_reconcile", "stage": "download_payabl", "status": "ok"}
{"timestamp": "2026-03-01T00:00:20+0800", "level": "INFO", "logger": "etl_logger", "message": "Download Payabl CC Report Finish ，Total: 9353", "service": "cc_reconcile", "stage": "download", "status": "ok"}
{"timestamp": "2026-03-01T00:00:20+0800", "level": "INFO", "logger": "etl_logger", "message": "Login attempt 1/5", "service": "cc_reconcile", "stage": "download_davinci", "status": "ok"}
{"timestamp": "2026-03-01T00:00:21+0800", "level": "INFO", "logger": "etl_logger", "message": "Login response status=200, url=https://admin.vantagemarkets.com/admin/main, cookies=4", "service": "cc_reconcile", "stage": "download_davinci", "status": "ok"}
{"timestamp": "2026-03-01T00:00:21+0800", "level": "INFO", "logger": "etl_logger", "message": "Login successful", "service": "cc_reconcile", "stage": "download_davinci", "status": "ok"}
{"timestamp": "2026-03-01T00:00:21+0800", "level": "INFO", "logger": "etl_logger", "message": "Token obtained successfully", "service": "cc_reconcile", "stage": "download_davinci", "status": "ok"}
{"timestamp": "2026-03-01T00:00:21+0800", "level": "INFO", "logger": "etl_logger", "message": "Start downloading Davinci CC Report for brand: VFSC...", "service": "cc_reconcile", "stage": "download_davinci", "status": "ok"}
{"timestamp": "2026-03-01T00:00:22+0800", "level": "WARNING", "logger": "etl_logger", "message": "POST failed (VFSC 2026-02-25) attempt 1: 500 Server Error: Internal Server Error for url: https://report.vantagemarkets.com/api/cc-detail/download, took 0.3s", "service": "cc_reconcile", "stage": "download_davinci", "status": "ok"}
{"timestamp": "2026-03-01T00:00:27+0800", "level": "WARNING", "logger": "etl_logger", "message": "POST failed (VFSC 2026-02-25) attempt 2: 500 Server Error: Internal Server Error for url: https://report.vantagemarkets.com/api/cc-detail/download, took 0.2s", "service": "cc_reconcile", "stage": "download_davinci", "status": "ok"}
{"timestamp": "2026-03-01T00:00:32+0800", "level": "WARNING", "logger": "etl_logger", "message": "POST failed (VFSC 2026-02-25) attempt 3: 500 Server Error: Internal Server Error for url: https://report.vantagemarkets.com/api/cc-detail/download, took 0.2s", "service": "cc_reconcile", "stage": "download_davinci", "status": "ok"}
{"timestamp": "2026-03-01T00:00:32+0800", "level": "ERROR", "logger": "etl_logger", "message": "POST failed after 3 attempts (VFSC 2026-02-25)", "service": "cc_reconcile", "stage": "download_davinci", "status": "ok"}
{"timestamp": "2026-03-01T00:00:32+0800", "level": "WARNING", "logger": "etl_logger", "message": "POST failed (VFSC 2026-02-26) attempt 1: 500 Server Error: Internal Server Error for url: https://report.vantagemarkets.com/api/cc-detail/download, took 0.2s", "service": "cc_reconcile", "stage": "download_davinci", "status": "ok"}
{"timestamp": "2026-03-01T00:00:38+0800", "level": "WARNING", "logger": "etl_logger", "message": "POST failed (VFSC 2026-02-26) attempt 2: 500 Server Error: Internal Server Error for url: https://report.vantagemarkets.com/api/cc-detail/download, took 0.2s", "service": "cc_reconcile", "stage": "download_davinci", "status": "ok"}
{"timestamp": "2026-03-01T00:00:43+0800", "level": "WARNING", "logger": "etl_logger", "message": "POST failed (VFSC 2026-02-26) attempt 3: 500 Server Error: Internal Server Error for url: https://report.vantagemarkets.com/api/cc-detail/download, took 0.2s", "service": "cc_reconcile", "stage": "download_davinci", "status": "ok"}
{"timestamp": "2026-03-01T00:00:43+0800", "level": "ERROR", "logger": "etl_logger", "message": "POST failed after 3 attempts (VFSC 2026-02-26)", "service": "cc_reconcile", "stage": "download_davinci", "status": "ok"}
{"timestamp": "2026-03-01T00:00:43+0800", "level": "WARNING", "logger": "etl_logger", "message": "POST failed (VFSC 2026-02-27) attempt 1: 500 Server Error: Internal Server Error for url: https://report.vantagemarkets.com/api/cc-detail/download, took 0.2s", "service": "cc_reconcile", "stage": "download_davinci", "status": "ok"}
{"timestamp": "2026-03-01T00:00:48+0800", "level": "WARNING", "logger": "etl_logger", "message": "POST failed (VFSC 2026-02-27) attempt 2: 500 Server Error: Internal Server Error for url: https://report.vantagemarkets.com/api/cc-detail/download, took 0.2s", "service": "cc_reconcile", "stage": "download_davinci", "status": "ok"}
{"timestamp": "2026-03-01T00:00:54+0800", "level": "WARNING", "logger": "etl_logger", "message": "POST failed (VFSC 2026-02-27) attempt 3: 500 Server Error: Internal Server Error for url: https://report.vantagemarkets.com/api/cc-detail/download, took 0.2s", "service": "cc_reconcile", "stage": "download_davinci", "status": "ok"}
{"timestamp": "2026-03-01T00:00:54+0800", "level": "ERROR", "logger": "etl_logger", "message": "POST failed after 3 attempts (VFSC 2026-02-27)", "service": "cc_reconcile", "stage": "download_davinci", "status": "ok"}
{"timestamp": "2026-03-01T00:00:54+0800", "level": "WARNING", "logger": "etl_logger", "message": "POST failed (VFSC 2026-02-28) attempt 1: 500 Server Error: Internal Server Error for url: https://report.vantagemarkets.com/api/cc-detail/download, took 0.2s", "service": "cc_reconcile", "stage": "download_davinci", "status": "ok"}
{"timestamp": "2026-03-01T00:00:59+0800", "level": "WARNING", "logger": "etl_logger", "message": "POST failed (VFSC 2026-02-28) attempt 2: 500 Server Error: Internal Server Error for url: https://report.vantagemarkets.com/api/cc-detail/download, took 0.2s", "service": "cc_reconcile", "stage": "download_davinci", "status": "ok"}
{"timestamp": "2026-03-01T00:01:04+0800", "level": "WARNING", "logger": "etl_logger", "message": "POST failed (VFSC 2026-02-28) attempt 3: 500 Server Error: Internal Server Error for url: https://report.vantagemarkets.com/api/cc-detail/download, took 0.2s", "service": "cc_reconcile", "stage": "download_davinci", "status": "ok"}
{"timestamp": "2026-03-01T00:01:04+0800", "level": "ERROR", "logger": "etl_logger", "message": "POST failed after 3 attempts (VFSC 2026-02-28)", "service": "cc_reconcile", "stage": "download_davinci", "status": "ok"}
{"timestamp": "2026-03-01T00:01:04+0800", "level": "INFO", "logger": "etl_logger", "message": "Finish downloading Davinci CC - VFSC Report", "service": "cc_reconcile", "stage": "download_davinci", "status": "ok"}
{"timestamp": "2026-03-01T00:01:04+0800", "level": "INFO", "logger": "etl_logger", "message": "Start downloading Davinci CC Report for brand: VFSC2...", "service": "cc_reconcile", "stage": "download_davinci", "status": "ok"}
{"timestamp": "2026-03-01T00:01:04+0800", "level": "WARNING", "logger": "etl_logger", "message": "POST failed (VFSC2 2026-02-25) attempt 1: 502 Server Error: Bad Gateway for url: https://report.vantagemarkets.com/api/cc-detail/download, took 0.2s", "service": "cc_reconcile", "stage": "download_davinci", "status": "ok"}
{"timestamp": "2026-03-01T00:01:10+0800", "level": "WARNING", "logger": "etl_logger", "message": "POST failed (VFSC2 2026-02-25) attempt 2: 500 Server Error: Internal Server Error for url: https://report.vantagemarkets.com/api/cc-detail/download, took 0.2s", "service": "cc_reconcile", "stage": "download_davinci", "status": "ok"}
{"timestamp": "2026-03-01T00:01:15+0800", "level": "WARNING", "logger": "etl_logger", "message": "POST failed (VFSC2 2026-02-25) attempt 3: 500 Server Error: Internal Server Error for url: https://report.vantagemarkets.com/api/cc-detail/download, took 0.2s", "service": "cc_reconcile", "stage": "download_davinci", "status": "ok"}
{"timestamp": "2026-03-01T00:01:15+0800", "level": "ERROR", "logger": "etl_logger", "message": "POST failed after 3 attempts (VFSC2 2026-02-25)", "service": "cc_reconcile", "stage": "download_davinci", "status": "ok"}
{"timestamp": "2026-03-01T00:01:15+0800", "level": "WARNING", "logger": "etl_logger", "message": "POST failed (VFSC2 2026-02-26) attempt 1: 500 Server Error: Internal Server Error for url: https://report.vantagemarkets.com/api/cc-detail/download, took 0.2s", "service": "cc_reconcile", "stage": "download_davinci", "status": "ok"}
{"timestamp": "2026-03-01T00:01:20+0800", "level": "WARNING", "logger": "etl_logger", "message": "POST failed (VFSC2 2026-02-26) attempt 2: 500 Server Error: Internal Server Error for url: https://report.vantagemarkets.com/api/cc-detail/download, took 0.2s", "service": "cc_reconcile", "stage": "download_davinci", "status": "ok"}
{"timestamp": "2026-03-01T00:01:26+0800", "level": "WARNING", "logger": "etl_logger", "message": "POST failed (VFSC2 2026-02-26) attempt 3: 500 Server Error: Internal Server Error for url: https://report.vantagemarkets.com/api/cc-detail/download, took 0.3s", "service": "cc_reconcile", "stage": "download_davinci", "status": "ok"}
{"timestamp": "2026-03-01T00:01:26+0800", "level": "ERROR", "logger": "etl_logger", "message": "POST failed after 3 attempts (VFSC2 2026-02-26)", "service": "cc_reconcile", "stage": "download_davinci", "status": "ok"}
{"timestamp": "2026-03-01T00:01:26+0800", "level": "WARNING", "logger": "etl_logger", "message": "POST failed (VFSC2 2026-02-27) attempt 1: 500 Server Error: Internal Server Error for url: https://report.vantagemarkets.com/api/cc-detail/download, took 0.2s", "service": "cc_reconcile", "stage": "download_davinci", "status": "ok"}
{"timestamp": "2026-03-01T00:01:31+0800", "level": "WARNING", "logger": "etl_logger", "message": "POST failed (VFSC2 2026-02-27) attempt 2: 502 Server Error: Bad Gateway for url: https://report.vantagemarkets.com/api/cc-detail/download, took 0.2s", "service": "cc_reconcile", "stage": "download_davinci", "status": "ok"}
{"timestamp": "2026-03-01T00:01:36+0800", "level": "WARNING", "logger": "etl_logger", "message": "POST failed (VFSC2 2026-02-27) attempt 3: 500 Server Error: Internal Server Error for url: https://report.vantagemarkets.com/api/cc-detail/download, took 0.2s", "service": "cc_reconcile", "stage": "download_davinci", "status": "ok"}
{"timestamp": "2026-03-01T00:01:36+0800", "level": "ERROR", "logger": "etl_logger", "message": "POST failed after 3 attempts (VFSC2 2026-02-27)", "service": "cc_reconcile", "stage": "download_davinci", "status": "ok"}
{"timestamp": "2026-03-01T00:01:36+0800", "level": "WARNING", "logger": "etl_logger", "message": "POST failed (VFSC2 2026-02-28) attempt 1: 500 Server Error: Internal Server Error for url: https://report.vantagemarkets.com/api/cc-detail/download, took 0.2s", "service": "cc_reconcile", "stage": "download_davinci", "status": "ok"}
{"timestamp": "2026-03-01T00:01:42+0800", "level": "WARNING", "logger": "etl_logger", "message": "POST failed (VFSC2 2026-02-28) attempt 2: 500 Server Error: Internal Server Error for url: https://report.vantagemarkets.com/api/cc-detail/download, took 0.2s", "service": "cc_reconcile", "stage": "download_davinci", "status": "ok"}
{"timestamp": "2026-03-01T00:01:47+0800", "level": "WARNING", "logger": "etl_logger", "message": "POST failed (VFSC2 2026-02-28) attempt 3: 502 Server Error: Bad Gateway for url: https://report.vantagemarkets.com/api/cc-detail/download, took 0.2s", "service": "cc_reconcile", "stage": "download_davinci", "status": "ok"}
{"timestamp": "2026-03-01T00:01:47+0800", "level": "ERROR", "logger": "etl_logger", "message": "POST failed after 3 attempts (VFSC2 2026-02-28)", "service": "cc_reconcile", "stage": "download_davinci", "status": "ok"}
{"timestamp": "2026-03-01T00:01:47+0800", "level": "INFO", "logger": "etl_logger", "message": "Finish downloading Davinci CC - VFSC2 Report", "service": "cc_reconcile", "stage": "download_davinci", "status": "ok"}
{"timestamp": "2026-03-01T00:01:47+0800", "level": "WARNING", "logger": "etl_logger", "message": "No data downloaded for any brand.", "service": "cc_reconcile", "stage": "download_davinci", "status": "ok"}
Traceback (most recent call last):
  File "/app/main.py", line 72, in <module>
    main()
  File "/app/main.py", line 25, in main
    logger.info(f"Download CRM CC Report Finish ，Total: {len(crm_cc)}")
TypeError: object of type 'NoneType' has no len()
{"timestamp": "2026-03-01T01:00:02+0800", "level": "INFO", "logger": "etl_logger", "message": "Start download reports...", "service": "cc_reconcile", "stage": "download", "status": "ok"}
{"timestamp": "2026-03-01T01:00:05+0800", "level": "INFO", "logger": "etl_logger", "message": "Payabl Login Success and Get Token Success", "service": "cc_reconcile", "stage": "download_payabl", "status": "ok"}
{"timestamp": "2026-03-01T01:00:05+0800", "level": "INFO", "logger": "etl_logger", "message": "Start downloading Payabl CC Report for date: 2026-02-28...", "service": "cc_reconcile", "stage": "download_payabl", "status": "ok"}
{"timestamp": "2026-03-01T01:00:15+0800", "level": "INFO", "logger": "etl_logger", "message": "Start downloading Payabl CC Report for date: 2026-03-01...", "service": "cc_reconcile", "stage": "download_payabl", "status": "ok"}
{"timestamp": "2026-03-01T01:00:23+0800", "level": "INFO", "logger": "etl_logger", "message": "Finish downloading Payabl CC Report", "service": "cc_reconcile", "stage": "download_payabl", "status": "ok"}
{"timestamp": "2026-03-01T01:00:23+0800", "level": "INFO", "logger": "etl_logger", "message": "Download Payabl CC Report Finish ，Total: 10115", "service": "cc_reconcile", "stage": "download", "status": "ok"}
{"timestamp": "2026-03-01T01:00:23+0800", "level": "INFO", "logger": "etl_logger", "message": "Login attempt 1/5", "service": "cc_reconcile", "stage": "download_davinci", "status": "ok"}
{"timestamp": "2026-03-01T01:00:24+0800", "level": "INFO", "logger": "etl_logger", "message": "Login response status=200, url=https://admin.vantagemarkets.com/admin/main, cookies=4", "service": "cc_reconcile", "stage": "download_davinci", "status": "ok"}
{"timestamp": "2026-03-01T01:00:24+0800", "level": "INFO", "logger": "etl_logger", "message": "Login successful", "service": "cc_reconcile", "stage": "download_davinci", "status": "ok"}
{"timestamp": "2026-03-01T01:00:24+0800", "level": "INFO", "logger": "etl_logger", "message": "Token obtained successfully", "service": "cc_reconcile", "stage": "download_davinci", "status": "ok"}
{"timestamp": "2026-03-01T01:00:24+0800", "level": "INFO", "logger": "etl_logger", "message": "Start downloading Davinci CC Report for brand: VFSC...", "service": "cc_reconcile", "stage": "download_davinci", "status": "ok"}
{"timestamp": "2026-03-01T01:00:24+0800", "level": "WARNING", "logger": "etl_logger", "message": "POST failed (VFSC 2026-02-25) attempt 1: 502 Server Error: Bad Gateway for url: https://report.vantagemarkets.com/api/cc-detail/download, took 0.3s", "service": "cc_reconcile", "stage": "download_davinci", "status": "ok"}
{"timestamp": "2026-03-01T01:00:29+0800", "level": "WARNING", "logger": "etl_logger", "message": "POST failed (VFSC 2026-02-25) attempt 2: 500 Server Error: Internal Server Error for url: https://report.vantagemarkets.com/api/cc-detail/download, took 0.2s", "service": "cc_reconcile", "stage": "download_davinci", "status": "ok"}
{"timestamp": "2026-03-01T01:00:35+0800", "level": "WARNING", "logger": "etl_logger", "message": "POST failed (VFSC 2026-02-25) attempt 3: 500 Server Error: Internal Server Error for url: https://report.vantagemarkets.com/api/cc-detail/download, took 0.2s", "service": "cc_reconcile", "stage": "download_davinci", "status": "ok"}
{"timestamp": "2026-03-01T01:00:35+0800", "level": "ERROR", "logger": "etl_logger", "message": "POST failed after 3 attempts (VFSC 2026-02-25)", "service": "cc_reconcile", "stage": "download_davinci", "status": "ok"}
{"timestamp": "2026-03-01T01:00:35+0800", "level": "WARNING", "logger": "etl_logger", "message": "POST failed (VFSC 2026-02-26) attempt 1: 500 Server Error: Internal Server Error for url: https://report.vantagemarkets.com/api/cc-detail/download, took 0.2s", "service": "cc_reconcile", "stage": "download_davinci", "status": "ok"}
{"timestamp": "2026-03-01T01:00:40+0800", "level": "WARNING", "logger": "etl_logger", "message": "POST failed (VFSC 2026-02-26) attempt 2: 500 Server Error: Internal Server Error for url: https://report.vantagemarkets.com/api/cc-detail/download, took 0.2s", "service": "cc_reconcile", "stage": "download_davinci", "status": "ok"}
{"timestamp": "2026-03-01T01:00:45+0800", "level": "WARNING", "logger": "etl_logger", "message": "POST failed (VFSC 2026-02-26) attempt 3: 500 Server Error: Internal Server Error for url: https://report.vantagemarkets.com/api/cc-detail/download, took 0.2s", "service": "cc_reconcile", "stage": "download_davinci", "status": "ok"}
{"timestamp": "2026-03-01T01:00:45+0800", "level": "ERROR", "logger": "etl_logger", "message": "POST failed after 3 attempts (VFSC 2026-02-26)", "service": "cc_reconcile", "stage": "download_davinci", "status": "ok"}
{"timestamp": "2026-03-01T01:00:46+0800", "level": "WARNING", "logger": "etl_logger", "message": "POST failed (VFSC 2026-02-27) attempt 1: 500 Server Error: Internal Server Error for url: https://report.vantagemarkets.com/api/cc-detail/download, took 0.2s", "service": "cc_reconcile", "stage": "download_davinci", "status": "ok"}
{"timestamp": "2026-03-01T01:00:51+0800", "level": "WARNING", "logger": "etl_logger", "message": "POST failed (VFSC 2026-02-27) attempt 2: 502 Server Error: Bad Gateway for url: https://report.vantagemarkets.com/api/cc-detail/download, took 0.2s", "service": "cc_reconcile", "stage": "download_davinci", "status": "ok"}
{"timestamp": "2026-03-01T01:00:56+0800", "level": "WARNING", "logger": "etl_logger", "message": "POST failed (VFSC 2026-02-27) attempt 3: 500 Server Error: Internal Server Error for url: https://report.vantagemarkets.com/api/cc-detail/download, took 0.2s", "service": "cc_reconcile", "stage": "download_davinci", "status": "ok"}
{"timestamp": "2026-03-01T01:00:56+0800", "level": "ERROR", "logger": "etl_logger", "message": "POST failed after 3 attempts (VFSC 2026-02-27)", "service": "cc_reconcile", "stage": "download_davinci", "status": "ok"}
{"timestamp": "2026-03-01T01:00:56+0800", "level": "WARNING", "logger": "etl_logger", "message": "POST failed (VFSC 2026-02-28) attempt 1: 500 Server Error: Internal Server Error for url: https://report.vantagemarkets.com/api/cc-detail/download, took 0.2s", "service": "cc_reconcile", "stage": "download_davinci", "status": "ok"}
{"timestamp": "2026-03-01T01:01:01+0800", "level": "WARNING", "logger": "etl_logger", "message": "POST failed (VFSC 2026-02-28) attempt 2: 500 Server Error: Internal Server Error for url: https://report.vantagemarkets.com/api/cc-detail/download, took 0.2s", "service": "cc_reconcile", "stage": "download_davinci", "status": "ok"}
{"timestamp": "2026-03-01T01:01:07+0800", "level": "WARNING", "logger": "etl_logger", "message": "POST failed (VFSC 2026-02-28) attempt 3: 502 Server Error: Bad Gateway for url: https://report.vantagemarkets.com/api/cc-detail/download, took 0.2s", "service": "cc_reconcile", "stage": "download_davinci", "status": "ok"}
{"timestamp": "2026-03-01T01:01:07+0800", "level": "ERROR", "logger": "etl_logger", "message": "POST failed after 3 attempts (VFSC 2026-02-28)", "service": "cc_reconcile", "stage": "download_davinci", "status": "ok"}
{"timestamp": "2026-03-01T01:01:07+0800", "level": "INFO", "logger": "etl_logger", "message": "Finish downloading Davinci CC - VFSC Report", "service": "cc_reconcile", "stage": "download_davinci", "status": "ok"}
{"timestamp": "2026-03-01T01:01:07+0800", "level": "INFO", "logger": "etl_logger", "message": "Start downloading Davinci CC Report for brand: VFSC2...", "service": "cc_reconcile", "stage": "download_davinci", "status": "ok"}
{"timestamp": "2026-03-01T01:01:07+0800", "level": "WARNING", "logger": "etl_logger", "message": "POST failed (VFSC2 2026-02-25) attempt 1: 500 Server Error: Internal Server Error for url: https://report.vantagemarkets.com/api/cc-detail/download, took 0.2s", "service": "cc_reconcile", "stage": "download_davinci", "status": "ok"}
{"timestamp": "2026-03-01T01:01:12+0800", "level": "WARNING", "logger": "etl_logger", "message": "POST failed (VFSC2 2026-02-25) attempt 2: 500 Server Error: Internal Server Error for url: https://report.vantagemarkets.com/api/cc-detail/download, took 0.2s", "service": "cc_reconcile", "stage": "download_davinci", "status": "ok"}
{"timestamp": "2026-03-01T01:01:17+0800", "level": "WARNING", "logger": "etl_logger", "message": "POST failed (VFSC2 2026-02-25) attempt 3: 500 Server Error: Internal Server Error for url: https://report.vantagemarkets.com/api/cc-detail/download, took 0.2s", "service": "cc_reconcile", "stage": "download_davinci", "status": "ok"}
{"timestamp": "2026-03-01T01:01:17+0800", "level": "ERROR", "logger": "etl_logger", "message": "POST failed after 3 attempts (VFSC2 2026-02-25)", "service": "cc_reconcile", "stage": "download_davinci", "status": "ok"}
{"timestamp": "2026-03-01T01:01:18+0800", "level": "WARNING", "logger": "etl_logger", "message": "POST failed (VFSC2 2026-02-26) attempt 1: 500 Server Error: Internal Server Error for url: https://report.vantagemarkets.com/api/cc-detail/download, took 0.2s", "service": "cc_reconcile", "stage": "download_davinci", "status": "ok"}
{"timestamp": "2026-03-01T01:01:23+0800", "level": "WARNING", "logger": "etl_logger", "message": "POST failed (VFSC2 2026-02-26) attempt 2: 500 Server Error: Internal Server Error for url: https://report.vantagemarkets.com/api/cc-detail/download, took 0.3s", "service": "cc_reconcile", "stage": "download_davinci", "status": "ok"}
{"timestamp": "2026-03-01T01:01:28+0800", "level": "WARNING", "logger": "etl_logger", "message": "POST failed (VFSC2 2026-02-26) attempt 3: 500 Server Error: Internal Server Error for url: https://report.vantagemarkets.com/api/cc-detail/download, took 0.3s", "service": "cc_reconcile", "stage": "download_davinci", "status": "ok"}
{"timestamp": "2026-03-01T01:01:28+0800", "level": "ERROR", "logger": "etl_logger", "message": "POST failed after 3 attempts (VFSC2 2026-02-26)", "service": "cc_reconcile", "stage": "download_davinci", "status": "ok"}
{"timestamp": "2026-03-01T01:01:28+0800", "level": "WARNING", "logger": "etl_logger", "message": "POST failed (VFSC2 2026-02-27) attempt 1: 500 Server Error: Internal Server Error for url: https://report.vantagemarkets.com/api/cc-detail/download, took 0.3s", "service": "cc_reconcile", "stage": "download_davinci", "status": "ok"}
{"timestamp": "2026-03-01T01:01:34+0800", "level": "WARNING", "logger": "etl_logger", "message": "POST failed (VFSC2 2026-02-27) attempt 2: 500 Server Error: Internal Server Error for url: https://report.vantagemarkets.com/api/cc-detail/download, took 0.3s", "service": "cc_reconcile", "stage": "download_davinci", "status": "ok"}
{"timestamp": "2026-03-01T01:01:39+0800", "level": "WARNING", "logger": "etl_logger", "message": "POST failed (VFSC2 2026-02-27) attempt 3: 500 Server Error: Internal Server Error for url: https://report.vantagemarkets.com/api/cc-detail/download, took 0.3s", "service": "cc_reconcile", "stage": "download_davinci", "status": "ok"}
{"timestamp": "2026-03-01T01:01:39+0800", "level": "ERROR", "logger": "etl_logger", "message": "POST failed after 3 attempts (VFSC2 2026-02-27)", "service": "cc_reconcile", "stage": "download_davinci", "status": "ok"}
{"timestamp": "2026-03-01T01:01:39+0800", "level": "WARNING", "logger": "etl_logger", "message": "POST failed (VFSC2 2026-02-28) attempt 1: 500 Server Error: Internal Server Error for url: https://report.vantagemarkets.com/api/cc-detail/download, took 0.3s", "service": "cc_reconcile", "stage": "download_davinci", "status": "ok"}
{"timestamp": "2026-03-01T01:01:45+0800", "level": "WARNING", "logger": "etl_logger", "message": "POST failed (VFSC2 2026-02-28) attempt 2: 500 Server Error: Internal Server Error for url: https://report.vantagemarkets.com/api/cc-detail/download, took 0.3s", "service": "cc_reconcile", "stage": "download_davinci", "status": "ok"}
{"timestamp": "2026-03-01T01:01:50+0800", "level": "WARNING", "logger": "etl_logger", "message": "POST failed (VFSC2 2026-02-28) attempt 3: 500 Server Error: Internal Server Error for url: https://report.vantagemarkets.com/api/cc-detail/download, took 0.3s", "service": "cc_reconcile", "stage": "download_davinci", "status": "ok"}
{"timestamp": "2026-03-01T01:01:50+0800", "level": "ERROR", "logger": "etl_logger", "message": "POST failed after 3 attempts (VFSC2 2026-02-28)", "service": "cc_reconcile", "stage": "download_davinci", "status": "ok"}
{"timestamp": "2026-03-01T01:01:50+0800", "level": "INFO", "logger": "etl_logger", "message": "Finish downloading Davinci CC - VFSC2 Report", "service": "cc_reconcile", "stage": "download_davinci", "status": "ok"}
{"timestamp": "2026-03-01T01:01:50+0800", "level": "WARNING", "logger": "etl_logger", "message": "No data downloaded for any brand.", "service": "cc_reconcile", "stage": "download_davinci", "status": "ok"}
Traceback (most recent call last):
  File "/app/main.py", line 72, in <module>
    main()
  File "/app/main.py", line 25, in main
    logger.info(f"Download CRM CC Report Finish ，Total: {len(crm_cc)}")
TypeError: object of type 'NoneType' has no len()
{"timestamp": "2026-03-01T02:00:01+0800", "level": "INFO", "logger": "etl_logger", "message": "Start download reports...", "service": "cc_reconcile", "stage": "download", "status": "ok"}
{"timestamp": "2026-03-01T02:00:05+0800", "level": "INFO", "logger": "etl_logger", "message": "Payabl Login Success and Get Token Success", "service": "cc_reconcile", "stage": "download_payabl", "status": "ok"}
{"timestamp": "2026-03-01T02:00:05+0800", "level": "INFO", "logger": "etl_logger", "message": "Start downloading Payabl CC Report for date: 2026-02-28...", "service": "cc_reconcile", "stage": "download_payabl", "status": "ok"}
{"timestamp": "2026-03-01T02:00:15+0800", "level": "INFO", "logger": "etl_logger", "message": "Start downloading Payabl CC Report for date: 2026-03-01...", "service": "cc_reconcile", "stage": "download_payabl", "status": "ok"}
{"timestamp": "2026-03-01T02:00:20+0800", "level": "INFO", "logger": "etl_logger", "message": "Finish downloading Payabl CC Report", "service": "cc_reconcile", "stage": "download_payabl", "status": "ok"}
{"timestamp": "2026-03-01T02:00:20+0800", "level": "INFO", "logger": "etl_logger", "message": "Download Payabl CC Report Finish ，Total: 10905", "service": "cc_reconcile", "stage": "download", "status": "ok"}
{"timestamp": "2026-03-01T02:00:20+0800", "level": "INFO", "logger": "etl_logger", "message": "Login attempt 1/5", "service": "cc_reconcile", "stage": "download_davinci", "status": "ok"}
{"timestamp": "2026-03-01T02:00:21+0800", "level": "INFO", "logger": "etl_logger", "message": "Login response status=200, url=https://admin.vantagemarkets.com/admin/main, cookies=4", "service": "cc_reconcile", "stage": "download_davinci", "status": "ok"}
{"timestamp": "2026-03-01T02:00:21+0800", "level": "INFO", "logger": "etl_logger", "message": "Login successful", "service": "cc_reconcile", "stage": "download_davinci", "status": "ok"}
{"timestamp": "2026-03-01T02:00:21+0800", "level": "INFO", "logger": "etl_logger", "message": "Token obtained successfully", "service": "cc_reconcile", "stage": "download_davinci", "status": "ok"}
{"timestamp": "2026-03-01T02:00:21+0800", "level": "INFO", "logger": "etl_logger", "message": "Start downloading Davinci CC Report for brand: VFSC...", "service": "cc_reconcile", "stage": "download_davinci", "status": "ok"}
{"timestamp": "2026-03-01T02:00:22+0800", "level": "WARNING", "logger": "etl_logger", "message": "POST failed (VFSC 2026-02-25) attempt 1: 500 Server Error: Internal Server Error for url: https://report.vantagemarkets.com/api/cc-detail/download, took 0.3s", "service": "cc_reconcile", "stage": "download_davinci", "status": "ok"}
{"timestamp": "2026-03-01T02:00:27+0800", "level": "WARNING", "logger": "etl_logger", "message": "POST failed (VFSC 2026-02-25) attempt 2: 502 Server Error: Bad Gateway for url: https://report.vantagemarkets.com/api/cc-detail/download, took 0.2s", "service": "cc_reconcile", "stage": "download_davinci", "status": "ok"}
{"timestamp": "2026-03-01T02:00:32+0800", "level": "WARNING", "logger": "etl_logger", "message": "POST failed (VFSC 2026-02-25) attempt 3: 502 Server Error: Bad Gateway for url: https://report.vantagemarkets.com/api/cc-detail/download, took 0.2s", "service": "cc_reconcile", "stage": "download_davinci", "status": "ok"}
{"timestamp": "2026-03-01T02:00:32+0800", "level": "ERROR", "logger": "etl_logger", "message": "POST failed after 3 attempts (VFSC 2026-02-25)", "service": "cc_reconcile", "stage": "download_davinci", "status": "ok"}
{"timestamp": "2026-03-01T02:00:32+0800", "level": "WARNING", "logger": "etl_logger", "message": "POST failed (VFSC 2026-02-26) attempt 1: 500 Server Error: Internal Server Error for url: https://report.vantagemarkets.com/api/cc-detail/download, took 0.2s", "service": "cc_reconcile", "stage": "download_davinci", "status": "ok"}
{"timestamp": "2026-03-01T02:00:38+0800", "level": "WARNING", "logger": "etl_logger", "message": "POST failed (VFSC 2026-02-26) attempt 2: 500 Server Error: Internal Server Error for url: https://report.vantagemarkets.com/api/cc-detail/download, took 0.2s", "service": "cc_reconcile", "stage": "download_davinci", "status": "ok"}
{"timestamp": "2026-03-01T02:00:43+0800", "level": "WARNING", "logger": "etl_logger", "message": "POST failed (VFSC 2026-02-26) attempt 3: 500 Server Error: Internal Server Error for url: https://report.vantagemarkets.com/api/cc-detail/download, took 0.2s", "service": "cc_reconcile", "stage": "download_davinci", "status": "ok"}
{"timestamp": "2026-03-01T02:00:43+0800", "level": "ERROR", "logger": "etl_logger", "message": "POST failed after 3 attempts (VFSC 2026-02-26)", "service": "cc_reconcile", "stage": "download_davinci", "status": "ok"}
{"timestamp": "2026-03-01T02:00:43+0800", "level": "WARNING", "logger": "etl_logger", "message": "POST failed (VFSC 2026-02-27) attempt 1: 500 Server Error: Internal Server Error for url: https://report.vantagemarkets.com/api/cc-detail/download, took 0.2s", "service": "cc_reconcile", "stage": "download_davinci", "status": "ok"}
{"timestamp": "2026-03-01T02:00:48+0800", "level": "WARNING", "logger": "etl_logger", "message": "POST failed (VFSC 2026-02-27) attempt 2: 502 Server Error: Bad Gateway for url: https://report.vantagemarkets.com/api/cc-detail/download, took 0.2s", "service": "cc_reconcile", "stage": "download_davinci", "status": "ok"}
{"timestamp": "2026-03-01T02:00:53+0800", "level": "WARNING", "logger": "etl_logger", "message": "POST failed (VFSC 2026-02-27) attempt 3: 500 Server Error: Internal Server Error for url: https://report.vantagemarkets.com/api/cc-detail/download, took 0.2s", "service": "cc_reconcile", "stage": "download_davinci", "status": "ok"}
{"timestamp": "2026-03-01T02:00:53+0800", "level": "ERROR", "logger": "etl_logger", "message": "POST failed after 3 attempts (VFSC 2026-02-27)", "service": "cc_reconcile", "stage": "download_davinci", "status": "ok"}
{"timestamp": "2026-03-01T02:00:54+0800", "level": "WARNING", "logger": "etl_logger", "message": "POST failed (VFSC 2026-02-28) attempt 1: 500 Server Error: Internal Server Error for url: https://report.vantagemarkets.com/api/cc-detail/download, took 0.2s", "service": "cc_reconcile", "stage": "download_davinci", "status": "ok"}
{"timestamp": "2026-03-01T02:00:59+0800", "level": "WARNING", "logger": "etl_logger", "message": "POST failed (VFSC 2026-02-28) attempt 2: 502 Server Error: Bad Gateway for url: https://report.vantagemarkets.com/api/cc-detail/download, took 0.2s", "service": "cc_reconcile", "stage": "download_davinci", "status": "ok"}
{"timestamp": "2026-03-01T02:01:04+0800", "level": "WARNING", "logger": "etl_logger", "message": "POST failed (VFSC 2026-02-28) attempt 3: 502 Server Error: Bad Gateway for url: https://report.vantagemarkets.com/api/cc-detail/download, took 0.2s", "service": "cc_reconcile", "stage": "download_davinci", "status": "ok"}
{"timestamp": "2026-03-01T02:01:04+0800", "level": "ERROR", "logger": "etl_logger", "message": "POST failed after 3 attempts (VFSC 2026-02-28)", "service": "cc_reconcile", "stage": "download_davinci", "status": "ok"}
{"timestamp": "2026-03-01T02:01:04+0800", "level": "INFO", "logger": "etl_logger", "message": "Finish downloading Davinci CC - VFSC Report", "service": "cc_reconcile", "stage": "download_davinci", "status": "ok"}
{"timestamp": "2026-03-01T02:01:04+0800", "level": "INFO", "logger": "etl_logger", "message": "Start downloading Davinci CC Report for brand: VFSC2...", "service": "cc_reconcile", "stage": "download_davinci", "status": "ok"}
{"timestamp": "2026-03-01T02:01:04+0800", "level": "WARNING", "logger": "etl_logger", "message": "POST failed (VFSC2 2026-02-25) attempt 1: 500 Server Error: Internal Server Error for url: https://report.vantagemarkets.com/api/cc-detail/download, took 0.2s", "service": "cc_reconcile", "stage": "download_davinci", "status": "ok"}
{"timestamp": "2026-03-01T02:01:10+0800", "level": "WARNING", "logger": "etl_logger", "message": "POST failed (VFSC2 2026-02-25) attempt 2: 500 Server Error: Internal Server Error for url: https://report.vantagemarkets.com/api/cc-detail/download, took 0.2s", "service": "cc_reconcile", "stage": "download_davinci", "status": "ok"}
{"timestamp": "2026-03-01T02:01:15+0800", "level": "WARNING", "logger": "etl_logger", "message": "POST failed (VFSC2 2026-02-25) attempt 3: 500 Server Error: Internal Server Error for url: https://report.vantagemarkets.com/api/cc-detail/download, took 0.2s", "service": "cc_reconcile", "stage": "download_davinci", "status": "ok"}
{"timestamp": "2026-03-01T02:01:15+0800", "level": "ERROR", "logger": "etl_logger", "message": "POST failed after 3 attempts (VFSC2 2026-02-25)", "service": "cc_reconcile", "stage": "download_davinci", "status": "ok"}
{"timestamp": "2026-03-01T02:01:15+0800", "level": "WARNING", "logger": "etl_logger", "message": "POST failed (VFSC2 2026-02-26) attempt 1: 500 Server Error: Internal Server Error for url: https://report.vantagemarkets.com/api/cc-detail/download, took 0.2s", "service": "cc_reconcile", "stage": "download_davinci", "status": "ok"}
{"timestamp": "2026-03-01T02:01:20+0800", "level": "WARNING", "logger": "etl_logger", "message": "POST failed (VFSC2 2026-02-26) attempt 2: 500 Server Error: Internal Server Error for url: https://report.vantagemarkets.com/api/cc-detail/download, took 0.2s", "service": "cc_reconcile", "stage": "download_davinci", "status": "ok"}
{"timestamp": "2026-03-01T02:01:25+0800", "level": "WARNING", "logger": "etl_logger", "message": "POST failed (VFSC2 2026-02-26) attempt 3: 502 Server Error: Bad Gateway for url: https://report.vantagemarkets.com/api/cc-detail/download, took 0.2s", "service": "cc_reconcile", "stage": "download_davinci", "status": "ok"}
{"timestamp": "2026-03-01T02:01:25+0800", "level": "ERROR", "logger": "etl_logger", "message": "POST failed after 3 attempts (VFSC2 2026-02-26)", "service": "cc_reconcile", "stage": "download_davinci", "status": "ok"}
{"timestamp": "2026-03-01T02:01:26+0800", "level": "WARNING", "logger": "etl_logger", "message": "POST failed (VFSC2 2026-02-27) attempt 1: 500 Server Error: Internal Server Error for url: https://report.vantagemarkets.com/api/cc-detail/download, took 0.2s", "service": "cc_reconcile", "stage": "download_davinci", "status": "ok"}
{"timestamp": "2026-03-01T02:01:31+0800", "level": "WARNING", "logger": "etl_logger", "message": "POST failed (VFSC2 2026-02-27) attempt 2: 500 Server Error: Internal Server Error for url: https://report.vantagemarkets.com/api/cc-detail/download, took 0.2s", "service": "cc_reconcile", "stage": "download_davinci", "status": "ok"}
{"timestamp": "2026-03-01T02:01:36+0800", "level": "WARNING", "logger": "etl_logger", "message": "POST failed (VFSC2 2026-02-27) attempt 3: 502 Server Error: Bad Gateway for url: https://report.vantagemarkets.com/api/cc-detail/download, took 0.2s", "service": "cc_reconcile", "stage": "download_davinci", "status": "ok"}
{"timestamp": "2026-03-01T02:01:36+0800", "level": "ERROR", "logger": "etl_logger", "message": "POST failed after 3 attempts (VFSC2 2026-02-27)", "service": "cc_reconcile", "stage": "download_davinci", "status": "ok"}
{"timestamp": "2026-03-01T02:01:36+0800", "level": "WARNING", "logger": "etl_logger", "message": "POST failed (VFSC2 2026-02-28) attempt 1: 500 Server Error: Internal Server Error for url: https://report.vantagemarkets.com/api/cc-detail/download, took 0.2s", "service": "cc_reconcile", "stage": "download_davinci", "status": "ok"}
{"timestamp": "2026-03-01T02:01:42+0800", "level": "WARNING", "logger": "etl_logger", "message": "POST failed (VFSC2 2026-02-28) attempt 2: 500 Server Error: Internal Server Error for url: https://report.vantagemarkets.com/api/cc-detail/download, took 0.2s", "service": "cc_reconcile", "stage": "download_davinci", "status": "ok"}
{"timestamp": "2026-03-01T02:01:47+0800", "level": "WARNING", "logger": "etl_logger", "message": "POST failed (VFSC2 2026-02-28) attempt 3: 500 Server Error: Internal Server Error for url: https://report.vantagemarkets.com/api/cc-detail/download, took 0.2s", "service": "cc_reconcile", "stage": "download_davinci", "status": "ok"}
{"timestamp": "2026-03-01T02:01:47+0800", "level": "ERROR", "logger": "etl_logger", "message": "POST failed after 3 attempts (VFSC2 2026-02-28)", "service": "cc_reconcile", "stage": "download_davinci", "status": "ok"}
{"timestamp": "2026-03-01T02:01:47+0800", "level": "INFO", "logger": "etl_logger", "message": "Finish downloading Davinci CC - VFSC2 Report", "service": "cc_reconcile", "stage": "download_davinci", "status": "ok"}
{"timestamp": "2026-03-01T02:01:47+0800", "level": "WARNING", "logger": "etl_logger", "message": "No data downloaded for any brand.", "service": "cc_reconcile", "stage": "download_davinci", "status": "ok"}
Traceback (most recent call last):
  File "/app/main.py", line 72, in <module>
    main()
  File "/app/main.py", line 25, in main
    logger.info(f"Download CRM CC Report Finish ，Total: {len(crm_cc)}")
TypeError: object of type 'NoneType' has no len()
{"timestamp": "2026-03-01T03:00:01+0800", "level": "INFO", "logger": "etl_logger", "message": "Start download reports...", "service": "cc_reconcile", "stage": "download", "status": "ok"}
{"timestamp": "2026-03-01T03:00:05+0800", "level": "INFO", "logger": "etl_logger", "message": "Payabl Login Success and Get Token Success", "service": "cc_reconcile", "stage": "download_payabl", "status": "ok"}
{"timestamp": "2026-03-01T03:00:05+0800", "level": "INFO", "logger": "etl_logger", "message": "Start downloading Payabl CC Report for date: 2026-02-28...", "service": "cc_reconcile", "stage": "download_payabl", "status": "ok"}
{"timestamp": "2026-03-01T03:00:15+0800", "level": "INFO", "logger": "etl_logger", "message": "Start downloading Payabl CC Report for date: 2026-03-01...", "service": "cc_reconcile", "stage": "download_payabl", "status": "ok"}
{"timestamp": "2026-03-01T03:00:21+0800", "level": "INFO", "logger": "etl_logger", "message": "Finish downloading Payabl CC Report", "service": "cc_reconcile", "stage": "download_payabl", "status": "ok"}
{"timestamp": "2026-03-01T03:00:21+0800", "level": "INFO", "logger": "etl_logger", "message": "Download Payabl CC Report Finish ，Total: 12151", "service": "cc_reconcile", "stage": "download", "status": "ok"}
{"timestamp": "2026-03-01T03:00:21+0800", "level": "INFO", "logger": "etl_logger", "message": "Login attempt 1/5", "service": "cc_reconcile", "stage": "download_davinci", "status": "ok"}
{"timestamp": "2026-03-01T03:00:22+0800", "level": "INFO", "logger": "etl_logger", "message": "Login response status=200, url=https://admin.vantagemarkets.com/admin/main, cookies=4", "service": "cc_reconcile", "stage": "download_davinci", "status": "ok"}
{"timestamp": "2026-03-01T03:00:22+0800", "level": "INFO", "logger": "etl_logger", "message": "Login successful", "service": "cc_reconcile", "stage": "download_davinci", "status": "ok"}
{"timestamp": "2026-03-01T03:00:22+0800", "level": "INFO", "logger": "etl_logger", "message": "Token obtained successfully", "service": "cc_reconcile", "stage": "download_davinci", "status": "ok"}
{"timestamp": "2026-03-01T03:00:22+0800", "level": "INFO", "logger": "etl_logger", "message": "Start downloading Davinci CC Report for brand: VFSC...", "service": "cc_reconcile", "stage": "download_davinci", "status": "ok"}
{"timestamp": "2026-03-01T03:00:23+0800", "level": "WARNING", "logger": "etl_logger", "message": "POST failed (VFSC 2026-02-25) attempt 1: 500 Server Error: Internal Server Error for url: https://report.vantagemarkets.com/api/cc-detail/download, took 0.3s", "service": "cc_reconcile", "stage": "download_davinci", "status": "ok"}
{"timestamp": "2026-03-01T03:00:28+0800", "level": "WARNING", "logger": "etl_logger", "message": "POST failed (VFSC 2026-02-25) attempt 2: 500 Server Error: Internal Server Error for url: https://report.vantagemarkets.com/api/cc-detail/download, took 0.2s", "service": "cc_reconcile", "stage": "download_davinci", "status": "ok"}
{"timestamp": "2026-03-01T03:00:33+0800", "level": "WARNING", "logger": "etl_logger", "message": "POST failed (VFSC 2026-02-25) attempt 3: 500 Server Error: Internal Server Error for url: https://report.vantagemarkets.com/api/cc-detail/download, took 0.2s", "service": "cc_reconcile", "stage": "download_davinci", "status": "ok"}
{"timestamp": "2026-03-01T03:00:33+0800", "level": "ERROR", "logger": "etl_logger", "message": "POST failed after 3 attempts (VFSC 2026-02-25)", "service": "cc_reconcile", "stage": "download_davinci", "status": "ok"}
{"timestamp": "2026-03-01T03:00:33+0800", "level": "WARNING", "logger": "etl_logger", "message": "POST failed (VFSC 2026-02-26) attempt 1: 500 Server Error: Internal Server Error for url: https://report.vantagemarkets.com/api/cc-detail/download, took 0.2s", "service": "cc_reconcile", "stage": "download_davinci", "status": "ok"}
{"timestamp": "2026-03-01T03:00:39+0800", "level": "WARNING", "logger": "etl_logger", "message": "POST failed (VFSC 2026-02-26) attempt 2: 500 Server Error: Internal Server Error for url: https://report.vantagemarkets.com/api/cc-detail/download, took 0.2s", "service": "cc_reconcile", "stage": "download_davinci", "status": "ok"}
{"timestamp": "2026-03-01T03:00:44+0800", "level": "WARNING", "logger": "etl_logger", "message": "POST failed (VFSC 2026-02-26) attempt 3: 500 Server Error: Internal Server Error for url: https://report.vantagemarkets.com/api/cc-detail/download, took 0.2s", "service": "cc_reconcile", "stage": "download_davinci", "status": "ok"}
{"timestamp": "2026-03-01T03:00:44+0800", "level": "ERROR", "logger": "etl_logger", "message": "POST failed after 3 attempts (VFSC 2026-02-26)", "service": "cc_reconcile", "stage": "download_davinci", "status": "ok"}
{"timestamp": "2026-03-01T03:00:44+0800", "level": "WARNING", "logger": "etl_logger", "message": "POST failed (VFSC 2026-02-27) attempt 1: 502 Server Error: Bad Gateway for url: https://report.vantagemarkets.com/api/cc-detail/download, took 0.2s", "service": "cc_reconcile", "stage": "download_davinci", "status": "ok"}
{"timestamp": "2026-03-01T03:00:49+0800", "level": "WARNING", "logger": "etl_logger", "message": "POST failed (VFSC 2026-02-27) attempt 2: 500 Server Error: Internal Server Error for url: https://report.vantagemarkets.com/api/cc-detail/download, took 0.2s", "service": "cc_reconcile", "stage": "download_davinci", "status": "ok"}
{"timestamp": "2026-03-01T03:00:54+0800", "level": "WARNING", "logger": "etl_logger", "message": "POST failed (VFSC 2026-02-27) attempt 3: 500 Server Error: Internal Server Error for url: https://report.vantagemarkets.com/api/cc-detail/download, took 0.2s", "service": "cc_reconcile", "stage": "download_davinci", "status": "ok"}
{"timestamp": "2026-03-01T03:00:54+0800", "level": "ERROR", "logger": "etl_logger", "message": "POST failed after 3 attempts (VFSC 2026-02-27)", "service": "cc_reconcile", "stage": "download_davinci", "status": "ok"}
{"timestamp": "2026-03-01T03:00:55+0800", "level": "WARNING", "logger": "etl_logger", "message": "POST failed (VFSC 2026-02-28) attempt 1: 500 Server Error: Internal Server Error for url: https://report.vantagemarkets.com/api/cc-detail/download, took 0.2s", "service": "cc_reconcile", "stage": "download_davinci", "status": "ok"}
{"timestamp": "2026-03-01T03:01:00+0800", "level": "WARNING", "logger": "etl_logger", "message": "POST failed (VFSC 2026-02-28) attempt 2: 500 Server Error: Internal Server Error for url: https://report.vantagemarkets.com/api/cc-detail/download, took 0.2s", "service": "cc_reconcile", "stage": "download_davinci", "status": "ok"}
{"timestamp": "2026-03-01T03:01:05+0800", "level": "WARNING", "logger": "etl_logger", "message": "POST failed (VFSC 2026-02-28) attempt 3: 500 Server Error: Internal Server Error for url: https://report.vantagemarkets.com/api/cc-detail/download, took 0.3s", "service": "cc_reconcile", "stage": "download_davinci", "status": "ok"}
{"timestamp": "2026-03-01T03:01:05+0800", "level": "ERROR", "logger": "etl_logger", "message": "POST failed after 3 attempts (VFSC 2026-02-28)", "service": "cc_reconcile", "stage": "download_davinci", "status": "ok"}
{"timestamp": "2026-03-01T03:01:05+0800", "level": "INFO", "logger": "etl_logger", "message": "Finish downloading Davinci CC - VFSC Report", "service": "cc_reconcile", "stage": "download_davinci", "status": "ok"}
{"timestamp": "2026-03-01T03:01:05+0800", "level": "INFO", "logger": "etl_logger", "message": "Start downloading Davinci CC Report for brand: VFSC2...", "service": "cc_reconcile", "stage": "download_davinci", "status": "ok"}
{"timestamp": "2026-03-01T03:01:05+0800", "level": "WARNING", "logger": "etl_logger", "message": "POST failed (VFSC2 2026-02-25) attempt 1: 500 Server Error: Internal Server Error for url: https://report.vantagemarkets.com/api/cc-detail/download, took 0.2s", "service": "cc_reconcile", "stage": "download_davinci", "status": "ok"}
{"timestamp": "2026-03-01T03:01:11+0800", "level": "WARNING", "logger": "etl_logger", "message": "POST failed (VFSC2 2026-02-25) attempt 2: 500 Server Error: Internal Server Error for url: https://report.vantagemarkets.com/api/cc-detail/download, took 0.2s", "service": "cc_reconcile", "stage": "download_davinci", "status": "ok"}
{"timestamp": "2026-03-01T03:01:16+0800", "level": "WARNING", "logger": "etl_logger", "message": "POST failed (VFSC2 2026-02-25) attempt 3: 500 Server Error: Internal Server Error for url: https://report.vantagemarkets.com/api/cc-detail/download, took 0.2s", "service": "cc_reconcile", "stage": "download_davinci", "status": "ok"}
{"timestamp": "2026-03-01T03:01:16+0800", "level": "ERROR", "logger": "etl_logger", "message": "POST failed after 3 attempts (VFSC2 2026-02-25)", "service": "cc_reconcile", "stage": "download_davinci", "status": "ok"}
{"timestamp": "2026-03-01T03:01:16+0800", "level": "WARNING", "logger": "etl_logger", "message": "POST failed (VFSC2 2026-02-26) attempt 1: 500 Server Error: Internal Server Error for url: https://report.vantagemarkets.com/api/cc-detail/download, took 0.2s", "service": "cc_reconcile", "stage": "download_davinci", "status": "ok"}
{"timestamp": "2026-03-01T03:01:21+0800", "level": "WARNING", "logger": "etl_logger", "message": "POST failed (VFSC2 2026-02-26) attempt 2: 500 Server Error: Internal Server Error for url: https://report.vantagemarkets.com/api/cc-detail/download, took 0.2s", "service": "cc_reconcile", "stage": "download_davinci", "status": "ok"}
{"timestamp": "2026-03-01T03:01:27+0800", "level": "WARNING", "logger": "etl_logger", "message": "POST failed (VFSC2 2026-02-26) attempt 3: 500 Server Error: Internal Server Error for url: https://report.vantagemarkets.com/api/cc-detail/download, took 0.2s", "service": "cc_reconcile", "stage": "download_davinci", "status": "ok"}
{"timestamp": "2026-03-01T03:01:27+0800", "level": "ERROR", "logger": "etl_logger", "message": "POST failed after 3 attempts (VFSC2 2026-02-26)", "service": "cc_reconcile", "stage": "download_davinci", "status": "ok"}
{"timestamp": "2026-03-01T03:01:27+0800", "level": "WARNING", "logger": "etl_logger", "message": "POST failed (VFSC2 2026-02-27) attempt 1: 502 Server Error: Bad Gateway for url: https://report.vantagemarkets.com/api/cc-detail/download, took 0.2s", "service": "cc_reconcile", "stage": "download_davinci", "status": "ok"}
{"timestamp": "2026-03-01T03:01:32+0800", "level": "WARNING", "logger": "etl_logger", "message": "POST failed (VFSC2 2026-02-27) attempt 2: 500 Server Error: Internal Server Error for url: https://report.vantagemarkets.com/api/cc-detail/download, took 0.2s", "service": "cc_reconcile", "stage": "download_davinci", "status": "ok"}
{"timestamp": "2026-03-01T03:01:37+0800", "level": "WARNING", "logger": "etl_logger", "message": "POST failed (VFSC2 2026-02-27) attempt 3: 500 Server Error: Internal Server Error for url: https://report.vantagemarkets.com/api/cc-detail/download, took 0.2s", "service": "cc_reconcile", "stage": "download_davinci", "status": "ok"}
{"timestamp": "2026-03-01T03:01:37+0800", "level": "ERROR", "logger": "etl_logger", "message": "POST failed after 3 attempts (VFSC2 2026-02-27)", "service": "cc_reconcile", "stage": "download_davinci", "status": "ok"}
{"timestamp": "2026-03-01T03:01:37+0800", "level": "WARNING", "logger": "etl_logger", "message": "POST failed (VFSC2 2026-02-28) attempt 1: 500 Server Error: Internal Server Error for url: https://report.vantagemarkets.com/api/cc-detail/download, took 0.2s", "service": "cc_reconcile", "stage": "download_davinci", "status": "ok"}
{"timestamp": "2026-03-01T03:01:43+0800", "level": "WARNING", "logger": "etl_logger", "message": "POST failed (VFSC2 2026-02-28) attempt 2: 500 Server Error: Internal Server Error for url: https://report.vantagemarkets.com/api/cc-detail/download, took 0.2s", "service": "cc_reconcile", "stage": "download_davinci", "status": "ok"}
{"timestamp": "2026-03-01T03:01:48+0800", "level": "WARNING", "logger": "etl_logger", "message": "POST failed (VFSC2 2026-02-28) attempt 3: 500 Server Error: Internal Server Error for url: https://report.vantagemarkets.com/api/cc-detail/download, took 0.2s", "service": "cc_reconcile", "stage": "download_davinci", "status": "ok"}
{"timestamp": "2026-03-01T03:01:48+0800", "level": "ERROR", "logger": "etl_logger", "message": "POST failed after 3 attempts (VFSC2 2026-02-28)", "service": "cc_reconcile", "stage": "download_davinci", "status": "ok"}
{"timestamp": "2026-03-01T03:01:48+0800", "level": "INFO", "logger": "etl_logger", "message": "Finish downloading Davinci CC - VFSC2 Report", "service": "cc_reconcile", "stage": "download_davinci", "status": "ok"}
{"timestamp": "2026-03-01T03:01:48+0800", "level": "WARNING", "logger": "etl_logger", "message": "No data downloaded for any brand.", "service": "cc_reconcile", "stage": "download_davinci", "status": "ok"}
Traceback (most recent call last):
  File "/app/main.py", line 72, in <module>
    main()
  File "/app/main.py", line 25, in main
    logger.info(f"Download CRM CC Report Finish ，Total: {len(crm_cc)}")
TypeError: object of type 'NoneType' has no len()
{"timestamp": "2026-03-01T04:00:02+0800", "level": "INFO", "logger": "etl_logger", "message": "Start download reports...", "service": "cc_reconcile", "stage": "download", "status": "ok"}
{"timestamp": "2026-03-01T04:00:05+0800", "level": "INFO", "logger": "etl_logger", "message": "Payabl Login Success and Get Token Success", "service": "cc_reconcile", "stage": "download_payabl", "status": "ok"}
{"timestamp": "2026-03-01T04:00:05+0800", "level": "INFO", "logger": "etl_logger", "message": "Start downloading Payabl CC Report for date: 2026-02-28...", "service": "cc_reconcile", "stage": "download_payabl", "status": "ok"}
{"timestamp": "2026-03-01T04:00:16+0800", "level": "INFO", "logger": "etl_logger", "message": "Start downloading Payabl CC Report for date: 2026-03-01...", "service": "cc_reconcile", "stage": "download_payabl", "status": "ok"}
{"timestamp": "2026-03-01T04:00:21+0800", "level": "INFO", "logger": "etl_logger", "message": "Finish downloading Payabl CC Report", "service": "cc_reconcile", "stage": "download_payabl", "status": "ok"}
{"timestamp": "2026-03-01T04:00:21+0800", "level": "INFO", "logger": "etl_logger", "message": "Download Payabl CC Report Finish ，Total: 13475", "service": "cc_reconcile", "stage": "download", "status": "ok"}
{"timestamp": "2026-03-01T04:00:21+0800", "level": "INFO", "logger": "etl_logger", "message": "Login attempt 1/5", "service": "cc_reconcile", "stage": "download_davinci", "status": "ok"}
{"timestamp": "2026-03-01T04:00:22+0800", "level": "INFO", "logger": "etl_logger", "message": "Login response status=200, url=https://admin.vantagemarkets.com/admin/main, cookies=4", "service": "cc_reconcile", "stage": "download_davinci", "status": "ok"}
{"timestamp": "2026-03-01T04:00:22+0800", "level": "INFO", "logger": "etl_logger", "message": "Login successful", "service": "cc_reconcile", "stage": "download_davinci", "status": "ok"}
{"timestamp": "2026-03-01T04:00:23+0800", "level": "INFO", "logger": "etl_logger", "message": "Token obtained successfully", "service": "cc_reconcile", "stage": "download_davinci", "status": "ok"}
{"timestamp": "2026-03-01T04:00:23+0800", "level": "INFO", "logger": "etl_logger", "message": "Start downloading Davinci CC Report for brand: VFSC...", "service": "cc_reconcile", "stage": "download_davinci", "status": "ok"}
{"timestamp": "2026-03-01T04:00:23+0800", "level": "WARNING", "logger": "etl_logger", "message": "POST failed (VFSC 2026-02-25) attempt 1: 500 Server Error: Internal Server Error for url: https://report.vantagemarkets.com/api/cc-detail/download, took 0.2s", "service": "cc_reconcile", "stage": "download_davinci", "status": "ok"}
{"timestamp": "2026-03-01T04:00:28+0800", "level": "WARNING", "logger": "etl_logger", "message": "POST failed (VFSC 2026-02-25) attempt 2: 500 Server Error: Internal Server Error for url: https://report.vantagemarkets.com/api/cc-detail/download, took 0.2s", "service": "cc_reconcile", "stage": "download_davinci", "status": "ok"}
{"timestamp": "2026-03-01T04:00:33+0800", "level": "WARNING", "logger": "etl_logger", "message": "POST failed (VFSC 2026-02-25) attempt 3: 500 Server Error: Internal Server Error for url: https://report.vantagemarkets.com/api/cc-detail/download, took 0.2s", "service": "cc_reconcile", "stage": "download_davinci", "status": "ok"}
{"timestamp": "2026-03-01T04:00:33+0800", "level": "ERROR", "logger": "etl_logger", "message": "POST failed after 3 attempts (VFSC 2026-02-25)", "service": "cc_reconcile", "stage": "download_davinci", "status": "ok"}
{"timestamp": "2026-03-01T04:00:33+0800", "level": "WARNING", "logger": "etl_logger", "message": "POST failed (VFSC 2026-02-26) attempt 1: 500 Server Error: Internal Server Error for url: https://report.vantagemarkets.com/api/cc-detail/download, took 0.2s", "service": "cc_reconcile", "stage": "download_davinci", "status": "ok"}
{"timestamp": "2026-03-01T04:00:39+0800", "level": "WARNING", "logger": "etl_logger", "message": "POST failed (VFSC 2026-02-26) attempt 2: 500 Server Error: Internal Server Error for url: https://report.vantagemarkets.com/api/cc-detail/download, took 0.2s", "service": "cc_reconcile", "stage": "download_davinci", "status": "ok"}
{"timestamp": "2026-03-01T04:00:44+0800", "level": "WARNING", "logger": "etl_logger", "message": "POST failed (VFSC 2026-02-26) attempt 3: 500 Server Error: Internal Server Error for url: https://report.vantagemarkets.com/api/cc-detail/download, took 0.2s", "service": "cc_reconcile", "stage": "download_davinci", "status": "ok"}
{"timestamp": "2026-03-01T04:00:44+0800", "level": "ERROR", "logger": "etl_logger", "message": "POST failed after 3 attempts (VFSC 2026-02-26)", "service": "cc_reconcile", "stage": "download_davinci", "status": "ok"}
{"timestamp": "2026-03-01T04:00:44+0800", "level": "WARNING", "logger": "etl_logger", "message": "POST failed (VFSC 2026-02-27) attempt 1: 502 Server Error: Bad Gateway for url: https://report.vantagemarkets.com/api/cc-detail/download, took 0.2s", "service": "cc_reconcile", "stage": "download_davinci", "status": "ok"}
{"timestamp": "2026-03-01T04:00:49+0800", "level": "WARNING", "logger": "etl_logger", "message": "POST failed (VFSC 2026-02-27) attempt 2: 500 Server Error: Internal Server Error for url: https://report.vantagemarkets.com/api/cc-detail/download, took 0.2s", "service": "cc_reconcile", "stage": "download_davinci", "status": "ok"}
{"timestamp": "2026-03-01T04:00:54+0800", "level": "WARNING", "logger": "etl_logger", "message": "POST failed (VFSC 2026-02-27) attempt 3: 502 Server Error: Bad Gateway for url: https://report.vantagemarkets.com/api/cc-detail/download, took 0.2s", "service": "cc_reconcile", "stage": "download_davinci", "status": "ok"}
{"timestamp": "2026-03-01T04:00:54+0800", "level": "ERROR", "logger": "etl_logger", "message": "POST failed after 3 attempts (VFSC 2026-02-27)", "service": "cc_reconcile", "stage": "download_davinci", "status": "ok"}
{"timestamp": "2026-03-01T04:00:55+0800", "level": "WARNING", "logger": "etl_logger", "message": "POST failed (VFSC 2026-02-28) attempt 1: 500 Server Error: Internal Server Error for url: https://report.vantagemarkets.com/api/cc-detail/download, took 0.2s", "service": "cc_reconcile", "stage": "download_davinci", "status": "ok"}
{"timestamp": "2026-03-01T04:01:00+0800", "level": "WARNING", "logger": "etl_logger", "message": "POST failed (VFSC 2026-02-28) attempt 2: 500 Server Error: Internal Server Error for url: https://report.vantagemarkets.com/api/cc-detail/download, took 0.2s", "service": "cc_reconcile", "stage": "download_davinci", "status": "ok"}
{"timestamp": "2026-03-01T04:01:05+0800", "level": "WARNING", "logger": "etl_logger", "message": "POST failed (VFSC 2026-02-28) attempt 3: 500 Server Error: Internal Server Error for url: https://report.vantagemarkets.com/api/cc-detail/download, took 0.2s", "service": "cc_reconcile", "stage": "download_davinci", "status": "ok"}
{"timestamp": "2026-03-01T04:01:05+0800", "level": "ERROR", "logger": "etl_logger", "message": "POST failed after 3 attempts (VFSC 2026-02-28)", "service": "cc_reconcile", "stage": "download_davinci", "status": "ok"}
{"timestamp": "2026-03-01T04:01:05+0800", "level": "INFO", "logger": "etl_logger", "message": "Finish downloading Davinci CC - VFSC Report", "service": "cc_reconcile", "stage": "download_davinci", "status": "ok"}
{"timestamp": "2026-03-01T04:01:05+0800", "level": "INFO", "logger": "etl_logger", "message": "Start downloading Davinci CC Report for brand: VFSC2...", "service": "cc_reconcile", "stage": "download_davinci", "status": "ok"}
{"timestamp": "2026-03-01T04:01:05+0800", "level": "WARNING", "logger": "etl_logger", "message": "POST failed (VFSC2 2026-02-25) attempt 1: 502 Server Error: Bad Gateway for url: https://report.vantagemarkets.com/api/cc-detail/download, took 0.2s", "service": "cc_reconcile", "stage": "download_davinci", "status": "ok"}
{"timestamp": "2026-03-01T04:01:11+0800", "level": "WARNING", "logger": "etl_logger", "message": "POST failed (VFSC2 2026-02-25) attempt 2: 500 Server Error: Internal Server Error for url: https://report.vantagemarkets.com/api/cc-detail/download, took 0.2s", "service": "cc_reconcile", "stage": "download_davinci", "status": "ok"}
{"timestamp": "2026-03-01T04:01:16+0800", "level": "WARNING", "logger": "etl_logger", "message": "POST failed (VFSC2 2026-02-25) attempt 3: 500 Server Error: Internal Server Error for url: https://report.vantagemarkets.com/api/cc-detail/download, took 0.2s", "service": "cc_reconcile", "stage": "download_davinci", "status": "ok"}
{"timestamp": "2026-03-01T04:01:16+0800", "level": "ERROR", "logger": "etl_logger", "message": "POST failed after 3 attempts (VFSC2 2026-02-25)", "service": "cc_reconcile", "stage": "download_davinci", "status": "ok"}
{"timestamp": "2026-03-01T04:01:16+0800", "level": "WARNING", "logger": "etl_logger", "message": "POST failed (VFSC2 2026-02-26) attempt 1: 500 Server Error: Internal Server Error for url: https://report.vantagemarkets.com/api/cc-detail/download, took 0.2s", "service": "cc_reconcile", "stage": "download_davinci", "status": "ok"}
{"timestamp": "2026-03-01T04:01:21+0800", "level": "WARNING", "logger": "etl_logger", "message": "POST failed (VFSC2 2026-02-26) attempt 2: 500 Server Error: Internal Server Error for url: https://report.vantagemarkets.com/api/cc-detail/download, took 0.2s", "service": "cc_reconcile", "stage": "download_davinci", "status": "ok"}
{"timestamp": "2026-03-01T04:01:26+0800", "level": "WARNING", "logger": "etl_logger", "message": "POST failed (VFSC2 2026-02-26) attempt 3: 500 Server Error: Internal Server Error for url: https://report.vantagemarkets.com/api/cc-detail/download, took 0.2s", "service": "cc_reconcile", "stage": "download_davinci", "status": "ok"}
{"timestamp": "2026-03-01T04:01:26+0800", "level": "ERROR", "logger": "etl_logger", "message": "POST failed after 3 attempts (VFSC2 2026-02-26)", "service": "cc_reconcile", "stage": "download_davinci", "status": "ok"}
{"timestamp": "2026-03-01T04:01:27+0800", "level": "WARNING", "logger": "etl_logger", "message": "POST failed (VFSC2 2026-02-27) attempt 1: 500 Server Error: Internal Server Error for url: https://report.vantagemarkets.com/api/cc-detail/download, took 0.2s", "service": "cc_reconcile", "stage": "download_davinci", "status": "ok"}
{"timestamp": "2026-03-01T04:01:32+0800", "level": "WARNING", "logger": "etl_logger", "message": "POST failed (VFSC2 2026-02-27) attempt 2: 502 Server Error: Bad Gateway for url: https://report.vantagemarkets.com/api/cc-detail/download, took 0.2s", "service": "cc_reconcile", "stage": "download_davinci", "status": "ok"}
{"timestamp": "2026-03-01T04:01:37+0800", "level": "WARNING", "logger": "etl_logger", "message": "POST failed (VFSC2 2026-02-27) attempt 3: 500 Server Error: Internal Server Error for url: https://report.vantagemarkets.com/api/cc-detail/download, took 0.2s", "service": "cc_reconcile", "stage": "download_davinci", "status": "ok"}
{"timestamp": "2026-03-01T04:01:37+0800", "level": "ERROR", "logger": "etl_logger", "message": "POST failed after 3 attempts (VFSC2 2026-02-27)", "service": "cc_reconcile", "stage": "download_davinci", "status": "ok"}
{"timestamp": "2026-03-01T04:01:37+0800", "level": "WARNING", "logger": "etl_logger", "message": "POST failed (VFSC2 2026-02-28) attempt 1: 500 Server Error: Internal Server Error for url: https://report.vantagemarkets.com/api/cc-detail/download, took 0.2s", "service": "cc_reconcile", "stage": "download_davinci", "status": "ok"}
{"timestamp": "2026-03-01T04:01:43+0800", "level": "WARNING", "logger": "etl_logger", "message": "POST failed (VFSC2 2026-02-28) attempt 2: 500 Server Error: Internal Server Error for url: https://report.vantagemarkets.com/api/cc-detail/download, took 0.2s", "service": "cc_reconcile", "stage": "download_davinci", "status": "ok"}
{"timestamp": "2026-03-01T04:01:48+0800", "level": "WARNING", "logger": "etl_logger", "message": "POST failed (VFSC2 2026-02-28) attempt 3: 500 Server Error: Internal Server Error for url: https://report.vantagemarkets.com/api/cc-detail/download, took 0.2s", "service": "cc_reconcile", "stage": "download_davinci", "status": "ok"}
{"timestamp": "2026-03-01T04:01:48+0800", "level": "ERROR", "logger": "etl_logger", "message": "POST failed after 3 attempts (VFSC2 2026-02-28)", "service": "cc_reconcile", "stage": "download_davinci", "status": "ok"}
{"timestamp": "2026-03-01T04:01:48+0800", "level": "INFO", "logger": "etl_logger", "message": "Finish downloading Davinci CC - VFSC2 Report", "service": "cc_reconcile", "stage": "download_davinci", "status": "ok"}
{"timestamp": "2026-03-01T04:01:48+0800", "level": "WARNING", "logger": "etl_logger", "message": "No data downloaded for any brand.", "service": "cc_reconcile", "stage": "download_davinci", "status": "ok"}
Traceback (most recent call last):
  File "/app/main.py", line 72, in <module>
    main()
  File "/app/main.py", line 25, in main
    logger.info(f"Download CRM CC Report Finish ，Total: {len(crm_cc)}")
TypeError: object of type 'NoneType' has no len()
{"timestamp": "2026-03-01T05:00:01+0800", "level": "INFO", "logger": "etl_logger", "message": "Start download reports...", "service": "cc_reconcile", "stage": "download", "status": "ok"}
{"timestamp": "2026-03-01T05:00:05+0800", "level": "INFO", "logger": "etl_logger", "message": "Payabl Login Success and Get Token Success", "service": "cc_reconcile", "stage": "download_payabl", "status": "ok"}
{"timestamp": "2026-03-01T05:00:05+0800", "level": "INFO", "logger": "etl_logger", "message": "Start downloading Payabl CC Report for date: 2026-02-28...", "service": "cc_reconcile", "stage": "download_payabl", "status": "ok"}
{"timestamp": "2026-03-01T05:00:17+0800", "level": "INFO", "logger": "etl_logger", "message": "Start downloading Payabl CC Report for date: 2026-03-01...", "service": "cc_reconcile", "stage": "download_payabl", "status": "ok"}
{"timestamp": "2026-03-01T05:00:23+0800", "level": "INFO", "logger": "etl_logger", "message": "Finish downloading Payabl CC Report", "service": "cc_reconcile", "stage": "download_payabl", "status": "ok"}
{"timestamp": "2026-03-01T05:00:23+0800", "level": "INFO", "logger": "etl_logger", "message": "Download Payabl CC Report Finish ，Total: 14752", "service": "cc_reconcile", "stage": "download", "status": "ok"}
{"timestamp": "2026-03-01T05:00:23+0800", "level": "INFO", "logger": "etl_logger", "message": "Login attempt 1/5", "service": "cc_reconcile", "stage": "download_davinci", "status": "ok"}
{"timestamp": "2026-03-01T05:00:25+0800", "level": "INFO", "logger": "etl_logger", "message": "Login response status=200, url=https://admin.vantagemarkets.com/admin/main, cookies=4", "service": "cc_reconcile", "stage": "download_davinci", "status": "ok"}
{"timestamp": "2026-03-01T05:00:25+0800", "level": "INFO", "logger": "etl_logger", "message": "Login successful", "service": "cc_reconcile", "stage": "download_davinci", "status": "ok"}
{"timestamp": "2026-03-01T05:00:25+0800", "level": "INFO", "logger": "etl_logger", "message": "Token obtained successfully", "service": "cc_reconcile", "stage": "download_davinci", "status": "ok"}
{"timestamp": "2026-03-01T05:00:25+0800", "level": "INFO", "logger": "etl_logger", "message": "Start downloading Davinci CC Report for brand: VFSC...", "service": "cc_reconcile", "stage": "download_davinci", "status": "ok"}
{"timestamp": "2026-03-01T05:00:25+0800", "level": "WARNING", "logger": "etl_logger", "message": "POST failed (VFSC 2026-02-25) attempt 1: 500 Server Error: Internal Server Error for url: https://report.vantagemarkets.com/api/cc-detail/download, took 0.2s", "service": "cc_reconcile", "stage": "download_davinci", "status": "ok"}
{"timestamp": "2026-03-01T05:00:30+0800", "level": "WARNING", "logger": "etl_logger", "message": "POST failed (VFSC 2026-02-25) attempt 2: 500 Server Error: Internal Server Error for url: https://report.vantagemarkets.com/api/cc-detail/download, took 0.2s", "service": "cc_reconcile", "stage": "download_davinci", "status": "ok"}
{"timestamp": "2026-03-01T05:00:36+0800", "level": "WARNING", "logger": "etl_logger", "message": "POST failed (VFSC 2026-02-25) attempt 3: 500 Server Error: Internal Server Error for url: https://report.vantagemarkets.com/api/cc-detail/download, took 0.2s", "service": "cc_reconcile", "stage": "download_davinci", "status": "ok"}
{"timestamp": "2026-03-01T05:00:36+0800", "level": "ERROR", "logger": "etl_logger", "message": "POST failed after 3 attempts (VFSC 2026-02-25)", "service": "cc_reconcile", "stage": "download_davinci", "status": "ok"}
{"timestamp": "2026-03-01T05:00:36+0800", "level": "WARNING", "logger": "etl_logger", "message": "POST failed (VFSC 2026-02-26) attempt 1: 500 Server Error: Internal Server Error for url: https://report.vantagemarkets.com/api/cc-detail/download, took 0.2s", "service": "cc_reconcile", "stage": "download_davinci", "status": "ok"}
{"timestamp": "2026-03-01T05:00:42+0800", "level": "WARNING", "logger": "etl_logger", "message": "POST failed (VFSC 2026-02-26) attempt 2: 500 Server Error: Internal Server Error for url: https://report.vantagemarkets.com/api/cc-detail/download, took 1.2s", "service": "cc_reconcile", "stage": "download_davinci", "status": "ok"}
{"timestamp": "2026-03-01T05:00:47+0800", "level": "WARNING", "logger": "etl_logger", "message": "POST failed (VFSC 2026-02-26) attempt 3: 500 Server Error: Internal Server Error for url: https://report.vantagemarkets.com/api/cc-detail/download, took 0.2s", "service": "cc_reconcile", "stage": "download_davinci", "status": "ok"}
{"timestamp": "2026-03-01T05:00:47+0800", "level": "ERROR", "logger": "etl_logger", "message": "POST failed after 3 attempts (VFSC 2026-02-26)", "service": "cc_reconcile", "stage": "download_davinci", "status": "ok"}
{"timestamp": "2026-03-01T05:00:47+0800", "level": "WARNING", "logger": "etl_logger", "message": "POST failed (VFSC 2026-02-27) attempt 1: 500 Server Error: Internal Server Error for url: https://report.vantagemarkets.com/api/cc-detail/download, took 0.2s", "service": "cc_reconcile", "stage": "download_davinci", "status": "ok"}
{"timestamp": "2026-03-01T05:00:53+0800", "level": "WARNING", "logger": "etl_logger", "message": "POST failed (VFSC 2026-02-27) attempt 2: 500 Server Error: Internal Server Error for url: https://report.vantagemarkets.com/api/cc-detail/download, took 0.2s", "service": "cc_reconcile", "stage": "download_davinci", "status": "ok"}
{"timestamp": "2026-03-01T05:00:58+0800", "level": "WARNING", "logger": "etl_logger", "message": "POST failed (VFSC 2026-02-27) attempt 3: 500 Server Error: Internal Server Error for url: https://report.vantagemarkets.com/api/cc-detail/download, took 0.2s", "service": "cc_reconcile", "stage": "download_davinci", "status": "ok"}
{"timestamp": "2026-03-01T05:00:58+0800", "level": "ERROR", "logger": "etl_logger", "message": "POST failed after 3 attempts (VFSC 2026-02-27)", "service": "cc_reconcile", "stage": "download_davinci", "status": "ok"}
{"timestamp": "2026-03-01T05:00:58+0800", "level": "WARNING", "logger": "etl_logger", "message": "POST failed (VFSC 2026-02-28) attempt 1: 500 Server Error: Internal Server Error for url: https://report.vantagemarkets.com/api/cc-detail/download, took 0.2s", "service": "cc_reconcile", "stage": "download_davinci", "status": "ok"}
{"timestamp": "2026-03-01T05:01:03+0800", "level": "WARNING", "logger": "etl_logger", "message": "POST failed (VFSC 2026-02-28) attempt 2: 500 Server Error: Internal Server Error for url: https://report.vantagemarkets.com/api/cc-detail/download, took 0.2s", "service": "cc_reconcile", "stage": "download_davinci", "status": "ok"}
{"timestamp": "2026-03-01T05:01:09+0800", "level": "WARNING", "logger": "etl_logger", "message": "POST failed (VFSC 2026-02-28) attempt 3: 500 Server Error: Internal Server Error for url: https://report.vantagemarkets.com/api/cc-detail/download, took 0.2s", "service": "cc_reconcile", "stage": "download_davinci", "status": "ok"}
{"timestamp": "2026-03-01T05:01:09+0800", "level": "ERROR", "logger": "etl_logger", "message": "POST failed after 3 attempts (VFSC 2026-02-28)", "service": "cc_reconcile", "stage": "download_davinci", "status": "ok"}
{"timestamp": "2026-03-01T05:01:09+0800", "level": "INFO", "logger": "etl_logger", "message": "Finish downloading Davinci CC - VFSC Report", "service": "cc_reconcile", "stage": "download_davinci", "status": "ok"}
{"timestamp": "2026-03-01T05:01:09+0800", "level": "INFO", "logger": "etl_logger", "message": "Start downloading Davinci CC Report for brand: VFSC2...", "service": "cc_reconcile", "stage": "download_davinci", "status": "ok"}
{"timestamp": "2026-03-01T05:01:09+0800", "level": "WARNING", "logger": "etl_logger", "message": "POST failed (VFSC2 2026-02-25) attempt 1: 500 Server Error: Internal Server Error for url: https://report.vantagemarkets.com/api/cc-detail/download, took 0.2s", "service": "cc_reconcile", "stage": "download_davinci", "status": "ok"}
{"timestamp": "2026-03-01T05:01:14+0800", "level": "WARNING", "logger": "etl_logger", "message": "POST failed (VFSC2 2026-02-25) attempt 2: 502 Server Error: Bad Gateway for url: https://report.vantagemarkets.com/api/cc-detail/download, took 0.2s", "service": "cc_reconcile", "stage": "download_davinci", "status": "ok"}
{"timestamp": "2026-03-01T05:01:19+0800", "level": "WARNING", "logger": "etl_logger", "message": "POST failed (VFSC2 2026-02-25) attempt 3: 500 Server Error: Internal Server Error for url: https://report.vantagemarkets.com/api/cc-detail/download, took 0.2s", "service": "cc_reconcile", "stage": "download_davinci", "status": "ok"}
{"timestamp": "2026-03-01T05:01:19+0800", "level": "ERROR", "logger": "etl_logger", "message": "POST failed after 3 attempts (VFSC2 2026-02-25)", "service": "cc_reconcile", "stage": "download_davinci", "status": "ok"}
{"timestamp": "2026-03-01T05:01:19+0800", "level": "WARNING", "logger": "etl_logger", "message": "POST failed (VFSC2 2026-02-26) attempt 1: 500 Server Error: Internal Server Error for url: https://report.vantagemarkets.com/api/cc-detail/download, took 0.2s", "service": "cc_reconcile", "stage": "download_davinci", "status": "ok"}
{"timestamp": "2026-03-01T05:01:25+0800", "level": "WARNING", "logger": "etl_logger", "message": "POST failed (VFSC2 2026-02-26) attempt 2: 500 Server Error: Internal Server Error for url: https://report.vantagemarkets.com/api/cc-detail/download, took 0.2s", "service": "cc_reconcile", "stage": "download_davinci", "status": "ok"}
{"timestamp": "2026-03-01T05:01:30+0800", "level": "WARNING", "logger": "etl_logger", "message": "POST failed (VFSC2 2026-02-26) attempt 3: 500 Server Error: Internal Server Error for url: https://report.vantagemarkets.com/api/cc-detail/download, took 0.2s", "service": "cc_reconcile", "stage": "download_davinci", "status": "ok"}
{"timestamp": "2026-03-01T05:01:30+0800", "level": "ERROR", "logger": "etl_logger", "message": "POST failed after 3 attempts (VFSC2 2026-02-26)", "service": "cc_reconcile", "stage": "download_davinci", "status": "ok"}
{"timestamp": "2026-03-01T05:01:30+0800", "level": "WARNING", "logger": "etl_logger", "message": "POST failed (VFSC2 2026-02-27) attempt 1: 500 Server Error: Internal Server Error for url: https://report.vantagemarkets.com/api/cc-detail/download, took 0.2s", "service": "cc_reconcile", "stage": "download_davinci", "status": "ok"}
{"timestamp": "2026-03-01T05:01:35+0800", "level": "WARNING", "logger": "etl_logger", "message": "POST failed (VFSC2 2026-02-27) attempt 2: 500 Server Error: Internal Server Error for url: https://report.vantagemarkets.com/api/cc-detail/download, took 0.2s", "service": "cc_reconcile", "stage": "download_davinci", "status": "ok"}
{"timestamp": "2026-03-01T05:01:41+0800", "level": "WARNING", "logger": "etl_logger", "message": "POST failed (VFSC2 2026-02-27) attempt 3: 500 Server Error: Internal Server Error for url: https://report.vantagemarkets.com/api/cc-detail/download, took 0.2s", "service": "cc_reconcile", "stage": "download_davinci", "status": "ok"}
{"timestamp": "2026-03-01T05:01:41+0800", "level": "ERROR", "logger": "etl_logger", "message": "POST failed after 3 attempts (VFSC2 2026-02-27)", "service": "cc_reconcile", "stage": "download_davinci", "status": "ok"}
{"timestamp": "2026-03-01T05:01:41+0800", "level": "WARNING", "logger": "etl_logger", "message": "POST failed (VFSC2 2026-02-28) attempt 1: 500 Server Error: Internal Server Error for url: https://report.vantagemarkets.com/api/cc-detail/download, took 0.2s", "service": "cc_reconcile", "stage": "download_davinci", "status": "ok"}
{"timestamp": "2026-03-01T05:01:46+0800", "level": "WARNING", "logger": "etl_logger", "message": "POST failed (VFSC2 2026-02-28) attempt 2: 500 Server Error: Internal Server Error for url: https://report.vantagemarkets.com/api/cc-detail/download, took 0.2s", "service": "cc_reconcile", "stage": "download_davinci", "status": "ok"}
{"timestamp": "2026-03-01T05:01:51+0800", "level": "WARNING", "logger": "etl_logger", "message": "POST failed (VFSC2 2026-02-28) attempt 3: 500 Server Error: Internal Server Error for url: https://report.vantagemarkets.com/api/cc-detail/download, took 0.2s", "service": "cc_reconcile", "stage": "download_davinci", "status": "ok"}
{"timestamp": "2026-03-01T05:01:51+0800", "level": "ERROR", "logger": "etl_logger", "message": "POST failed after 3 attempts (VFSC2 2026-02-28)", "service": "cc_reconcile", "stage": "download_davinci", "status": "ok"}
{"timestamp": "2026-03-01T05:01:51+0800", "level": "INFO", "logger": "etl_logger", "message": "Finish downloading Davinci CC - VFSC2 Report", "service": "cc_reconcile", "stage": "download_davinci", "status": "ok"}
{"timestamp": "2026-03-01T05:01:51+0800", "level": "WARNING", "logger": "etl_logger", "message": "No data downloaded for any brand.", "service": "cc_reconcile", "stage": "download_davinci", "status": "ok"}
Traceback (most recent call last):
  File "/app/main.py", line 72, in <module>
    main()
  File "/app/main.py", line 25, in main
    logger.info(f"Download CRM CC Report Finish ，Total: {len(crm_cc)}")
TypeError: object of type 'NoneType' has no len()
{"timestamp": "2026-03-01T06:00:02+0800", "level": "INFO", "logger": "etl_logger", "message": "Start download reports...", "service": "cc_reconcile", "stage": "download", "status": "ok"}
{"timestamp": "2026-03-01T06:00:05+0800", "level": "INFO", "logger": "etl_logger", "message": "Payabl Login Success and Get Token Success", "service": "cc_reconcile", "stage": "download_payabl", "status": "ok"}
{"timestamp": "2026-03-01T06:00:05+0800", "level": "INFO", "logger": "etl_logger", "message": "Start downloading Payabl CC Report for date: 2026-02-28...", "service": "cc_reconcile", "stage": "download_payabl", "status": "ok"}
{"timestamp": "2026-03-01T06:00:17+0800", "level": "INFO", "logger": "etl_logger", "message": "Start downloading Payabl CC Report for date: 2026-03-01...", "service": "cc_reconcile", "stage": "download_payabl", "status": "ok"}
{"timestamp": "2026-03-01T06:00:22+0800", "level": "INFO", "logger": "etl_logger", "message": "Finish downloading Payabl CC Report", "service": "cc_reconcile", "stage": "download_payabl", "status": "ok"}
{"timestamp": "2026-03-01T06:00:22+0800", "level": "INFO", "logger": "etl_logger", "message": "Download Payabl CC Report Finish ，Total: 15809", "service": "cc_reconcile", "stage": "download", "status": "ok"}
{"timestamp": "2026-03-01T06:00:22+0800", "level": "INFO", "logger": "etl_logger", "message": "Login attempt 1/5", "service": "cc_reconcile", "stage": "download_davinci", "status": "ok"}
{"timestamp": "2026-03-01T06:00:23+0800", "level": "INFO", "logger": "etl_logger", "message": "Login response status=200, url=https://admin.vantagemarkets.com/admin/main, cookies=4", "service": "cc_reconcile", "stage": "download_davinci", "status": "ok"}
{"timestamp": "2026-03-01T06:00:23+0800", "level": "INFO", "logger": "etl_logger", "message": "Login successful", "service": "cc_reconcile", "stage": "download_davinci", "status": "ok"}
{"timestamp": "2026-03-01T06:00:24+0800", "level": "INFO", "logger": "etl_logger", "message": "Token obtained successfully", "service": "cc_reconcile", "stage": "download_davinci", "status": "ok"}
{"timestamp": "2026-03-01T06:00:24+0800", "level": "INFO", "logger": "etl_logger", "message": "Start downloading Davinci CC Report for brand: VFSC...", "service": "cc_reconcile", "stage": "download_davinci", "status": "ok"}
{"timestamp": "2026-03-01T06:00:24+0800", "level": "WARNING", "logger": "etl_logger", "message": "POST failed (VFSC 2026-02-26) attempt 1: 500 Server Error: Internal Server Error for url: https://report.vantagemarkets.com/api/cc-detail/download, took 0.2s", "service": "cc_reconcile", "stage": "download_davinci", "status": "ok"}
{"timestamp": "2026-03-01T06:00:29+0800", "level": "WARNING", "logger": "etl_logger", "message": "POST failed (VFSC 2026-02-26) attempt 2: 500 Server Error: Internal Server Error for url: https://report.vantagemarkets.com/api/cc-detail/download, took 0.2s", "service": "cc_reconcile", "stage": "download_davinci", "status": "ok"}
{"timestamp": "2026-03-01T06:00:34+0800", "level": "WARNING", "logger": "etl_logger", "message": "POST failed (VFSC 2026-02-26) attempt 3: 502 Server Error: Bad Gateway for url: https://report.vantagemarkets.com/api/cc-detail/download, took 0.2s", "service": "cc_reconcile", "stage": "download_davinci", "status": "ok"}
{"timestamp": "2026-03-01T06:00:34+0800", "level": "ERROR", "logger": "etl_logger", "message": "POST failed after 3 attempts (VFSC 2026-02-26)", "service": "cc_reconcile", "stage": "download_davinci", "status": "ok"}
{"timestamp": "2026-03-01T06:00:34+0800", "level": "WARNING", "logger": "etl_logger", "message": "POST failed (VFSC 2026-02-27) attempt 1: 500 Server Error: Internal Server Error for url: https://report.vantagemarkets.com/api/cc-detail/download, took 0.2s", "service": "cc_reconcile", "stage": "download_davinci", "status": "ok"}
{"timestamp": "2026-03-01T06:00:40+0800", "level": "WARNING", "logger": "etl_logger", "message": "POST failed (VFSC 2026-02-27) attempt 2: 500 Server Error: Internal Server Error for url: https://report.vantagemarkets.com/api/cc-detail/download, took 0.2s", "service": "cc_reconcile", "stage": "download_davinci", "status": "ok"}
{"timestamp": "2026-03-01T06:00:45+0800", "level": "WARNING", "logger": "etl_logger", "message": "POST failed (VFSC 2026-02-27) attempt 3: 500 Server Error: Internal Server Error for url: https://report.vantagemarkets.com/api/cc-detail/download, took 0.2s", "service": "cc_reconcile", "stage": "download_davinci", "status": "ok"}
{"timestamp": "2026-03-01T06:00:45+0800", "level": "ERROR", "logger": "etl_logger", "message": "POST failed after 3 attempts (VFSC 2026-02-27)", "service": "cc_reconcile", "stage": "download_davinci", "status": "ok"}
{"timestamp": "2026-03-01T06:00:45+0800", "level": "WARNING", "logger": "etl_logger", "message": "POST failed (VFSC 2026-02-28) attempt 1: 500 Server Error: Internal Server Error for url: https://report.vantagemarkets.com/api/cc-detail/download, took 0.2s", "service": "cc_reconcile", "stage": "download_davinci", "status": "ok"}
{"timestamp": "2026-03-01T06:00:50+0800", "level": "WARNING", "logger": "etl_logger", "message": "POST failed (VFSC 2026-02-28) attempt 2: 500 Server Error: Internal Server Error for url: https://report.vantagemarkets.com/api/cc-detail/download, took 0.2s", "service": "cc_reconcile", "stage": "download_davinci", "status": "ok"}
{"timestamp": "2026-03-01T06:00:55+0800", "level": "WARNING", "logger": "etl_logger", "message": "POST failed (VFSC 2026-02-28) attempt 3: 500 Server Error: Internal Server Error for url: https://report.vantagemarkets.com/api/cc-detail/download, took 0.2s", "service": "cc_reconcile", "stage": "download_davinci", "status": "ok"}
{"timestamp": "2026-03-01T06:00:55+0800", "level": "ERROR", "logger": "etl_logger", "message": "POST failed after 3 attempts (VFSC 2026-02-28)", "service": "cc_reconcile", "stage": "download_davinci", "status": "ok"}
{"timestamp": "2026-03-01T06:00:56+0800", "level": "WARNING", "logger": "etl_logger", "message": "POST failed (VFSC 2026-03-01) attempt 1: 500 Server Error: Internal Server Error for url: https://report.vantagemarkets.com/api/cc-detail/download, took 0.2s", "service": "cc_reconcile", "stage": "download_davinci", "status": "ok"}
{"timestamp": "2026-03-01T06:01:01+0800", "level": "WARNING", "logger": "etl_logger", "message": "POST failed (VFSC 2026-03-01) attempt 2: 500 Server Error: Internal Server Error for url: https://report.vantagemarkets.com/api/cc-detail/download, took 0.2s", "service": "cc_reconcile", "stage": "download_davinci", "status": "ok"}
{"timestamp": "2026-03-01T06:01:06+0800", "level": "WARNING", "logger": "etl_logger", "message": "POST failed (VFSC 2026-03-01) attempt 3: 500 Server Error: Internal Server Error for url: https://report.vantagemarkets.com/api/cc-detail/download, took 0.2s", "service": "cc_reconcile", "stage": "download_davinci", "status": "ok"}
{"timestamp": "2026-03-01T06:01:06+0800", "level": "ERROR", "logger": "etl_logger", "message": "POST failed after 3 attempts (VFSC 2026-03-01)", "service": "cc_reconcile", "stage": "download_davinci", "status": "ok"}
{"timestamp": "2026-03-01T06:01:06+0800", "level": "INFO", "logger": "etl_logger", "message": "Finish downloading Davinci CC - VFSC Report", "service": "cc_reconcile", "stage": "download_davinci", "status": "ok"}
{"timestamp": "2026-03-01T06:01:06+0800", "level": "INFO", "logger": "etl_logger", "message": "Start downloading Davinci CC Report for brand: VFSC2...", "service": "cc_reconcile", "stage": "download_davinci", "status": "ok"}
{"timestamp": "2026-03-01T06:01:06+0800", "level": "WARNING", "logger": "etl_logger", "message": "POST failed (VFSC2 2026-02-26) attempt 1: 500 Server Error: Internal Server Error for url: https://report.vantagemarkets.com/api/cc-detail/download, took 0.2s", "service": "cc_reconcile", "stage": "download_davinci", "status": "ok"}
{"timestamp": "2026-03-01T06:01:12+0800", "level": "WARNING", "logger": "etl_logger", "message": "POST failed (VFSC2 2026-02-26) attempt 2: 500 Server Error: Internal Server Error for url: https://report.vantagemarkets.com/api/cc-detail/download, took 0.2s", "service": "cc_reconcile", "stage": "download_davinci", "status": "ok"}
{"timestamp": "2026-03-01T06:01:17+0800", "level": "WARNING", "logger": "etl_logger", "message": "POST failed (VFSC2 2026-02-26) attempt 3: 500 Server Error: Internal Server Error for url: https://report.vantagemarkets.com/api/cc-detail/download, took 0.2s", "service": "cc_reconcile", "stage": "download_davinci", "status": "ok"}
{"timestamp": "2026-03-01T06:01:17+0800", "level": "ERROR", "logger": "etl_logger", "message": "POST failed after 3 attempts (VFSC2 2026-02-26)", "service": "cc_reconcile", "stage": "download_davinci", "status": "ok"}
{"timestamp": "2026-03-01T06:01:17+0800", "level": "WARNING", "logger": "etl_logger", "message": "POST failed (VFSC2 2026-02-27) attempt 1: 502 Server Error: Bad Gateway for url: https://report.vantagemarkets.com/api/cc-detail/download, took 0.2s", "service": "cc_reconcile", "stage": "download_davinci", "status": "ok"}
{"timestamp": "2026-03-01T06:01:23+0800", "level": "WARNING", "logger": "etl_logger", "message": "POST failed (VFSC2 2026-02-27) attempt 2: 500 Server Error: Internal Server Error for url: https://report.vantagemarkets.com/api/cc-detail/download, took 0.8s", "service": "cc_reconcile", "stage": "download_davinci", "status": "ok"}
{"timestamp": "2026-03-01T06:01:28+0800", "level": "WARNING", "logger": "etl_logger", "message": "POST failed (VFSC2 2026-02-27) attempt 3: 500 Server Error: Internal Server Error for url: https://report.vantagemarkets.com/api/cc-detail/download, took 0.2s", "service": "cc_reconcile", "stage": "download_davinci", "status": "ok"}
{"timestamp": "2026-03-01T06:01:28+0800", "level": "ERROR", "logger": "etl_logger", "message": "POST failed after 3 attempts (VFSC2 2026-02-27)", "service": "cc_reconcile", "stage": "download_davinci", "status": "ok"}
{"timestamp": "2026-03-01T06:01:28+0800", "level": "WARNING", "logger": "etl_logger", "message": "POST failed (VFSC2 2026-02-28) attempt 1: 500 Server Error: Internal Server Error for url: https://report.vantagemarkets.com/api/cc-detail/download, took 0.2s", "service": "cc_reconcile", "stage": "download_davinci", "status": "ok"}
{"timestamp": "2026-03-01T06:01:34+0800", "level": "WARNING", "logger": "etl_logger", "message": "POST failed (VFSC2 2026-02-28) attempt 2: 500 Server Error: Internal Server Error for url: https://report.vantagemarkets.com/api/cc-detail/download, took 0.2s", "service": "cc_reconcile", "stage": "download_davinci", "status": "ok"}
{"timestamp": "2026-03-01T06:01:39+0800", "level": "WARNING", "logger": "etl_logger", "message": "POST failed (VFSC2 2026-02-28) attempt 3: 500 Server Error: Internal Server Error for url: https://report.vantagemarkets.com/api/cc-detail/download, took 0.2s", "service": "cc_reconcile", "stage": "download_davinci", "status": "ok"}
{"timestamp": "2026-03-01T06:01:39+0800", "level": "ERROR", "logger": "etl_logger", "message": "POST failed after 3 attempts (VFSC2 2026-02-28)", "service": "cc_reconcile", "stage": "download_davinci", "status": "ok"}
{"timestamp": "2026-03-01T06:01:39+0800", "level": "WARNING", "logger": "etl_logger", "message": "POST failed (VFSC2 2026-03-01) attempt 1: 500 Server Error: Internal Server Error for url: https://report.vantagemarkets.com/api/cc-detail/download, took 0.2s", "service": "cc_reconcile", "stage": "download_davinci", "status": "ok"}
{"timestamp": "2026-03-01T06:01:44+0800", "level": "WARNING", "logger": "etl_logger", "message": "POST failed (VFSC2 2026-03-01) attempt 2: 500 Server Error: Internal Server Error for url: https://report.vantagemarkets.com/api/cc-detail/download, took 0.2s", "service": "cc_reconcile", "stage": "download_davinci", "status": "ok"}
{"timestamp": "2026-03-01T06:01:49+0800", "level": "WARNING", "logger": "etl_logger", "message": "POST failed (VFSC2 2026-03-01) attempt 3: 500 Server Error: Internal Server Error for url: https://report.vantagemarkets.com/api/cc-detail/download, took 0.2s", "service": "cc_reconcile", "stage": "download_davinci", "status": "ok"}
{"timestamp": "2026-03-01T06:01:49+0800", "level": "ERROR", "logger": "etl_logger", "message": "POST failed after 3 attempts (VFSC2 2026-03-01)", "service": "cc_reconcile", "stage": "download_davinci", "status": "ok"}
{"timestamp": "2026-03-01T06:01:49+0800", "level": "INFO", "logger": "etl_logger", "message": "Finish downloading Davinci CC - VFSC2 Report", "service": "cc_reconcile", "stage": "download_davinci", "status": "ok"}
{"timestamp": "2026-03-01T06:01:49+0800", "level": "WARNING", "logger": "etl_logger", "message": "No data downloaded for any brand.", "service": "cc_reconcile", "stage": "download_davinci", "status": "ok"}
Traceback (most recent call last):
  File "/app/main.py", line 72, in <module>
    main()
  File "/app/main.py", line 25, in main
    logger.info(f"Download CRM CC Report Finish ，Total: {len(crm_cc)}")
TypeError: object of type 'NoneType' has no len()
{"timestamp": "2026-03-01T07:00:01+0800", "level": "INFO", "logger": "etl_logger", "message": "Start download reports...", "service": "cc_reconcile", "stage": "download", "status": "ok"}
{"timestamp": "2026-03-01T07:00:05+0800", "level": "INFO", "logger": "etl_logger", "message": "Payabl Login Success and Get Token Success", "service": "cc_reconcile", "stage": "download_payabl", "status": "ok"}
{"timestamp": "2026-03-01T07:00:05+0800", "level": "INFO", "logger": "etl_logger", "message": "Start downloading Payabl CC Report for date: 2026-02-28...", "service": "cc_reconcile", "stage": "download_payabl", "status": "ok"}
{"timestamp": "2026-03-01T07:00:17+0800", "level": "INFO", "logger": "etl_logger", "message": "Start downloading Payabl CC Report for date: 2026-03-01...", "service": "cc_reconcile", "stage": "download_payabl", "status": "ok"}
{"timestamp": "2026-03-01T07:00:24+0800", "level": "INFO", "logger": "etl_logger", "message": "Finish downloading Payabl CC Report", "service": "cc_reconcile", "stage": "download_payabl", "status": "ok"}
{"timestamp": "2026-03-01T07:00:24+0800", "level": "INFO", "logger": "etl_logger", "message": "Download Payabl CC Report Finish ，Total: 17329", "service": "cc_reconcile", "stage": "download", "status": "ok"}
{"timestamp": "2026-03-01T07:00:24+0800", "level": "INFO", "logger": "etl_logger", "message": "Login attempt 1/5", "service": "cc_reconcile", "stage": "download_davinci", "status": "ok"}
{"timestamp": "2026-03-01T07:00:25+0800", "level": "INFO", "logger": "etl_logger", "message": "Login response status=200, url=https://admin.vantagemarkets.com/admin/main, cookies=4", "service": "cc_reconcile", "stage": "download_davinci", "status": "ok"}
{"timestamp": "2026-03-01T07:00:25+0800", "level": "INFO", "logger": "etl_logger", "message": "Login successful", "service": "cc_reconcile", "stage": "download_davinci", "status": "ok"}
{"timestamp": "2026-03-01T07:00:26+0800", "level": "INFO", "logger": "etl_logger", "message": "Token obtained successfully", "service": "cc_reconcile", "stage": "download_davinci", "status": "ok"}
{"timestamp": "2026-03-01T07:00:26+0800", "level": "INFO", "logger": "etl_logger", "message": "Start downloading Davinci CC Report for brand: VFSC...", "service": "cc_reconcile", "stage": "download_davinci", "status": "ok"}
{"timestamp": "2026-03-01T07:00:26+0800", "level": "WARNING", "logger": "etl_logger", "message": "POST failed (VFSC 2026-02-26) attempt 1: 502 Server Error: Bad Gateway for url: https://report.vantagemarkets.com/api/cc-detail/download, took 0.2s", "service": "cc_reconcile", "stage": "download_davinci", "status": "ok"}
{"timestamp": "2026-03-01T07:00:31+0800", "level": "WARNING", "logger": "etl_logger", "message": "POST failed (VFSC 2026-02-26) attempt 2: 502 Server Error: Bad Gateway for url: https://report.vantagemarkets.com/api/cc-detail/download, took 0.2s", "service": "cc_reconcile", "stage": "download_davinci", "status": "ok"}
{"timestamp": "2026-03-01T07:00:36+0800", "level": "WARNING", "logger": "etl_logger", "message": "POST failed (VFSC 2026-02-26) attempt 3: 500 Server Error: Internal Server Error for url: https://report.vantagemarkets.com/api/cc-detail/download, took 0.2s", "service": "cc_reconcile", "stage": "download_davinci", "status": "ok"}
{"timestamp": "2026-03-01T07:00:36+0800", "level": "ERROR", "logger": "etl_logger", "message": "POST failed after 3 attempts (VFSC 2026-02-26)", "service": "cc_reconcile", "stage": "download_davinci", "status": "ok"}
{"timestamp": "2026-03-01T07:00:37+0800", "level": "WARNING", "logger": "etl_logger", "message": "POST failed (VFSC 2026-02-27) attempt 1: 500 Server Error: Internal Server Error for url: https://report.vantagemarkets.com/api/cc-detail/download, took 0.2s", "service": "cc_reconcile", "stage": "download_davinci", "status": "ok"}
{"timestamp": "2026-03-01T07:00:42+0800", "level": "WARNING", "logger": "etl_logger", "message": "POST failed (VFSC 2026-02-27) attempt 2: 500 Server Error: Internal Server Error for url: https://report.vantagemarkets.com/api/cc-detail/download, took 0.2s", "service": "cc_reconcile", "stage": "download_davinci", "status": "ok"}
{"timestamp": "2026-03-01T07:00:47+0800", "level": "WARNING", "logger": "etl_logger", "message": "POST failed (VFSC 2026-02-27) attempt 3: 502 Server Error: Bad Gateway for url: https://report.vantagemarkets.com/api/cc-detail/download, took 0.2s", "service": "cc_reconcile", "stage": "download_davinci", "status": "ok"}
{"timestamp": "2026-03-01T07:00:47+0800", "level": "ERROR", "logger": "etl_logger", "message": "POST failed after 3 attempts (VFSC 2026-02-27)", "service": "cc_reconcile", "stage": "download_davinci", "status": "ok"}
{"timestamp": "2026-03-01T07:00:47+0800", "level": "WARNING", "logger": "etl_logger", "message": "POST failed (VFSC 2026-02-28) attempt 1: 500 Server Error: Internal Server Error for url: https://report.vantagemarkets.com/api/cc-detail/download, took 0.2s", "service": "cc_reconcile", "stage": "download_davinci", "status": "ok"}
{"timestamp": "2026-03-01T07:00:52+0800", "level": "WARNING", "logger": "etl_logger", "message": "POST failed (VFSC 2026-02-28) attempt 2: 500 Server Error: Internal Server Error for url: https://report.vantagemarkets.com/api/cc-detail/download, took 0.2s", "service": "cc_reconcile", "stage": "download_davinci", "status": "ok"}
{"timestamp": "2026-03-01T07:00:58+0800", "level": "WARNING", "logger": "etl_logger", "message": "POST failed (VFSC 2026-02-28) attempt 3: 500 Server Error: Internal Server Error for url: https://report.vantagemarkets.com/api/cc-detail/download, took 0.2s", "service": "cc_reconcile", "stage": "download_davinci", "status": "ok"}
{"timestamp": "2026-03-01T07:00:58+0800", "level": "ERROR", "logger": "etl_logger", "message": "POST failed after 3 attempts (VFSC 2026-02-28)", "service": "cc_reconcile", "stage": "download_davinci", "status": "ok"}
{"timestamp": "2026-03-01T07:00:58+0800", "level": "WARNING", "logger": "etl_logger", "message": "POST failed (VFSC 2026-03-01) attempt 1: 502 Server Error: Bad Gateway for url: https://report.vantagemarkets.com/api/cc-detail/download, took 0.2s", "service": "cc_reconcile", "stage": "download_davinci", "status": "ok"}
{"timestamp": "2026-03-01T07:01:03+0800", "level": "WARNING", "logger": "etl_logger", "message": "POST failed (VFSC 2026-03-01) attempt 2: 502 Server Error: Bad Gateway for url: https://report.vantagemarkets.com/api/cc-detail/download, took 0.2s", "service": "cc_reconcile", "stage": "download_davinci", "status": "ok"}
{"timestamp": "2026-03-01T07:01:08+0800", "level": "WARNING", "logger": "etl_logger", "message": "POST failed (VFSC 2026-03-01) attempt 3: 500 Server Error: Internal Server Error for url: https://report.vantagemarkets.com/api/cc-detail/download, took 0.2s", "service": "cc_reconcile", "stage": "download_davinci", "status": "ok"}
{"timestamp": "2026-03-01T07:01:08+0800", "level": "ERROR", "logger": "etl_logger", "message": "POST failed after 3 attempts (VFSC 2026-03-01)", "service": "cc_reconcile", "stage": "download_davinci", "status": "ok"}
{"timestamp": "2026-03-01T07:01:08+0800", "level": "INFO", "logger": "etl_logger", "message": "Finish downloading Davinci CC - VFSC Report", "service": "cc_reconcile", "stage": "download_davinci", "status": "ok"}
{"timestamp": "2026-03-01T07:01:08+0800", "level": "INFO", "logger": "etl_logger", "message": "Start downloading Davinci CC Report for brand: VFSC2...", "service": "cc_reconcile", "stage": "download_davinci", "status": "ok"}
{"timestamp": "2026-03-01T07:01:08+0800", "level": "WARNING", "logger": "etl_logger", "message": "POST failed (VFSC2 2026-02-26) attempt 1: 500 Server Error: Internal Server Error for url: https://report.vantagemarkets.com/api/cc-detail/download, took 0.2s", "service": "cc_reconcile", "stage": "download_davinci", "status": "ok"}
{"timestamp": "2026-03-01T07:01:14+0800", "level": "WARNING", "logger": "etl_logger", "message": "POST failed (VFSC2 2026-02-26) attempt 2: 500 Server Error: Internal Server Error for url: https://report.vantagemarkets.com/api/cc-detail/download, took 0.2s", "service": "cc_reconcile", "stage": "download_davinci", "status": "ok"}
{"timestamp": "2026-03-01T07:01:19+0800", "level": "WARNING", "logger": "etl_logger", "message": "POST failed (VFSC2 2026-02-26) attempt 3: 500 Server Error: Internal Server Error for url: https://report.vantagemarkets.com/api/cc-detail/download, took 0.2s", "service": "cc_reconcile", "stage": "download_davinci", "status": "ok"}
{"timestamp": "2026-03-01T07:01:19+0800", "level": "ERROR", "logger": "etl_logger", "message": "POST failed after 3 attempts (VFSC2 2026-02-26)", "service": "cc_reconcile", "stage": "download_davinci", "status": "ok"}
{"timestamp": "2026-03-01T07:01:19+0800", "level": "WARNING", "logger": "etl_logger", "message": "POST failed (VFSC2 2026-02-27) attempt 1: 502 Server Error: Bad Gateway for url: https://report.vantagemarkets.com/api/cc-detail/download, took 0.2s", "service": "cc_reconcile", "stage": "download_davinci", "status": "ok"}
{"timestamp": "2026-03-01T07:01:24+0800", "level": "WARNING", "logger": "etl_logger", "message": "POST failed (VFSC2 2026-02-27) attempt 2: 500 Server Error: Internal Server Error for url: https://report.vantagemarkets.com/api/cc-detail/download, took 0.2s", "service": "cc_reconcile", "stage": "download_davinci", "status": "ok"}
{"timestamp": "2026-03-01T07:01:30+0800", "level": "WARNING", "logger": "etl_logger", "message": "POST failed (VFSC2 2026-02-27) attempt 3: 500 Server Error: Internal Server Error for url: https://report.vantagemarkets.com/api/cc-detail/download, took 0.2s", "service": "cc_reconcile", "stage": "download_davinci", "status": "ok"}
{"timestamp": "2026-03-01T07:01:30+0800", "level": "ERROR", "logger": "etl_logger", "message": "POST failed after 3 attempts (VFSC2 2026-02-27)", "service": "cc_reconcile", "stage": "download_davinci", "status": "ok"}
{"timestamp": "2026-03-01T07:01:30+0800", "level": "WARNING", "logger": "etl_logger", "message": "POST failed (VFSC2 2026-02-28) attempt 1: 500 Server Error: Internal Server Error for url: https://report.vantagemarkets.com/api/cc-detail/download, took 0.2s", "service": "cc_reconcile", "stage": "download_davinci", "status": "ok"}
{"timestamp": "2026-03-01T07:01:35+0800", "level": "WARNING", "logger": "etl_logger", "message": "POST failed (VFSC2 2026-02-28) attempt 2: 500 Server Error: Internal Server Error for url: https://report.vantagemarkets.com/api/cc-detail/download, took 0.2s", "service": "cc_reconcile", "stage": "download_davinci", "status": "ok"}
{"timestamp": "2026-03-01T07:01:40+0800", "level": "WARNING", "logger": "etl_logger", "message": "POST failed (VFSC2 2026-02-28) attempt 3: 502 Server Error: Bad Gateway for url: https://report.vantagemarkets.com/api/cc-detail/download, took 0.2s", "service": "cc_reconcile", "stage": "download_davinci", "status": "ok"}
{"timestamp": "2026-03-01T07:01:40+0800", "level": "ERROR", "logger": "etl_logger", "message": "POST failed after 3 attempts (VFSC2 2026-02-28)", "service": "cc_reconcile", "stage": "download_davinci", "status": "ok"}
{"timestamp": "2026-03-01T07:01:40+0800", "level": "WARNING", "logger": "etl_logger", "message": "POST failed (VFSC2 2026-03-01) attempt 1: 500 Server Error: Internal Server Error for url: https://report.vantagemarkets.com/api/cc-detail/download, took 0.2s", "service": "cc_reconcile", "stage": "download_davinci", "status": "ok"}
{"timestamp": "2026-03-01T07:01:46+0800", "level": "WARNING", "logger": "etl_logger", "message": "POST failed (VFSC2 2026-03-01) attempt 2: 500 Server Error: Internal Server Error for url: https://report.vantagemarkets.com/api/cc-detail/download, took 0.2s", "service": "cc_reconcile", "stage": "download_davinci", "status": "ok"}
{"timestamp": "2026-03-01T07:01:51+0800", "level": "WARNING", "logger": "etl_logger", "message": "POST failed (VFSC2 2026-03-01) attempt 3: 500 Server Error: Internal Server Error for url: https://report.vantagemarkets.com/api/cc-detail/download, took 0.2s", "service": "cc_reconcile", "stage": "download_davinci", "status": "ok"}
{"timestamp": "2026-03-01T07:01:51+0800", "level": "ERROR", "logger": "etl_logger", "message": "POST failed after 3 attempts (VFSC2 2026-03-01)", "service": "cc_reconcile", "stage": "download_davinci", "status": "ok"}
{"timestamp": "2026-03-01T07:01:51+0800", "level": "INFO", "logger": "etl_logger", "message": "Finish downloading Davinci CC - VFSC2 Report", "service": "cc_reconcile", "stage": "download_davinci", "status": "ok"}
{"timestamp": "2026-03-01T07:01:51+0800", "level": "WARNING", "logger": "etl_logger", "message": "No data downloaded for any brand.", "service": "cc_reconcile", "stage": "download_davinci", "status": "ok"}
Traceback (most recent call last):
  File "/app/main.py", line 72, in <module>
    main()
  File "/app/main.py", line 25, in main
    logger.info(f"Download CRM CC Report Finish ，Total: {len(crm_cc)}")
TypeError: object of type 'NoneType' has no len()
{"timestamp": "2026-03-01T08:00:02+0800", "level": "INFO", "logger": "etl_logger", "message": "Start download reports...", "service": "cc_reconcile", "stage": "download", "status": "ok"}
{"timestamp": "2026-03-01T08:00:05+0800", "level": "INFO", "logger": "etl_logger", "message": "Payabl Login Success and Get Token Success", "service": "cc_reconcile", "stage": "download_payabl", "status": "ok"}
{"timestamp": "2026-03-01T08:00:05+0800", "level": "INFO", "logger": "etl_logger", "message": "Start downloading Payabl CC Report for date: 2026-02-28...", "service": "cc_reconcile", "stage": "download_payabl", "status": "ok"}
{"timestamp": "2026-03-01T08:00:18+0800", "level": "INFO", "logger": "etl_logger", "message": "Start downloading Payabl CC Report for date: 2026-03-01...", "service": "cc_reconcile", "stage": "download_payabl", "status": "ok"}
{"timestamp": "2026-03-01T08:00:25+0800", "level": "INFO", "logger": "etl_logger", "message": "Finish downloading Payabl CC Report", "service": "cc_reconcile", "stage": "download_payabl", "status": "ok"}
{"timestamp": "2026-03-01T08:00:25+0800", "level": "INFO", "logger": "etl_logger", "message": "Download Payabl CC Report Finish ，Total: 18286", "service": "cc_reconcile", "stage": "download", "status": "ok"}
{"timestamp": "2026-03-01T08:00:26+0800", "level": "INFO", "logger": "etl_logger", "message": "Login attempt 1/5", "service": "cc_reconcile", "stage": "download_davinci", "status": "ok"}
{"timestamp": "2026-03-01T08:00:27+0800", "level": "INFO", "logger": "etl_logger", "message": "Login response status=200, url=https://admin.vantagemarkets.com/admin/main, cookies=4", "service": "cc_reconcile", "stage": "download_davinci", "status": "ok"}
{"timestamp": "2026-03-01T08:00:27+0800", "level": "INFO", "logger": "etl_logger", "message": "Login successful", "service": "cc_reconcile", "stage": "download_davinci", "status": "ok"}
{"timestamp": "2026-03-01T08:00:27+0800", "level": "INFO", "logger": "etl_logger", "message": "Token obtained successfully", "service": "cc_reconcile", "stage": "download_davinci", "status": "ok"}
{"timestamp": "2026-03-01T08:00:27+0800", "level": "INFO", "logger": "etl_logger", "message": "Start downloading Davinci CC Report for brand: VFSC...", "service": "cc_reconcile", "stage": "download_davinci", "status": "ok"}
{"timestamp": "2026-03-01T08:00:27+0800", "level": "WARNING", "logger": "etl_logger", "message": "POST failed (VFSC 2026-02-26) attempt 1: 500 Server Error: Internal Server Error for url: https://report.vantagemarkets.com/api/cc-detail/download, took 0.3s", "service": "cc_reconcile", "stage": "download_davinci", "status": "ok"}
{"timestamp": "2026-03-01T08:00:32+0800", "level": "WARNING", "logger": "etl_logger", "message": "POST failed (VFSC 2026-02-26) attempt 2: 500 Server Error: Internal Server Error for url: https://report.vantagemarkets.com/api/cc-detail/download, took 0.2s", "service": "cc_reconcile", "stage": "download_davinci", "status": "ok"}
{"timestamp": "2026-03-01T08:00:38+0800", "level": "WARNING", "logger": "etl_logger", "message": "POST failed (VFSC 2026-02-26) attempt 3: 500 Server Error: Internal Server Error for url: https://report.vantagemarkets.com/api/cc-detail/download, took 0.2s", "service": "cc_reconcile", "stage": "download_davinci", "status": "ok"}
{"timestamp": "2026-03-01T08:00:38+0800", "level": "ERROR", "logger": "etl_logger", "message": "POST failed after 3 attempts (VFSC 2026-02-26)", "service": "cc_reconcile", "stage": "download_davinci", "status": "ok"}
{"timestamp": "2026-03-01T08:00:38+0800", "level": "WARNING", "logger": "etl_logger", "message": "POST failed (VFSC 2026-02-27) attempt 1: 500 Server Error: Internal Server Error for url: https://report.vantagemarkets.com/api/cc-detail/download, took 0.2s", "service": "cc_reconcile", "stage": "download_davinci", "status": "ok"}
{"timestamp": "2026-03-01T08:00:43+0800", "level": "WARNING", "logger": "etl_logger", "message": "POST failed (VFSC 2026-02-27) attempt 2: 500 Server Error: Internal Server Error for url: https://report.vantagemarkets.com/api/cc-detail/download, took 0.3s", "service": "cc_reconcile", "stage": "download_davinci", "status": "ok"}
{"timestamp": "2026-03-01T08:00:48+0800", "level": "WARNING", "logger": "etl_logger", "message": "POST failed (VFSC 2026-02-27) attempt 3: 500 Server Error: Internal Server Error for url: https://report.vantagemarkets.com/api/cc-detail/download, took 0.2s", "service": "cc_reconcile", "stage": "download_davinci", "status": "ok"}
{"timestamp": "2026-03-01T08:00:48+0800", "level": "ERROR", "logger": "etl_logger", "message": "POST failed after 3 attempts (VFSC 2026-02-27)", "service": "cc_reconcile", "stage": "download_davinci", "status": "ok"}
{"timestamp": "2026-03-01T08:00:49+0800", "level": "WARNING", "logger": "etl_logger", "message": "POST failed (VFSC 2026-02-28) attempt 1: 500 Server Error: Internal Server Error for url: https://report.vantagemarkets.com/api/cc-detail/download, took 0.2s", "service": "cc_reconcile", "stage": "download_davinci", "status": "ok"}
{"timestamp": "2026-03-01T08:00:54+0800", "level": "WARNING", "logger": "etl_logger", "message": "POST failed (VFSC 2026-02-28) attempt 2: 500 Server Error: Internal Server Error for url: https://report.vantagemarkets.com/api/cc-detail/download, took 0.2s", "service": "cc_reconcile", "stage": "download_davinci", "status": "ok"}
{"timestamp": "2026-03-01T08:00:59+0800", "level": "WARNING", "logger": "etl_logger", "message": "POST failed (VFSC 2026-02-28) attempt 3: 500 Server Error: Internal Server Error for url: https://report.vantagemarkets.com/api/cc-detail/download, took 0.2s", "service": "cc_reconcile", "stage": "download_davinci", "status": "ok"}
{"timestamp": "2026-03-01T08:00:59+0800", "level": "ERROR", "logger": "etl_logger", "message": "POST failed after 3 attempts (VFSC 2026-02-28)", "service": "cc_reconcile", "stage": "download_davinci", "status": "ok"}
{"timestamp": "2026-03-01T08:00:59+0800", "level": "WARNING", "logger": "etl_logger", "message": "POST failed (VFSC 2026-03-01) attempt 1: 500 Server Error: Internal Server Error for url: https://report.vantagemarkets.com/api/cc-detail/download, took 0.2s", "service": "cc_reconcile", "stage": "download_davinci", "status": "ok"}
{"timestamp": "2026-03-01T08:01:04+0800", "level": "WARNING", "logger": "etl_logger", "message": "POST failed (VFSC 2026-03-01) attempt 2: 502 Server Error: Bad Gateway for url: https://report.vantagemarkets.com/api/cc-detail/download, took 0.2s", "service": "cc_reconcile", "stage": "download_davinci", "status": "ok"}
{"timestamp": "2026-03-01T08:01:10+0800", "level": "WARNING", "logger": "etl_logger", "message": "POST failed (VFSC 2026-03-01) attempt 3: 500 Server Error: Internal Server Error for url: https://report.vantagemarkets.com/api/cc-detail/download, took 0.2s", "service": "cc_reconcile", "stage": "download_davinci", "status": "ok"}
{"timestamp": "2026-03-01T08:01:10+0800", "level": "ERROR", "logger": "etl_logger", "message": "POST failed after 3 attempts (VFSC 2026-03-01)", "service": "cc_reconcile", "stage": "download_davinci", "status": "ok"}
{"timestamp": "2026-03-01T08:01:10+0800", "level": "INFO", "logger": "etl_logger", "message": "Finish downloading Davinci CC - VFSC Report", "service": "cc_reconcile", "stage": "download_davinci", "status": "ok"}
{"timestamp": "2026-03-01T08:01:10+0800", "level": "INFO", "logger": "etl_logger", "message": "Start downloading Davinci CC Report for brand: VFSC2...", "service": "cc_reconcile", "stage": "download_davinci", "status": "ok"}
{"timestamp": "2026-03-01T08:01:10+0800", "level": "WARNING", "logger": "etl_logger", "message": "POST failed (VFSC2 2026-02-26) attempt 1: 500 Server Error: Internal Server Error for url: https://report.vantagemarkets.com/api/cc-detail/download, took 0.2s", "service": "cc_reconcile", "stage": "download_davinci", "status": "ok"}
{"timestamp": "2026-03-01T08:01:15+0800", "level": "WARNING", "logger": "etl_logger", "message": "POST failed (VFSC2 2026-02-26) attempt 2: 500 Server Error: Internal Server Error for url: https://report.vantagemarkets.com/api/cc-detail/download, took 0.2s", "service": "cc_reconcile", "stage": "download_davinci", "status": "ok"}
{"timestamp": "2026-03-01T08:01:20+0800", "level": "WARNING", "logger": "etl_logger", "message": "POST failed (VFSC2 2026-02-26) attempt 3: 500 Server Error: Internal Server Error for url: https://report.vantagemarkets.com/api/cc-detail/download, took 0.3s", "service": "cc_reconcile", "stage": "download_davinci", "status": "ok"}
{"timestamp": "2026-03-01T08:01:20+0800", "level": "ERROR", "logger": "etl_logger", "message": "POST failed after 3 attempts (VFSC2 2026-02-26)", "service": "cc_reconcile", "stage": "download_davinci", "status": "ok"}
{"timestamp": "2026-03-01T08:01:21+0800", "level": "WARNING", "logger": "etl_logger", "message": "POST failed (VFSC2 2026-02-27) attempt 1: 502 Server Error: Bad Gateway for url: https://report.vantagemarkets.com/api/cc-detail/download, took 0.2s", "service": "cc_reconcile", "stage": "download_davinci", "status": "ok"}
{"timestamp": "2026-03-01T08:01:26+0800", "level": "WARNING", "logger": "etl_logger", "message": "POST failed (VFSC2 2026-02-27) attempt 2: 500 Server Error: Internal Server Error for url: https://report.vantagemarkets.com/api/cc-detail/download, took 0.2s", "service": "cc_reconcile", "stage": "download_davinci", "status": "ok"}
{"timestamp": "2026-03-01T08:01:31+0800", "level": "WARNING", "logger": "etl_logger", "message": "POST failed (VFSC2 2026-02-27) attempt 3: 500 Server Error: Internal Server Error for url: https://report.vantagemarkets.com/api/cc-detail/download, took 0.2s", "service": "cc_reconcile", "stage": "download_davinci", "status": "ok"}
{"timestamp": "2026-03-01T08:01:31+0800", "level": "ERROR", "logger": "etl_logger", "message": "POST failed after 3 attempts (VFSC2 2026-02-27)", "service": "cc_reconcile", "stage": "download_davinci", "status": "ok"}
{"timestamp": "2026-03-01T08:01:31+0800", "level": "WARNING", "logger": "etl_logger", "message": "POST failed (VFSC2 2026-02-28) attempt 1: 500 Server Error: Internal Server Error for url: https://report.vantagemarkets.com/api/cc-detail/download, took 0.2s", "service": "cc_reconcile", "stage": "download_davinci", "status": "ok"}
{"timestamp": "2026-03-01T08:01:36+0800", "level": "WARNING", "logger": "etl_logger", "message": "POST failed (VFSC2 2026-02-28) attempt 2: 500 Server Error: Internal Server Error for url: https://report.vantagemarkets.com/api/cc-detail/download, took 0.2s", "service": "cc_reconcile", "stage": "download_davinci", "status": "ok"}
{"timestamp": "2026-03-01T08:01:42+0800", "level": "WARNING", "logger": "etl_logger", "message": "POST failed (VFSC2 2026-02-28) attempt 3: 500 Server Error: Internal Server Error for url: https://report.vantagemarkets.com/api/cc-detail/download, took 0.2s", "service": "cc_reconcile", "stage": "download_davinci", "status": "ok"}
{"timestamp": "2026-03-01T08:01:42+0800", "level": "ERROR", "logger": "etl_logger", "message": "POST failed after 3 attempts (VFSC2 2026-02-28)", "service": "cc_reconcile", "stage": "download_davinci", "status": "ok"}
{"timestamp": "2026-03-01T08:01:42+0800", "level": "WARNING", "logger": "etl_logger", "message": "POST failed (VFSC2 2026-03-01) attempt 1: 500 Server Error: Internal Server Error for url: https://report.vantagemarkets.com/api/cc-detail/download, took 0.2s", "service": "cc_reconcile", "stage": "download_davinci", "status": "ok"}
{"timestamp": "2026-03-01T08:01:47+0800", "level": "WARNING", "logger": "etl_logger", "message": "POST failed (VFSC2 2026-03-01) attempt 2: 500 Server Error: Internal Server Error for url: https://report.vantagemarkets.com/api/cc-detail/download, took 0.2s", "service": "cc_reconcile", "stage": "download_davinci", "status": "ok"}
{"timestamp": "2026-03-01T08:01:52+0800", "level": "WARNING", "logger": "etl_logger", "message": "POST failed (VFSC2 2026-03-01) attempt 3: 500 Server Error: Internal Server Error for url: https://report.vantagemarkets.com/api/cc-detail/download, took 0.2s", "service": "cc_reconcile", "stage": "download_davinci", "status": "ok"}
{"timestamp": "2026-03-01T08:01:52+0800", "level": "ERROR", "logger": "etl_logger", "message": "POST failed after 3 attempts (VFSC2 2026-03-01)", "service": "cc_reconcile", "stage": "download_davinci", "status": "ok"}
{"timestamp": "2026-03-01T08:01:52+0800", "level": "INFO", "logger": "etl_logger", "message": "Finish downloading Davinci CC - VFSC2 Report", "service": "cc_reconcile", "stage": "download_davinci", "status": "ok"}
{"timestamp": "2026-03-01T08:01:52+0800", "level": "WARNING", "logger": "etl_logger", "message": "No data downloaded for any brand.", "service": "cc_reconcile", "stage": "download_davinci", "status": "ok"}
Traceback (most recent call last):
  File "/app/main.py", line 72, in <module>
    main()
  File "/app/main.py", line 25, in main
    logger.info(f"Download CRM CC Report Finish ，Total: {len(crm_cc)}")
TypeError: object of type 'NoneType' has no len()
{"timestamp": "2026-03-01T09:00:01+0800", "level": "INFO", "logger": "etl_logger", "message": "Start download reports...", "service": "cc_reconcile", "stage": "download", "status": "ok"}
{"timestamp": "2026-03-01T09:00:04+0800", "level": "INFO", "logger": "etl_logger", "message": "Payabl Login Success and Get Token Success", "service": "cc_reconcile", "stage": "download_payabl", "status": "ok"}
{"timestamp": "2026-03-01T09:00:04+0800", "level": "INFO", "logger": "etl_logger", "message": "Start downloading Payabl CC Report for date: 2026-02-28...", "service": "cc_reconcile", "stage": "download_payabl", "status": "ok"}
{"timestamp": "2026-03-01T09:00:17+0800", "level": "INFO", "logger": "etl_logger", "message": "Start downloading Payabl CC Report for date: 2026-03-01...", "service": "cc_reconcile", "stage": "download_payabl", "status": "ok"}
{"timestamp": "2026-03-01T09:00:25+0800", "level": "INFO", "logger": "etl_logger", "message": "Finish downloading Payabl CC Report", "service": "cc_reconcile", "stage": "download_payabl", "status": "ok"}
{"timestamp": "2026-03-01T09:00:25+0800", "level": "INFO", "logger": "etl_logger", "message": "Download Payabl CC Report Finish ，Total: 19087", "service": "cc_reconcile", "stage": "download", "status": "ok"}
{"timestamp": "2026-03-01T09:00:25+0800", "level": "INFO", "logger": "etl_logger", "message": "Login attempt 1/5", "service": "cc_reconcile", "stage": "download_davinci", "status": "ok"}
{"timestamp": "2026-03-01T09:00:26+0800", "level": "INFO", "logger": "etl_logger", "message": "Login response status=200, url=https://admin.vantagemarkets.com/admin/main, cookies=4", "service": "cc_reconcile", "stage": "download_davinci", "status": "ok"}
{"timestamp": "2026-03-01T09:00:26+0800", "level": "INFO", "logger": "etl_logger", "message": "Login successful", "service": "cc_reconcile", "stage": "download_davinci", "status": "ok"}
{"timestamp": "2026-03-01T09:00:26+0800", "level": "INFO", "logger": "etl_logger", "message": "Token obtained successfully", "service": "cc_reconcile", "stage": "download_davinci", "status": "ok"}
{"timestamp": "2026-03-01T09:00:26+0800", "level": "INFO", "logger": "etl_logger", "message": "Start downloading Davinci CC Report for brand: VFSC...", "service": "cc_reconcile", "stage": "download_davinci", "status": "ok"}
{"timestamp": "2026-03-01T09:00:26+0800", "level": "WARNING", "logger": "etl_logger", "message": "POST failed (VFSC 2026-02-26) attempt 1: 500 Server Error: Internal Server Error for url: https://report.vantagemarkets.com/api/cc-detail/download, took 0.2s", "service": "cc_reconcile", "stage": "download_davinci", "status": "ok"}
{"timestamp": "2026-03-01T09:00:32+0800", "level": "WARNING", "logger": "etl_logger", "message": "POST failed (VFSC 2026-02-26) attempt 2: 500 Server Error: Internal Server Error for url: https://report.vantagemarkets.com/api/cc-detail/download, took 0.2s", "service": "cc_reconcile", "stage": "download_davinci", "status": "ok"}
{"timestamp": "2026-03-01T09:00:37+0800", "level": "WARNING", "logger": "etl_logger", "message": "POST failed (VFSC 2026-02-26) attempt 3: 500 Server Error: Internal Server Error for url: https://report.vantagemarkets.com/api/cc-detail/download, took 0.2s", "service": "cc_reconcile", "stage": "download_davinci", "status": "ok"}
{"timestamp": "2026-03-01T09:00:37+0800", "level": "ERROR", "logger": "etl_logger", "message": "POST failed after 3 attempts (VFSC 2026-02-26)", "service": "cc_reconcile", "stage": "download_davinci", "status": "ok"}
{"timestamp": "2026-03-01T09:00:37+0800", "level": "WARNING", "logger": "etl_logger", "message": "POST failed (VFSC 2026-02-27) attempt 1: 500 Server Error: Internal Server Error for url: https://report.vantagemarkets.com/api/cc-detail/download, took 0.2s", "service": "cc_reconcile", "stage": "download_davinci", "status": "ok"}
{"timestamp": "2026-03-01T09:00:42+0800", "level": "WARNING", "logger": "etl_logger", "message": "POST failed (VFSC 2026-02-27) attempt 2: 500 Server Error: Internal Server Error for url: https://report.vantagemarkets.com/api/cc-detail/download, took 0.2s", "service": "cc_reconcile", "stage": "download_davinci", "status": "ok"}
{"timestamp": "2026-03-01T09:00:48+0800", "level": "WARNING", "logger": "etl_logger", "message": "POST failed (VFSC 2026-02-27) attempt 3: 500 Server Error: Internal Server Error for url: https://report.vantagemarkets.com/api/cc-detail/download, took 0.2s", "service": "cc_reconcile", "stage": "download_davinci", "status": "ok"}
{"timestamp": "2026-03-01T09:00:48+0800", "level": "ERROR", "logger": "etl_logger", "message": "POST failed after 3 attempts (VFSC 2026-02-27)", "service": "cc_reconcile", "stage": "download_davinci", "status": "ok"}
{"timestamp": "2026-03-01T09:00:48+0800", "level": "WARNING", "logger": "etl_logger", "message": "POST failed (VFSC 2026-02-28) attempt 1: 502 Server Error: Bad Gateway for url: https://report.vantagemarkets.com/api/cc-detail/download, took 0.2s", "service": "cc_reconcile", "stage": "download_davinci", "status": "ok"}
{"timestamp": "2026-03-01T09:00:53+0800", "level": "WARNING", "logger": "etl_logger", "message": "POST failed (VFSC 2026-02-28) attempt 2: 500 Server Error: Internal Server Error for url: https://report.vantagemarkets.com/api/cc-detail/download, took 0.2s", "service": "cc_reconcile", "stage": "download_davinci", "status": "ok"}
{"timestamp": "2026-03-01T09:00:58+0800", "level": "WARNING", "logger": "etl_logger", "message": "POST failed (VFSC 2026-02-28) attempt 3: 500 Server Error: Internal Server Error for url: https://report.vantagemarkets.com/api/cc-detail/download, took 0.2s", "service": "cc_reconcile", "stage": "download_davinci", "status": "ok"}
{"timestamp": "2026-03-01T09:00:58+0800", "level": "ERROR", "logger": "etl_logger", "message": "POST failed after 3 attempts (VFSC 2026-02-28)", "service": "cc_reconcile", "stage": "download_davinci", "status": "ok"}
{"timestamp": "2026-03-01T09:00:59+0800", "level": "WARNING", "logger": "etl_logger", "message": "POST failed (VFSC 2026-03-01) attempt 1: 502 Server Error: Bad Gateway for url: https://report.vantagemarkets.com/api/cc-detail/download, took 0.2s", "service": "cc_reconcile", "stage": "download_davinci", "status": "ok"}
{"timestamp": "2026-03-01T09:01:04+0800", "level": "WARNING", "logger": "etl_logger", "message": "POST failed (VFSC 2026-03-01) attempt 2: 500 Server Error: Internal Server Error for url: https://report.vantagemarkets.com/api/cc-detail/download, took 0.2s", "service": "cc_reconcile", "stage": "download_davinci", "status": "ok"}
{"timestamp": "2026-03-01T09:01:09+0800", "level": "WARNING", "logger": "etl_logger", "message": "POST failed (VFSC 2026-03-01) attempt 3: 500 Server Error: Internal Server Error for url: https://report.vantagemarkets.com/api/cc-detail/download, took 0.2s", "service": "cc_reconcile", "stage": "download_davinci", "status": "ok"}
{"timestamp": "2026-03-01T09:01:09+0800", "level": "ERROR", "logger": "etl_logger", "message": "POST failed after 3 attempts (VFSC 2026-03-01)", "service": "cc_reconcile", "stage": "download_davinci", "status": "ok"}
{"timestamp": "2026-03-01T09:01:09+0800", "level": "INFO", "logger": "etl_logger", "message": "Finish downloading Davinci CC - VFSC Report", "service": "cc_reconcile", "stage": "download_davinci", "status": "ok"}
{"timestamp": "2026-03-01T09:01:09+0800", "level": "INFO", "logger": "etl_logger", "message": "Start downloading Davinci CC Report for brand: VFSC2...", "service": "cc_reconcile", "stage": "download_davinci", "status": "ok"}
{"timestamp": "2026-03-01T09:01:09+0800", "level": "WARNING", "logger": "etl_logger", "message": "POST failed (VFSC2 2026-02-26) attempt 1: 500 Server Error: Internal Server Error for url: https://report.vantagemarkets.com/api/cc-detail/download, took 0.2s", "service": "cc_reconcile", "stage": "download_davinci", "status": "ok"}
{"timestamp": "2026-03-01T09:01:14+0800", "level": "WARNING", "logger": "etl_logger", "message": "POST failed (VFSC2 2026-02-26) attempt 2: 500 Server Error: Internal Server Error for url: https://report.vantagemarkets.com/api/cc-detail/download, took 0.2s", "service": "cc_reconcile", "stage": "download_davinci", "status": "ok"}
{"timestamp": "2026-03-01T09:01:20+0800", "level": "WARNING", "logger": "etl_logger", "message": "POST failed (VFSC2 2026-02-26) attempt 3: 500 Server Error: Internal Server Error for url: https://report.vantagemarkets.com/api/cc-detail/download, took 0.2s", "service": "cc_reconcile", "stage": "download_davinci", "status": "ok"}
{"timestamp": "2026-03-01T09:01:20+0800", "level": "ERROR", "logger": "etl_logger", "message": "POST failed after 3 attempts (VFSC2 2026-02-26)", "service": "cc_reconcile", "stage": "download_davinci", "status": "ok"}
{"timestamp": "2026-03-01T09:01:20+0800", "level": "WARNING", "logger": "etl_logger", "message": "POST failed (VFSC2 2026-02-27) attempt 1: 500 Server Error: Internal Server Error for url: https://report.vantagemarkets.com/api/cc-detail/download, took 0.2s", "service": "cc_reconcile", "stage": "download_davinci", "status": "ok"}
{"timestamp": "2026-03-01T09:01:25+0800", "level": "WARNING", "logger": "etl_logger", "message": "POST failed (VFSC2 2026-02-27) attempt 2: 500 Server Error: Internal Server Error for url: https://report.vantagemarkets.com/api/cc-detail/download, took 0.2s", "service": "cc_reconcile", "stage": "download_davinci", "status": "ok"}
{"timestamp": "2026-03-01T09:01:30+0800", "level": "WARNING", "logger": "etl_logger", "message": "POST failed (VFSC2 2026-02-27) attempt 3: 500 Server Error: Internal Server Error for url: https://report.vantagemarkets.com/api/cc-detail/download, took 0.2s", "service": "cc_reconcile", "stage": "download_davinci", "status": "ok"}
{"timestamp": "2026-03-01T09:01:30+0800", "level": "ERROR", "logger": "etl_logger", "message": "POST failed after 3 attempts (VFSC2 2026-02-27)", "service": "cc_reconcile", "stage": "download_davinci", "status": "ok"}
{"timestamp": "2026-03-01T09:01:31+0800", "level": "WARNING", "logger": "etl_logger", "message": "POST failed (VFSC2 2026-02-28) attempt 1: 500 Server Error: Internal Server Error for url: https://report.vantagemarkets.com/api/cc-detail/download, took 0.2s", "service": "cc_reconcile", "stage": "download_davinci", "status": "ok"}
{"timestamp": "2026-03-01T09:01:36+0800", "level": "WARNING", "logger": "etl_logger", "message": "POST failed (VFSC2 2026-02-28) attempt 2: 502 Server Error: Bad Gateway for url: https://report.vantagemarkets.com/api/cc-detail/download, took 0.2s", "service": "cc_reconcile", "stage": "download_davinci", "status": "ok"}
{"timestamp": "2026-03-01T09:01:41+0800", "level": "WARNING", "logger": "etl_logger", "message": "POST failed (VFSC2 2026-02-28) attempt 3: 500 Server Error: Internal Server Error for url: https://report.vantagemarkets.com/api/cc-detail/download, took 0.2s", "service": "cc_reconcile", "stage": "download_davinci", "status": "ok"}
{"timestamp": "2026-03-01T09:01:41+0800", "level": "ERROR", "logger": "etl_logger", "message": "POST failed after 3 attempts (VFSC2 2026-02-28)", "service": "cc_reconcile", "stage": "download_davinci", "status": "ok"}
{"timestamp": "2026-03-01T09:01:41+0800", "level": "WARNING", "logger": "etl_logger", "message": "POST failed (VFSC2 2026-03-01) attempt 1: 500 Server Error: Internal Server Error for url: https://report.vantagemarkets.com/api/cc-detail/download, took 0.2s", "service": "cc_reconcile", "stage": "download_davinci", "status": "ok"}
{"timestamp": "2026-03-01T09:01:47+0800", "level": "WARNING", "logger": "etl_logger", "message": "POST failed (VFSC2 2026-03-01) attempt 2: 500 Server Error: Internal Server Error for url: https://report.vantagemarkets.com/api/cc-detail/download, took 0.2s", "service": "cc_reconcile", "stage": "download_davinci", "status": "ok"}
{"timestamp": "2026-03-01T09:01:52+0800", "level": "WARNING", "logger": "etl_logger", "message": "POST failed (VFSC2 2026-03-01) attempt 3: 502 Server Error: Bad Gateway for url: https://report.vantagemarkets.com/api/cc-detail/download, took 0.2s", "service": "cc_reconcile", "stage": "download_davinci", "status": "ok"}
{"timestamp": "2026-03-01T09:01:52+0800", "level": "ERROR", "logger": "etl_logger", "message": "POST failed after 3 attempts (VFSC2 2026-03-01)", "service": "cc_reconcile", "stage": "download_davinci", "status": "ok"}
{"timestamp": "2026-03-01T09:01:52+0800", "level": "INFO", "logger": "etl_logger", "message": "Finish downloading Davinci CC - VFSC2 Report", "service": "cc_reconcile", "stage": "download_davinci", "status": "ok"}
{"timestamp": "2026-03-01T09:01:52+0800", "level": "WARNING", "logger": "etl_logger", "message": "No data downloaded for any brand.", "service": "cc_reconcile", "stage": "download_davinci", "status": "ok"}
Traceback (most recent call last):
  File "/app/main.py", line 72, in <module>
    main()
  File "/app/main.py", line 25, in main
    logger.info(f"Download CRM CC Report Finish ，Total: {len(crm_cc)}")
TypeError: object of type 'NoneType' has no len()
{"timestamp": "2026-03-01T10:00:01+0800", "level": "INFO", "logger": "etl_logger", "message": "Start download reports...", "service": "cc_reconcile", "stage": "download", "status": "ok"}
{"timestamp": "2026-03-01T10:00:04+0800", "level": "INFO", "logger": "etl_logger", "message": "Payabl Login Success and Get Token Success", "service": "cc_reconcile", "stage": "download_payabl", "status": "ok"}
{"timestamp": "2026-03-01T10:00:04+0800", "level": "INFO", "logger": "etl_logger", "message": "Start downloading Payabl CC Report for date: 2026-02-28...", "service": "cc_reconcile", "stage": "download_payabl", "status": "ok"}
{"timestamp": "2026-03-01T10:00:17+0800", "level": "INFO", "logger": "etl_logger", "message": "Start downloading Payabl CC Report for date: 2026-03-01...", "service": "cc_reconcile", "stage": "download_payabl", "status": "ok"}
{"timestamp": "2026-03-01T10:00:25+0800", "level": "INFO", "logger": "etl_logger", "message": "Finish downloading Payabl CC Report", "service": "cc_reconcile", "stage": "download_payabl", "status": "ok"}
{"timestamp": "2026-03-01T10:00:25+0800", "level": "INFO", "logger": "etl_logger", "message": "Download Payabl CC Report Finish ，Total: 20099", "service": "cc_reconcile", "stage": "download", "status": "ok"}
{"timestamp": "2026-03-01T10:00:25+0800", "level": "INFO", "logger": "etl_logger", "message": "Login attempt 1/5", "service": "cc_reconcile", "stage": "download_davinci", "status": "ok"}
{"timestamp": "2026-03-01T10:00:26+0800", "level": "INFO", "logger": "etl_logger", "message": "Login response status=200, url=https://admin.vantagemarkets.com/admin/main, cookies=4", "service": "cc_reconcile", "stage": "download_davinci", "status": "ok"}
{"timestamp": "2026-03-01T10:00:26+0800", "level": "INFO", "logger": "etl_logger", "message": "Login successful", "service": "cc_reconcile", "stage": "download_davinci", "status": "ok"}
{"timestamp": "2026-03-01T10:00:26+0800", "level": "INFO", "logger": "etl_logger", "message": "Token obtained successfully", "service": "cc_reconcile", "stage": "download_davinci", "status": "ok"}
{"timestamp": "2026-03-01T10:00:26+0800", "level": "INFO", "logger": "etl_logger", "message": "Start downloading Davinci CC Report for brand: VFSC...", "service": "cc_reconcile", "stage": "download_davinci", "status": "ok"}
{"timestamp": "2026-03-01T10:00:27+0800", "level": "WARNING", "logger": "etl_logger", "message": "POST failed (VFSC 2026-02-26) attempt 1: 500 Server Error: Internal Server Error for url: https://report.vantagemarkets.com/api/cc-detail/download, took 0.2s", "service": "cc_reconcile", "stage": "download_davinci", "status": "ok"}
{"timestamp": "2026-03-01T10:00:32+0800", "level": "WARNING", "logger": "etl_logger", "message": "POST failed (VFSC 2026-02-26) attempt 2: 500 Server Error: Internal Server Error for url: https://report.vantagemarkets.com/api/cc-detail/download, took 0.2s", "service": "cc_reconcile", "stage": "download_davinci", "status": "ok"}
{"timestamp": "2026-03-01T10:00:37+0800", "level": "WARNING", "logger": "etl_logger", "message": "POST failed (VFSC 2026-02-26) attempt 3: 500 Server Error: Internal Server Error for url: https://report.vantagemarkets.com/api/cc-detail/download, took 0.2s", "service": "cc_reconcile", "stage": "download_davinci", "status": "ok"}
{"timestamp": "2026-03-01T10:00:37+0800", "level": "ERROR", "logger": "etl_logger", "message": "POST failed after 3 attempts (VFSC 2026-02-26)", "service": "cc_reconcile", "stage": "download_davinci", "status": "ok"}
{"timestamp": "2026-03-01T10:00:37+0800", "level": "WARNING", "logger": "etl_logger", "message": "POST failed (VFSC 2026-02-27) attempt 1: 500 Server Error: Internal Server Error for url: https://report.vantagemarkets.com/api/cc-detail/download, took 0.2s", "service": "cc_reconcile", "stage": "download_davinci", "status": "ok"}
{"timestamp": "2026-03-01T10:00:42+0800", "level": "WARNING", "logger": "etl_logger", "message": "POST failed (VFSC 2026-02-27) attempt 2: 500 Server Error: Internal Server Error for url: https://report.vantagemarkets.com/api/cc-detail/download, took 0.2s", "service": "cc_reconcile", "stage": "download_davinci", "status": "ok"}
{"timestamp": "2026-03-01T10:00:48+0800", "level": "WARNING", "logger": "etl_logger", "message": "POST failed (VFSC 2026-02-27) attempt 3: 500 Server Error: Internal Server Error for url: https://report.vantagemarkets.com/api/cc-detail/download, took 0.2s", "service": "cc_reconcile", "stage": "download_davinci", "status": "ok"}
{"timestamp": "2026-03-01T10:00:48+0800", "level": "ERROR", "logger": "etl_logger", "message": "POST failed after 3 attempts (VFSC 2026-02-27)", "service": "cc_reconcile", "stage": "download_davinci", "status": "ok"}
{"timestamp": "2026-03-01T10:00:48+0800", "level": "WARNING", "logger": "etl_logger", "message": "POST failed (VFSC 2026-02-28) attempt 1: 500 Server Error: Internal Server Error for url: https://report.vantagemarkets.com/api/cc-detail/download, took 0.2s", "service": "cc_reconcile", "stage": "download_davinci", "status": "ok"}
{"timestamp": "2026-03-01T10:00:53+0800", "level": "WARNING", "logger": "etl_logger", "message": "POST failed (VFSC 2026-02-28) attempt 2: 500 Server Error: Internal Server Error for url: https://report.vantagemarkets.com/api/cc-detail/download, took 0.2s", "service": "cc_reconcile", "stage": "download_davinci", "status": "ok"}
{"timestamp": "2026-03-01T10:00:58+0800", "level": "WARNING", "logger": "etl_logger", "message": "POST failed (VFSC 2026-02-28) attempt 3: 500 Server Error: Internal Server Error for url: https://report.vantagemarkets.com/api/cc-detail/download, took 0.2s", "service": "cc_reconcile", "stage": "download_davinci", "status": "ok"}
{"timestamp": "2026-03-01T10:00:58+0800", "level": "ERROR", "logger": "etl_logger", "message": "POST failed after 3 attempts (VFSC 2026-02-28)", "service": "cc_reconcile", "stage": "download_davinci", "status": "ok"}
{"timestamp": "2026-03-01T10:00:59+0800", "level": "WARNING", "logger": "etl_logger", "message": "POST failed (VFSC 2026-03-01) attempt 1: 500 Server Error: Internal Server Error for url: https://report.vantagemarkets.com/api/cc-detail/download, took 0.2s", "service": "cc_reconcile", "stage": "download_davinci", "status": "ok"}
{"timestamp": "2026-03-01T10:01:04+0800", "level": "WARNING", "logger": "etl_logger", "message": "POST failed (VFSC 2026-03-01) attempt 2: 500 Server Error: Internal Server Error for url: https://report.vantagemarkets.com/api/cc-detail/download, took 0.2s", "service": "cc_reconcile", "stage": "download_davinci", "status": "ok"}
{"timestamp": "2026-03-01T10:01:09+0800", "level": "WARNING", "logger": "etl_logger", "message": "POST failed (VFSC 2026-03-01) attempt 3: 500 Server Error: Internal Server Error for url: https://report.vantagemarkets.com/api/cc-detail/download, took 0.2s", "service": "cc_reconcile", "stage": "download_davinci", "status": "ok"}
{"timestamp": "2026-03-01T10:01:09+0800", "level": "ERROR", "logger": "etl_logger", "message": "POST failed after 3 attempts (VFSC 2026-03-01)", "service": "cc_reconcile", "stage": "download_davinci", "status": "ok"}
{"timestamp": "2026-03-01T10:01:09+0800", "level": "INFO", "logger": "etl_logger", "message": "Finish downloading Davinci CC - VFSC Report", "service": "cc_reconcile", "stage": "download_davinci", "status": "ok"}
{"timestamp": "2026-03-01T10:01:09+0800", "level": "INFO", "logger": "etl_logger", "message": "Start downloading Davinci CC Report for brand: VFSC2...", "service": "cc_reconcile", "stage": "download_davinci", "status": "ok"}
{"timestamp": "2026-03-01T10:01:09+0800", "level": "WARNING", "logger": "etl_logger", "message": "POST failed (VFSC2 2026-02-26) attempt 1: 500 Server Error: Internal Server Error for url: https://report.vantagemarkets.com/api/cc-detail/download, took 0.2s", "service": "cc_reconcile", "stage": "download_davinci", "status": "ok"}
{"timestamp": "2026-03-01T10:01:14+0800", "level": "WARNING", "logger": "etl_logger", "message": "POST failed (VFSC2 2026-02-26) attempt 2: 500 Server Error: Internal Server Error for url: https://report.vantagemarkets.com/api/cc-detail/download, took 0.2s", "service": "cc_reconcile", "stage": "download_davinci", "status": "ok"}
{"timestamp": "2026-03-01T10:01:20+0800", "level": "WARNING", "logger": "etl_logger", "message": "POST failed (VFSC2 2026-02-26) attempt 3: 502 Server Error: Bad Gateway for url: https://report.vantagemarkets.com/api/cc-detail/download, took 0.2s", "service": "cc_reconcile", "stage": "download_davinci", "status": "ok"}
{"timestamp": "2026-03-01T10:01:20+0800", "level": "ERROR", "logger": "etl_logger", "message": "POST failed after 3 attempts (VFSC2 2026-02-26)", "service": "cc_reconcile", "stage": "download_davinci", "status": "ok"}
{"timestamp": "2026-03-01T10:01:20+0800", "level": "WARNING", "logger": "etl_logger", "message": "POST failed (VFSC2 2026-02-27) attempt 1: 500 Server Error: Internal Server Error for url: https://report.vantagemarkets.com/api/cc-detail/download, took 0.2s", "service": "cc_reconcile", "stage": "download_davinci", "status": "ok"}
{"timestamp": "2026-03-01T10:01:25+0800", "level": "WARNING", "logger": "etl_logger", "message": "POST failed (VFSC2 2026-02-27) attempt 2: 500 Server Error: Internal Server Error for url: https://report.vantagemarkets.com/api/cc-detail/download, took 0.2s", "service": "cc_reconcile", "stage": "download_davinci", "status": "ok"}
{"timestamp": "2026-03-01T10:01:30+0800", "level": "WARNING", "logger": "etl_logger", "message": "POST failed (VFSC2 2026-02-27) attempt 3: 500 Server Error: Internal Server Error for url: https://report.vantagemarkets.com/api/cc-detail/download, took 0.2s", "service": "cc_reconcile", "stage": "download_davinci", "status": "ok"}
{"timestamp": "2026-03-01T10:01:30+0800", "level": "ERROR", "logger": "etl_logger", "message": "POST failed after 3 attempts (VFSC2 2026-02-27)", "service": "cc_reconcile", "stage": "download_davinci", "status": "ok"}
{"timestamp": "2026-03-01T10:01:31+0800", "level": "WARNING", "logger": "etl_logger", "message": "POST failed (VFSC2 2026-02-28) attempt 1: 500 Server Error: Internal Server Error for url: https://report.vantagemarkets.com/api/cc-detail/download, took 0.2s", "service": "cc_reconcile", "stage": "download_davinci", "status": "ok"}
{"timestamp": "2026-03-01T10:01:36+0800", "level": "WARNING", "logger": "etl_logger", "message": "POST failed (VFSC2 2026-02-28) attempt 2: 500 Server Error: Internal Server Error for url: https://report.vantagemarkets.com/api/cc-detail/download, took 0.2s", "service": "cc_reconcile", "stage": "download_davinci", "status": "ok"}
{"timestamp": "2026-03-01T10:01:41+0800", "level": "WARNING", "logger": "etl_logger", "message": "POST failed (VFSC2 2026-02-28) attempt 3: 500 Server Error: Internal Server Error for url: https://report.vantagemarkets.com/api/cc-detail/download, took 0.2s", "service": "cc_reconcile", "stage": "download_davinci", "status": "ok"}
{"timestamp": "2026-03-01T10:01:41+0800", "level": "ERROR", "logger": "etl_logger", "message": "POST failed after 3 attempts (VFSC2 2026-02-28)", "service": "cc_reconcile", "stage": "download_davinci", "status": "ok"}
{"timestamp": "2026-03-01T10:01:41+0800", "level": "WARNING", "logger": "etl_logger", "message": "POST failed (VFSC2 2026-03-01) attempt 1: 500 Server Error: Internal Server Error for url: https://report.vantagemarkets.com/api/cc-detail/download, took 0.2s", "service": "cc_reconcile", "stage": "download_davinci", "status": "ok"}
{"timestamp": "2026-03-01T10:01:46+0800", "level": "WARNING", "logger": "etl_logger", "message": "POST failed (VFSC2 2026-03-01) attempt 2: 500 Server Error: Internal Server Error for url: https://report.vantagemarkets.com/api/cc-detail/download, took 0.2s", "service": "cc_reconcile", "stage": "download_davinci", "status": "ok"}
{"timestamp": "2026-03-01T10:01:52+0800", "level": "WARNING", "logger": "etl_logger", "message": "POST failed (VFSC2 2026-03-01) attempt 3: 502 Server Error: Bad Gateway for url: https://report.vantagemarkets.com/api/cc-detail/download, took 0.2s", "service": "cc_reconcile", "stage": "download_davinci", "status": "ok"}
{"timestamp": "2026-03-01T10:01:52+0800", "level": "ERROR", "logger": "etl_logger", "message": "POST failed after 3 attempts (VFSC2 2026-03-01)", "service": "cc_reconcile", "stage": "download_davinci", "status": "ok"}
{"timestamp": "2026-03-01T10:01:52+0800", "level": "INFO", "logger": "etl_logger", "message": "Finish downloading Davinci CC - VFSC2 Report", "service": "cc_reconcile", "stage": "download_davinci", "status": "ok"}
{"timestamp": "2026-03-01T10:01:52+0800", "level": "WARNING", "logger": "etl_logger", "message": "No data downloaded for any brand.", "service": "cc_reconcile", "stage": "download_davinci", "status": "ok"}
Traceback (most recent call last):
  File "/app/main.py", line 72, in <module>
    main()
  File "/app/main.py", line 25, in main
    logger.info(f"Download CRM CC Report Finish ，Total: {len(crm_cc)}")
TypeError: object of type 'NoneType' has no len()
{"timestamp": "2026-03-01T11:00:01+0800", "level": "INFO", "logger": "etl_logger", "message": "Start download reports...", "service": "cc_reconcile", "stage": "download", "status": "ok"}
{"timestamp": "2026-03-01T11:00:05+0800", "level": "INFO", "logger": "etl_logger", "message": "Payabl Login Success and Get Token Success", "service": "cc_reconcile", "stage": "download_payabl", "status": "ok"}
{"timestamp": "2026-03-01T11:00:05+0800", "level": "INFO", "logger": "etl_logger", "message": "Start downloading Payabl CC Report for date: 2026-02-28...", "service": "cc_reconcile", "stage": "download_payabl", "status": "ok"}
{"timestamp": "2026-03-01T11:00:18+0800", "level": "INFO", "logger": "etl_logger", "message": "Start downloading Payabl CC Report for date: 2026-03-01...", "service": "cc_reconcile", "stage": "download_payabl", "status": "ok"}
{"timestamp": "2026-03-01T11:00:27+0800", "level": "INFO", "logger": "etl_logger", "message": "Finish downloading Payabl CC Report", "service": "cc_reconcile", "stage": "download_payabl", "status": "ok"}
{"timestamp": "2026-03-01T11:00:27+0800", "level": "INFO", "logger": "etl_logger", "message": "Download Payabl CC Report Finish ，Total: 21017", "service": "cc_reconcile", "stage": "download", "status": "ok"}
{"timestamp": "2026-03-01T11:00:27+0800", "level": "INFO", "logger": "etl_logger", "message": "Login attempt 1/5", "service": "cc_reconcile", "stage": "download_davinci", "status": "ok"}
{"timestamp": "2026-03-01T11:00:28+0800", "level": "INFO", "logger": "etl_logger", "message": "Login response status=200, url=https://admin.vantagemarkets.com/admin/main, cookies=4", "service": "cc_reconcile", "stage": "download_davinci", "status": "ok"}
{"timestamp": "2026-03-01T11:00:28+0800", "level": "INFO", "logger": "etl_logger", "message": "Login successful", "service": "cc_reconcile", "stage": "download_davinci", "status": "ok"}
{"timestamp": "2026-03-01T11:00:28+0800", "level": "INFO", "logger": "etl_logger", "message": "Token obtained successfully", "service": "cc_reconcile", "stage": "download_davinci", "status": "ok"}
{"timestamp": "2026-03-01T11:00:28+0800", "level": "INFO", "logger": "etl_logger", "message": "Start downloading Davinci CC Report for brand: VFSC...", "service": "cc_reconcile", "stage": "download_davinci", "status": "ok"}
{"timestamp": "2026-03-01T11:00:28+0800", "level": "WARNING", "logger": "etl_logger", "message": "POST failed (VFSC 2026-02-26) attempt 1: 500 Server Error: Internal Server Error for url: https://report.vantagemarkets.com/api/cc-detail/download, took 0.3s", "service": "cc_reconcile", "stage": "download_davinci", "status": "ok"}
{"timestamp": "2026-03-01T11:00:34+0800", "level": "WARNING", "logger": "etl_logger", "message": "POST failed (VFSC 2026-02-26) attempt 2: 500 Server Error: Internal Server Error for url: https://report.vantagemarkets.com/api/cc-detail/download, took 0.2s", "service": "cc_reconcile", "stage": "download_davinci", "status": "ok"}
{"timestamp": "2026-03-01T11:00:39+0800", "level": "WARNING", "logger": "etl_logger", "message": "POST failed (VFSC 2026-02-26) attempt 3: 502 Server Error: Bad Gateway for url: https://report.vantagemarkets.com/api/cc-detail/download, took 0.2s", "service": "cc_reconcile", "stage": "download_davinci", "status": "ok"}
{"timestamp": "2026-03-01T11:00:39+0800", "level": "ERROR", "logger": "etl_logger", "message": "POST failed after 3 attempts (VFSC 2026-02-26)", "service": "cc_reconcile", "stage": "download_davinci", "status": "ok"}
{"timestamp": "2026-03-01T11:00:39+0800", "level": "WARNING", "logger": "etl_logger", "message": "POST failed (VFSC 2026-02-27) attempt 1: 500 Server Error: Internal Server Error for url: https://report.vantagemarkets.com/api/cc-detail/download, took 0.2s", "service": "cc_reconcile", "stage": "download_davinci", "status": "ok"}
{"timestamp": "2026-03-01T11:00:44+0800", "level": "WARNING", "logger": "etl_logger", "message": "POST failed (VFSC 2026-02-27) attempt 2: 500 Server Error: Internal Server Error for url: https://report.vantagemarkets.com/api/cc-detail/download, took 0.2s", "service": "cc_reconcile", "stage": "download_davinci", "status": "ok"}
{"timestamp": "2026-03-01T11:00:50+0800", "level": "WARNING", "logger": "etl_logger", "message": "POST failed (VFSC 2026-02-27) attempt 3: 500 Server Error: Internal Server Error for url: https://report.vantagemarkets.com/api/cc-detail/download, took 0.2s", "service": "cc_reconcile", "stage": "download_davinci", "status": "ok"}
{"timestamp": "2026-03-01T11:00:50+0800", "level": "ERROR", "logger": "etl_logger", "message": "POST failed after 3 attempts (VFSC 2026-02-27)", "service": "cc_reconcile", "stage": "download_davinci", "status": "ok"}
{"timestamp": "2026-03-01T11:00:50+0800", "level": "WARNING", "logger": "etl_logger", "message": "POST failed (VFSC 2026-02-28) attempt 1: 500 Server Error: Internal Server Error for url: https://report.vantagemarkets.com/api/cc-detail/download, took 0.2s", "service": "cc_reconcile", "stage": "download_davinci", "status": "ok"}
{"timestamp": "2026-03-01T11:00:55+0800", "level": "WARNING", "logger": "etl_logger", "message": "POST failed (VFSC 2026-02-28) attempt 2: 500 Server Error: Internal Server Error for url: https://report.vantagemarkets.com/api/cc-detail/download, took 0.2s", "service": "cc_reconcile", "stage": "download_davinci", "status": "ok"}
{"timestamp": "2026-03-01T11:01:00+0800", "level": "WARNING", "logger": "etl_logger", "message": "POST failed (VFSC 2026-02-28) attempt 3: 500 Server Error: Internal Server Error for url: https://report.vantagemarkets.com/api/cc-detail/download, took 0.2s", "service": "cc_reconcile", "stage": "download_davinci", "status": "ok"}
{"timestamp": "2026-03-01T11:01:00+0800", "level": "ERROR", "logger": "etl_logger", "message": "POST failed after 3 attempts (VFSC 2026-02-28)", "service": "cc_reconcile", "stage": "download_davinci", "status": "ok"}
{"timestamp": "2026-03-01T11:01:00+0800", "level": "WARNING", "logger": "etl_logger", "message": "POST failed (VFSC 2026-03-01) attempt 1: 500 Server Error: Internal Server Error for url: https://report.vantagemarkets.com/api/cc-detail/download, took 0.2s", "service": "cc_reconcile", "stage": "download_davinci", "status": "ok"}
{"timestamp": "2026-03-01T11:01:06+0800", "level": "WARNING", "logger": "etl_logger", "message": "POST failed (VFSC 2026-03-01) attempt 2: 500 Server Error: Internal Server Error for url: https://report.vantagemarkets.com/api/cc-detail/download, took 0.2s", "service": "cc_reconcile", "stage": "download_davinci", "status": "ok"}
{"timestamp": "2026-03-01T11:01:11+0800", "level": "WARNING", "logger": "etl_logger", "message": "POST failed (VFSC 2026-03-01) attempt 3: 502 Server Error: Bad Gateway for url: https://report.vantagemarkets.com/api/cc-detail/download, took 0.2s", "service": "cc_reconcile", "stage": "download_davinci", "status": "ok"}
{"timestamp": "2026-03-01T11:01:11+0800", "level": "ERROR", "logger": "etl_logger", "message": "POST failed after 3 attempts (VFSC 2026-03-01)", "service": "cc_reconcile", "stage": "download_davinci", "status": "ok"}
{"timestamp": "2026-03-01T11:01:11+0800", "level": "INFO", "logger": "etl_logger", "message": "Finish downloading Davinci CC - VFSC Report", "service": "cc_reconcile", "stage": "download_davinci", "status": "ok"}
{"timestamp": "2026-03-01T11:01:11+0800", "level": "INFO", "logger": "etl_logger", "message": "Start downloading Davinci CC Report for brand: VFSC2...", "service": "cc_reconcile", "stage": "download_davinci", "status": "ok"}
{"timestamp": "2026-03-01T11:01:11+0800", "level": "WARNING", "logger": "etl_logger", "message": "POST failed (VFSC2 2026-02-26) attempt 1: 500 Server Error: Internal Server Error for url: https://report.vantagemarkets.com/api/cc-detail/download, took 0.2s", "service": "cc_reconcile", "stage": "download_davinci", "status": "ok"}
{"timestamp": "2026-03-01T11:01:16+0800", "level": "WARNING", "logger": "etl_logger", "message": "POST failed (VFSC2 2026-02-26) attempt 2: 500 Server Error: Internal Server Error for url: https://report.vantagemarkets.com/api/cc-detail/download, took 0.2s", "service": "cc_reconcile", "stage": "download_davinci", "status": "ok"}
{"timestamp": "2026-03-01T11:01:22+0800", "level": "WARNING", "logger": "etl_logger", "message": "POST failed (VFSC2 2026-02-26) attempt 3: 500 Server Error: Internal Server Error for url: https://report.vantagemarkets.com/api/cc-detail/download, took 0.2s", "service": "cc_reconcile", "stage": "download_davinci", "status": "ok"}
{"timestamp": "2026-03-01T11:01:22+0800", "level": "ERROR", "logger": "etl_logger", "message": "POST failed after 3 attempts (VFSC2 2026-02-26)", "service": "cc_reconcile", "stage": "download_davinci", "status": "ok"}
{"timestamp": "2026-03-01T11:01:22+0800", "level": "WARNING", "logger": "etl_logger", "message": "POST failed (VFSC2 2026-02-27) attempt 1: 500 Server Error: Internal Server Error for url: https://report.vantagemarkets.com/api/cc-detail/download, took 0.2s", "service": "cc_reconcile", "stage": "download_davinci", "status": "ok"}
{"timestamp": "2026-03-01T11:01:27+0800", "level": "WARNING", "logger": "etl_logger", "message": "POST failed (VFSC2 2026-02-27) attempt 2: 500 Server Error: Internal Server Error for url: https://report.vantagemarkets.com/api/cc-detail/download, took 0.2s", "service": "cc_reconcile", "stage": "download_davinci", "status": "ok"}
{"timestamp": "2026-03-01T11:01:32+0800", "level": "WARNING", "logger": "etl_logger", "message": "POST failed (VFSC2 2026-02-27) attempt 3: 500 Server Error: Internal Server Error for url: https://report.vantagemarkets.com/api/cc-detail/download, took 0.2s", "service": "cc_reconcile", "stage": "download_davinci", "status": "ok"}
{"timestamp": "2026-03-01T11:01:32+0800", "level": "ERROR", "logger": "etl_logger", "message": "POST failed after 3 attempts (VFSC2 2026-02-27)", "service": "cc_reconcile", "stage": "download_davinci", "status": "ok"}
{"timestamp": "2026-03-01T11:01:33+0800", "level": "WARNING", "logger": "etl_logger", "message": "POST failed (VFSC2 2026-02-28) attempt 1: 500 Server Error: Internal Server Error for url: https://report.vantagemarkets.com/api/cc-detail/download, took 0.2s", "service": "cc_reconcile", "stage": "download_davinci", "status": "ok"}
{"timestamp": "2026-03-01T11:01:38+0800", "level": "WARNING", "logger": "etl_logger", "message": "POST failed (VFSC2 2026-02-28) attempt 2: 500 Server Error: Internal Server Error for url: https://report.vantagemarkets.com/api/cc-detail/download, took 0.2s", "service": "cc_reconcile", "stage": "download_davinci", "status": "ok"}
{"timestamp": "2026-03-01T11:01:43+0800", "level": "WARNING", "logger": "etl_logger", "message": "POST failed (VFSC2 2026-02-28) attempt 3: 500 Server Error: Internal Server Error for url: https://report.vantagemarkets.com/api/cc-detail/download, took 0.2s", "service": "cc_reconcile", "stage": "download_davinci", "status": "ok"}
{"timestamp": "2026-03-01T11:01:43+0800", "level": "ERROR", "logger": "etl_logger", "message": "POST failed after 3 attempts (VFSC2 2026-02-28)", "service": "cc_reconcile", "stage": "download_davinci", "status": "ok"}
{"timestamp": "2026-03-01T11:01:43+0800", "level": "WARNING", "logger": "etl_logger", "message": "POST failed (VFSC2 2026-03-01) attempt 1: 500 Server Error: Internal Server Error for url: https://report.vantagemarkets.com/api/cc-detail/download, took 0.2s", "service": "cc_reconcile", "stage": "download_davinci", "status": "ok"}
{"timestamp": "2026-03-01T11:01:48+0800", "level": "WARNING", "logger": "etl_logger", "message": "POST failed (VFSC2 2026-03-01) attempt 2: 500 Server Error: Internal Server Error for url: https://report.vantagemarkets.com/api/cc-detail/download, took 0.2s", "service": "cc_reconcile", "stage": "download_davinci", "status": "ok"}
{"timestamp": "2026-03-01T11:01:54+0800", "level": "WARNING", "logger": "etl_logger", "message": "POST failed (VFSC2 2026-03-01) attempt 3: 500 Server Error: Internal Server Error for url: https://report.vantagemarkets.com/api/cc-detail/download, took 0.2s", "service": "cc_reconcile", "stage": "download_davinci", "status": "ok"}
{"timestamp": "2026-03-01T11:01:54+0800", "level": "ERROR", "logger": "etl_logger", "message": "POST failed after 3 attempts (VFSC2 2026-03-01)", "service": "cc_reconcile", "stage": "download_davinci", "status": "ok"}
{"timestamp": "2026-03-01T11:01:54+0800", "level": "INFO", "logger": "etl_logger", "message": "Finish downloading Davinci CC - VFSC2 Report", "service": "cc_reconcile", "stage": "download_davinci", "status": "ok"}
{"timestamp": "2026-03-01T11:01:54+0800", "level": "WARNING", "logger": "etl_logger", "message": "No data downloaded for any brand.", "service": "cc_reconcile", "stage": "download_davinci", "status": "ok"}
Traceback (most recent call last):
  File "/app/main.py", line 72, in <module>
    main()
  File "/app/main.py", line 25, in main
    logger.info(f"Download CRM CC Report Finish ，Total: {len(crm_cc)}")
TypeError: object of type 'NoneType' has no len()
{"timestamp": "2026-03-01T12:00:01+0800", "level": "INFO", "logger": "etl_logger", "message": "Start download reports...", "service": "cc_reconcile", "stage": "download", "status": "ok"}
{"timestamp": "2026-03-01T12:00:04+0800", "level": "INFO", "logger": "etl_logger", "message": "Payabl Login Success and Get Token Success", "service": "cc_reconcile", "stage": "download_payabl", "status": "ok"}
{"timestamp": "2026-03-01T12:00:04+0800", "level": "INFO", "logger": "etl_logger", "message": "Start downloading Payabl CC Report for date: 2026-02-28...", "service": "cc_reconcile", "stage": "download_payabl", "status": "ok"}
{"timestamp": "2026-03-01T12:00:18+0800", "level": "INFO", "logger": "etl_logger", "message": "Start downloading Payabl CC Report for date: 2026-03-01...", "service": "cc_reconcile", "stage": "download_payabl", "status": "ok"}
{"timestamp": "2026-03-01T12:00:26+0800", "level": "INFO", "logger": "etl_logger", "message": "Finish downloading Payabl CC Report", "service": "cc_reconcile", "stage": "download_payabl", "status": "ok"}
{"timestamp": "2026-03-01T12:00:26+0800", "level": "INFO", "logger": "etl_logger", "message": "Download Payabl CC Report Finish ，Total: 21467", "service": "cc_reconcile", "stage": "download", "status": "ok"}
{"timestamp": "2026-03-01T12:00:26+0800", "level": "INFO", "logger": "etl_logger", "message": "Login attempt 1/5", "service": "cc_reconcile", "stage": "download_davinci", "status": "ok"}
{"timestamp": "2026-03-01T12:00:27+0800", "level": "INFO", "logger": "etl_logger", "message": "Login response status=200, url=https://admin.vantagemarkets.com/admin/main, cookies=4", "service": "cc_reconcile", "stage": "download_davinci", "status": "ok"}
{"timestamp": "2026-03-01T12:00:27+0800", "level": "INFO", "logger": "etl_logger", "message": "Login successful", "service": "cc_reconcile", "stage": "download_davinci", "status": "ok"}
{"timestamp": "2026-03-01T12:00:28+0800", "level": "INFO", "logger": "etl_logger", "message": "Token obtained successfully", "service": "cc_reconcile", "stage": "download_davinci", "status": "ok"}
{"timestamp": "2026-03-01T12:00:28+0800", "level": "INFO", "logger": "etl_logger", "message": "Start downloading Davinci CC Report for brand: VFSC...", "service": "cc_reconcile", "stage": "download_davinci", "status": "ok"}
{"timestamp": "2026-03-01T12:00:28+0800", "level": "WARNING", "logger": "etl_logger", "message": "POST failed (VFSC 2026-02-26) attempt 1: 500 Server Error: Internal Server Error for url: https://report.vantagemarkets.com/api/cc-detail/download, took 0.3s", "service": "cc_reconcile", "stage": "download_davinci", "status": "ok"}
{"timestamp": "2026-03-01T12:00:33+0800", "level": "WARNING", "logger": "etl_logger", "message": "POST failed (VFSC 2026-02-26) attempt 2: 500 Server Error: Internal Server Error for url: https://report.vantagemarkets.com/api/cc-detail/download, took 0.2s", "service": "cc_reconcile", "stage": "download_davinci", "status": "ok"}
{"timestamp": "2026-03-01T12:00:38+0800", "level": "WARNING", "logger": "etl_logger", "message": "POST failed (VFSC 2026-02-26) attempt 3: 500 Server Error: Internal Server Error for url: https://report.vantagemarkets.com/api/cc-detail/download, took 0.2s", "service": "cc_reconcile", "stage": "download_davinci", "status": "ok"}
{"timestamp": "2026-03-01T12:00:38+0800", "level": "ERROR", "logger": "etl_logger", "message": "POST failed after 3 attempts (VFSC 2026-02-26)", "service": "cc_reconcile", "stage": "download_davinci", "status": "ok"}
{"timestamp": "2026-03-01T12:00:39+0800", "level": "WARNING", "logger": "etl_logger", "message": "POST failed (VFSC 2026-02-27) attempt 1: 500 Server Error: Internal Server Error for url: https://report.vantagemarkets.com/api/cc-detail/download, took 0.2s", "service": "cc_reconcile", "stage": "download_davinci", "status": "ok"}
{"timestamp": "2026-03-01T12:00:44+0800", "level": "WARNING", "logger": "etl_logger", "message": "POST failed (VFSC 2026-02-27) attempt 2: 502 Server Error: Bad Gateway for url: https://report.vantagemarkets.com/api/cc-detail/download, took 0.2s", "service": "cc_reconcile", "stage": "download_davinci", "status": "ok"}
{"timestamp": "2026-03-01T12:00:49+0800", "level": "WARNING", "logger": "etl_logger", "message": "POST failed (VFSC 2026-02-27) attempt 3: 500 Server Error: Internal Server Error for url: https://report.vantagemarkets.com/api/cc-detail/download, took 0.2s", "service": "cc_reconcile", "stage": "download_davinci", "status": "ok"}
{"timestamp": "2026-03-01T12:00:49+0800", "level": "ERROR", "logger": "etl_logger", "message": "POST failed after 3 attempts (VFSC 2026-02-27)", "service": "cc_reconcile", "stage": "download_davinci", "status": "ok"}
{"timestamp": "2026-03-01T12:00:49+0800", "level": "WARNING", "logger": "etl_logger", "message": "POST failed (VFSC 2026-02-28) attempt 1: 500 Server Error: Internal Server Error for url: https://report.vantagemarkets.com/api/cc-detail/download, took 0.2s", "service": "cc_reconcile", "stage": "download_davinci", "status": "ok"}
{"timestamp": "2026-03-01T12:00:55+0800", "level": "WARNING", "logger": "etl_logger", "message": "POST failed (VFSC 2026-02-28) attempt 2: 500 Server Error: Internal Server Error for url: https://report.vantagemarkets.com/api/cc-detail/download, took 0.2s", "service": "cc_reconcile", "stage": "download_davinci", "status": "ok"}
{"timestamp": "2026-03-01T12:01:00+0800", "level": "WARNING", "logger": "etl_logger", "message": "POST failed (VFSC 2026-02-28) attempt 3: 500 Server Error: Internal Server Error for url: https://report.vantagemarkets.com/api/cc-detail/download, took 0.2s", "service": "cc_reconcile", "stage": "download_davinci", "status": "ok"}
{"timestamp": "2026-03-01T12:01:00+0800", "level": "ERROR", "logger": "etl_logger", "message": "POST failed after 3 attempts (VFSC 2026-02-28)", "service": "cc_reconcile", "stage": "download_davinci", "status": "ok"}
{"timestamp": "2026-03-01T12:01:00+0800", "level": "WARNING", "logger": "etl_logger", "message": "POST failed (VFSC 2026-03-01) attempt 1: 500 Server Error: Internal Server Error for url: https://report.vantagemarkets.com/api/cc-detail/download, took 0.2s", "service": "cc_reconcile", "stage": "download_davinci", "status": "ok"}
{"timestamp": "2026-03-01T12:01:05+0800", "level": "WARNING", "logger": "etl_logger", "message": "POST failed (VFSC 2026-03-01) attempt 2: 500 Server Error: Internal Server Error for url: https://report.vantagemarkets.com/api/cc-detail/download, took 0.2s", "service": "cc_reconcile", "stage": "download_davinci", "status": "ok"}
{"timestamp": "2026-03-01T12:01:10+0800", "level": "WARNING", "logger": "etl_logger", "message": "POST failed (VFSC 2026-03-01) attempt 3: 500 Server Error: Internal Server Error for url: https://report.vantagemarkets.com/api/cc-detail/download, took 0.2s", "service": "cc_reconcile", "stage": "download_davinci", "status": "ok"}
{"timestamp": "2026-03-01T12:01:10+0800", "level": "ERROR", "logger": "etl_logger", "message": "POST failed after 3 attempts (VFSC 2026-03-01)", "service": "cc_reconcile", "stage": "download_davinci", "status": "ok"}
{"timestamp": "2026-03-01T12:01:10+0800", "level": "INFO", "logger": "etl_logger", "message": "Finish downloading Davinci CC - VFSC Report", "service": "cc_reconcile", "stage": "download_davinci", "status": "ok"}
{"timestamp": "2026-03-01T12:01:10+0800", "level": "INFO", "logger": "etl_logger", "message": "Start downloading Davinci CC Report for brand: VFSC2...", "service": "cc_reconcile", "stage": "download_davinci", "status": "ok"}
{"timestamp": "2026-03-01T12:01:11+0800", "level": "WARNING", "logger": "etl_logger", "message": "POST failed (VFSC2 2026-02-26) attempt 1: 500 Server Error: Internal Server Error for url: https://report.vantagemarkets.com/api/cc-detail/download, took 0.2s", "service": "cc_reconcile", "stage": "download_davinci", "status": "ok"}
{"timestamp": "2026-03-01T12:01:16+0800", "level": "WARNING", "logger": "etl_logger", "message": "POST failed (VFSC2 2026-02-26) attempt 2: 500 Server Error: Internal Server Error for url: https://report.vantagemarkets.com/api/cc-detail/download, took 0.2s", "service": "cc_reconcile", "stage": "download_davinci", "status": "ok"}
{"timestamp": "2026-03-01T12:01:21+0800", "level": "WARNING", "logger": "etl_logger", "message": "POST failed (VFSC2 2026-02-26) attempt 3: 500 Server Error: Internal Server Error for url: https://report.vantagemarkets.com/api/cc-detail/download, took 0.2s", "service": "cc_reconcile", "stage": "download_davinci", "status": "ok"}
{"timestamp": "2026-03-01T12:01:21+0800", "level": "ERROR", "logger": "etl_logger", "message": "POST failed after 3 attempts (VFSC2 2026-02-26)", "service": "cc_reconcile", "stage": "download_davinci", "status": "ok"}
{"timestamp": "2026-03-01T12:01:21+0800", "level": "WARNING", "logger": "etl_logger", "message": "POST failed (VFSC2 2026-02-27) attempt 1: 500 Server Error: Internal Server Error for url: https://report.vantagemarkets.com/api/cc-detail/download, took 0.2s", "service": "cc_reconcile", "stage": "download_davinci", "status": "ok"}
{"timestamp": "2026-03-01T12:01:26+0800", "level": "WARNING", "logger": "etl_logger", "message": "POST failed (VFSC2 2026-02-27) attempt 2: 502 Server Error: Bad Gateway for url: https://report.vantagemarkets.com/api/cc-detail/download, took 0.2s", "service": "cc_reconcile", "stage": "download_davinci", "status": "ok"}
{"timestamp": "2026-03-01T12:01:32+0800", "level": "WARNING", "logger": "etl_logger", "message": "POST failed (VFSC2 2026-02-27) attempt 3: 500 Server Error: Internal Server Error for url: https://report.vantagemarkets.com/api/cc-detail/download, took 0.2s", "service": "cc_reconcile", "stage": "download_davinci", "status": "ok"}
{"timestamp": "2026-03-01T12:01:32+0800", "level": "ERROR", "logger": "etl_logger", "message": "POST failed after 3 attempts (VFSC2 2026-02-27)", "service": "cc_reconcile", "stage": "download_davinci", "status": "ok"}
{"timestamp": "2026-03-01T12:01:32+0800", "level": "WARNING", "logger": "etl_logger", "message": "POST failed (VFSC2 2026-02-28) attempt 1: 500 Server Error: Internal Server Error for url: https://report.vantagemarkets.com/api/cc-detail/download, took 0.2s", "service": "cc_reconcile", "stage": "download_davinci", "status": "ok"}
{"timestamp": "2026-03-01T12:01:37+0800", "level": "WARNING", "logger": "etl_logger", "message": "POST failed (VFSC2 2026-02-28) attempt 2: 500 Server Error: Internal Server Error for url: https://report.vantagemarkets.com/api/cc-detail/download, took 0.2s", "service": "cc_reconcile", "stage": "download_davinci", "status": "ok"}
{"timestamp": "2026-03-01T12:01:42+0800", "level": "WARNING", "logger": "etl_logger", "message": "POST failed (VFSC2 2026-02-28) attempt 3: 500 Server Error: Internal Server Error for url: https://report.vantagemarkets.com/api/cc-detail/download, took 0.2s", "service": "cc_reconcile", "stage": "download_davinci", "status": "ok"}
{"timestamp": "2026-03-01T12:01:42+0800", "level": "ERROR", "logger": "etl_logger", "message": "POST failed after 3 attempts (VFSC2 2026-02-28)", "service": "cc_reconcile", "stage": "download_davinci", "status": "ok"}
{"timestamp": "2026-03-01T12:01:43+0800", "level": "WARNING", "logger": "etl_logger", "message": "POST failed (VFSC2 2026-03-01) attempt 1: 502 Server Error: Bad Gateway for url: https://report.vantagemarkets.com/api/cc-detail/download, took 0.3s", "service": "cc_reconcile", "stage": "download_davinci", "status": "ok"}
{"timestamp": "2026-03-01T12:01:48+0800", "level": "WARNING", "logger": "etl_logger", "message": "POST failed (VFSC2 2026-03-01) attempt 2: 502 Server Error: Bad Gateway for url: https://report.vantagemarkets.com/api/cc-detail/download, took 0.2s", "service": "cc_reconcile", "stage": "download_davinci", "status": "ok"}
{"timestamp": "2026-03-01T12:01:53+0800", "level": "WARNING", "logger": "etl_logger", "message": "POST failed (VFSC2 2026-03-01) attempt 3: 500 Server Error: Internal Server Error for url: https://report.vantagemarkets.com/api/cc-detail/download, took 0.2s", "service": "cc_reconcile", "stage": "download_davinci", "status": "ok"}
{"timestamp": "2026-03-01T12:01:53+0800", "level": "ERROR", "logger": "etl_logger", "message": "POST failed after 3 attempts (VFSC2 2026-03-01)", "service": "cc_reconcile", "stage": "download_davinci", "status": "ok"}
{"timestamp": "2026-03-01T12:01:53+0800", "level": "INFO", "logger": "etl_logger", "message": "Finish downloading Davinci CC - VFSC2 Report", "service": "cc_reconcile", "stage": "download_davinci", "status": "ok"}
{"timestamp": "2026-03-01T12:01:53+0800", "level": "WARNING", "logger": "etl_logger", "message": "No data downloaded for any brand.", "service": "cc_reconcile", "stage": "download_davinci", "status": "ok"}
Traceback (most recent call last):
  File "/app/main.py", line 72, in <module>
    main()
  File "/app/main.py", line 25, in main
    logger.info(f"Download CRM CC Report Finish ，Total: {len(crm_cc)}")
TypeError: object of type 'NoneType' has no len()
{"timestamp": "2026-03-01T13:00:01+0800", "level": "INFO", "logger": "etl_logger", "message": "Start download reports...", "service": "cc_reconcile", "stage": "download", "status": "ok"}
{"timestamp": "2026-03-01T13:00:05+0800", "level": "INFO", "logger": "etl_logger", "message": "Payabl Login Success and Get Token Success", "service": "cc_reconcile", "stage": "download_payabl", "status": "ok"}
{"timestamp": "2026-03-01T13:00:05+0800", "level": "INFO", "logger": "etl_logger", "message": "Start downloading Payabl CC Report for date: 2026-02-28...", "service": "cc_reconcile", "stage": "download_payabl", "status": "ok"}
{"timestamp": "2026-03-01T13:01:23+0800", "level": "INFO", "logger": "etl_logger", "message": "Start downloading Payabl CC Report for date: 2026-03-01...", "service": "cc_reconcile", "stage": "download_payabl", "status": "ok"}
{"timestamp": "2026-03-01T13:01:32+0800", "level": "INFO", "logger": "etl_logger", "message": "Finish downloading Payabl CC Report", "service": "cc_reconcile", "stage": "download_payabl", "status": "ok"}
{"timestamp": "2026-03-01T13:01:32+0800", "level": "INFO", "logger": "etl_logger", "message": "Download Payabl CC Report Finish ，Total: 21852", "service": "cc_reconcile", "stage": "download", "status": "ok"}
{"timestamp": "2026-03-01T13:01:32+0800", "level": "INFO", "logger": "etl_logger", "message": "Login attempt 1/5", "service": "cc_reconcile", "stage": "download_davinci", "status": "ok"}
{"timestamp": "2026-03-01T13:01:33+0800", "level": "INFO", "logger": "etl_logger", "message": "Login response status=200, url=https://admin.vantagemarkets.com/admin/main, cookies=4", "service": "cc_reconcile", "stage": "download_davinci", "status": "ok"}
{"timestamp": "2026-03-01T13:01:33+0800", "level": "INFO", "logger": "etl_logger", "message": "Login successful", "service": "cc_reconcile", "stage": "download_davinci", "status": "ok"}
{"timestamp": "2026-03-01T13:01:34+0800", "level": "INFO", "logger": "etl_logger", "message": "Token obtained successfully", "service": "cc_reconcile", "stage": "download_davinci", "status": "ok"}
{"timestamp": "2026-03-01T13:01:34+0800", "level": "INFO", "logger": "etl_logger", "message": "Start downloading Davinci CC Report for brand: VFSC...", "service": "cc_reconcile", "stage": "download_davinci", "status": "ok"}
{"timestamp": "2026-03-01T13:01:34+0800", "level": "WARNING", "logger": "etl_logger", "message": "POST failed (VFSC 2026-02-26) attempt 1: 500 Server Error: Internal Server Error for url: https://report.vantagemarkets.com/api/cc-detail/download, took 0.3s", "service": "cc_reconcile", "stage": "download_davinci", "status": "ok"}
{"timestamp": "2026-03-01T13:01:39+0800", "level": "WARNING", "logger": "etl_logger", "message": "POST failed (VFSC 2026-02-26) attempt 2: 500 Server Error: Internal Server Error for url: https://report.vantagemarkets.com/api/cc-detail/download, took 0.2s", "service": "cc_reconcile", "stage": "download_davinci", "status": "ok"}
{"timestamp": "2026-03-01T13:01:44+0800", "level": "WARNING", "logger": "etl_logger", "message": "POST failed (VFSC 2026-02-26) attempt 3: 500 Server Error: Internal Server Error for url: https://report.vantagemarkets.com/api/cc-detail/download, took 0.2s", "service": "cc_reconcile", "stage": "download_davinci", "status": "ok"}
{"timestamp": "2026-03-01T13:01:44+0800", "level": "ERROR", "logger": "etl_logger", "message": "POST failed after 3 attempts (VFSC 2026-02-26)", "service": "cc_reconcile", "stage": "download_davinci", "status": "ok"}
{"timestamp": "2026-03-01T13:01:44+0800", "level": "WARNING", "logger": "etl_logger", "message": "POST failed (VFSC 2026-02-27) attempt 1: 500 Server Error: Internal Server Error for url: https://report.vantagemarkets.com/api/cc-detail/download, took 0.2s", "service": "cc_reconcile", "stage": "download_davinci", "status": "ok"}
{"timestamp": "2026-03-01T13:01:50+0800", "level": "WARNING", "logger": "etl_logger", "message": "POST failed (VFSC 2026-02-27) attempt 2: 502 Server Error: Bad Gateway for url: https://report.vantagemarkets.com/api/cc-detail/download, took 0.2s", "service": "cc_reconcile", "stage": "download_davinci", "status": "ok"}
{"timestamp": "2026-03-01T13:01:55+0800", "level": "WARNING", "logger": "etl_logger", "message": "POST failed (VFSC 2026-02-27) attempt 3: 500 Server Error: Internal Server Error for url: https://report.vantagemarkets.com/api/cc-detail/download, took 0.2s", "service": "cc_reconcile", "stage": "download_davinci", "status": "ok"}
{"timestamp": "2026-03-01T13:01:55+0800", "level": "ERROR", "logger": "etl_logger", "message": "POST failed after 3 attempts (VFSC 2026-02-27)", "service": "cc_reconcile", "stage": "download_davinci", "status": "ok"}
{"timestamp": "2026-03-01T13:01:55+0800", "level": "WARNING", "logger": "etl_logger", "message": "POST failed (VFSC 2026-02-28) attempt 1: 500 Server Error: Internal Server Error for url: https://report.vantagemarkets.com/api/cc-detail/download, took 0.2s", "service": "cc_reconcile", "stage": "download_davinci", "status": "ok"}
{"timestamp": "2026-03-01T13:02:00+0800", "level": "WARNING", "logger": "etl_logger", "message": "POST failed (VFSC 2026-02-28) attempt 2: 500 Server Error: Internal Server Error for url: https://report.vantagemarkets.com/api/cc-detail/download, took 0.2s", "service": "cc_reconcile", "stage": "download_davinci", "status": "ok"}
{"timestamp": "2026-03-01T13:02:06+0800", "level": "WARNING", "logger": "etl_logger", "message": "POST failed (VFSC 2026-02-28) attempt 3: 502 Server Error: Bad Gateway for url: https://report.vantagemarkets.com/api/cc-detail/download, took 0.2s", "service": "cc_reconcile", "stage": "download_davinci", "status": "ok"}
{"timestamp": "2026-03-01T13:02:06+0800", "level": "ERROR", "logger": "etl_logger", "message": "POST failed after 3 attempts (VFSC 2026-02-28)", "service": "cc_reconcile", "stage": "download_davinci", "status": "ok"}
{"timestamp": "2026-03-01T13:02:06+0800", "level": "WARNING", "logger": "etl_logger", "message": "POST failed (VFSC 2026-03-01) attempt 1: 500 Server Error: Internal Server Error for url: https://report.vantagemarkets.com/api/cc-detail/download, took 0.2s", "service": "cc_reconcile", "stage": "download_davinci", "status": "ok"}
{"timestamp": "2026-03-01T13:02:11+0800", "level": "WARNING", "logger": "etl_logger", "message": "POST failed (VFSC 2026-03-01) attempt 2: 500 Server Error: Internal Server Error for url: https://report.vantagemarkets.com/api/cc-detail/download, took 0.2s", "service": "cc_reconcile", "stage": "download_davinci", "status": "ok"}
{"timestamp": "2026-03-01T13:02:16+0800", "level": "WARNING", "logger": "etl_logger", "message": "POST failed (VFSC 2026-03-01) attempt 3: 500 Server Error: Internal Server Error for url: https://report.vantagemarkets.com/api/cc-detail/download, took 0.2s", "service": "cc_reconcile", "stage": "download_davinci", "status": "ok"}
{"timestamp": "2026-03-01T13:02:16+0800", "level": "ERROR", "logger": "etl_logger", "message": "POST failed after 3 attempts (VFSC 2026-03-01)", "service": "cc_reconcile", "stage": "download_davinci", "status": "ok"}
{"timestamp": "2026-03-01T13:02:16+0800", "level": "INFO", "logger": "etl_logger", "message": "Finish downloading Davinci CC - VFSC Report", "service": "cc_reconcile", "stage": "download_davinci", "status": "ok"}
{"timestamp": "2026-03-01T13:02:16+0800", "level": "INFO", "logger": "etl_logger", "message": "Start downloading Davinci CC Report for brand: VFSC2...", "service": "cc_reconcile", "stage": "download_davinci", "status": "ok"}
{"timestamp": "2026-03-01T13:02:17+0800", "level": "WARNING", "logger": "etl_logger", "message": "POST failed (VFSC2 2026-02-26) attempt 1: 500 Server Error: Internal Server Error for url: https://report.vantagemarkets.com/api/cc-detail/download, took 0.2s", "service": "cc_reconcile", "stage": "download_davinci", "status": "ok"}
{"timestamp": "2026-03-01T13:02:22+0800", "level": "WARNING", "logger": "etl_logger", "message": "POST failed (VFSC2 2026-02-26) attempt 2: 500 Server Error: Internal Server Error for url: https://report.vantagemarkets.com/api/cc-detail/download, took 0.2s", "service": "cc_reconcile", "stage": "download_davinci", "status": "ok"}
{"timestamp": "2026-03-01T13:02:27+0800", "level": "WARNING", "logger": "etl_logger", "message": "POST failed (VFSC2 2026-02-26) attempt 3: 500 Server Error: Internal Server Error for url: https://report.vantagemarkets.com/api/cc-detail/download, took 0.2s", "service": "cc_reconcile", "stage": "download_davinci", "status": "ok"}
{"timestamp": "2026-03-01T13:02:27+0800", "level": "ERROR", "logger": "etl_logger", "message": "POST failed after 3 attempts (VFSC2 2026-02-26)", "service": "cc_reconcile", "stage": "download_davinci", "status": "ok"}
{"timestamp": "2026-03-01T13:02:27+0800", "level": "WARNING", "logger": "etl_logger", "message": "POST failed (VFSC2 2026-02-27) attempt 1: 500 Server Error: Internal Server Error for url: https://report.vantagemarkets.com/api/cc-detail/download, took 0.2s", "service": "cc_reconcile", "stage": "download_davinci", "status": "ok"}
{"timestamp": "2026-03-01T13:02:32+0800", "level": "WARNING", "logger": "etl_logger", "message": "POST failed (VFSC2 2026-02-27) attempt 2: 502 Server Error: Bad Gateway for url: https://report.vantagemarkets.com/api/cc-detail/download, took 0.2s", "service": "cc_reconcile", "stage": "download_davinci", "status": "ok"}
{"timestamp": "2026-03-01T13:02:38+0800", "level": "WARNING", "logger": "etl_logger", "message": "POST failed (VFSC2 2026-02-27) attempt 3: 500 Server Error: Internal Server Error for url: https://report.vantagemarkets.com/api/cc-detail/download, took 0.2s", "service": "cc_reconcile", "stage": "download_davinci", "status": "ok"}
{"timestamp": "2026-03-01T13:02:38+0800", "level": "ERROR", "logger": "etl_logger", "message": "POST failed after 3 attempts (VFSC2 2026-02-27)", "service": "cc_reconcile", "stage": "download_davinci", "status": "ok"}
{"timestamp": "2026-03-01T13:02:38+0800", "level": "WARNING", "logger": "etl_logger", "message": "POST failed (VFSC2 2026-02-28) attempt 1: 500 Server Error: Internal Server Error for url: https://report.vantagemarkets.com/api/cc-detail/download, took 0.2s", "service": "cc_reconcile", "stage": "download_davinci", "status": "ok"}
{"timestamp": "2026-03-01T13:02:43+0800", "level": "WARNING", "logger": "etl_logger", "message": "POST failed (VFSC2 2026-02-28) attempt 2: 502 Server Error: Bad Gateway for url: https://report.vantagemarkets.com/api/cc-detail/download, took 0.2s", "service": "cc_reconcile", "stage": "download_davinci", "status": "ok"}
{"timestamp": "2026-03-01T13:02:48+0800", "level": "WARNING", "logger": "etl_logger", "message": "POST failed (VFSC2 2026-02-28) attempt 3: 500 Server Error: Internal Server Error for url: https://report.vantagemarkets.com/api/cc-detail/download, took 0.2s", "service": "cc_reconcile", "stage": "download_davinci", "status": "ok"}
{"timestamp": "2026-03-01T13:02:48+0800", "level": "ERROR", "logger": "etl_logger", "message": "POST failed after 3 attempts (VFSC2 2026-02-28)", "service": "cc_reconcile", "stage": "download_davinci", "status": "ok"}
{"timestamp": "2026-03-01T13:02:49+0800", "level": "WARNING", "logger": "etl_logger", "message": "POST failed (VFSC2 2026-03-01) attempt 1: 502 Server Error: Bad Gateway for url: https://report.vantagemarkets.com/api/cc-detail/download, took 0.2s", "service": "cc_reconcile", "stage": "download_davinci", "status": "ok"}
{"timestamp": "2026-03-01T13:02:54+0800", "level": "WARNING", "logger": "etl_logger", "message": "POST failed (VFSC2 2026-03-01) attempt 2: 500 Server Error: Internal Server Error for url: https://report.vantagemarkets.com/api/cc-detail/download, took 0.2s", "service": "cc_reconcile", "stage": "download_davinci", "status": "ok"}
{"timestamp": "2026-03-01T13:02:59+0800", "level": "WARNING", "logger": "etl_logger", "message": "POST failed (VFSC2 2026-03-01) attempt 3: 500 Server Error: Internal Server Error for url: https://report.vantagemarkets.com/api/cc-detail/download, took 0.2s", "service": "cc_reconcile", "stage": "download_davinci", "status": "ok"}
{"timestamp": "2026-03-01T13:02:59+0800", "level": "ERROR", "logger": "etl_logger", "message": "POST failed after 3 attempts (VFSC2 2026-03-01)", "service": "cc_reconcile", "stage": "download_davinci", "status": "ok"}
{"timestamp": "2026-03-01T13:02:59+0800", "level": "INFO", "logger": "etl_logger", "message": "Finish downloading Davinci CC - VFSC2 Report", "service": "cc_reconcile", "stage": "download_davinci", "status": "ok"}
{"timestamp": "2026-03-01T13:02:59+0800", "level": "WARNING", "logger": "etl_logger", "message": "No data downloaded for any brand.", "service": "cc_reconcile", "stage": "download_davinci", "status": "ok"}
Traceback (most recent call last):
  File "/app/main.py", line 72, in <module>
    main()
  File "/app/main.py", line 25, in main
    logger.info(f"Download CRM CC Report Finish ，Total: {len(crm_cc)}")
TypeError: object of type 'NoneType' has no len()
{"timestamp": "2026-03-01T14:00:02+0800", "level": "INFO", "logger": "etl_logger", "message": "Start download reports...", "service": "cc_reconcile", "stage": "download", "status": "ok"}
{"timestamp": "2026-03-01T14:00:05+0800", "level": "INFO", "logger": "etl_logger", "message": "Payabl Login Success and Get Token Success", "service": "cc_reconcile", "stage": "download_payabl", "status": "ok"}
{"timestamp": "2026-03-01T14:00:05+0800", "level": "INFO", "logger": "etl_logger", "message": "Start downloading Payabl CC Report for date: 2026-02-28...", "service": "cc_reconcile", "stage": "download_payabl", "status": "ok"}
{"timestamp": "2026-03-01T14:00:19+0800", "level": "INFO", "logger": "etl_logger", "message": "Start downloading Payabl CC Report for date: 2026-03-01...", "service": "cc_reconcile", "stage": "download_payabl", "status": "ok"}
{"timestamp": "2026-03-01T14:00:35+0800", "level": "INFO", "logger": "etl_logger", "message": "Finish downloading Payabl CC Report", "service": "cc_reconcile", "stage": "download_payabl", "status": "ok"}
{"timestamp": "2026-03-01T14:00:35+0800", "level": "INFO", "logger": "etl_logger", "message": "Download Payabl CC Report Finish ，Total: 22108", "service": "cc_reconcile", "stage": "download", "status": "ok"}
{"timestamp": "2026-03-01T14:00:35+0800", "level": "INFO", "logger": "etl_logger", "message": "Login attempt 1/5", "service": "cc_reconcile", "stage": "download_davinci", "status": "ok"}
{"timestamp": "2026-03-01T14:00:36+0800", "level": "INFO", "logger": "etl_logger", "message": "Login response status=200, url=https://admin.vantagemarkets.com/admin/main, cookies=4", "service": "cc_reconcile", "stage": "download_davinci", "status": "ok"}
{"timestamp": "2026-03-01T14:00:36+0800", "level": "INFO", "logger": "etl_logger", "message": "Login successful", "service": "cc_reconcile", "stage": "download_davinci", "status": "ok"}
{"timestamp": "2026-03-01T14:00:36+0800", "level": "INFO", "logger": "etl_logger", "message": "Token obtained successfully", "service": "cc_reconcile", "stage": "download_davinci", "status": "ok"}
{"timestamp": "2026-03-01T14:00:36+0800", "level": "INFO", "logger": "etl_logger", "message": "Start downloading Davinci CC Report for brand: VFSC...", "service": "cc_reconcile", "stage": "download_davinci", "status": "ok"}
{"timestamp": "2026-03-01T14:00:37+0800", "level": "WARNING", "logger": "etl_logger", "message": "POST failed (VFSC 2026-02-26) attempt 1: 500 Server Error: Internal Server Error for url: https://report.vantagemarkets.com/api/cc-detail/download, took 0.3s", "service": "cc_reconcile", "stage": "download_davinci", "status": "ok"}
{"timestamp": "2026-03-01T14:00:42+0800", "level": "WARNING", "logger": "etl_logger", "message": "POST failed (VFSC 2026-02-26) attempt 2: 500 Server Error: Internal Server Error for url: https://report.vantagemarkets.com/api/cc-detail/download, took 0.2s", "service": "cc_reconcile", "stage": "download_davinci", "status": "ok"}
{"timestamp": "2026-03-01T14:00:47+0800", "level": "WARNING", "logger": "etl_logger", "message": "POST failed (VFSC 2026-02-26) attempt 3: 500 Server Error: Internal Server Error for url: https://report.vantagemarkets.com/api/cc-detail/download, took 0.2s", "service": "cc_reconcile", "stage": "download_davinci", "status": "ok"}
{"timestamp": "2026-03-01T14:00:47+0800", "level": "ERROR", "logger": "etl_logger", "message": "POST failed after 3 attempts (VFSC 2026-02-26)", "service": "cc_reconcile", "stage": "download_davinci", "status": "ok"}
{"timestamp": "2026-03-01T14:00:47+0800", "level": "WARNING", "logger": "etl_logger", "message": "POST failed (VFSC 2026-02-27) attempt 1: 500 Server Error: Internal Server Error for url: https://report.vantagemarkets.com/api/cc-detail/download, took 0.2s", "service": "cc_reconcile", "stage": "download_davinci", "status": "ok"}
{"timestamp": "2026-03-01T14:00:52+0800", "level": "WARNING", "logger": "etl_logger", "message": "POST failed (VFSC 2026-02-27) attempt 2: 502 Server Error: Bad Gateway for url: https://report.vantagemarkets.com/api/cc-detail/download, took 0.2s", "service": "cc_reconcile", "stage": "download_davinci", "status": "ok"}
{"timestamp": "2026-03-01T14:00:58+0800", "level": "WARNING", "logger": "etl_logger", "message": "POST failed (VFSC 2026-02-27) attempt 3: 500 Server Error: Internal Server Error for url: https://report.vantagemarkets.com/api/cc-detail/download, took 0.2s", "service": "cc_reconcile", "stage": "download_davinci", "status": "ok"}
{"timestamp": "2026-03-01T14:00:58+0800", "level": "ERROR", "logger": "etl_logger", "message": "POST failed after 3 attempts (VFSC 2026-02-27)", "service": "cc_reconcile", "stage": "download_davinci", "status": "ok"}
{"timestamp": "2026-03-01T14:00:58+0800", "level": "WARNING", "logger": "etl_logger", "message": "POST failed (VFSC 2026-02-28) attempt 1: 500 Server Error: Internal Server Error for url: https://report.vantagemarkets.com/api/cc-detail/download, took 0.2s", "service": "cc_reconcile", "stage": "download_davinci", "status": "ok"}
{"timestamp": "2026-03-01T14:01:03+0800", "level": "WARNING", "logger": "etl_logger", "message": "POST failed (VFSC 2026-02-28) attempt 2: 500 Server Error: Internal Server Error for url: https://report.vantagemarkets.com/api/cc-detail/download, took 0.2s", "service": "cc_reconcile", "stage": "download_davinci", "status": "ok"}
{"timestamp": "2026-03-01T14:01:08+0800", "level": "WARNING", "logger": "etl_logger", "message": "POST failed (VFSC 2026-02-28) attempt 3: 500 Server Error: Internal Server Error for url: https://report.vantagemarkets.com/api/cc-detail/download, took 0.2s", "service": "cc_reconcile", "stage": "download_davinci", "status": "ok"}
{"timestamp": "2026-03-01T14:01:08+0800", "level": "ERROR", "logger": "etl_logger", "message": "POST failed after 3 attempts (VFSC 2026-02-28)", "service": "cc_reconcile", "stage": "download_davinci", "status": "ok"}
{"timestamp": "2026-03-01T14:01:09+0800", "level": "WARNING", "logger": "etl_logger", "message": "POST failed (VFSC 2026-03-01) attempt 1: 500 Server Error: Internal Server Error for url: https://report.vantagemarkets.com/api/cc-detail/download, took 0.2s", "service": "cc_reconcile", "stage": "download_davinci", "status": "ok"}
{"timestamp": "2026-03-01T14:01:14+0800", "level": "WARNING", "logger": "etl_logger", "message": "POST failed (VFSC 2026-03-01) attempt 2: 500 Server Error: Internal Server Error for url: https://report.vantagemarkets.com/api/cc-detail/download, took 0.2s", "service": "cc_reconcile", "stage": "download_davinci", "status": "ok"}
{"timestamp": "2026-03-01T14:01:19+0800", "level": "WARNING", "logger": "etl_logger", "message": "POST failed (VFSC 2026-03-01) attempt 3: 500 Server Error: Internal Server Error for url: https://report.vantagemarkets.com/api/cc-detail/download, took 0.2s", "service": "cc_reconcile", "stage": "download_davinci", "status": "ok"}
{"timestamp": "2026-03-01T14:01:19+0800", "level": "ERROR", "logger": "etl_logger", "message": "POST failed after 3 attempts (VFSC 2026-03-01)", "service": "cc_reconcile", "stage": "download_davinci", "status": "ok"}
{"timestamp": "2026-03-01T14:01:19+0800", "level": "INFO", "logger": "etl_logger", "message": "Finish downloading Davinci CC - VFSC Report", "service": "cc_reconcile", "stage": "download_davinci", "status": "ok"}
{"timestamp": "2026-03-01T14:01:19+0800", "level": "INFO", "logger": "etl_logger", "message": "Start downloading Davinci CC Report for brand: VFSC2...", "service": "cc_reconcile", "stage": "download_davinci", "status": "ok"}
{"timestamp": "2026-03-01T14:01:19+0800", "level": "WARNING", "logger": "etl_logger", "message": "POST failed (VFSC2 2026-02-26) attempt 1: 500 Server Error: Internal Server Error for url: https://report.vantagemarkets.com/api/cc-detail/download, took 0.2s", "service": "cc_reconcile", "stage": "download_davinci", "status": "ok"}
{"timestamp": "2026-03-01T14:01:25+0800", "level": "WARNING", "logger": "etl_logger", "message": "POST failed (VFSC2 2026-02-26) attempt 2: 500 Server Error: Internal Server Error for url: https://report.vantagemarkets.com/api/cc-detail/download, took 0.2s", "service": "cc_reconcile", "stage": "download_davinci", "status": "ok"}
{"timestamp": "2026-03-01T14:01:30+0800", "level": "WARNING", "logger": "etl_logger", "message": "POST failed (VFSC2 2026-02-26) attempt 3: 500 Server Error: Internal Server Error for url: https://report.vantagemarkets.com/api/cc-detail/download, took 0.2s", "service": "cc_reconcile", "stage": "download_davinci", "status": "ok"}
{"timestamp": "2026-03-01T14:01:30+0800", "level": "ERROR", "logger": "etl_logger", "message": "POST failed after 3 attempts (VFSC2 2026-02-26)", "service": "cc_reconcile", "stage": "download_davinci", "status": "ok"}
{"timestamp": "2026-03-01T14:01:30+0800", "level": "WARNING", "logger": "etl_logger", "message": "POST failed (VFSC2 2026-02-27) attempt 1: 502 Server Error: Bad Gateway for url: https://report.vantagemarkets.com/api/cc-detail/download, took 0.2s", "service": "cc_reconcile", "stage": "download_davinci", "status": "ok"}
{"timestamp": "2026-03-01T14:01:35+0800", "level": "WARNING", "logger": "etl_logger", "message": "POST failed (VFSC2 2026-02-27) attempt 2: 500 Server Error: Internal Server Error for url: https://report.vantagemarkets.com/api/cc-detail/download, took 0.2s", "service": "cc_reconcile", "stage": "download_davinci", "status": "ok"}
{"timestamp": "2026-03-01T14:01:40+0800", "level": "WARNING", "logger": "etl_logger", "message": "POST failed (VFSC2 2026-02-27) attempt 3: 500 Server Error: Internal Server Error for url: https://report.vantagemarkets.com/api/cc-detail/download, took 0.2s", "service": "cc_reconcile", "stage": "download_davinci", "status": "ok"}
{"timestamp": "2026-03-01T14:01:40+0800", "level": "ERROR", "logger": "etl_logger", "message": "POST failed after 3 attempts (VFSC2 2026-02-27)", "service": "cc_reconcile", "stage": "download_davinci", "status": "ok"}
{"timestamp": "2026-03-01T14:01:41+0800", "level": "WARNING", "logger": "etl_logger", "message": "POST failed (VFSC2 2026-02-28) attempt 1: 500 Server Error: Internal Server Error for url: https://report.vantagemarkets.com/api/cc-detail/download, took 0.3s", "service": "cc_reconcile", "stage": "download_davinci", "status": "ok"}
{"timestamp": "2026-03-01T14:01:46+0800", "level": "WARNING", "logger": "etl_logger", "message": "POST failed (VFSC2 2026-02-28) attempt 2: 500 Server Error: Internal Server Error for url: https://report.vantagemarkets.com/api/cc-detail/download, took 0.2s", "service": "cc_reconcile", "stage": "download_davinci", "status": "ok"}
{"timestamp": "2026-03-01T14:01:51+0800", "level": "WARNING", "logger": "etl_logger", "message": "POST failed (VFSC2 2026-02-28) attempt 3: 500 Server Error: Internal Server Error for url: https://report.vantagemarkets.com/api/cc-detail/download, took 0.2s", "service": "cc_reconcile", "stage": "download_davinci", "status": "ok"}
{"timestamp": "2026-03-01T14:01:51+0800", "level": "ERROR", "logger": "etl_logger", "message": "POST failed after 3 attempts (VFSC2 2026-02-28)", "service": "cc_reconcile", "stage": "download_davinci", "status": "ok"}
{"timestamp": "2026-03-01T14:01:51+0800", "level": "WARNING", "logger": "etl_logger", "message": "POST failed (VFSC2 2026-03-01) attempt 1: 500 Server Error: Internal Server Error for url: https://report.vantagemarkets.com/api/cc-detail/download, took 0.2s", "service": "cc_reconcile", "stage": "download_davinci", "status": "ok"}
{"timestamp": "2026-03-01T14:01:57+0800", "level": "WARNING", "logger": "etl_logger", "message": "POST failed (VFSC2 2026-03-01) attempt 2: 500 Server Error: Internal Server Error for url: https://report.vantagemarkets.com/api/cc-detail/download, took 0.3s", "service": "cc_reconcile", "stage": "download_davinci", "status": "ok"}
{"timestamp": "2026-03-01T14:02:02+0800", "level": "WARNING", "logger": "etl_logger", "message": "POST failed (VFSC2 2026-03-01) attempt 3: 500 Server Error: Internal Server Error for url: https://report.vantagemarkets.com/api/cc-detail/download, took 0.2s", "service": "cc_reconcile", "stage": "download_davinci", "status": "ok"}
{"timestamp": "2026-03-01T14:02:02+0800", "level": "ERROR", "logger": "etl_logger", "message": "POST failed after 3 attempts (VFSC2 2026-03-01)", "service": "cc_reconcile", "stage": "download_davinci", "status": "ok"}
{"timestamp": "2026-03-01T14:02:02+0800", "level": "INFO", "logger": "etl_logger", "message": "Finish downloading Davinci CC - VFSC2 Report", "service": "cc_reconcile", "stage": "download_davinci", "status": "ok"}
{"timestamp": "2026-03-01T14:02:02+0800", "level": "WARNING", "logger": "etl_logger", "message": "No data downloaded for any brand.", "service": "cc_reconcile", "stage": "download_davinci", "status": "ok"}
Traceback (most recent call last):
  File "/app/main.py", line 72, in <module>
    main()
  File "/app/main.py", line 25, in main
    logger.info(f"Download CRM CC Report Finish ，Total: {len(crm_cc)}")
TypeError: object of type 'NoneType' has no len()
{"timestamp": "2026-03-01T15:00:01+0800", "level": "INFO", "logger": "etl_logger", "message": "Start download reports...", "service": "cc_reconcile", "stage": "download", "status": "ok"}
{"timestamp": "2026-03-01T15:00:05+0800", "level": "INFO", "logger": "etl_logger", "message": "Payabl Login Success and Get Token Success", "service": "cc_reconcile", "stage": "download_payabl", "status": "ok"}
{"timestamp": "2026-03-01T15:00:05+0800", "level": "INFO", "logger": "etl_logger", "message": "Start downloading Payabl CC Report for date: 2026-02-28...", "service": "cc_reconcile", "stage": "download_payabl", "status": "ok"}
{"timestamp": "2026-03-01T15:00:18+0800", "level": "INFO", "logger": "etl_logger", "message": "Start downloading Payabl CC Report for date: 2026-03-01...", "service": "cc_reconcile", "stage": "download_payabl", "status": "ok"}
{"timestamp": "2026-03-01T15:00:29+0800", "level": "INFO", "logger": "etl_logger", "message": "Finish downloading Payabl CC Report", "service": "cc_reconcile", "stage": "download_payabl", "status": "ok"}
{"timestamp": "2026-03-01T15:00:29+0800", "level": "INFO", "logger": "etl_logger", "message": "Download Payabl CC Report Finish ，Total: 22427", "service": "cc_reconcile", "stage": "download", "status": "ok"}
{"timestamp": "2026-03-01T15:00:29+0800", "level": "INFO", "logger": "etl_logger", "message": "Login attempt 1/5", "service": "cc_reconcile", "stage": "download_davinci", "status": "ok"}
{"timestamp": "2026-03-01T15:00:30+0800", "level": "INFO", "logger": "etl_logger", "message": "Login response status=200, url=https://admin.vantagemarkets.com/admin/main, cookies=4", "service": "cc_reconcile", "stage": "download_davinci", "status": "ok"}
{"timestamp": "2026-03-01T15:00:30+0800", "level": "INFO", "logger": "etl_logger", "message": "Login successful", "service": "cc_reconcile", "stage": "download_davinci", "status": "ok"}
{"timestamp": "2026-03-01T15:00:31+0800", "level": "INFO", "logger": "etl_logger", "message": "Token obtained successfully", "service": "cc_reconcile", "stage": "download_davinci", "status": "ok"}
{"timestamp": "2026-03-01T15:00:31+0800", "level": "INFO", "logger": "etl_logger", "message": "Start downloading Davinci CC Report for brand: VFSC...", "service": "cc_reconcile", "stage": "download_davinci", "status": "ok"}
{"timestamp": "2026-03-01T15:00:31+0800", "level": "WARNING", "logger": "etl_logger", "message": "POST failed (VFSC 2026-02-26) attempt 1: 500 Server Error: Internal Server Error for url: https://report.vantagemarkets.com/api/cc-detail/download, took 0.3s", "service": "cc_reconcile", "stage": "download_davinci", "status": "ok"}
{"timestamp": "2026-03-01T15:00:36+0800", "level": "WARNING", "logger": "etl_logger", "message": "POST failed (VFSC 2026-02-26) attempt 2: 500 Server Error: Internal Server Error for url: https://report.vantagemarkets.com/api/cc-detail/download, took 0.2s", "service": "cc_reconcile", "stage": "download_davinci", "status": "ok"}
{"timestamp": "2026-03-01T15:00:41+0800", "level": "WARNING", "logger": "etl_logger", "message": "POST failed (VFSC 2026-02-26) attempt 3: 500 Server Error: Internal Server Error for url: https://report.vantagemarkets.com/api/cc-detail/download, took 0.2s", "service": "cc_reconcile", "stage": "download_davinci", "status": "ok"}
{"timestamp": "2026-03-01T15:00:41+0800", "level": "ERROR", "logger": "etl_logger", "message": "POST failed after 3 attempts (VFSC 2026-02-26)", "service": "cc_reconcile", "stage": "download_davinci", "status": "ok"}
{"timestamp": "2026-03-01T15:00:42+0800", "level": "WARNING", "logger": "etl_logger", "message": "POST failed (VFSC 2026-02-27) attempt 1: 500 Server Error: Internal Server Error for url: https://report.vantagemarkets.com/api/cc-detail/download, took 0.2s", "service": "cc_reconcile", "stage": "download_davinci", "status": "ok"}
{"timestamp": "2026-03-01T15:00:47+0800", "level": "WARNING", "logger": "etl_logger", "message": "POST failed (VFSC 2026-02-27) attempt 2: 500 Server Error: Internal Server Error for url: https://report.vantagemarkets.com/api/cc-detail/download, took 0.2s", "service": "cc_reconcile", "stage": "download_davinci", "status": "ok"}
{"timestamp": "2026-03-01T15:00:52+0800", "level": "WARNING", "logger": "etl_logger", "message": "POST failed (VFSC 2026-02-27) attempt 3: 502 Server Error: Bad Gateway for url: https://report.vantagemarkets.com/api/cc-detail/download, took 0.2s", "service": "cc_reconcile", "stage": "download_davinci", "status": "ok"}
{"timestamp": "2026-03-01T15:00:52+0800", "level": "ERROR", "logger": "etl_logger", "message": "POST failed after 3 attempts (VFSC 2026-02-27)", "service": "cc_reconcile", "stage": "download_davinci", "status": "ok"}
{"timestamp": "2026-03-01T15:00:52+0800", "level": "WARNING", "logger": "etl_logger", "message": "POST failed (VFSC 2026-02-28) attempt 1: 500 Server Error: Internal Server Error for url: https://report.vantagemarkets.com/api/cc-detail/download, took 0.2s", "service": "cc_reconcile", "stage": "download_davinci", "status": "ok"}
{"timestamp": "2026-03-01T15:00:57+0800", "level": "WARNING", "logger": "etl_logger", "message": "POST failed (VFSC 2026-02-28) attempt 2: 500 Server Error: Internal Server Error for url: https://report.vantagemarkets.com/api/cc-detail/download, took 0.2s", "service": "cc_reconcile", "stage": "download_davinci", "status": "ok"}
{"timestamp": "2026-03-01T15:01:03+0800", "level": "WARNING", "logger": "etl_logger", "message": "POST failed (VFSC 2026-02-28) attempt 3: 500 Server Error: Internal Server Error for url: https://report.vantagemarkets.com/api/cc-detail/download, took 0.2s", "service": "cc_reconcile", "stage": "download_davinci", "status": "ok"}
{"timestamp": "2026-03-01T15:01:03+0800", "level": "ERROR", "logger": "etl_logger", "message": "POST failed after 3 attempts (VFSC 2026-02-28)", "service": "cc_reconcile", "stage": "download_davinci", "status": "ok"}
{"timestamp": "2026-03-01T15:01:03+0800", "level": "WARNING", "logger": "etl_logger", "message": "POST failed (VFSC 2026-03-01) attempt 1: 500 Server Error: Internal Server Error for url: https://report.vantagemarkets.com/api/cc-detail/download, took 0.2s", "service": "cc_reconcile", "stage": "download_davinci", "status": "ok"}
{"timestamp": "2026-03-01T15:01:08+0800", "level": "WARNING", "logger": "etl_logger", "message": "POST failed (VFSC 2026-03-01) attempt 2: 500 Server Error: Internal Server Error for url: https://report.vantagemarkets.com/api/cc-detail/download, took 0.2s", "service": "cc_reconcile", "stage": "download_davinci", "status": "ok"}
{"timestamp": "2026-03-01T15:01:13+0800", "level": "WARNING", "logger": "etl_logger", "message": "POST failed (VFSC 2026-03-01) attempt 3: 500 Server Error: Internal Server Error for url: https://report.vantagemarkets.com/api/cc-detail/download, took 0.2s", "service": "cc_reconcile", "stage": "download_davinci", "status": "ok"}
{"timestamp": "2026-03-01T15:01:13+0800", "level": "ERROR", "logger": "etl_logger", "message": "POST failed after 3 attempts (VFSC 2026-03-01)", "service": "cc_reconcile", "stage": "download_davinci", "status": "ok"}
{"timestamp": "2026-03-01T15:01:13+0800", "level": "INFO", "logger": "etl_logger", "message": "Finish downloading Davinci CC - VFSC Report", "service": "cc_reconcile", "stage": "download_davinci", "status": "ok"}
{"timestamp": "2026-03-01T15:01:13+0800", "level": "INFO", "logger": "etl_logger", "message": "Start downloading Davinci CC Report for brand: VFSC2...", "service": "cc_reconcile", "stage": "download_davinci", "status": "ok"}
{"timestamp": "2026-03-01T15:01:14+0800", "level": "WARNING", "logger": "etl_logger", "message": "POST failed (VFSC2 2026-02-26) attempt 1: 500 Server Error: Internal Server Error for url: https://report.vantagemarkets.com/api/cc-detail/download, took 0.2s", "service": "cc_reconcile", "stage": "download_davinci", "status": "ok"}
{"timestamp": "2026-03-01T15:01:19+0800", "level": "WARNING", "logger": "etl_logger", "message": "POST failed (VFSC2 2026-02-26) attempt 2: 500 Server Error: Internal Server Error for url: https://report.vantagemarkets.com/api/cc-detail/download, took 0.2s", "service": "cc_reconcile", "stage": "download_davinci", "status": "ok"}
{"timestamp": "2026-03-01T15:01:24+0800", "level": "WARNING", "logger": "etl_logger", "message": "POST failed (VFSC2 2026-02-26) attempt 3: 502 Server Error: Bad Gateway for url: https://report.vantagemarkets.com/api/cc-detail/download, took 0.2s", "service": "cc_reconcile", "stage": "download_davinci", "status": "ok"}
{"timestamp": "2026-03-01T15:01:24+0800", "level": "ERROR", "logger": "etl_logger", "message": "POST failed after 3 attempts (VFSC2 2026-02-26)", "service": "cc_reconcile", "stage": "download_davinci", "status": "ok"}
{"timestamp": "2026-03-01T15:01:24+0800", "level": "WARNING", "logger": "etl_logger", "message": "POST failed (VFSC2 2026-02-27) attempt 1: 500 Server Error: Internal Server Error for url: https://report.vantagemarkets.com/api/cc-detail/download, took 0.2s", "service": "cc_reconcile", "stage": "download_davinci", "status": "ok"}
{"timestamp": "2026-03-01T15:01:30+0800", "level": "WARNING", "logger": "etl_logger", "message": "POST failed (VFSC2 2026-02-27) attempt 2: 500 Server Error: Internal Server Error for url: https://report.vantagemarkets.com/api/cc-detail/download, took 0.2s", "service": "cc_reconcile", "stage": "download_davinci", "status": "ok"}
{"timestamp": "2026-03-01T15:01:35+0800", "level": "WARNING", "logger": "etl_logger", "message": "POST failed (VFSC2 2026-02-27) attempt 3: 500 Server Error: Internal Server Error for url: https://report.vantagemarkets.com/api/cc-detail/download, took 0.2s", "service": "cc_reconcile", "stage": "download_davinci", "status": "ok"}
{"timestamp": "2026-03-01T15:01:35+0800", "level": "ERROR", "logger": "etl_logger", "message": "POST failed after 3 attempts (VFSC2 2026-02-27)", "service": "cc_reconcile", "stage": "download_davinci", "status": "ok"}
{"timestamp": "2026-03-01T15:01:35+0800", "level": "WARNING", "logger": "etl_logger", "message": "POST failed (VFSC2 2026-02-28) attempt 1: 500 Server Error: Internal Server Error for url: https://report.vantagemarkets.com/api/cc-detail/download, took 0.2s", "service": "cc_reconcile", "stage": "download_davinci", "status": "ok"}
{"timestamp": "2026-03-01T15:01:40+0800", "level": "WARNING", "logger": "etl_logger", "message": "POST failed (VFSC2 2026-02-28) attempt 2: 500 Server Error: Internal Server Error for url: https://report.vantagemarkets.com/api/cc-detail/download, took 0.2s", "service": "cc_reconcile", "stage": "download_davinci", "status": "ok"}
{"timestamp": "2026-03-01T15:01:45+0800", "level": "WARNING", "logger": "etl_logger", "message": "POST failed (VFSC2 2026-02-28) attempt 3: 500 Server Error: Internal Server Error for url: https://report.vantagemarkets.com/api/cc-detail/download, took 0.2s", "service": "cc_reconcile", "stage": "download_davinci", "status": "ok"}
{"timestamp": "2026-03-01T15:01:45+0800", "level": "ERROR", "logger": "etl_logger", "message": "POST failed after 3 attempts (VFSC2 2026-02-28)", "service": "cc_reconcile", "stage": "download_davinci", "status": "ok"}
{"timestamp": "2026-03-01T15:01:46+0800", "level": "WARNING", "logger": "etl_logger", "message": "POST failed (VFSC2 2026-03-01) attempt 1: 500 Server Error: Internal Server Error for url: https://report.vantagemarkets.com/api/cc-detail/download, took 0.2s", "service": "cc_reconcile", "stage": "download_davinci", "status": "ok"}
{"timestamp": "2026-03-01T15:01:51+0800", "level": "WARNING", "logger": "etl_logger", "message": "POST failed (VFSC2 2026-03-01) attempt 2: 502 Server Error: Bad Gateway for url: https://report.vantagemarkets.com/api/cc-detail/download, took 0.2s", "service": "cc_reconcile", "stage": "download_davinci", "status": "ok"}
{"timestamp": "2026-03-01T15:01:56+0800", "level": "WARNING", "logger": "etl_logger", "message": "POST failed (VFSC2 2026-03-01) attempt 3: 500 Server Error: Internal Server Error for url: https://report.vantagemarkets.com/api/cc-detail/download, took 0.2s", "service": "cc_reconcile", "stage": "download_davinci", "status": "ok"}
{"timestamp": "2026-03-01T15:01:56+0800", "level": "ERROR", "logger": "etl_logger", "message": "POST failed after 3 attempts (VFSC2 2026-03-01)", "service": "cc_reconcile", "stage": "download_davinci", "status": "ok"}
{"timestamp": "2026-03-01T15:01:56+0800", "level": "INFO", "logger": "etl_logger", "message": "Finish downloading Davinci CC - VFSC2 Report", "service": "cc_reconcile", "stage": "download_davinci", "status": "ok"}
{"timestamp": "2026-03-01T15:01:56+0800", "level": "WARNING", "logger": "etl_logger", "message": "No data downloaded for any brand.", "service": "cc_reconcile", "stage": "download_davinci", "status": "ok"}
Traceback (most recent call last):
  File "/app/main.py", line 72, in <module>
    main()
  File "/app/main.py", line 25, in main
    logger.info(f"Download CRM CC Report Finish ，Total: {len(crm_cc)}")
TypeError: object of type 'NoneType' has no len()
{"timestamp": "2026-03-01T16:00:01+0800", "level": "INFO", "logger": "etl_logger", "message": "Start download reports...", "service": "cc_reconcile", "stage": "download", "status": "ok"}
{"timestamp": "2026-03-01T16:00:04+0800", "level": "INFO", "logger": "etl_logger", "message": "Payabl Login Success and Get Token Success", "service": "cc_reconcile", "stage": "download_payabl", "status": "ok"}
{"timestamp": "2026-03-01T16:00:04+0800", "level": "INFO", "logger": "etl_logger", "message": "Start downloading Payabl CC Report for date: 2026-02-28...", "service": "cc_reconcile", "stage": "download_payabl", "status": "ok"}
{"timestamp": "2026-03-01T16:00:17+0800", "level": "INFO", "logger": "etl_logger", "message": "Start downloading Payabl CC Report for date: 2026-03-01...", "service": "cc_reconcile", "stage": "download_payabl", "status": "ok"}
{"timestamp": "2026-03-01T16:00:25+0800", "level": "INFO", "logger": "etl_logger", "message": "Finish downloading Payabl CC Report", "service": "cc_reconcile", "stage": "download_payabl", "status": "ok"}
{"timestamp": "2026-03-01T16:00:25+0800", "level": "INFO", "logger": "etl_logger", "message": "Download Payabl CC Report Finish ，Total: 22912", "service": "cc_reconcile", "stage": "download", "status": "ok"}
{"timestamp": "2026-03-01T16:00:25+0800", "level": "INFO", "logger": "etl_logger", "message": "Login attempt 1/5", "service": "cc_reconcile", "stage": "download_davinci", "status": "ok"}
{"timestamp": "2026-03-01T16:00:27+0800", "level": "INFO", "logger": "etl_logger", "message": "Login response status=200, url=https://admin.vantagemarkets.com/admin/main, cookies=4", "service": "cc_reconcile", "stage": "download_davinci", "status": "ok"}
{"timestamp": "2026-03-01T16:00:27+0800", "level": "INFO", "logger": "etl_logger", "message": "Login successful", "service": "cc_reconcile", "stage": "download_davinci", "status": "ok"}
{"timestamp": "2026-03-01T16:00:27+0800", "level": "INFO", "logger": "etl_logger", "message": "Token obtained successfully", "service": "cc_reconcile", "stage": "download_davinci", "status": "ok"}
{"timestamp": "2026-03-01T16:00:27+0800", "level": "INFO", "logger": "etl_logger", "message": "Start downloading Davinci CC Report for brand: VFSC...", "service": "cc_reconcile", "stage": "download_davinci", "status": "ok"}
{"timestamp": "2026-03-01T16:00:27+0800", "level": "WARNING", "logger": "etl_logger", "message": "POST failed (VFSC 2026-02-26) attempt 1: 500 Server Error: Internal Server Error for url: https://report.vantagemarkets.com/api/cc-detail/download, took 0.3s", "service": "cc_reconcile", "stage": "download_davinci", "status": "ok"}
{"timestamp": "2026-03-01T16:00:32+0800", "level": "WARNING", "logger": "etl_logger", "message": "POST failed (VFSC 2026-02-26) attempt 2: 500 Server Error: Internal Server Error for url: https://report.vantagemarkets.com/api/cc-detail/download, took 0.2s", "service": "cc_reconcile", "stage": "download_davinci", "status": "ok"}
{"timestamp": "2026-03-01T16:00:37+0800", "level": "WARNING", "logger": "etl_logger", "message": "POST failed (VFSC 2026-02-26) attempt 3: 500 Server Error: Internal Server Error for url: https://report.vantagemarkets.com/api/cc-detail/download, took 0.2s", "service": "cc_reconcile", "stage": "download_davinci", "status": "ok"}
{"timestamp": "2026-03-01T16:00:37+0800", "level": "ERROR", "logger": "etl_logger", "message": "POST failed after 3 attempts (VFSC 2026-02-26)", "service": "cc_reconcile", "stage": "download_davinci", "status": "ok"}
{"timestamp": "2026-03-01T16:00:38+0800", "level": "WARNING", "logger": "etl_logger", "message": "POST failed (VFSC 2026-02-27) attempt 1: 500 Server Error: Internal Server Error for url: https://report.vantagemarkets.com/api/cc-detail/download, took 0.2s", "service": "cc_reconcile", "stage": "download_davinci", "status": "ok"}
{"timestamp": "2026-03-01T16:00:43+0800", "level": "WARNING", "logger": "etl_logger", "message": "POST failed (VFSC 2026-02-27) attempt 2: 500 Server Error: Internal Server Error for url: https://report.vantagemarkets.com/api/cc-detail/download, took 0.2s", "service": "cc_reconcile", "stage": "download_davinci", "status": "ok"}
{"timestamp": "2026-03-01T16:00:48+0800", "level": "WARNING", "logger": "etl_logger", "message": "POST failed (VFSC 2026-02-27) attempt 3: 500 Server Error: Internal Server Error for url: https://report.vantagemarkets.com/api/cc-detail/download, took 0.2s", "service": "cc_reconcile", "stage": "download_davinci", "status": "ok"}
{"timestamp": "2026-03-01T16:00:48+0800", "level": "ERROR", "logger": "etl_logger", "message": "POST failed after 3 attempts (VFSC 2026-02-27)", "service": "cc_reconcile", "stage": "download_davinci", "status": "ok"}
{"timestamp": "2026-03-01T16:00:48+0800", "level": "WARNING", "logger": "etl_logger", "message": "POST failed (VFSC 2026-02-28) attempt 1: 502 Server Error: Bad Gateway for url: https://report.vantagemarkets.com/api/cc-detail/download, took 0.2s", "service": "cc_reconcile", "stage": "download_davinci", "status": "ok"}
{"timestamp": "2026-03-01T16:00:54+0800", "level": "WARNING", "logger": "etl_logger", "message": "POST failed (VFSC 2026-02-28) attempt 2: 500 Server Error: Internal Server Error for url: https://report.vantagemarkets.com/api/cc-detail/download, took 0.2s", "service": "cc_reconcile", "stage": "download_davinci", "status": "ok"}
{"timestamp": "2026-03-01T16:00:59+0800", "level": "WARNING", "logger": "etl_logger", "message": "POST failed (VFSC 2026-02-28) attempt 3: 500 Server Error: Internal Server Error for url: https://report.vantagemarkets.com/api/cc-detail/download, took 0.2s", "service": "cc_reconcile", "stage": "download_davinci", "status": "ok"}
{"timestamp": "2026-03-01T16:00:59+0800", "level": "ERROR", "logger": "etl_logger", "message": "POST failed after 3 attempts (VFSC 2026-02-28)", "service": "cc_reconcile", "stage": "download_davinci", "status": "ok"}
{"timestamp": "2026-03-01T16:00:59+0800", "level": "WARNING", "logger": "etl_logger", "message": "POST failed (VFSC 2026-03-01) attempt 1: 502 Server Error: Bad Gateway for url: https://report.vantagemarkets.com/api/cc-detail/download, took 0.2s", "service": "cc_reconcile", "stage": "download_davinci", "status": "ok"}
{"timestamp": "2026-03-01T16:01:04+0800", "level": "WARNING", "logger": "etl_logger", "message": "POST failed (VFSC 2026-03-01) attempt 2: 500 Server Error: Internal Server Error for url: https://report.vantagemarkets.com/api/cc-detail/download, took 0.2s", "service": "cc_reconcile", "stage": "download_davinci", "status": "ok"}
{"timestamp": "2026-03-01T16:01:10+0800", "level": "WARNING", "logger": "etl_logger", "message": "POST failed (VFSC 2026-03-01) attempt 3: 500 Server Error: Internal Server Error for url: https://report.vantagemarkets.com/api/cc-detail/download, took 0.2s", "service": "cc_reconcile", "stage": "download_davinci", "status": "ok"}
{"timestamp": "2026-03-01T16:01:10+0800", "level": "ERROR", "logger": "etl_logger", "message": "POST failed after 3 attempts (VFSC 2026-03-01)", "service": "cc_reconcile", "stage": "download_davinci", "status": "ok"}
{"timestamp": "2026-03-01T16:01:10+0800", "level": "INFO", "logger": "etl_logger", "message": "Finish downloading Davinci CC - VFSC Report", "service": "cc_reconcile", "stage": "download_davinci", "status": "ok"}
{"timestamp": "2026-03-01T16:01:10+0800", "level": "INFO", "logger": "etl_logger", "message": "Start downloading Davinci CC Report for brand: VFSC2...", "service": "cc_reconcile", "stage": "download_davinci", "status": "ok"}
{"timestamp": "2026-03-01T16:01:10+0800", "level": "WARNING", "logger": "etl_logger", "message": "POST failed (VFSC2 2026-02-26) attempt 1: 500 Server Error: Internal Server Error for url: https://report.vantagemarkets.com/api/cc-detail/download, took 0.2s", "service": "cc_reconcile", "stage": "download_davinci", "status": "ok"}
{"timestamp": "2026-03-01T16:01:15+0800", "level": "WARNING", "logger": "etl_logger", "message": "POST failed (VFSC2 2026-02-26) attempt 2: 500 Server Error: Internal Server Error for url: https://report.vantagemarkets.com/api/cc-detail/download, took 0.2s", "service": "cc_reconcile", "stage": "download_davinci", "status": "ok"}
{"timestamp": "2026-03-01T16:01:20+0800", "level": "WARNING", "logger": "etl_logger", "message": "POST failed (VFSC2 2026-02-26) attempt 3: 500 Server Error: Internal Server Error for url: https://report.vantagemarkets.com/api/cc-detail/download, took 0.2s", "service": "cc_reconcile", "stage": "download_davinci", "status": "ok"}
{"timestamp": "2026-03-01T16:01:20+0800", "level": "ERROR", "logger": "etl_logger", "message": "POST failed after 3 attempts (VFSC2 2026-02-26)", "service": "cc_reconcile", "stage": "download_davinci", "status": "ok"}
{"timestamp": "2026-03-01T16:01:20+0800", "level": "WARNING", "logger": "etl_logger", "message": "POST failed (VFSC2 2026-02-27) attempt 1: 500 Server Error: Internal Server Error for url: https://report.vantagemarkets.com/api/cc-detail/download, took 0.2s", "service": "cc_reconcile", "stage": "download_davinci", "status": "ok"}
{"timestamp": "2026-03-01T16:01:26+0800", "level": "WARNING", "logger": "etl_logger", "message": "POST failed (VFSC2 2026-02-27) attempt 2: 500 Server Error: Internal Server Error for url: https://report.vantagemarkets.com/api/cc-detail/download, took 0.2s", "service": "cc_reconcile", "stage": "download_davinci", "status": "ok"}
{"timestamp": "2026-03-01T16:01:31+0800", "level": "WARNING", "logger": "etl_logger", "message": "POST failed (VFSC2 2026-02-27) attempt 3: 500 Server Error: Internal Server Error for url: https://report.vantagemarkets.com/api/cc-detail/download, took 0.2s", "service": "cc_reconcile", "stage": "download_davinci", "status": "ok"}
{"timestamp": "2026-03-01T16:01:31+0800", "level": "ERROR", "logger": "etl_logger", "message": "POST failed after 3 attempts (VFSC2 2026-02-27)", "service": "cc_reconcile", "stage": "download_davinci", "status": "ok"}
{"timestamp": "2026-03-01T16:01:31+0800", "level": "WARNING", "logger": "etl_logger", "message": "POST failed (VFSC2 2026-02-28) attempt 1: 500 Server Error: Internal Server Error for url: https://report.vantagemarkets.com/api/cc-detail/download, took 0.2s", "service": "cc_reconcile", "stage": "download_davinci", "status": "ok"}
{"timestamp": "2026-03-01T16:01:36+0800", "level": "WARNING", "logger": "etl_logger", "message": "POST failed (VFSC2 2026-02-28) attempt 2: 500 Server Error: Internal Server Error for url: https://report.vantagemarkets.com/api/cc-detail/download, took 0.2s", "service": "cc_reconcile", "stage": "download_davinci", "status": "ok"}
{"timestamp": "2026-03-01T16:01:42+0800", "level": "WARNING", "logger": "etl_logger", "message": "POST failed (VFSC2 2026-02-28) attempt 3: 500 Server Error: Internal Server Error for url: https://report.vantagemarkets.com/api/cc-detail/download, took 0.2s", "service": "cc_reconcile", "stage": "download_davinci", "status": "ok"}
{"timestamp": "2026-03-01T16:01:42+0800", "level": "ERROR", "logger": "etl_logger", "message": "POST failed after 3 attempts (VFSC2 2026-02-28)", "service": "cc_reconcile", "stage": "download_davinci", "status": "ok"}
{"timestamp": "2026-03-01T16:01:42+0800", "level": "WARNING", "logger": "etl_logger", "message": "POST failed (VFSC2 2026-03-01) attempt 1: 500 Server Error: Internal Server Error for url: https://report.vantagemarkets.com/api/cc-detail/download, took 0.2s", "service": "cc_reconcile", "stage": "download_davinci", "status": "ok"}
{"timestamp": "2026-03-01T16:01:47+0800", "level": "WARNING", "logger": "etl_logger", "message": "POST failed (VFSC2 2026-03-01) attempt 2: 502 Server Error: Bad Gateway for url: https://report.vantagemarkets.com/api/cc-detail/download, took 0.2s", "service": "cc_reconcile", "stage": "download_davinci", "status": "ok"}
{"timestamp": "2026-03-01T16:01:52+0800", "level": "WARNING", "logger": "etl_logger", "message": "POST failed (VFSC2 2026-03-01) attempt 3: 500 Server Error: Internal Server Error for url: https://report.vantagemarkets.com/api/cc-detail/download, took 0.2s", "service": "cc_reconcile", "stage": "download_davinci", "status": "ok"}
{"timestamp": "2026-03-01T16:01:52+0800", "level": "ERROR", "logger": "etl_logger", "message": "POST failed after 3 attempts (VFSC2 2026-03-01)", "service": "cc_reconcile", "stage": "download_davinci", "status": "ok"}
{"timestamp": "2026-03-01T16:01:52+0800", "level": "INFO", "logger": "etl_logger", "message": "Finish downloading Davinci CC - VFSC2 Report", "service": "cc_reconcile", "stage": "download_davinci", "status": "ok"}
{"timestamp": "2026-03-01T16:01:52+0800", "level": "WARNING", "logger": "etl_logger", "message": "No data downloaded for any brand.", "service": "cc_reconcile", "stage": "download_davinci", "status": "ok"}
Traceback (most recent call last):
  File "/app/main.py", line 72, in <module>
    main()
  File "/app/main.py", line 25, in main
    logger.info(f"Download CRM CC Report Finish ，Total: {len(crm_cc)}")
TypeError: object of type 'NoneType' has no len()
{"timestamp": "2026-03-01T17:00:01+0800", "level": "INFO", "logger": "etl_logger", "message": "Start download reports...", "service": "cc_reconcile", "stage": "download", "status": "ok"}
{"timestamp": "2026-03-01T17:00:04+0800", "level": "INFO", "logger": "etl_logger", "message": "Payabl Login Success and Get Token Success", "service": "cc_reconcile", "stage": "download_payabl", "status": "ok"}
{"timestamp": "2026-03-01T17:00:04+0800", "level": "INFO", "logger": "etl_logger", "message": "Start downloading Payabl CC Report for date: 2026-02-28...", "service": "cc_reconcile", "stage": "download_payabl", "status": "ok"}
{"timestamp": "2026-03-01T17:00:17+0800", "level": "INFO", "logger": "etl_logger", "message": "Start downloading Payabl CC Report for date: 2026-03-01...", "service": "cc_reconcile", "stage": "download_payabl", "status": "ok"}
{"timestamp": "2026-03-01T17:00:28+0800", "level": "INFO", "logger": "etl_logger", "message": "Finish downloading Payabl CC Report", "service": "cc_reconcile", "stage": "download_payabl", "status": "ok"}
{"timestamp": "2026-03-01T17:00:28+0800", "level": "INFO", "logger": "etl_logger", "message": "Download Payabl CC Report Finish ，Total: 23637", "service": "cc_reconcile", "stage": "download", "status": "ok"}
{"timestamp": "2026-03-01T17:00:28+0800", "level": "INFO", "logger": "etl_logger", "message": "Login attempt 1/5", "service": "cc_reconcile", "stage": "download_davinci", "status": "ok"}
{"timestamp": "2026-03-01T17:00:29+0800", "level": "INFO", "logger": "etl_logger", "message": "Login response status=200, url=https://admin.vantagemarkets.com/admin/main, cookies=4", "service": "cc_reconcile", "stage": "download_davinci", "status": "ok"}
{"timestamp": "2026-03-01T17:00:29+0800", "level": "INFO", "logger": "etl_logger", "message": "Login successful", "service": "cc_reconcile", "stage": "download_davinci", "status": "ok"}
{"timestamp": "2026-03-01T17:00:29+0800", "level": "INFO", "logger": "etl_logger", "message": "Token obtained successfully", "service": "cc_reconcile", "stage": "download_davinci", "status": "ok"}
{"timestamp": "2026-03-01T17:00:29+0800", "level": "INFO", "logger": "etl_logger", "message": "Start downloading Davinci CC Report for brand: VFSC...", "service": "cc_reconcile", "stage": "download_davinci", "status": "ok"}
{"timestamp": "2026-03-01T17:00:30+0800", "level": "WARNING", "logger": "etl_logger", "message": "POST failed (VFSC 2026-02-26) attempt 1: 500 Server Error: Internal Server Error for url: https://report.vantagemarkets.com/api/cc-detail/download, took 0.9s", "service": "cc_reconcile", "stage": "download_davinci", "status": "ok"}
{"timestamp": "2026-03-01T17:00:35+0800", "level": "WARNING", "logger": "etl_logger", "message": "POST failed (VFSC 2026-02-26) attempt 2: 500 Server Error: Internal Server Error for url: https://report.vantagemarkets.com/api/cc-detail/download, took 0.2s", "service": "cc_reconcile", "stage": "download_davinci", "status": "ok"}
{"timestamp": "2026-03-01T17:00:40+0800", "level": "WARNING", "logger": "etl_logger", "message": "POST failed (VFSC 2026-02-26) attempt 3: 500 Server Error: Internal Server Error for url: https://report.vantagemarkets.com/api/cc-detail/download, took 0.2s", "service": "cc_reconcile", "stage": "download_davinci", "status": "ok"}
{"timestamp": "2026-03-01T17:00:40+0800", "level": "ERROR", "logger": "etl_logger", "message": "POST failed after 3 attempts (VFSC 2026-02-26)", "service": "cc_reconcile", "stage": "download_davinci", "status": "ok"}
{"timestamp": "2026-03-01T17:00:40+0800", "level": "WARNING", "logger": "etl_logger", "message": "POST failed (VFSC 2026-02-27) attempt 1: 500 Server Error: Internal Server Error for url: https://report.vantagemarkets.com/api/cc-detail/download, took 0.2s", "service": "cc_reconcile", "stage": "download_davinci", "status": "ok"}
{"timestamp": "2026-03-01T17:00:46+0800", "level": "WARNING", "logger": "etl_logger", "message": "POST failed (VFSC 2026-02-27) attempt 2: 500 Server Error: Internal Server Error for url: https://report.vantagemarkets.com/api/cc-detail/download, took 0.2s", "service": "cc_reconcile", "stage": "download_davinci", "status": "ok"}
{"timestamp": "2026-03-01T17:00:51+0800", "level": "WARNING", "logger": "etl_logger", "message": "POST failed (VFSC 2026-02-27) attempt 3: 500 Server Error: Internal Server Error for url: https://report.vantagemarkets.com/api/cc-detail/download, took 0.2s", "service": "cc_reconcile", "stage": "download_davinci", "status": "ok"}
{"timestamp": "2026-03-01T17:00:51+0800", "level": "ERROR", "logger": "etl_logger", "message": "POST failed after 3 attempts (VFSC 2026-02-27)", "service": "cc_reconcile", "stage": "download_davinci", "status": "ok"}
{"timestamp": "2026-03-01T17:00:51+0800", "level": "WARNING", "logger": "etl_logger", "message": "POST failed (VFSC 2026-02-28) attempt 1: 502 Server Error: Bad Gateway for url: https://report.vantagemarkets.com/api/cc-detail/download, took 0.2s", "service": "cc_reconcile", "stage": "download_davinci", "status": "ok"}
{"timestamp": "2026-03-01T17:00:56+0800", "level": "WARNING", "logger": "etl_logger", "message": "POST failed (VFSC 2026-02-28) attempt 2: 500 Server Error: Internal Server Error for url: https://report.vantagemarkets.com/api/cc-detail/download, took 0.2s", "service": "cc_reconcile", "stage": "download_davinci", "status": "ok"}
{"timestamp": "2026-03-01T17:01:02+0800", "level": "WARNING", "logger": "etl_logger", "message": "POST failed (VFSC 2026-02-28) attempt 3: 500 Server Error: Internal Server Error for url: https://report.vantagemarkets.com/api/cc-detail/download, took 0.2s", "service": "cc_reconcile", "stage": "download_davinci", "status": "ok"}
{"timestamp": "2026-03-01T17:01:02+0800", "level": "ERROR", "logger": "etl_logger", "message": "POST failed after 3 attempts (VFSC 2026-02-28)", "service": "cc_reconcile", "stage": "download_davinci", "status": "ok"}
{"timestamp": "2026-03-01T17:01:02+0800", "level": "WARNING", "logger": "etl_logger", "message": "POST failed (VFSC 2026-03-01) attempt 1: 500 Server Error: Internal Server Error for url: https://report.vantagemarkets.com/api/cc-detail/download, took 0.2s", "service": "cc_reconcile", "stage": "download_davinci", "status": "ok"}
{"timestamp": "2026-03-01T17:01:07+0800", "level": "WARNING", "logger": "etl_logger", "message": "POST failed (VFSC 2026-03-01) attempt 2: 500 Server Error: Internal Server Error for url: https://report.vantagemarkets.com/api/cc-detail/download, took 0.2s", "service": "cc_reconcile", "stage": "download_davinci", "status": "ok"}
{"timestamp": "2026-03-01T17:01:12+0800", "level": "WARNING", "logger": "etl_logger", "message": "POST failed (VFSC 2026-03-01) attempt 3: 500 Server Error: Internal Server Error for url: https://report.vantagemarkets.com/api/cc-detail/download, took 0.2s", "service": "cc_reconcile", "stage": "download_davinci", "status": "ok"}
{"timestamp": "2026-03-01T17:01:12+0800", "level": "ERROR", "logger": "etl_logger", "message": "POST failed after 3 attempts (VFSC 2026-03-01)", "service": "cc_reconcile", "stage": "download_davinci", "status": "ok"}
{"timestamp": "2026-03-01T17:01:12+0800", "level": "INFO", "logger": "etl_logger", "message": "Finish downloading Davinci CC - VFSC Report", "service": "cc_reconcile", "stage": "download_davinci", "status": "ok"}
{"timestamp": "2026-03-01T17:01:12+0800", "level": "INFO", "logger": "etl_logger", "message": "Start downloading Davinci CC Report for brand: VFSC2...", "service": "cc_reconcile", "stage": "download_davinci", "status": "ok"}
{"timestamp": "2026-03-01T17:01:13+0800", "level": "WARNING", "logger": "etl_logger", "message": "POST failed (VFSC2 2026-02-26) attempt 1: 500 Server Error: Internal Server Error for url: https://report.vantagemarkets.com/api/cc-detail/download, took 0.2s", "service": "cc_reconcile", "stage": "download_davinci", "status": "ok"}
{"timestamp": "2026-03-01T17:01:18+0800", "level": "WARNING", "logger": "etl_logger", "message": "POST failed (VFSC2 2026-02-26) attempt 2: 500 Server Error: Internal Server Error for url: https://report.vantagemarkets.com/api/cc-detail/download, took 0.2s", "service": "cc_reconcile", "stage": "download_davinci", "status": "ok"}
{"timestamp": "2026-03-01T17:01:23+0800", "level": "WARNING", "logger": "etl_logger", "message": "POST failed (VFSC2 2026-02-26) attempt 3: 500 Server Error: Internal Server Error for url: https://report.vantagemarkets.com/api/cc-detail/download, took 0.2s", "service": "cc_reconcile", "stage": "download_davinci", "status": "ok"}
{"timestamp": "2026-03-01T17:01:23+0800", "level": "ERROR", "logger": "etl_logger", "message": "POST failed after 3 attempts (VFSC2 2026-02-26)", "service": "cc_reconcile", "stage": "download_davinci", "status": "ok"}
{"timestamp": "2026-03-01T17:01:23+0800", "level": "WARNING", "logger": "etl_logger", "message": "POST failed (VFSC2 2026-02-27) attempt 1: 500 Server Error: Internal Server Error for url: https://report.vantagemarkets.com/api/cc-detail/download, took 0.2s", "service": "cc_reconcile", "stage": "download_davinci", "status": "ok"}
{"timestamp": "2026-03-01T17:01:28+0800", "level": "WARNING", "logger": "etl_logger", "message": "POST failed (VFSC2 2026-02-27) attempt 2: 500 Server Error: Internal Server Error for url: https://report.vantagemarkets.com/api/cc-detail/download, took 0.2s", "service": "cc_reconcile", "stage": "download_davinci", "status": "ok"}
{"timestamp": "2026-03-01T17:01:34+0800", "level": "WARNING", "logger": "etl_logger", "message": "POST failed (VFSC2 2026-02-27) attempt 3: 500 Server Error: Internal Server Error for url: https://report.vantagemarkets.com/api/cc-detail/download, took 0.2s", "service": "cc_reconcile", "stage": "download_davinci", "status": "ok"}
{"timestamp": "2026-03-01T17:01:34+0800", "level": "ERROR", "logger": "etl_logger", "message": "POST failed after 3 attempts (VFSC2 2026-02-27)", "service": "cc_reconcile", "stage": "download_davinci", "status": "ok"}
{"timestamp": "2026-03-01T17:01:34+0800", "level": "WARNING", "logger": "etl_logger", "message": "POST failed (VFSC2 2026-02-28) attempt 1: 500 Server Error: Internal Server Error for url: https://report.vantagemarkets.com/api/cc-detail/download, took 0.2s", "service": "cc_reconcile", "stage": "download_davinci", "status": "ok"}
{"timestamp": "2026-03-01T17:01:39+0800", "level": "WARNING", "logger": "etl_logger", "message": "POST failed (VFSC2 2026-02-28) attempt 2: 500 Server Error: Internal Server Error for url: https://report.vantagemarkets.com/api/cc-detail/download, took 0.2s", "service": "cc_reconcile", "stage": "download_davinci", "status": "ok"}
{"timestamp": "2026-03-01T17:01:44+0800", "level": "WARNING", "logger": "etl_logger", "message": "POST failed (VFSC2 2026-02-28) attempt 3: 500 Server Error: Internal Server Error for url: https://report.vantagemarkets.com/api/cc-detail/download, took 0.2s", "service": "cc_reconcile", "stage": "download_davinci", "status": "ok"}
{"timestamp": "2026-03-01T17:01:44+0800", "level": "ERROR", "logger": "etl_logger", "message": "POST failed after 3 attempts (VFSC2 2026-02-28)", "service": "cc_reconcile", "stage": "download_davinci", "status": "ok"}
{"timestamp": "2026-03-01T17:01:45+0800", "level": "WARNING", "logger": "etl_logger", "message": "POST failed (VFSC2 2026-03-01) attempt 1: 500 Server Error: Internal Server Error for url: https://report.vantagemarkets.com/api/cc-detail/download, took 0.2s", "service": "cc_reconcile", "stage": "download_davinci", "status": "ok"}
{"timestamp": "2026-03-01T17:01:50+0800", "level": "WARNING", "logger": "etl_logger", "message": "POST failed (VFSC2 2026-03-01) attempt 2: 500 Server Error: Internal Server Error for url: https://report.vantagemarkets.com/api/cc-detail/download, took 0.2s", "service": "cc_reconcile", "stage": "download_davinci", "status": "ok"}
{"timestamp": "2026-03-01T17:01:55+0800", "level": "WARNING", "logger": "etl_logger", "message": "POST failed (VFSC2 2026-03-01) attempt 3: 500 Server Error: Internal Server Error for url: https://report.vantagemarkets.com/api/cc-detail/download, took 0.2s", "service": "cc_reconcile", "stage": "download_davinci", "status": "ok"}
{"timestamp": "2026-03-01T17:01:55+0800", "level": "ERROR", "logger": "etl_logger", "message": "POST failed after 3 attempts (VFSC2 2026-03-01)", "service": "cc_reconcile", "stage": "download_davinci", "status": "ok"}
{"timestamp": "2026-03-01T17:01:55+0800", "level": "INFO", "logger": "etl_logger", "message": "Finish downloading Davinci CC - VFSC2 Report", "service": "cc_reconcile", "stage": "download_davinci", "status": "ok"}
{"timestamp": "2026-03-01T17:01:55+0800", "level": "WARNING", "logger": "etl_logger", "message": "No data downloaded for any brand.", "service": "cc_reconcile", "stage": "download_davinci", "status": "ok"}
Traceback (most recent call last):
  File "/app/main.py", line 72, in <module>
    main()
  File "/app/main.py", line 25, in main
    logger.info(f"Download CRM CC Report Finish ，Total: {len(crm_cc)}")
TypeError: object of type 'NoneType' has no len()
{"timestamp": "2026-03-01T18:00:02+0800", "level": "INFO", "logger": "etl_logger", "message": "Start download reports...", "service": "cc_reconcile", "stage": "download", "status": "ok"}
{"timestamp": "2026-03-01T18:00:05+0800", "level": "INFO", "logger": "etl_logger", "message": "Payabl Login Success and Get Token Success", "service": "cc_reconcile", "stage": "download_payabl", "status": "ok"}
{"timestamp": "2026-03-01T18:00:05+0800", "level": "INFO", "logger": "etl_logger", "message": "Start downloading Payabl CC Report for date: 2026-02-28...", "service": "cc_reconcile", "stage": "download_payabl", "status": "ok"}
{"timestamp": "2026-03-01T18:00:16+0800", "level": "INFO", "logger": "etl_logger", "message": "Start downloading Payabl CC Report for date: 2026-03-01...", "service": "cc_reconcile", "stage": "download_payabl", "status": "ok"}
{"timestamp": "2026-03-01T18:00:26+0800", "level": "INFO", "logger": "etl_logger", "message": "Finish downloading Payabl CC Report", "service": "cc_reconcile", "stage": "download_payabl", "status": "ok"}
{"timestamp": "2026-03-01T18:00:26+0800", "level": "INFO", "logger": "etl_logger", "message": "Download Payabl CC Report Finish ，Total: 24755", "service": "cc_reconcile", "stage": "download", "status": "ok"}
{"timestamp": "2026-03-01T18:00:26+0800", "level": "INFO", "logger": "etl_logger", "message": "Login attempt 1/5", "service": "cc_reconcile", "stage": "download_davinci", "status": "ok"}
{"timestamp": "2026-03-01T18:00:28+0800", "level": "INFO", "logger": "etl_logger", "message": "Login response status=200, url=https://admin.vantagemarkets.com/admin/main, cookies=4", "service": "cc_reconcile", "stage": "download_davinci", "status": "ok"}
{"timestamp": "2026-03-01T18:00:28+0800", "level": "INFO", "logger": "etl_logger", "message": "Login successful", "service": "cc_reconcile", "stage": "download_davinci", "status": "ok"}
{"timestamp": "2026-03-01T18:00:28+0800", "level": "INFO", "logger": "etl_logger", "message": "Token obtained successfully", "service": "cc_reconcile", "stage": "download_davinci", "status": "ok"}
{"timestamp": "2026-03-01T18:00:28+0800", "level": "INFO", "logger": "etl_logger", "message": "Start downloading Davinci CC Report for brand: VFSC...", "service": "cc_reconcile", "stage": "download_davinci", "status": "ok"}
{"timestamp": "2026-03-01T18:00:28+0800", "level": "WARNING", "logger": "etl_logger", "message": "POST failed (VFSC 2026-02-26) attempt 1: 500 Server Error: Internal Server Error for url: https://report.vantagemarkets.com/api/cc-detail/download, took 0.3s", "service": "cc_reconcile", "stage": "download_davinci", "status": "ok"}
{"timestamp": "2026-03-01T18:00:33+0800", "level": "WARNING", "logger": "etl_logger", "message": "POST failed (VFSC 2026-02-26) attempt 2: 500 Server Error: Internal Server Error for url: https://report.vantagemarkets.com/api/cc-detail/download, took 0.2s", "service": "cc_reconcile", "stage": "download_davinci", "status": "ok"}
{"timestamp": "2026-03-01T18:00:39+0800", "level": "WARNING", "logger": "etl_logger", "message": "POST failed (VFSC 2026-02-26) attempt 3: 500 Server Error: Internal Server Error for url: https://report.vantagemarkets.com/api/cc-detail/download, took 0.2s", "service": "cc_reconcile", "stage": "download_davinci", "status": "ok"}
{"timestamp": "2026-03-01T18:00:39+0800", "level": "ERROR", "logger": "etl_logger", "message": "POST failed after 3 attempts (VFSC 2026-02-26)", "service": "cc_reconcile", "stage": "download_davinci", "status": "ok"}
{"timestamp": "2026-03-01T18:00:39+0800", "level": "WARNING", "logger": "etl_logger", "message": "POST failed (VFSC 2026-02-27) attempt 1: 500 Server Error: Internal Server Error for url: https://report.vantagemarkets.com/api/cc-detail/download, took 0.2s", "service": "cc_reconcile", "stage": "download_davinci", "status": "ok"}
{"timestamp": "2026-03-01T18:00:44+0800", "level": "WARNING", "logger": "etl_logger", "message": "POST failed (VFSC 2026-02-27) attempt 2: 502 Server Error: Bad Gateway for url: https://report.vantagemarkets.com/api/cc-detail/download, took 0.2s", "service": "cc_reconcile", "stage": "download_davinci", "status": "ok"}
{"timestamp": "2026-03-01T18:00:49+0800", "level": "WARNING", "logger": "etl_logger", "message": "POST failed (VFSC 2026-02-27) attempt 3: 500 Server Error: Internal Server Error for url: https://report.vantagemarkets.com/api/cc-detail/download, took 0.2s", "service": "cc_reconcile", "stage": "download_davinci", "status": "ok"}
{"timestamp": "2026-03-01T18:00:49+0800", "level": "ERROR", "logger": "etl_logger", "message": "POST failed after 3 attempts (VFSC 2026-02-27)", "service": "cc_reconcile", "stage": "download_davinci", "status": "ok"}
{"timestamp": "2026-03-01T18:00:49+0800", "level": "WARNING", "logger": "etl_logger", "message": "POST failed (VFSC 2026-02-28) attempt 1: 500 Server Error: Internal Server Error for url: https://report.vantagemarkets.com/api/cc-detail/download, took 0.2s", "service": "cc_reconcile", "stage": "download_davinci", "status": "ok"}
{"timestamp": "2026-03-01T18:00:55+0800", "level": "WARNING", "logger": "etl_logger", "message": "POST failed (VFSC 2026-02-28) attempt 2: 500 Server Error: Internal Server Error for url: https://report.vantagemarkets.com/api/cc-detail/download, took 0.2s", "service": "cc_reconcile", "stage": "download_davinci", "status": "ok"}
{"timestamp": "2026-03-01T18:01:00+0800", "level": "WARNING", "logger": "etl_logger", "message": "POST failed (VFSC 2026-02-28) attempt 3: 500 Server Error: Internal Server Error for url: https://report.vantagemarkets.com/api/cc-detail/download, took 0.2s", "service": "cc_reconcile", "stage": "download_davinci", "status": "ok"}
{"timestamp": "2026-03-01T18:01:00+0800", "level": "ERROR", "logger": "etl_logger", "message": "POST failed after 3 attempts (VFSC 2026-02-28)", "service": "cc_reconcile", "stage": "download_davinci", "status": "ok"}
{"timestamp": "2026-03-01T18:01:00+0800", "level": "WARNING", "logger": "etl_logger", "message": "POST failed (VFSC 2026-03-01) attempt 1: 500 Server Error: Internal Server Error for url: https://report.vantagemarkets.com/api/cc-detail/download, took 0.2s", "service": "cc_reconcile", "stage": "download_davinci", "status": "ok"}
{"timestamp": "2026-03-01T18:01:05+0800", "level": "WARNING", "logger": "etl_logger", "message": "POST failed (VFSC 2026-03-01) attempt 2: 500 Server Error: Internal Server Error for url: https://report.vantagemarkets.com/api/cc-detail/download, took 0.2s", "service": "cc_reconcile", "stage": "download_davinci", "status": "ok"}
{"timestamp": "2026-03-01T18:01:11+0800", "level": "WARNING", "logger": "etl_logger", "message": "POST failed (VFSC 2026-03-01) attempt 3: 500 Server Error: Internal Server Error for url: https://report.vantagemarkets.com/api/cc-detail/download, took 0.2s", "service": "cc_reconcile", "stage": "download_davinci", "status": "ok"}
{"timestamp": "2026-03-01T18:01:11+0800", "level": "ERROR", "logger": "etl_logger", "message": "POST failed after 3 attempts (VFSC 2026-03-01)", "service": "cc_reconcile", "stage": "download_davinci", "status": "ok"}
{"timestamp": "2026-03-01T18:01:11+0800", "level": "INFO", "logger": "etl_logger", "message": "Finish downloading Davinci CC - VFSC Report", "service": "cc_reconcile", "stage": "download_davinci", "status": "ok"}
{"timestamp": "2026-03-01T18:01:11+0800", "level": "INFO", "logger": "etl_logger", "message": "Start downloading Davinci CC Report for brand: VFSC2...", "service": "cc_reconcile", "stage": "download_davinci", "status": "ok"}
{"timestamp": "2026-03-01T18:01:11+0800", "level": "WARNING", "logger": "etl_logger", "message": "POST failed (VFSC2 2026-02-26) attempt 1: 500 Server Error: Internal Server Error for url: https://report.vantagemarkets.com/api/cc-detail/download, took 0.2s", "service": "cc_reconcile", "stage": "download_davinci", "status": "ok"}
{"timestamp": "2026-03-01T18:01:16+0800", "level": "WARNING", "logger": "etl_logger", "message": "POST failed (VFSC2 2026-02-26) attempt 2: 502 Server Error: Bad Gateway for url: https://report.vantagemarkets.com/api/cc-detail/download, took 0.2s", "service": "cc_reconcile", "stage": "download_davinci", "status": "ok"}
{"timestamp": "2026-03-01T18:01:21+0800", "level": "WARNING", "logger": "etl_logger", "message": "POST failed (VFSC2 2026-02-26) attempt 3: 500 Server Error: Internal Server Error for url: https://report.vantagemarkets.com/api/cc-detail/download, took 0.2s", "service": "cc_reconcile", "stage": "download_davinci", "status": "ok"}
{"timestamp": "2026-03-01T18:01:21+0800", "level": "ERROR", "logger": "etl_logger", "message": "POST failed after 3 attempts (VFSC2 2026-02-26)", "service": "cc_reconcile", "stage": "download_davinci", "status": "ok"}
{"timestamp": "2026-03-01T18:01:21+0800", "level": "WARNING", "logger": "etl_logger", "message": "POST failed (VFSC2 2026-02-27) attempt 1: 500 Server Error: Internal Server Error for url: https://report.vantagemarkets.com/api/cc-detail/download, took 0.2s", "service": "cc_reconcile", "stage": "download_davinci", "status": "ok"}
{"timestamp": "2026-03-01T18:01:27+0800", "level": "WARNING", "logger": "etl_logger", "message": "POST failed (VFSC2 2026-02-27) attempt 2: 500 Server Error: Internal Server Error for url: https://report.vantagemarkets.com/api/cc-detail/download, took 0.2s", "service": "cc_reconcile", "stage": "download_davinci", "status": "ok"}
{"timestamp": "2026-03-01T18:01:32+0800", "level": "WARNING", "logger": "etl_logger", "message": "POST failed (VFSC2 2026-02-27) attempt 3: 500 Server Error: Internal Server Error for url: https://report.vantagemarkets.com/api/cc-detail/download, took 0.2s", "service": "cc_reconcile", "stage": "download_davinci", "status": "ok"}
{"timestamp": "2026-03-01T18:01:32+0800", "level": "ERROR", "logger": "etl_logger", "message": "POST failed after 3 attempts (VFSC2 2026-02-27)", "service": "cc_reconcile", "stage": "download_davinci", "status": "ok"}
{"timestamp": "2026-03-01T18:01:32+0800", "level": "WARNING", "logger": "etl_logger", "message": "POST failed (VFSC2 2026-02-28) attempt 1: 500 Server Error: Internal Server Error for url: https://report.vantagemarkets.com/api/cc-detail/download, took 0.2s", "service": "cc_reconcile", "stage": "download_davinci", "status": "ok"}
{"timestamp": "2026-03-01T18:01:37+0800", "level": "WARNING", "logger": "etl_logger", "message": "POST failed (VFSC2 2026-02-28) attempt 2: 500 Server Error: Internal Server Error for url: https://report.vantagemarkets.com/api/cc-detail/download, took 0.2s", "service": "cc_reconcile", "stage": "download_davinci", "status": "ok"}
{"timestamp": "2026-03-01T18:01:43+0800", "level": "WARNING", "logger": "etl_logger", "message": "POST failed (VFSC2 2026-02-28) attempt 3: 502 Server Error: Bad Gateway for url: https://report.vantagemarkets.com/api/cc-detail/download, took 0.2s", "service": "cc_reconcile", "stage": "download_davinci", "status": "ok"}
{"timestamp": "2026-03-01T18:01:43+0800", "level": "ERROR", "logger": "etl_logger", "message": "POST failed after 3 attempts (VFSC2 2026-02-28)", "service": "cc_reconcile", "stage": "download_davinci", "status": "ok"}
{"timestamp": "2026-03-01T18:01:43+0800", "level": "WARNING", "logger": "etl_logger", "message": "POST failed (VFSC2 2026-03-01) attempt 1: 500 Server Error: Internal Server Error for url: https://report.vantagemarkets.com/api/cc-detail/download, took 0.2s", "service": "cc_reconcile", "stage": "download_davinci", "status": "ok"}
{"timestamp": "2026-03-01T18:01:48+0800", "level": "WARNING", "logger": "etl_logger", "message": "POST failed (VFSC2 2026-03-01) attempt 2: 500 Server Error: Internal Server Error for url: https://report.vantagemarkets.com/api/cc-detail/download, took 0.2s", "service": "cc_reconcile", "stage": "download_davinci", "status": "ok"}
{"timestamp": "2026-03-01T18:01:53+0800", "level": "WARNING", "logger": "etl_logger", "message": "POST failed (VFSC2 2026-03-01) attempt 3: 500 Server Error: Internal Server Error for url: https://report.vantagemarkets.com/api/cc-detail/download, took 0.2s", "service": "cc_reconcile", "stage": "download_davinci", "status": "ok"}
{"timestamp": "2026-03-01T18:01:53+0800", "level": "ERROR", "logger": "etl_logger", "message": "POST failed after 3 attempts (VFSC2 2026-03-01)", "service": "cc_reconcile", "stage": "download_davinci", "status": "ok"}
{"timestamp": "2026-03-01T18:01:53+0800", "level": "INFO", "logger": "etl_logger", "message": "Finish downloading Davinci CC - VFSC2 Report", "service": "cc_reconcile", "stage": "download_davinci", "status": "ok"}
{"timestamp": "2026-03-01T18:01:53+0800", "level": "WARNING", "logger": "etl_logger", "message": "No data downloaded for any brand.", "service": "cc_reconcile", "stage": "download_davinci", "status": "ok"}
Traceback (most recent call last):
  File "/app/main.py", line 72, in <module>
    main()
  File "/app/main.py", line 25, in main
    logger.info(f"Download CRM CC Report Finish ，Total: {len(crm_cc)}")
TypeError: object of type 'NoneType' has no len()
{"timestamp": "2026-03-01T19:00:01+0800", "level": "INFO", "logger": "etl_logger", "message": "Start download reports...", "service": "cc_reconcile", "stage": "download", "status": "ok"}
{"timestamp": "2026-03-01T19:00:04+0800", "level": "INFO", "logger": "etl_logger", "message": "Payabl Login Success and Get Token Success", "service": "cc_reconcile", "stage": "download_payabl", "status": "ok"}
{"timestamp": "2026-03-01T19:00:04+0800", "level": "INFO", "logger": "etl_logger", "message": "Start downloading Payabl CC Report for date: 2026-02-28...", "service": "cc_reconcile", "stage": "download_payabl", "status": "ok"}
{"timestamp": "2026-03-01T19:00:18+0800", "level": "INFO", "logger": "etl_logger", "message": "Start downloading Payabl CC Report for date: 2026-03-01...", "service": "cc_reconcile", "stage": "download_payabl", "status": "ok"}
{"timestamp": "2026-03-01T19:00:28+0800", "level": "INFO", "logger": "etl_logger", "message": "Finish downloading Payabl CC Report", "service": "cc_reconcile", "stage": "download_payabl", "status": "ok"}
{"timestamp": "2026-03-01T19:00:28+0800", "level": "INFO", "logger": "etl_logger", "message": "Download Payabl CC Report Finish ，Total: 25735", "service": "cc_reconcile", "stage": "download", "status": "ok"}
{"timestamp": "2026-03-01T19:00:28+0800", "level": "INFO", "logger": "etl_logger", "message": "Login attempt 1/5", "service": "cc_reconcile", "stage": "download_davinci", "status": "ok"}
{"timestamp": "2026-03-01T19:00:30+0800", "level": "INFO", "logger": "etl_logger", "message": "Login response status=200, url=https://admin.vantagemarkets.com/admin/main, cookies=4", "service": "cc_reconcile", "stage": "download_davinci", "status": "ok"}
{"timestamp": "2026-03-01T19:00:30+0800", "level": "INFO", "logger": "etl_logger", "message": "Login successful", "service": "cc_reconcile", "stage": "download_davinci", "status": "ok"}
{"timestamp": "2026-03-01T19:00:30+0800", "level": "INFO", "logger": "etl_logger", "message": "Token obtained successfully", "service": "cc_reconcile", "stage": "download_davinci", "status": "ok"}
{"timestamp": "2026-03-01T19:00:30+0800", "level": "INFO", "logger": "etl_logger", "message": "Start downloading Davinci CC Report for brand: VFSC...", "service": "cc_reconcile", "stage": "download_davinci", "status": "ok"}
{"timestamp": "2026-03-01T19:00:31+0800", "level": "WARNING", "logger": "etl_logger", "message": "POST failed (VFSC 2026-02-26) attempt 1: 500 Server Error: Internal Server Error for url: https://report.vantagemarkets.com/api/cc-detail/download, took 0.8s", "service": "cc_reconcile", "stage": "download_davinci", "status": "ok"}
{"timestamp": "2026-03-01T19:00:36+0800", "level": "WARNING", "logger": "etl_logger", "message": "POST failed (VFSC 2026-02-26) attempt 2: 500 Server Error: Internal Server Error for url: https://report.vantagemarkets.com/api/cc-detail/download, took 0.2s", "service": "cc_reconcile", "stage": "download_davinci", "status": "ok"}
{"timestamp": "2026-03-01T19:00:41+0800", "level": "WARNING", "logger": "etl_logger", "message": "POST failed (VFSC 2026-02-26) attempt 3: 500 Server Error: Internal Server Error for url: https://report.vantagemarkets.com/api/cc-detail/download, took 0.2s", "service": "cc_reconcile", "stage": "download_davinci", "status": "ok"}
{"timestamp": "2026-03-01T19:00:41+0800", "level": "ERROR", "logger": "etl_logger", "message": "POST failed after 3 attempts (VFSC 2026-02-26)", "service": "cc_reconcile", "stage": "download_davinci", "status": "ok"}
{"timestamp": "2026-03-01T19:00:41+0800", "level": "WARNING", "logger": "etl_logger", "message": "POST failed (VFSC 2026-02-27) attempt 1: 500 Server Error: Internal Server Error for url: https://report.vantagemarkets.com/api/cc-detail/download, took 0.2s", "service": "cc_reconcile", "stage": "download_davinci", "status": "ok"}
{"timestamp": "2026-03-01T19:00:47+0800", "level": "WARNING", "logger": "etl_logger", "message": "POST failed (VFSC 2026-02-27) attempt 2: 500 Server Error: Internal Server Error for url: https://report.vantagemarkets.com/api/cc-detail/download, took 0.2s", "service": "cc_reconcile", "stage": "download_davinci", "status": "ok"}
{"timestamp": "2026-03-01T19:00:52+0800", "level": "WARNING", "logger": "etl_logger", "message": "POST failed (VFSC 2026-02-27) attempt 3: 500 Server Error: Internal Server Error for url: https://report.vantagemarkets.com/api/cc-detail/download, took 0.2s", "service": "cc_reconcile", "stage": "download_davinci", "status": "ok"}
{"timestamp": "2026-03-01T19:00:52+0800", "level": "ERROR", "logger": "etl_logger", "message": "POST failed after 3 attempts (VFSC 2026-02-27)", "service": "cc_reconcile", "stage": "download_davinci", "status": "ok"}
{"timestamp": "2026-03-01T19:00:52+0800", "level": "WARNING", "logger": "etl_logger", "message": "POST failed (VFSC 2026-02-28) attempt 1: 500 Server Error: Internal Server Error for url: https://report.vantagemarkets.com/api/cc-detail/download, took 0.2s", "service": "cc_reconcile", "stage": "download_davinci", "status": "ok"}
{"timestamp": "2026-03-01T19:00:57+0800", "level": "WARNING", "logger": "etl_logger", "message": "POST failed (VFSC 2026-02-28) attempt 2: 500 Server Error: Internal Server Error for url: https://report.vantagemarkets.com/api/cc-detail/download, took 0.2s", "service": "cc_reconcile", "stage": "download_davinci", "status": "ok"}
{"timestamp": "2026-03-01T19:01:02+0800", "level": "WARNING", "logger": "etl_logger", "message": "POST failed (VFSC 2026-02-28) attempt 3: 502 Server Error: Bad Gateway for url: https://report.vantagemarkets.com/api/cc-detail/download, took 0.2s", "service": "cc_reconcile", "stage": "download_davinci", "status": "ok"}
{"timestamp": "2026-03-01T19:01:02+0800", "level": "ERROR", "logger": "etl_logger", "message": "POST failed after 3 attempts (VFSC 2026-02-28)", "service": "cc_reconcile", "stage": "download_davinci", "status": "ok"}
{"timestamp": "2026-03-01T19:01:03+0800", "level": "WARNING", "logger": "etl_logger", "message": "POST failed (VFSC 2026-03-01) attempt 1: 500 Server Error: Internal Server Error for url: https://report.vantagemarkets.com/api/cc-detail/download, took 0.2s", "service": "cc_reconcile", "stage": "download_davinci", "status": "ok"}
{"timestamp": "2026-03-01T19:01:08+0800", "level": "WARNING", "logger": "etl_logger", "message": "POST failed (VFSC 2026-03-01) attempt 2: 500 Server Error: Internal Server Error for url: https://report.vantagemarkets.com/api/cc-detail/download, took 0.2s", "service": "cc_reconcile", "stage": "download_davinci", "status": "ok"}
{"timestamp": "2026-03-01T19:01:13+0800", "level": "WARNING", "logger": "etl_logger", "message": "POST failed (VFSC 2026-03-01) attempt 3: 502 Server Error: Bad Gateway for url: https://report.vantagemarkets.com/api/cc-detail/download, took 0.2s", "service": "cc_reconcile", "stage": "download_davinci", "status": "ok"}
{"timestamp": "2026-03-01T19:01:13+0800", "level": "ERROR", "logger": "etl_logger", "message": "POST failed after 3 attempts (VFSC 2026-03-01)", "service": "cc_reconcile", "stage": "download_davinci", "status": "ok"}
{"timestamp": "2026-03-01T19:01:13+0800", "level": "INFO", "logger": "etl_logger", "message": "Finish downloading Davinci CC - VFSC Report", "service": "cc_reconcile", "stage": "download_davinci", "status": "ok"}
{"timestamp": "2026-03-01T19:01:13+0800", "level": "INFO", "logger": "etl_logger", "message": "Start downloading Davinci CC Report for brand: VFSC2...", "service": "cc_reconcile", "stage": "download_davinci", "status": "ok"}
{"timestamp": "2026-03-01T19:01:13+0800", "level": "WARNING", "logger": "etl_logger", "message": "POST failed (VFSC2 2026-02-26) attempt 1: 500 Server Error: Internal Server Error for url: https://report.vantagemarkets.com/api/cc-detail/download, took 0.2s", "service": "cc_reconcile", "stage": "download_davinci", "status": "ok"}
{"timestamp": "2026-03-01T19:01:19+0800", "level": "WARNING", "logger": "etl_logger", "message": "POST failed (VFSC2 2026-02-26) attempt 2: 500 Server Error: Internal Server Error for url: https://report.vantagemarkets.com/api/cc-detail/download, took 0.2s", "service": "cc_reconcile", "stage": "download_davinci", "status": "ok"}
{"timestamp": "2026-03-01T19:01:24+0800", "level": "WARNING", "logger": "etl_logger", "message": "POST failed (VFSC2 2026-02-26) attempt 3: 500 Server Error: Internal Server Error for url: https://report.vantagemarkets.com/api/cc-detail/download, took 0.2s", "service": "cc_reconcile", "stage": "download_davinci", "status": "ok"}
{"timestamp": "2026-03-01T19:01:24+0800", "level": "ERROR", "logger": "etl_logger", "message": "POST failed after 3 attempts (VFSC2 2026-02-26)", "service": "cc_reconcile", "stage": "download_davinci", "status": "ok"}
{"timestamp": "2026-03-01T19:01:24+0800", "level": "WARNING", "logger": "etl_logger", "message": "POST failed (VFSC2 2026-02-27) attempt 1: 500 Server Error: Internal Server Error for url: https://report.vantagemarkets.com/api/cc-detail/download, took 0.2s", "service": "cc_reconcile", "stage": "download_davinci", "status": "ok"}
{"timestamp": "2026-03-01T19:01:29+0800", "level": "WARNING", "logger": "etl_logger", "message": "POST failed (VFSC2 2026-02-27) attempt 2: 500 Server Error: Internal Server Error for url: https://report.vantagemarkets.com/api/cc-detail/download, took 0.2s", "service": "cc_reconcile", "stage": "download_davinci", "status": "ok"}
{"timestamp": "2026-03-01T19:01:34+0800", "level": "WARNING", "logger": "etl_logger", "message": "POST failed (VFSC2 2026-02-27) attempt 3: 500 Server Error: Internal Server Error for url: https://report.vantagemarkets.com/api/cc-detail/download, took 0.2s", "service": "cc_reconcile", "stage": "download_davinci", "status": "ok"}
{"timestamp": "2026-03-01T19:01:34+0800", "level": "ERROR", "logger": "etl_logger", "message": "POST failed after 3 attempts (VFSC2 2026-02-27)", "service": "cc_reconcile", "stage": "download_davinci", "status": "ok"}
{"timestamp": "2026-03-01T19:01:35+0800", "level": "WARNING", "logger": "etl_logger", "message": "POST failed (VFSC2 2026-02-28) attempt 1: 500 Server Error: Internal Server Error for url: https://report.vantagemarkets.com/api/cc-detail/download, took 0.2s", "service": "cc_reconcile", "stage": "download_davinci", "status": "ok"}
{"timestamp": "2026-03-01T19:01:40+0800", "level": "WARNING", "logger": "etl_logger", "message": "POST failed (VFSC2 2026-02-28) attempt 2: 500 Server Error: Internal Server Error for url: https://report.vantagemarkets.com/api/cc-detail/download, took 0.2s", "service": "cc_reconcile", "stage": "download_davinci", "status": "ok"}
{"timestamp": "2026-03-01T19:01:45+0800", "level": "WARNING", "logger": "etl_logger", "message": "POST failed (VFSC2 2026-02-28) attempt 3: 500 Server Error: Internal Server Error for url: https://report.vantagemarkets.com/api/cc-detail/download, took 0.2s", "service": "cc_reconcile", "stage": "download_davinci", "status": "ok"}
{"timestamp": "2026-03-01T19:01:45+0800", "level": "ERROR", "logger": "etl_logger", "message": "POST failed after 3 attempts (VFSC2 2026-02-28)", "service": "cc_reconcile", "stage": "download_davinci", "status": "ok"}
{"timestamp": "2026-03-01T19:01:45+0800", "level": "WARNING", "logger": "etl_logger", "message": "POST failed (VFSC2 2026-03-01) attempt 1: 500 Server Error: Internal Server Error for url: https://report.vantagemarkets.com/api/cc-detail/download, took 0.2s", "service": "cc_reconcile", "stage": "download_davinci", "status": "ok"}
{"timestamp": "2026-03-01T19:01:51+0800", "level": "WARNING", "logger": "etl_logger", "message": "POST failed (VFSC2 2026-03-01) attempt 2: 500 Server Error: Internal Server Error for url: https://report.vantagemarkets.com/api/cc-detail/download, took 0.2s", "service": "cc_reconcile", "stage": "download_davinci", "status": "ok"}
{"timestamp": "2026-03-01T19:01:56+0800", "level": "WARNING", "logger": "etl_logger", "message": "POST failed (VFSC2 2026-03-01) attempt 3: 500 Server Error: Internal Server Error for url: https://report.vantagemarkets.com/api/cc-detail/download, took 0.2s", "service": "cc_reconcile", "stage": "download_davinci", "status": "ok"}
{"timestamp": "2026-03-01T19:01:56+0800", "level": "ERROR", "logger": "etl_logger", "message": "POST failed after 3 attempts (VFSC2 2026-03-01)", "service": "cc_reconcile", "stage": "download_davinci", "status": "ok"}
{"timestamp": "2026-03-01T19:01:56+0800", "level": "INFO", "logger": "etl_logger", "message": "Finish downloading Davinci CC - VFSC2 Report", "service": "cc_reconcile", "stage": "download_davinci", "status": "ok"}
{"timestamp": "2026-03-01T19:01:56+0800", "level": "WARNING", "logger": "etl_logger", "message": "No data downloaded for any brand.", "service": "cc_reconcile", "stage": "download_davinci", "status": "ok"}
Traceback (most recent call last):
  File "/app/main.py", line 72, in <module>
    main()
  File "/app/main.py", line 25, in main
    logger.info(f"Download CRM CC Report Finish ，Total: {len(crm_cc)}")
TypeError: object of type 'NoneType' has no len()
{"timestamp": "2026-03-01T20:00:01+0800", "level": "INFO", "logger": "etl_logger", "message": "Start download reports...", "service": "cc_reconcile", "stage": "download", "status": "ok"}
{"timestamp": "2026-03-01T20:00:05+0800", "level": "INFO", "logger": "etl_logger", "message": "Payabl Login Success and Get Token Success", "service": "cc_reconcile", "stage": "download_payabl", "status": "ok"}
{"timestamp": "2026-03-01T20:00:05+0800", "level": "INFO", "logger": "etl_logger", "message": "Start downloading Payabl CC Report for date: 2026-02-28...", "service": "cc_reconcile", "stage": "download_payabl", "status": "ok"}
{"timestamp": "2026-03-01T20:00:18+0800", "level": "INFO", "logger": "etl_logger", "message": "Start downloading Payabl CC Report for date: 2026-03-01...", "service": "cc_reconcile", "stage": "download_payabl", "status": "ok"}
{"timestamp": "2026-03-01T20:00:28+0800", "level": "INFO", "logger": "etl_logger", "message": "Finish downloading Payabl CC Report", "service": "cc_reconcile", "stage": "download_payabl", "status": "ok"}
{"timestamp": "2026-03-01T20:00:28+0800", "level": "INFO", "logger": "etl_logger", "message": "Download Payabl CC Report Finish ，Total: 26699", "service": "cc_reconcile", "stage": "download", "status": "ok"}
{"timestamp": "2026-03-01T20:00:28+0800", "level": "INFO", "logger": "etl_logger", "message": "Login attempt 1/5", "service": "cc_reconcile", "stage": "download_davinci", "status": "ok"}
{"timestamp": "2026-03-01T20:00:30+0800", "level": "INFO", "logger": "etl_logger", "message": "Login response status=200, url=https://admin.vantagemarkets.com/admin/main, cookies=4", "service": "cc_reconcile", "stage": "download_davinci", "status": "ok"}
{"timestamp": "2026-03-01T20:00:30+0800", "level": "INFO", "logger": "etl_logger", "message": "Login successful", "service": "cc_reconcile", "stage": "download_davinci", "status": "ok"}
{"timestamp": "2026-03-01T20:00:30+0800", "level": "INFO", "logger": "etl_logger", "message": "Token obtained successfully", "service": "cc_reconcile", "stage": "download_davinci", "status": "ok"}
{"timestamp": "2026-03-01T20:00:30+0800", "level": "INFO", "logger": "etl_logger", "message": "Start downloading Davinci CC Report for brand: VFSC...", "service": "cc_reconcile", "stage": "download_davinci", "status": "ok"}
{"timestamp": "2026-03-01T20:00:31+0800", "level": "WARNING", "logger": "etl_logger", "message": "POST failed (VFSC 2026-02-26) attempt 1: 500 Server Error: Internal Server Error for url: https://report.vantagemarkets.com/api/cc-detail/download, took 0.2s", "service": "cc_reconcile", "stage": "download_davinci", "status": "ok"}
{"timestamp": "2026-03-01T20:00:36+0800", "level": "WARNING", "logger": "etl_logger", "message": "POST failed (VFSC 2026-02-26) attempt 2: 500 Server Error: Internal Server Error for url: https://report.vantagemarkets.com/api/cc-detail/download, took 0.2s", "service": "cc_reconcile", "stage": "download_davinci", "status": "ok"}
{"timestamp": "2026-03-01T20:00:41+0800", "level": "WARNING", "logger": "etl_logger", "message": "POST failed (VFSC 2026-02-26) attempt 3: 500 Server Error: Internal Server Error for url: https://report.vantagemarkets.com/api/cc-detail/download, took 0.2s", "service": "cc_reconcile", "stage": "download_davinci", "status": "ok"}
{"timestamp": "2026-03-01T20:00:41+0800", "level": "ERROR", "logger": "etl_logger", "message": "POST failed after 3 attempts (VFSC 2026-02-26)", "service": "cc_reconcile", "stage": "download_davinci", "status": "ok"}
{"timestamp": "2026-03-01T20:00:41+0800", "level": "WARNING", "logger": "etl_logger", "message": "POST failed (VFSC 2026-02-27) attempt 1: 500 Server Error: Internal Server Error for url: https://report.vantagemarkets.com/api/cc-detail/download, took 0.2s", "service": "cc_reconcile", "stage": "download_davinci", "status": "ok"}
{"timestamp": "2026-03-01T20:00:46+0800", "level": "WARNING", "logger": "etl_logger", "message": "POST failed (VFSC 2026-02-27) attempt 2: 500 Server Error: Internal Server Error for url: https://report.vantagemarkets.com/api/cc-detail/download, took 0.2s", "service": "cc_reconcile", "stage": "download_davinci", "status": "ok"}
{"timestamp": "2026-03-01T20:00:52+0800", "level": "WARNING", "logger": "etl_logger", "message": "POST failed (VFSC 2026-02-27) attempt 3: 500 Server Error: Internal Server Error for url: https://report.vantagemarkets.com/api/cc-detail/download, took 0.2s", "service": "cc_reconcile", "stage": "download_davinci", "status": "ok"}
{"timestamp": "2026-03-01T20:00:52+0800", "level": "ERROR", "logger": "etl_logger", "message": "POST failed after 3 attempts (VFSC 2026-02-27)", "service": "cc_reconcile", "stage": "download_davinci", "status": "ok"}
{"timestamp": "2026-03-01T20:00:52+0800", "level": "WARNING", "logger": "etl_logger", "message": "POST failed (VFSC 2026-02-28) attempt 1: 500 Server Error: Internal Server Error for url: https://report.vantagemarkets.com/api/cc-detail/download, took 0.2s", "service": "cc_reconcile", "stage": "download_davinci", "status": "ok"}
{"timestamp": "2026-03-01T20:00:57+0800", "level": "WARNING", "logger": "etl_logger", "message": "POST failed (VFSC 2026-02-28) attempt 2: 500 Server Error: Internal Server Error for url: https://report.vantagemarkets.com/api/cc-detail/download, took 0.2s", "service": "cc_reconcile", "stage": "download_davinci", "status": "ok"}
{"timestamp": "2026-03-01T20:01:02+0800", "level": "WARNING", "logger": "etl_logger", "message": "POST failed (VFSC 2026-02-28) attempt 3: 500 Server Error: Internal Server Error for url: https://report.vantagemarkets.com/api/cc-detail/download, took 0.2s", "service": "cc_reconcile", "stage": "download_davinci", "status": "ok"}
{"timestamp": "2026-03-01T20:01:02+0800", "level": "ERROR", "logger": "etl_logger", "message": "POST failed after 3 attempts (VFSC 2026-02-28)", "service": "cc_reconcile", "stage": "download_davinci", "status": "ok"}
{"timestamp": "2026-03-01T20:01:03+0800", "level": "WARNING", "logger": "etl_logger", "message": "POST failed (VFSC 2026-03-01) attempt 1: 500 Server Error: Internal Server Error for url: https://report.vantagemarkets.com/api/cc-detail/download, took 0.2s", "service": "cc_reconcile", "stage": "download_davinci", "status": "ok"}
{"timestamp": "2026-03-01T20:01:08+0800", "level": "WARNING", "logger": "etl_logger", "message": "POST failed (VFSC 2026-03-01) attempt 2: 500 Server Error: Internal Server Error for url: https://report.vantagemarkets.com/api/cc-detail/download, took 0.2s", "service": "cc_reconcile", "stage": "download_davinci", "status": "ok"}
{"timestamp": "2026-03-01T20:01:13+0800", "level": "WARNING", "logger": "etl_logger", "message": "POST failed (VFSC 2026-03-01) attempt 3: 500 Server Error: Internal Server Error for url: https://report.vantagemarkets.com/api/cc-detail/download, took 0.2s", "service": "cc_reconcile", "stage": "download_davinci", "status": "ok"}
{"timestamp": "2026-03-01T20:01:13+0800", "level": "ERROR", "logger": "etl_logger", "message": "POST failed after 3 attempts (VFSC 2026-03-01)", "service": "cc_reconcile", "stage": "download_davinci", "status": "ok"}
{"timestamp": "2026-03-01T20:01:13+0800", "level": "INFO", "logger": "etl_logger", "message": "Finish downloading Davinci CC - VFSC Report", "service": "cc_reconcile", "stage": "download_davinci", "status": "ok"}
{"timestamp": "2026-03-01T20:01:13+0800", "level": "INFO", "logger": "etl_logger", "message": "Start downloading Davinci CC Report for brand: VFSC2...", "service": "cc_reconcile", "stage": "download_davinci", "status": "ok"}
{"timestamp": "2026-03-01T20:01:13+0800", "level": "WARNING", "logger": "etl_logger", "message": "POST failed (VFSC2 2026-02-26) attempt 1: 502 Server Error: Bad Gateway for url: https://report.vantagemarkets.com/api/cc-detail/download, took 0.2s", "service": "cc_reconcile", "stage": "download_davinci", "status": "ok"}
{"timestamp": "2026-03-01T20:01:18+0800", "level": "WARNING", "logger": "etl_logger", "message": "POST failed (VFSC2 2026-02-26) attempt 2: 500 Server Error: Internal Server Error for url: https://report.vantagemarkets.com/api/cc-detail/download, took 0.2s", "service": "cc_reconcile", "stage": "download_davinci", "status": "ok"}
{"timestamp": "2026-03-01T20:01:24+0800", "level": "WARNING", "logger": "etl_logger", "message": "POST failed (VFSC2 2026-02-26) attempt 3: 500 Server Error: Internal Server Error for url: https://report.vantagemarkets.com/api/cc-detail/download, took 0.2s", "service": "cc_reconcile", "stage": "download_davinci", "status": "ok"}
{"timestamp": "2026-03-01T20:01:24+0800", "level": "ERROR", "logger": "etl_logger", "message": "POST failed after 3 attempts (VFSC2 2026-02-26)", "service": "cc_reconcile", "stage": "download_davinci", "status": "ok"}
{"timestamp": "2026-03-01T20:01:24+0800", "level": "WARNING", "logger": "etl_logger", "message": "POST failed (VFSC2 2026-02-27) attempt 1: 502 Server Error: Bad Gateway for url: https://report.vantagemarkets.com/api/cc-detail/download, took 0.2s", "service": "cc_reconcile", "stage": "download_davinci", "status": "ok"}
{"timestamp": "2026-03-01T20:01:29+0800", "level": "WARNING", "logger": "etl_logger", "message": "POST failed (VFSC2 2026-02-27) attempt 2: 500 Server Error: Internal Server Error for url: https://report.vantagemarkets.com/api/cc-detail/download, took 0.2s", "service": "cc_reconcile", "stage": "download_davinci", "status": "ok"}
{"timestamp": "2026-03-01T20:01:34+0800", "level": "WARNING", "logger": "etl_logger", "message": "POST failed (VFSC2 2026-02-27) attempt 3: 500 Server Error: Internal Server Error for url: https://report.vantagemarkets.com/api/cc-detail/download, took 0.2s", "service": "cc_reconcile", "stage": "download_davinci", "status": "ok"}
{"timestamp": "2026-03-01T20:01:34+0800", "level": "ERROR", "logger": "etl_logger", "message": "POST failed after 3 attempts (VFSC2 2026-02-27)", "service": "cc_reconcile", "stage": "download_davinci", "status": "ok"}
{"timestamp": "2026-03-01T20:01:35+0800", "level": "WARNING", "logger": "etl_logger", "message": "POST failed (VFSC2 2026-02-28) attempt 1: 500 Server Error: Internal Server Error for url: https://report.vantagemarkets.com/api/cc-detail/download, took 0.2s", "service": "cc_reconcile", "stage": "download_davinci", "status": "ok"}
{"timestamp": "2026-03-01T20:01:40+0800", "level": "WARNING", "logger": "etl_logger", "message": "POST failed (VFSC2 2026-02-28) attempt 2: 500 Server Error: Internal Server Error for url: https://report.vantagemarkets.com/api/cc-detail/download, took 0.2s", "service": "cc_reconcile", "stage": "download_davinci", "status": "ok"}
{"timestamp": "2026-03-01T20:01:45+0800", "level": "WARNING", "logger": "etl_logger", "message": "POST failed (VFSC2 2026-02-28) attempt 3: 500 Server Error: Internal Server Error for url: https://report.vantagemarkets.com/api/cc-detail/download, took 0.2s", "service": "cc_reconcile", "stage": "download_davinci", "status": "ok"}
{"timestamp": "2026-03-01T20:01:45+0800", "level": "ERROR", "logger": "etl_logger", "message": "POST failed after 3 attempts (VFSC2 2026-02-28)", "service": "cc_reconcile", "stage": "download_davinci", "status": "ok"}
{"timestamp": "2026-03-01T20:01:45+0800", "level": "WARNING", "logger": "etl_logger", "message": "POST failed (VFSC2 2026-03-01) attempt 1: 502 Server Error: Bad Gateway for url: https://report.vantagemarkets.com/api/cc-detail/download, took 0.2s", "service": "cc_reconcile", "stage": "download_davinci", "status": "ok"}
{"timestamp": "2026-03-01T20:01:50+0800", "level": "WARNING", "logger": "etl_logger", "message": "POST failed (VFSC2 2026-03-01) attempt 2: 500 Server Error: Internal Server Error for url: https://report.vantagemarkets.com/api/cc-detail/download, took 0.2s", "service": "cc_reconcile", "stage": "download_davinci", "status": "ok"}
{"timestamp": "2026-03-01T20:01:56+0800", "level": "WARNING", "logger": "etl_logger", "message": "POST failed (VFSC2 2026-03-01) attempt 3: 500 Server Error: Internal Server Error for url: https://report.vantagemarkets.com/api/cc-detail/download, took 0.2s", "service": "cc_reconcile", "stage": "download_davinci", "status": "ok"}
{"timestamp": "2026-03-01T20:01:56+0800", "level": "ERROR", "logger": "etl_logger", "message": "POST failed after 3 attempts (VFSC2 2026-03-01)", "service": "cc_reconcile", "stage": "download_davinci", "status": "ok"}
{"timestamp": "2026-03-01T20:01:56+0800", "level": "INFO", "logger": "etl_logger", "message": "Finish downloading Davinci CC - VFSC2 Report", "service": "cc_reconcile", "stage": "download_davinci", "status": "ok"}
{"timestamp": "2026-03-01T20:01:56+0800", "level": "WARNING", "logger": "etl_logger", "message": "No data downloaded for any brand.", "service": "cc_reconcile", "stage": "download_davinci", "status": "ok"}
Traceback (most recent call last):
  File "/app/main.py", line 72, in <module>
    main()
  File "/app/main.py", line 25, in main
    logger.info(f"Download CRM CC Report Finish ，Total: {len(crm_cc)}")
TypeError: object of type 'NoneType' has no len()
{"timestamp": "2026-03-01T21:00:01+0800", "level": "INFO", "logger": "etl_logger", "message": "Start download reports...", "service": "cc_reconcile", "stage": "download", "status": "ok"}
{"timestamp": "2026-03-01T21:00:05+0800", "level": "INFO", "logger": "etl_logger", "message": "Payabl Login Success and Get Token Success", "service": "cc_reconcile", "stage": "download_payabl", "status": "ok"}
{"timestamp": "2026-03-01T21:00:05+0800", "level": "INFO", "logger": "etl_logger", "message": "Start downloading Payabl CC Report for date: 2026-02-28...", "service": "cc_reconcile", "stage": "download_payabl", "status": "ok"}
{"timestamp": "2026-03-01T21:00:18+0800", "level": "INFO", "logger": "etl_logger", "message": "Start downloading Payabl CC Report for date: 2026-03-01...", "service": "cc_reconcile", "stage": "download_payabl", "status": "ok"}
{"timestamp": "2026-03-01T21:00:31+0800", "level": "INFO", "logger": "etl_logger", "message": "Finish downloading Payabl CC Report", "service": "cc_reconcile", "stage": "download_payabl", "status": "ok"}
{"timestamp": "2026-03-01T21:00:31+0800", "level": "INFO", "logger": "etl_logger", "message": "Download Payabl CC Report Finish ，Total: 27849", "service": "cc_reconcile", "stage": "download", "status": "ok"}
{"timestamp": "2026-03-01T21:00:31+0800", "level": "INFO", "logger": "etl_logger", "message": "Login attempt 1/5", "service": "cc_reconcile", "stage": "download_davinci", "status": "ok"}
{"timestamp": "2026-03-01T21:00:32+0800", "level": "INFO", "logger": "etl_logger", "message": "Login response status=200, url=https://admin.vantagemarkets.com/admin/main, cookies=4", "service": "cc_reconcile", "stage": "download_davinci", "status": "ok"}
{"timestamp": "2026-03-01T21:00:32+0800", "level": "INFO", "logger": "etl_logger", "message": "Login successful", "service": "cc_reconcile", "stage": "download_davinci", "status": "ok"}
{"timestamp": "2026-03-01T21:00:33+0800", "level": "INFO", "logger": "etl_logger", "message": "Token obtained successfully", "service": "cc_reconcile", "stage": "download_davinci", "status": "ok"}
{"timestamp": "2026-03-01T21:00:33+0800", "level": "INFO", "logger": "etl_logger", "message": "Start downloading Davinci CC Report for brand: VFSC...", "service": "cc_reconcile", "stage": "download_davinci", "status": "ok"}
{"timestamp": "2026-03-01T21:00:33+0800", "level": "WARNING", "logger": "etl_logger", "message": "POST failed (VFSC 2026-02-26) attempt 1: 500 Server Error: Internal Server Error for url: https://report.vantagemarkets.com/api/cc-detail/download, took 0.3s", "service": "cc_reconcile", "stage": "download_davinci", "status": "ok"}
{"timestamp": "2026-03-01T21:00:38+0800", "level": "WARNING", "logger": "etl_logger", "message": "POST failed (VFSC 2026-02-26) attempt 2: 500 Server Error: Internal Server Error for url: https://report.vantagemarkets.com/api/cc-detail/download, took 0.2s", "service": "cc_reconcile", "stage": "download_davinci", "status": "ok"}
{"timestamp": "2026-03-01T21:00:43+0800", "level": "WARNING", "logger": "etl_logger", "message": "POST failed (VFSC 2026-02-26) attempt 3: 500 Server Error: Internal Server Error for url: https://report.vantagemarkets.com/api/cc-detail/download, took 0.2s", "service": "cc_reconcile", "stage": "download_davinci", "status": "ok"}
{"timestamp": "2026-03-01T21:00:43+0800", "level": "ERROR", "logger": "etl_logger", "message": "POST failed after 3 attempts (VFSC 2026-02-26)", "service": "cc_reconcile", "stage": "download_davinci", "status": "ok"}
{"timestamp": "2026-03-01T21:00:43+0800", "level": "WARNING", "logger": "etl_logger", "message": "POST failed (VFSC 2026-02-27) attempt 1: 500 Server Error: Internal Server Error for url: https://report.vantagemarkets.com/api/cc-detail/download, took 0.2s", "service": "cc_reconcile", "stage": "download_davinci", "status": "ok"}
{"timestamp": "2026-03-01T21:00:49+0800", "level": "WARNING", "logger": "etl_logger", "message": "POST failed (VFSC 2026-02-27) attempt 2: 500 Server Error: Internal Server Error for url: https://report.vantagemarkets.com/api/cc-detail/download, took 0.2s", "service": "cc_reconcile", "stage": "download_davinci", "status": "ok"}
{"timestamp": "2026-03-01T21:00:54+0800", "level": "WARNING", "logger": "etl_logger", "message": "POST failed (VFSC 2026-02-27) attempt 3: 500 Server Error: Internal Server Error for url: https://report.vantagemarkets.com/api/cc-detail/download, took 0.2s", "service": "cc_reconcile", "stage": "download_davinci", "status": "ok"}
{"timestamp": "2026-03-01T21:00:54+0800", "level": "ERROR", "logger": "etl_logger", "message": "POST failed after 3 attempts (VFSC 2026-02-27)", "service": "cc_reconcile", "stage": "download_davinci", "status": "ok"}
{"timestamp": "2026-03-01T21:00:54+0800", "level": "WARNING", "logger": "etl_logger", "message": "POST failed (VFSC 2026-02-28) attempt 1: 500 Server Error: Internal Server Error for url: https://report.vantagemarkets.com/api/cc-detail/download, took 0.2s", "service": "cc_reconcile", "stage": "download_davinci", "status": "ok"}
{"timestamp": "2026-03-01T21:00:59+0800", "level": "WARNING", "logger": "etl_logger", "message": "POST failed (VFSC 2026-02-28) attempt 2: 502 Server Error: Bad Gateway for url: https://report.vantagemarkets.com/api/cc-detail/download, took 0.2s", "service": "cc_reconcile", "stage": "download_davinci", "status": "ok"}
{"timestamp": "2026-03-01T21:01:05+0800", "level": "WARNING", "logger": "etl_logger", "message": "POST failed (VFSC 2026-02-28) attempt 3: 500 Server Error: Internal Server Error for url: https://report.vantagemarkets.com/api/cc-detail/download, took 0.2s", "service": "cc_reconcile", "stage": "download_davinci", "status": "ok"}
{"timestamp": "2026-03-01T21:01:05+0800", "level": "ERROR", "logger": "etl_logger", "message": "POST failed after 3 attempts (VFSC 2026-02-28)", "service": "cc_reconcile", "stage": "download_davinci", "status": "ok"}
{"timestamp": "2026-03-01T21:01:05+0800", "level": "WARNING", "logger": "etl_logger", "message": "POST failed (VFSC 2026-03-01) attempt 1: 502 Server Error: Bad Gateway for url: https://report.vantagemarkets.com/api/cc-detail/download, took 0.2s", "service": "cc_reconcile", "stage": "download_davinci", "status": "ok"}
{"timestamp": "2026-03-01T21:01:10+0800", "level": "WARNING", "logger": "etl_logger", "message": "POST failed (VFSC 2026-03-01) attempt 2: 500 Server Error: Internal Server Error for url: https://report.vantagemarkets.com/api/cc-detail/download, took 0.2s", "service": "cc_reconcile", "stage": "download_davinci", "status": "ok"}
{"timestamp": "2026-03-01T21:01:15+0800", "level": "WARNING", "logger": "etl_logger", "message": "POST failed (VFSC 2026-03-01) attempt 3: 500 Server Error: Internal Server Error for url: https://report.vantagemarkets.com/api/cc-detail/download, took 0.2s", "service": "cc_reconcile", "stage": "download_davinci", "status": "ok"}
{"timestamp": "2026-03-01T21:01:15+0800", "level": "ERROR", "logger": "etl_logger", "message": "POST failed after 3 attempts (VFSC 2026-03-01)", "service": "cc_reconcile", "stage": "download_davinci", "status": "ok"}
{"timestamp": "2026-03-01T21:01:15+0800", "level": "INFO", "logger": "etl_logger", "message": "Finish downloading Davinci CC - VFSC Report", "service": "cc_reconcile", "stage": "download_davinci", "status": "ok"}
{"timestamp": "2026-03-01T21:01:15+0800", "level": "INFO", "logger": "etl_logger", "message": "Start downloading Davinci CC Report for brand: VFSC2...", "service": "cc_reconcile", "stage": "download_davinci", "status": "ok"}
{"timestamp": "2026-03-01T21:01:15+0800", "level": "WARNING", "logger": "etl_logger", "message": "POST failed (VFSC2 2026-02-26) attempt 1: 502 Server Error: Bad Gateway for url: https://report.vantagemarkets.com/api/cc-detail/download, took 0.2s", "service": "cc_reconcile", "stage": "download_davinci", "status": "ok"}
{"timestamp": "2026-03-01T21:01:21+0800", "level": "WARNING", "logger": "etl_logger", "message": "POST failed (VFSC2 2026-02-26) attempt 2: 500 Server Error: Internal Server Error for url: https://report.vantagemarkets.com/api/cc-detail/download, took 0.2s", "service": "cc_reconcile", "stage": "download_davinci", "status": "ok"}
{"timestamp": "2026-03-01T21:01:26+0800", "level": "WARNING", "logger": "etl_logger", "message": "POST failed (VFSC2 2026-02-26) attempt 3: 500 Server Error: Internal Server Error for url: https://report.vantagemarkets.com/api/cc-detail/download, took 0.2s", "service": "cc_reconcile", "stage": "download_davinci", "status": "ok"}
{"timestamp": "2026-03-01T21:01:26+0800", "level": "ERROR", "logger": "etl_logger", "message": "POST failed after 3 attempts (VFSC2 2026-02-26)", "service": "cc_reconcile", "stage": "download_davinci", "status": "ok"}
{"timestamp": "2026-03-01T21:01:26+0800", "level": "WARNING", "logger": "etl_logger", "message": "POST failed (VFSC2 2026-02-27) attempt 1: 500 Server Error: Internal Server Error for url: https://report.vantagemarkets.com/api/cc-detail/download, took 0.2s", "service": "cc_reconcile", "stage": "download_davinci", "status": "ok"}
{"timestamp": "2026-03-01T21:01:31+0800", "level": "WARNING", "logger": "etl_logger", "message": "POST failed (VFSC2 2026-02-27) attempt 2: 500 Server Error: Internal Server Error for url: https://report.vantagemarkets.com/api/cc-detail/download, took 0.2s", "service": "cc_reconcile", "stage": "download_davinci", "status": "ok"}
{"timestamp": "2026-03-01T21:01:37+0800", "level": "WARNING", "logger": "etl_logger", "message": "POST failed (VFSC2 2026-02-27) attempt 3: 500 Server Error: Internal Server Error for url: https://report.vantagemarkets.com/api/cc-detail/download, took 0.2s", "service": "cc_reconcile", "stage": "download_davinci", "status": "ok"}
{"timestamp": "2026-03-01T21:01:37+0800", "level": "ERROR", "logger": "etl_logger", "message": "POST failed after 3 attempts (VFSC2 2026-02-27)", "service": "cc_reconcile", "stage": "download_davinci", "status": "ok"}
{"timestamp": "2026-03-01T21:01:37+0800", "level": "WARNING", "logger": "etl_logger", "message": "POST failed (VFSC2 2026-02-28) attempt 1: 500 Server Error: Internal Server Error for url: https://report.vantagemarkets.com/api/cc-detail/download, took 0.2s", "service": "cc_reconcile", "stage": "download_davinci", "status": "ok"}
{"timestamp": "2026-03-01T21:01:42+0800", "level": "WARNING", "logger": "etl_logger", "message": "POST failed (VFSC2 2026-02-28) attempt 2: 502 Server Error: Bad Gateway for url: https://report.vantagemarkets.com/api/cc-detail/download, took 0.2s", "service": "cc_reconcile", "stage": "download_davinci", "status": "ok"}
{"timestamp": "2026-03-01T21:01:47+0800", "level": "WARNING", "logger": "etl_logger", "message": "POST failed (VFSC2 2026-02-28) attempt 3: 500 Server Error: Internal Server Error for url: https://report.vantagemarkets.com/api/cc-detail/download, took 0.2s", "service": "cc_reconcile", "stage": "download_davinci", "status": "ok"}
{"timestamp": "2026-03-01T21:01:47+0800", "level": "ERROR", "logger": "etl_logger", "message": "POST failed after 3 attempts (VFSC2 2026-02-28)", "service": "cc_reconcile", "stage": "download_davinci", "status": "ok"}
{"timestamp": "2026-03-01T21:01:47+0800", "level": "WARNING", "logger": "etl_logger", "message": "POST failed (VFSC2 2026-03-01) attempt 1: 500 Server Error: Internal Server Error for url: https://report.vantagemarkets.com/api/cc-detail/download, took 0.2s", "service": "cc_reconcile", "stage": "download_davinci", "status": "ok"}
{"timestamp": "2026-03-01T21:01:53+0800", "level": "WARNING", "logger": "etl_logger", "message": "POST failed (VFSC2 2026-03-01) attempt 2: 500 Server Error: Internal Server Error for url: https://report.vantagemarkets.com/api/cc-detail/download, took 0.2s", "service": "cc_reconcile", "stage": "download_davinci", "status": "ok"}
{"timestamp": "2026-03-01T21:01:58+0800", "level": "WARNING", "logger": "etl_logger", "message": "POST failed (VFSC2 2026-03-01) attempt 3: 500 Server Error: Internal Server Error for url: https://report.vantagemarkets.com/api/cc-detail/download, took 0.2s", "service": "cc_reconcile", "stage": "download_davinci", "status": "ok"}
{"timestamp": "2026-03-01T21:01:58+0800", "level": "ERROR", "logger": "etl_logger", "message": "POST failed after 3 attempts (VFSC2 2026-03-01)", "service": "cc_reconcile", "stage": "download_davinci", "status": "ok"}
{"timestamp": "2026-03-01T21:01:58+0800", "level": "INFO", "logger": "etl_logger", "message": "Finish downloading Davinci CC - VFSC2 Report", "service": "cc_reconcile", "stage": "download_davinci", "status": "ok"}
{"timestamp": "2026-03-01T21:01:58+0800", "level": "WARNING", "logger": "etl_logger", "message": "No data downloaded for any brand.", "service": "cc_reconcile", "stage": "download_davinci", "status": "ok"}
Traceback (most recent call last):
  File "/app/main.py", line 72, in <module>
    main()
  File "/app/main.py", line 25, in main
    logger.info(f"Download CRM CC Report Finish ，Total: {len(crm_cc)}")
TypeError: object of type 'NoneType' has no len()
{"timestamp": "2026-03-01T22:00:01+0800", "level": "INFO", "logger": "etl_logger", "message": "Start download reports...", "service": "cc_reconcile", "stage": "download", "status": "ok"}
{"timestamp": "2026-03-01T22:00:05+0800", "level": "INFO", "logger": "etl_logger", "message": "Payabl Login Success and Get Token Success", "service": "cc_reconcile", "stage": "download_payabl", "status": "ok"}
{"timestamp": "2026-03-01T22:00:05+0800", "level": "INFO", "logger": "etl_logger", "message": "Start downloading Payabl CC Report for date: 2026-02-28...", "service": "cc_reconcile", "stage": "download_payabl", "status": "ok"}
{"timestamp": "2026-03-01T22:00:17+0800", "level": "INFO", "logger": "etl_logger", "message": "Start downloading Payabl CC Report for date: 2026-03-01...", "service": "cc_reconcile", "stage": "download_payabl", "status": "ok"}
{"timestamp": "2026-03-01T22:00:29+0800", "level": "INFO", "logger": "etl_logger", "message": "Finish downloading Payabl CC Report", "service": "cc_reconcile", "stage": "download_payabl", "status": "ok"}
{"timestamp": "2026-03-01T22:00:29+0800", "level": "INFO", "logger": "etl_logger", "message": "Download Payabl CC Report Finish ，Total: 29314", "service": "cc_reconcile", "stage": "download", "status": "ok"}
{"timestamp": "2026-03-01T22:00:29+0800", "level": "INFO", "logger": "etl_logger", "message": "Login attempt 1/5", "service": "cc_reconcile", "stage": "download_davinci", "status": "ok"}
{"timestamp": "2026-03-01T22:00:30+0800", "level": "INFO", "logger": "etl_logger", "message": "Login response status=200, url=https://admin.vantagemarkets.com/login/to_login, cookies=3", "service": "cc_reconcile", "stage": "download_davinci", "status": "ok"}
{"timestamp": "2026-03-01T22:00:30+0800", "level": "WARNING", "logger": "etl_logger", "message": "被導回 login 頁面（可能帳密/TOTP/風控）", "service": "cc_reconcile", "stage": "download_davinci", "status": "ok"}
{"timestamp": "2026-03-01T22:00:32+0800", "level": "INFO", "logger": "etl_logger", "message": "Login attempt 2/5", "service": "cc_reconcile", "stage": "download_davinci", "status": "ok"}
{"timestamp": "2026-03-01T22:00:34+0800", "level": "INFO", "logger": "etl_logger", "message": "Login response status=200, url=https://admin.vantagemarkets.com/admin/main, cookies=4", "service": "cc_reconcile", "stage": "download_davinci", "status": "ok"}
{"timestamp": "2026-03-01T22:00:34+0800", "level": "INFO", "logger": "etl_logger", "message": "Login successful", "service": "cc_reconcile", "stage": "download_davinci", "status": "ok"}
{"timestamp": "2026-03-01T22:00:34+0800", "level": "INFO", "logger": "etl_logger", "message": "Token obtained successfully", "service": "cc_reconcile", "stage": "download_davinci", "status": "ok"}
{"timestamp": "2026-03-01T22:00:34+0800", "level": "INFO", "logger": "etl_logger", "message": "Start downloading Davinci CC Report for brand: VFSC...", "service": "cc_reconcile", "stage": "download_davinci", "status": "ok"}
{"timestamp": "2026-03-01T22:00:34+0800", "level": "WARNING", "logger": "etl_logger", "message": "POST failed (VFSC 2026-02-26) attempt 1: 500 Server Error: Internal Server Error for url: https://report.vantagemarkets.com/api/cc-detail/download, took 0.3s", "service": "cc_reconcile", "stage": "download_davinci", "status": "ok"}
{"timestamp": "2026-03-01T22:00:39+0800", "level": "WARNING", "logger": "etl_logger", "message": "POST failed (VFSC 2026-02-26) attempt 2: 500 Server Error: Internal Server Error for url: https://report.vantagemarkets.com/api/cc-detail/download, took 0.2s", "service": "cc_reconcile", "stage": "download_davinci", "status": "ok"}
{"timestamp": "2026-03-01T22:00:45+0800", "level": "WARNING", "logger": "etl_logger", "message": "POST failed (VFSC 2026-02-26) attempt 3: 500 Server Error: Internal Server Error for url: https://report.vantagemarkets.com/api/cc-detail/download, took 0.2s", "service": "cc_reconcile", "stage": "download_davinci", "status": "ok"}
{"timestamp": "2026-03-01T22:00:45+0800", "level": "ERROR", "logger": "etl_logger", "message": "POST failed after 3 attempts (VFSC 2026-02-26)", "service": "cc_reconcile", "stage": "download_davinci", "status": "ok"}
{"timestamp": "2026-03-01T22:00:45+0800", "level": "WARNING", "logger": "etl_logger", "message": "POST failed (VFSC 2026-02-27) attempt 1: 500 Server Error: Internal Server Error for url: https://report.vantagemarkets.com/api/cc-detail/download, took 0.3s", "service": "cc_reconcile", "stage": "download_davinci", "status": "ok"}
{"timestamp": "2026-03-01T22:00:50+0800", "level": "WARNING", "logger": "etl_logger", "message": "POST failed (VFSC 2026-02-27) attempt 2: 500 Server Error: Internal Server Error for url: https://report.vantagemarkets.com/api/cc-detail/download, took 0.2s", "service": "cc_reconcile", "stage": "download_davinci", "status": "ok"}
{"timestamp": "2026-03-01T22:00:55+0800", "level": "WARNING", "logger": "etl_logger", "message": "POST failed (VFSC 2026-02-27) attempt 3: 500 Server Error: Internal Server Error for url: https://report.vantagemarkets.com/api/cc-detail/download, took 0.2s", "service": "cc_reconcile", "stage": "download_davinci", "status": "ok"}
{"timestamp": "2026-03-01T22:00:55+0800", "level": "ERROR", "logger": "etl_logger", "message": "POST failed after 3 attempts (VFSC 2026-02-27)", "service": "cc_reconcile", "stage": "download_davinci", "status": "ok"}
{"timestamp": "2026-03-01T22:00:56+0800", "level": "WARNING", "logger": "etl_logger", "message": "POST failed (VFSC 2026-02-28) attempt 1: 502 Server Error: Bad Gateway for url: https://report.vantagemarkets.com/api/cc-detail/download, took 0.2s", "service": "cc_reconcile", "stage": "download_davinci", "status": "ok"}
{"timestamp": "2026-03-01T22:01:01+0800", "level": "WARNING", "logger": "etl_logger", "message": "POST failed (VFSC 2026-02-28) attempt 2: 500 Server Error: Internal Server Error for url: https://report.vantagemarkets.com/api/cc-detail/download, took 0.3s", "service": "cc_reconcile", "stage": "download_davinci", "status": "ok"}
{"timestamp": "2026-03-01T22:01:06+0800", "level": "WARNING", "logger": "etl_logger", "message": "POST failed (VFSC 2026-02-28) attempt 3: 500 Server Error: Internal Server Error for url: https://report.vantagemarkets.com/api/cc-detail/download, took 0.3s", "service": "cc_reconcile", "stage": "download_davinci", "status": "ok"}
{"timestamp": "2026-03-01T22:01:06+0800", "level": "ERROR", "logger": "etl_logger", "message": "POST failed after 3 attempts (VFSC 2026-02-28)", "service": "cc_reconcile", "stage": "download_davinci", "status": "ok"}
{"timestamp": "2026-03-01T22:01:06+0800", "level": "WARNING", "logger": "etl_logger", "message": "POST failed (VFSC 2026-03-01) attempt 1: 500 Server Error: Internal Server Error for url: https://report.vantagemarkets.com/api/cc-detail/download, took 0.2s", "service": "cc_reconcile", "stage": "download_davinci", "status": "ok"}
{"timestamp": "2026-03-01T22:01:12+0800", "level": "WARNING", "logger": "etl_logger", "message": "POST failed (VFSC 2026-03-01) attempt 2: 500 Server Error: Internal Server Error for url: https://report.vantagemarkets.com/api/cc-detail/download, took 0.2s", "service": "cc_reconcile", "stage": "download_davinci", "status": "ok"}
{"timestamp": "2026-03-01T22:01:17+0800", "level": "WARNING", "logger": "etl_logger", "message": "POST failed (VFSC 2026-03-01) attempt 3: 500 Server Error: Internal Server Error for url: https://report.vantagemarkets.com/api/cc-detail/download, took 0.2s", "service": "cc_reconcile", "stage": "download_davinci", "status": "ok"}
{"timestamp": "2026-03-01T22:01:17+0800", "level": "ERROR", "logger": "etl_logger", "message": "POST failed after 3 attempts (VFSC 2026-03-01)", "service": "cc_reconcile", "stage": "download_davinci", "status": "ok"}
{"timestamp": "2026-03-01T22:01:17+0800", "level": "INFO", "logger": "etl_logger", "message": "Finish downloading Davinci CC - VFSC Report", "service": "cc_reconcile", "stage": "download_davinci", "status": "ok"}
{"timestamp": "2026-03-01T22:01:17+0800", "level": "INFO", "logger": "etl_logger", "message": "Start downloading Davinci CC Report for brand: VFSC2...", "service": "cc_reconcile", "stage": "download_davinci", "status": "ok"}
{"timestamp": "2026-03-01T22:01:17+0800", "level": "WARNING", "logger": "etl_logger", "message": "POST failed (VFSC2 2026-02-26) attempt 1: 500 Server Error: Internal Server Error for url: https://report.vantagemarkets.com/api/cc-detail/download, took 0.2s", "service": "cc_reconcile", "stage": "download_davinci", "status": "ok"}
{"timestamp": "2026-03-01T22:01:22+0800", "level": "WARNING", "logger": "etl_logger", "message": "POST failed (VFSC2 2026-02-26) attempt 2: 500 Server Error: Internal Server Error for url: https://report.vantagemarkets.com/api/cc-detail/download, took 0.2s", "service": "cc_reconcile", "stage": "download_davinci", "status": "ok"}
{"timestamp": "2026-03-01T22:01:28+0800", "level": "WARNING", "logger": "etl_logger", "message": "POST failed (VFSC2 2026-02-26) attempt 3: 500 Server Error: Internal Server Error for url: https://report.vantagemarkets.com/api/cc-detail/download, took 0.3s", "service": "cc_reconcile", "stage": "download_davinci", "status": "ok"}
{"timestamp": "2026-03-01T22:01:28+0800", "level": "ERROR", "logger": "etl_logger", "message": "POST failed after 3 attempts (VFSC2 2026-02-26)", "service": "cc_reconcile", "stage": "download_davinci", "status": "ok"}
{"timestamp": "2026-03-01T22:01:28+0800", "level": "WARNING", "logger": "etl_logger", "message": "POST failed (VFSC2 2026-02-27) attempt 1: 502 Server Error: Bad Gateway for url: https://report.vantagemarkets.com/api/cc-detail/download, took 0.3s", "service": "cc_reconcile", "stage": "download_davinci", "status": "ok"}
{"timestamp": "2026-03-01T22:01:33+0800", "level": "WARNING", "logger": "etl_logger", "message": "POST failed (VFSC2 2026-02-27) attempt 2: 500 Server Error: Internal Server Error for url: https://report.vantagemarkets.com/api/cc-detail/download, took 0.3s", "service": "cc_reconcile", "stage": "download_davinci", "status": "ok"}
{"timestamp": "2026-03-01T22:01:38+0800", "level": "WARNING", "logger": "etl_logger", "message": "POST failed (VFSC2 2026-02-27) attempt 3: 500 Server Error: Internal Server Error for url: https://report.vantagemarkets.com/api/cc-detail/download, took 0.3s", "service": "cc_reconcile", "stage": "download_davinci", "status": "ok"}
{"timestamp": "2026-03-01T22:01:38+0800", "level": "ERROR", "logger": "etl_logger", "message": "POST failed after 3 attempts (VFSC2 2026-02-27)", "service": "cc_reconcile", "stage": "download_davinci", "status": "ok"}
{"timestamp": "2026-03-01T22:01:39+0800", "level": "WARNING", "logger": "etl_logger", "message": "POST failed (VFSC2 2026-02-28) attempt 1: 500 Server Error: Internal Server Error for url: https://report.vantagemarkets.com/api/cc-detail/download, took 0.2s", "service": "cc_reconcile", "stage": "download_davinci", "status": "ok"}
{"timestamp": "2026-03-01T22:01:44+0800", "level": "WARNING", "logger": "etl_logger", "message": "POST failed (VFSC2 2026-02-28) attempt 2: 500 Server Error: Internal Server Error for url: https://report.vantagemarkets.com/api/cc-detail/download, took 0.2s", "service": "cc_reconcile", "stage": "download_davinci", "status": "ok"}
{"timestamp": "2026-03-01T22:01:49+0800", "level": "WARNING", "logger": "etl_logger", "message": "POST failed (VFSC2 2026-02-28) attempt 3: 500 Server Error: Internal Server Error for url: https://report.vantagemarkets.com/api/cc-detail/download, took 0.2s", "service": "cc_reconcile", "stage": "download_davinci", "status": "ok"}
{"timestamp": "2026-03-01T22:01:49+0800", "level": "ERROR", "logger": "etl_logger", "message": "POST failed after 3 attempts (VFSC2 2026-02-28)", "service": "cc_reconcile", "stage": "download_davinci", "status": "ok"}
{"timestamp": "2026-03-01T22:01:49+0800", "level": "WARNING", "logger": "etl_logger", "message": "POST failed (VFSC2 2026-03-01) attempt 1: 500 Server Error: Internal Server Error for url: https://report.vantagemarkets.com/api/cc-detail/download, took 0.2s", "service": "cc_reconcile", "stage": "download_davinci", "status": "ok"}
{"timestamp": "2026-03-01T22:01:55+0800", "level": "WARNING", "logger": "etl_logger", "message": "POST failed (VFSC2 2026-03-01) attempt 2: 500 Server Error: Internal Server Error for url: https://report.vantagemarkets.com/api/cc-detail/download, took 0.2s", "service": "cc_reconcile", "stage": "download_davinci", "status": "ok"}
{"timestamp": "2026-03-01T22:02:00+0800", "level": "WARNING", "logger": "etl_logger", "message": "POST failed (VFSC2 2026-03-01) attempt 3: 500 Server Error: Internal Server Error for url: https://report.vantagemarkets.com/api/cc-detail/download, took 0.2s", "service": "cc_reconcile", "stage": "download_davinci", "status": "ok"}
{"timestamp": "2026-03-01T22:02:00+0800", "level": "ERROR", "logger": "etl_logger", "message": "POST failed after 3 attempts (VFSC2 2026-03-01)", "service": "cc_reconcile", "stage": "download_davinci", "status": "ok"}
{"timestamp": "2026-03-01T22:02:00+0800", "level": "INFO", "logger": "etl_logger", "message": "Finish downloading Davinci CC - VFSC2 Report", "service": "cc_reconcile", "stage": "download_davinci", "status": "ok"}
{"timestamp": "2026-03-01T22:02:00+0800", "level": "WARNING", "logger": "etl_logger", "message": "No data downloaded for any brand.", "service": "cc_reconcile", "stage": "download_davinci", "status": "ok"}
Traceback (most recent call last):
  File "/app/main.py", line 72, in <module>
    main()
  File "/app/main.py", line 25, in main
    logger.info(f"Download CRM CC Report Finish ，Total: {len(crm_cc)}")
TypeError: object of type 'NoneType' has no len()
{"timestamp": "2026-03-01T23:00:02+0800", "level": "INFO", "logger": "etl_logger", "message": "Start download reports...", "service": "cc_reconcile", "stage": "download", "status": "ok"}
{"timestamp": "2026-03-01T23:00:05+0800", "level": "INFO", "logger": "etl_logger", "message": "Payabl Login Success and Get Token Success", "service": "cc_reconcile", "stage": "download_payabl", "status": "ok"}
{"timestamp": "2026-03-01T23:00:05+0800", "level": "INFO", "logger": "etl_logger", "message": "Start downloading Payabl CC Report for date: 2026-02-28...", "service": "cc_reconcile", "stage": "download_payabl", "status": "ok"}
{"timestamp": "2026-03-01T23:00:19+0800", "level": "INFO", "logger": "etl_logger", "message": "Start downloading Payabl CC Report for date: 2026-03-01...", "service": "cc_reconcile", "stage": "download_payabl", "status": "ok"}
{"timestamp": "2026-03-01T23:00:33+0800", "level": "INFO", "logger": "etl_logger", "message": "Finish downloading Payabl CC Report", "service": "cc_reconcile", "stage": "download_payabl", "status": "ok"}
{"timestamp": "2026-03-01T23:00:33+0800", "level": "INFO", "logger": "etl_logger", "message": "Download Payabl CC Report Finish ，Total: 30874", "service": "cc_reconcile", "stage": "download", "status": "ok"}
{"timestamp": "2026-03-01T23:00:33+0800", "level": "INFO", "logger": "etl_logger", "message": "Login attempt 1/5", "service": "cc_reconcile", "stage": "download_davinci", "status": "ok"}
{"timestamp": "2026-03-01T23:00:35+0800", "level": "INFO", "logger": "etl_logger", "message": "Login response status=200, url=https://admin.vantagemarkets.com/admin/main, cookies=4", "service": "cc_reconcile", "stage": "download_davinci", "status": "ok"}
{"timestamp": "2026-03-01T23:00:35+0800", "level": "INFO", "logger": "etl_logger", "message": "Login successful", "service": "cc_reconcile", "stage": "download_davinci", "status": "ok"}
{"timestamp": "2026-03-01T23:00:35+0800", "level": "INFO", "logger": "etl_logger", "message": "Token obtained successfully", "service": "cc_reconcile", "stage": "download_davinci", "status": "ok"}
{"timestamp": "2026-03-01T23:00:35+0800", "level": "INFO", "logger": "etl_logger", "message": "Start downloading Davinci CC Report for brand: VFSC...", "service": "cc_reconcile", "stage": "download_davinci", "status": "ok"}
{"timestamp": "2026-03-01T23:00:35+0800", "level": "WARNING", "logger": "etl_logger", "message": "POST failed (VFSC 2026-02-26) attempt 1: 500 Server Error: Internal Server Error for url: https://report.vantagemarkets.com/api/cc-detail/download, took 0.3s", "service": "cc_reconcile", "stage": "download_davinci", "status": "ok"}
{"timestamp": "2026-03-01T23:00:41+0800", "level": "WARNING", "logger": "etl_logger", "message": "POST failed (VFSC 2026-02-26) attempt 2: 500 Server Error: Internal Server Error for url: https://report.vantagemarkets.com/api/cc-detail/download, took 0.2s", "service": "cc_reconcile", "stage": "download_davinci", "status": "ok"}
{"timestamp": "2026-03-01T23:00:46+0800", "level": "WARNING", "logger": "etl_logger", "message": "POST failed (VFSC 2026-02-26) attempt 3: 500 Server Error: Internal Server Error for url: https://report.vantagemarkets.com/api/cc-detail/download, took 0.2s", "service": "cc_reconcile", "stage": "download_davinci", "status": "ok"}
{"timestamp": "2026-03-01T23:00:46+0800", "level": "ERROR", "logger": "etl_logger", "message": "POST failed after 3 attempts (VFSC 2026-02-26)", "service": "cc_reconcile", "stage": "download_davinci", "status": "ok"}
{"timestamp": "2026-03-01T23:00:46+0800", "level": "WARNING", "logger": "etl_logger", "message": "POST failed (VFSC 2026-02-27) attempt 1: 500 Server Error: Internal Server Error for url: https://report.vantagemarkets.com/api/cc-detail/download, took 0.2s", "service": "cc_reconcile", "stage": "download_davinci", "status": "ok"}
{"timestamp": "2026-03-01T23:00:52+0800", "level": "WARNING", "logger": "etl_logger", "message": "POST failed (VFSC 2026-02-27) attempt 2: 502 Server Error: Bad Gateway for url: https://report.vantagemarkets.com/api/cc-detail/download, took 1.2s", "service": "cc_reconcile", "stage": "download_davinci", "status": "ok"}
{"timestamp": "2026-03-01T23:00:59+0800", "level": "WARNING", "logger": "etl_logger", "message": "POST failed (VFSC 2026-02-27) attempt 3: 500 Server Error: Internal Server Error for url: https://report.vantagemarkets.com/api/cc-detail/download, took 1.6s", "service": "cc_reconcile", "stage": "download_davinci", "status": "ok"}
{"timestamp": "2026-03-01T23:00:59+0800", "level": "ERROR", "logger": "etl_logger", "message": "POST failed after 3 attempts (VFSC 2026-02-27)", "service": "cc_reconcile", "stage": "download_davinci", "status": "ok"}
{"timestamp": "2026-03-01T23:01:16+0800", "level": "WARNING", "logger": "etl_logger", "message": "POST failed (VFSC 2026-02-28) attempt 1: 500 Server Error: Internal Server Error for url: https://report.vantagemarkets.com/api/cc-detail/download, took 17.1s", "service": "cc_reconcile", "stage": "download_davinci", "status": "ok"}
{"timestamp": "2026-03-01T23:01:21+0800", "level": "WARNING", "logger": "etl_logger", "message": "POST failed (VFSC 2026-02-28) attempt 2: 500 Server Error: Internal Server Error for url: https://report.vantagemarkets.com/api/cc-detail/download, took 0.2s", "service": "cc_reconcile", "stage": "download_davinci", "status": "ok"}
{"timestamp": "2026-03-01T23:01:26+0800", "level": "WARNING", "logger": "etl_logger", "message": "POST failed (VFSC 2026-02-28) attempt 3: 500 Server Error: Internal Server Error for url: https://report.vantagemarkets.com/api/cc-detail/download, took 0.2s", "service": "cc_reconcile", "stage": "download_davinci", "status": "ok"}
{"timestamp": "2026-03-01T23:01:26+0800", "level": "ERROR", "logger": "etl_logger", "message": "POST failed after 3 attempts (VFSC 2026-02-28)", "service": "cc_reconcile", "stage": "download_davinci", "status": "ok"}
{"timestamp": "2026-03-01T23:01:27+0800", "level": "WARNING", "logger": "etl_logger", "message": "POST failed (VFSC 2026-03-01) attempt 1: 500 Server Error: Internal Server Error for url: https://report.vantagemarkets.com/api/cc-detail/download, took 0.2s", "service": "cc_reconcile", "stage": "download_davinci", "status": "ok"}
{"timestamp": "2026-03-01T23:01:32+0800", "level": "WARNING", "logger": "etl_logger", "message": "POST failed (VFSC 2026-03-01) attempt 2: 500 Server Error: Internal Server Error for url: https://report.vantagemarkets.com/api/cc-detail/download, took 0.2s", "service": "cc_reconcile", "stage": "download_davinci", "status": "ok"}
{"timestamp": "2026-03-01T23:01:37+0800", "level": "WARNING", "logger": "etl_logger", "message": "POST failed (VFSC 2026-03-01) attempt 3: 500 Server Error: Internal Server Error for url: https://report.vantagemarkets.com/api/cc-detail/download, took 0.2s", "service": "cc_reconcile", "stage": "download_davinci", "status": "ok"}
{"timestamp": "2026-03-01T23:01:37+0800", "level": "ERROR", "logger": "etl_logger", "message": "POST failed after 3 attempts (VFSC 2026-03-01)", "service": "cc_reconcile", "stage": "download_davinci", "status": "ok"}
{"timestamp": "2026-03-01T23:01:37+0800", "level": "INFO", "logger": "etl_logger", "message": "Finish downloading Davinci CC - VFSC Report", "service": "cc_reconcile", "stage": "download_davinci", "status": "ok"}
{"timestamp": "2026-03-01T23:01:37+0800", "level": "INFO", "logger": "etl_logger", "message": "Start downloading Davinci CC Report for brand: VFSC2...", "service": "cc_reconcile", "stage": "download_davinci", "status": "ok"}
{"timestamp": "2026-03-01T23:01:37+0800", "level": "WARNING", "logger": "etl_logger", "message": "POST failed (VFSC2 2026-02-26) attempt 1: 500 Server Error: Internal Server Error for url: https://report.vantagemarkets.com/api/cc-detail/download, took 0.2s", "service": "cc_reconcile", "stage": "download_davinci", "status": "ok"}
{"timestamp": "2026-03-01T23:01:43+0800", "level": "WARNING", "logger": "etl_logger", "message": "POST failed (VFSC2 2026-02-26) attempt 2: 502 Server Error: Bad Gateway for url: https://report.vantagemarkets.com/api/cc-detail/download, took 0.2s", "service": "cc_reconcile", "stage": "download_davinci", "status": "ok"}
{"timestamp": "2026-03-01T23:01:48+0800", "level": "WARNING", "logger": "etl_logger", "message": "POST failed (VFSC2 2026-02-26) attempt 3: 500 Server Error: Internal Server Error for url: https://report.vantagemarkets.com/api/cc-detail/download, took 0.2s", "service": "cc_reconcile", "stage": "download_davinci", "status": "ok"}
{"timestamp": "2026-03-01T23:01:48+0800", "level": "ERROR", "logger": "etl_logger", "message": "POST failed after 3 attempts (VFSC2 2026-02-26)", "service": "cc_reconcile", "stage": "download_davinci", "status": "ok"}
{"timestamp": "2026-03-01T23:01:48+0800", "level": "WARNING", "logger": "etl_logger", "message": "POST failed (VFSC2 2026-02-27) attempt 1: 500 Server Error: Internal Server Error for url: https://report.vantagemarkets.com/api/cc-detail/download, took 0.2s", "service": "cc_reconcile", "stage": "download_davinci", "status": "ok"}
{"timestamp": "2026-03-01T23:01:53+0800", "level": "WARNING", "logger": "etl_logger", "message": "POST failed (VFSC2 2026-02-27) attempt 2: 502 Server Error: Bad Gateway for url: https://report.vantagemarkets.com/api/cc-detail/download, took 0.2s", "service": "cc_reconcile", "stage": "download_davinci", "status": "ok"}
{"timestamp": "2026-03-01T23:01:58+0800", "level": "WARNING", "logger": "etl_logger", "message": "POST failed (VFSC2 2026-02-27) attempt 3: 500 Server Error: Internal Server Error for url: https://report.vantagemarkets.com/api/cc-detail/download, took 0.2s", "service": "cc_reconcile", "stage": "download_davinci", "status": "ok"}
{"timestamp": "2026-03-01T23:01:58+0800", "level": "ERROR", "logger": "etl_logger", "message": "POST failed after 3 attempts (VFSC2 2026-02-27)", "service": "cc_reconcile", "stage": "download_davinci", "status": "ok"}
{"timestamp": "2026-03-01T23:01:59+0800", "level": "WARNING", "logger": "etl_logger", "message": "POST failed (VFSC2 2026-02-28) attempt 1: 500 Server Error: Internal Server Error for url: https://report.vantagemarkets.com/api/cc-detail/download, took 0.2s", "service": "cc_reconcile", "stage": "download_davinci", "status": "ok"}
{"timestamp": "2026-03-01T23:02:04+0800", "level": "WARNING", "logger": "etl_logger", "message": "POST failed (VFSC2 2026-02-28) attempt 2: 500 Server Error: Internal Server Error for url: https://report.vantagemarkets.com/api/cc-detail/download, took 0.2s", "service": "cc_reconcile", "stage": "download_davinci", "status": "ok"}
{"timestamp": "2026-03-01T23:02:09+0800", "level": "WARNING", "logger": "etl_logger", "message": "POST failed (VFSC2 2026-02-28) attempt 3: 500 Server Error: Internal Server Error for url: https://report.vantagemarkets.com/api/cc-detail/download, took 0.2s", "service": "cc_reconcile", "stage": "download_davinci", "status": "ok"}
{"timestamp": "2026-03-01T23:02:09+0800", "level": "ERROR", "logger": "etl_logger", "message": "POST failed after 3 attempts (VFSC2 2026-02-28)", "service": "cc_reconcile", "stage": "download_davinci", "status": "ok"}
{"timestamp": "2026-03-01T23:02:09+0800", "level": "WARNING", "logger": "etl_logger", "message": "POST failed (VFSC2 2026-03-01) attempt 1: 502 Server Error: Bad Gateway for url: https://report.vantagemarkets.com/api/cc-detail/download, took 0.2s", "service": "cc_reconcile", "stage": "download_davinci", "status": "ok"}
{"timestamp": "2026-03-01T23:02:15+0800", "level": "WARNING", "logger": "etl_logger", "message": "POST failed (VFSC2 2026-03-01) attempt 2: 500 Server Error: Internal Server Error for url: https://report.vantagemarkets.com/api/cc-detail/download, took 0.2s", "service": "cc_reconcile", "stage": "download_davinci", "status": "ok"}
{"timestamp": "2026-03-01T23:02:20+0800", "level": "WARNING", "logger": "etl_logger", "message": "POST failed (VFSC2 2026-03-01) attempt 3: 500 Server Error: Internal Server Error for url: https://report.vantagemarkets.com/api/cc-detail/download, took 0.3s", "service": "cc_reconcile", "stage": "download_davinci", "status": "ok"}
{"timestamp": "2026-03-01T23:02:20+0800", "level": "ERROR", "logger": "etl_logger", "message": "POST failed after 3 attempts (VFSC2 2026-03-01)", "service": "cc_reconcile", "stage": "download_davinci", "status": "ok"}
{"timestamp": "2026-03-01T23:02:20+0800", "level": "INFO", "logger": "etl_logger", "message": "Finish downloading Davinci CC - VFSC2 Report", "service": "cc_reconcile", "stage": "download_davinci", "status": "ok"}
{"timestamp": "2026-03-01T23:02:20+0800", "level": "WARNING", "logger": "etl_logger", "message": "No data downloaded for any brand.", "service": "cc_reconcile", "stage": "download_davinci", "status": "ok"}
Traceback (most recent call last):
  File "/app/main.py", line 72, in <module>
    main()
  File "/app/main.py", line 25, in main
    logger.info(f"Download CRM CC Report Finish ，Total: {len(crm_cc)}")
TypeError: object of type 'NoneType' has no len()
