{"timestamp": "2026-03-08T00:00:01+0800", "level": "INFO", "logger": "etl_logger", "message": "Start download reports...", "service": "cc_reconcile", "stage": "download", "status": "ok"}
{"timestamp": "2026-03-08T00:00:04+0800", "level": "INFO", "logger": "etl_logger", "message": "Payabl Login Success and Get Token Success", "service": "cc_reconcile", "stage": "download_payabl", "status": "ok"}
{"timestamp": "2026-03-08T00:00:04+0800", "level": "INFO", "logger": "etl_logger", "message": "Start downloading Payabl CC Report for date: 2026-03-07...", "service": "cc_reconcile", "stage": "download_payabl", "status": "ok"}
{"timestamp": "2026-03-08T00:00:15+0800", "level": "INFO", "logger": "etl_logger", "message": "Start downloading Payabl CC Report for date: 2026-03-08...", "service": "cc_reconcile", "stage": "download_payabl", "status": "ok"}
{"timestamp": "2026-03-08T00:00:20+0800", "level": "INFO", "logger": "etl_logger", "message": "Finish downloading Payabl CC Report", "service": "cc_reconcile", "stage": "download_payabl", "status": "ok"}
{"timestamp": "2026-03-08T00:00:20+0800", "level": "INFO", "logger": "etl_logger", "message": "Download Payabl CC Report Finish ，Total: 8792", "service": "cc_reconcile", "stage": "download", "status": "ok"}
{"timestamp": "2026-03-08T00:00:20+0800", "level": "INFO", "logger": "etl_logger", "message": "Login attempt 1/5", "service": "cc_reconcile", "stage": "download_davinci", "status": "ok"}
{"timestamp": "2026-03-08T00:00:21+0800", "level": "INFO", "logger": "etl_logger", "message": "Login response status=200, url=https://admin.vantagemarkets.com/admin/main, cookies=4", "service": "cc_reconcile", "stage": "download_davinci", "status": "ok"}
{"timestamp": "2026-03-08T00:00:21+0800", "level": "INFO", "logger": "etl_logger", "message": "Login successful", "service": "cc_reconcile", "stage": "download_davinci", "status": "ok"}
{"timestamp": "2026-03-08T00:00:22+0800", "level": "INFO", "logger": "etl_logger", "message": "Token obtained successfully", "service": "cc_reconcile", "stage": "download_davinci", "status": "ok"}
{"timestamp": "2026-03-08T00:00:22+0800", "level": "INFO", "logger": "etl_logger", "message": "Start downloading Davinci CC Report for brand: VFSC...", "service": "cc_reconcile", "stage": "download_davinci", "status": "ok"}
{"timestamp": "2026-03-08T00:00:41+0800", "level": "INFO", "logger": "etl_logger", "message": "POST success (VFSC 2026-03-04): cc_withdraw_detail_report_20260307160041.csv, took 19.3s", "service": "cc_reconcile", "stage": "download_davinci", "status": "ok"}
{"timestamp": "2026-03-08T00:00:48+0800", "level": "INFO", "logger": "etl_logger", "message": "Download success (VFSC 2026-03-04): cc_withdraw_detail_report_20260307160041.csv, took 6.8s", "service": "cc_reconcile", "stage": "download_davinci", "status": "ok"}
{"timestamp": "2026-03-08T00:01:06+0800", "level": "INFO", "logger": "etl_logger", "message": "POST success (VFSC 2026-03-05): cc_withdraw_detail_report_20260307160106.csv, took 18.2s", "service": "cc_reconcile", "stage": "download_davinci", "status": "ok"}
{"timestamp": "2026-03-08T00:01:09+0800", "level": "INFO", "logger": "etl_logger", "message": "Download success (VFSC 2026-03-05): cc_withdraw_detail_report_20260307160106.csv, took 3.5s", "service": "cc_reconcile", "stage": "download_davinci", "status": "ok"}
{"timestamp": "2026-03-08T00:01:37+0800", "level": "INFO", "logger": "etl_logger", "message": "POST success (VFSC 2026-03-06): cc_withdraw_detail_report_20260307160137.csv, took 28.0s", "service": "cc_reconcile", "stage": "download_davinci", "status": "ok"}
{"timestamp": "2026-03-08T00:01:43+0800", "level": "INFO", "logger": "etl_logger", "message": "Download success (VFSC 2026-03-06): cc_withdraw_detail_report_20260307160137.csv, took 5.5s", "service": "cc_reconcile", "stage": "download_davinci", "status": "ok"}
{"timestamp": "2026-03-08T00:02:00+0800", "level": "INFO", "logger": "etl_logger", "message": "POST success (VFSC 2026-03-07): cc_withdraw_detail_report_20260307160200.csv, took 17.3s", "service": "cc_reconcile", "stage": "download_davinci", "status": "ok"}
{"timestamp": "2026-03-08T00:02:04+0800", "level": "INFO", "logger": "etl_logger", "message": "Download success (VFSC 2026-03-07): cc_withdraw_detail_report_20260307160200.csv, took 3.6s", "service": "cc_reconcile", "stage": "download_davinci", "status": "ok"}
{"timestamp": "2026-03-08T00:02:04+0800", "level": "INFO", "logger": "etl_logger", "message": "Finish downloading Davinci CC - VFSC Report", "service": "cc_reconcile", "stage": "download_davinci", "status": "ok"}
{"timestamp": "2026-03-08T00:02:04+0800", "level": "INFO", "logger": "etl_logger", "message": "Start downloading Davinci CC Report for brand: VFSC2...", "service": "cc_reconcile", "stage": "download_davinci", "status": "ok"}
{"timestamp": "2026-03-08T00:02:55+0800", "level": "INFO", "logger": "etl_logger", "message": "POST success (VFSC2 2026-03-04): cc_withdraw_detail_report_20260307160255.csv, took 51.0s", "service": "cc_reconcile", "stage": "download_davinci", "status": "ok"}
{"timestamp": "2026-03-08T00:03:21+0800", "level": "INFO", "logger": "etl_logger", "message": "Download success (VFSC2 2026-03-04): cc_withdraw_detail_report_20260307160255.csv, took 25.7s", "service": "cc_reconcile", "stage": "download_davinci", "status": "ok"}
{"timestamp": "2026-03-08T00:04:12+0800", "level": "INFO", "logger": "etl_logger", "message": "POST success (VFSC2 2026-03-05): cc_withdraw_detail_report_20260307160412.csv, took 51.7s", "service": "cc_reconcile", "stage": "download_davinci", "status": "ok"}
{"timestamp": "2026-03-08T00:04:15+0800", "level": "INFO", "logger": "etl_logger", "message": "Download success (VFSC2 2026-03-05): cc_withdraw_detail_report_20260307160412.csv, took 2.6s", "service": "cc_reconcile", "stage": "download_davinci", "status": "ok"}
{"timestamp": "2026-03-08T00:05:06+0800", "level": "INFO", "logger": "etl_logger", "message": "POST success (VFSC2 2026-03-06): cc_withdraw_detail_report_20260307160506.csv, took 51.0s", "service": "cc_reconcile", "stage": "download_davinci", "status": "ok"}
{"timestamp": "2026-03-08T00:05:09+0800", "level": "INFO", "logger": "etl_logger", "message": "Download success (VFSC2 2026-03-06): cc_withdraw_detail_report_20260307160506.csv, took 3.4s", "service": "cc_reconcile", "stage": "download_davinci", "status": "ok"}
{"timestamp": "2026-03-08T00:05:58+0800", "level": "INFO", "logger": "etl_logger", "message": "POST success (VFSC2 2026-03-07): cc_withdraw_detail_report_20260307160558.csv, took 49.0s", "service": "cc_reconcile", "stage": "download_davinci", "status": "ok"}
{"timestamp": "2026-03-08T00:06:01+0800", "level": "INFO", "logger": "etl_logger", "message": "Download success (VFSC2 2026-03-07): cc_withdraw_detail_report_20260307160558.csv, took 2.6s", "service": "cc_reconcile", "stage": "download_davinci", "status": "ok"}
{"timestamp": "2026-03-08T00:06:02+0800", "level": "INFO", "logger": "etl_logger", "message": "Finish downloading Davinci CC - VFSC2 Report", "service": "cc_reconcile", "stage": "download_davinci", "status": "ok"}
{"timestamp": "2026-03-08T00:06:02+0800", "level": "INFO", "logger": "etl_logger", "message": "Finish downloading Davinci CC Report for all brands, total rows: 48685", "service": "cc_reconcile", "stage": "download_davinci", "status": "ok"}
{"timestamp": "2026-03-08T00:06:02+0800", "level": "INFO", "logger": "etl_logger", "message": "Download CRM CC Report Finish ，Total: 48685", "service": "cc_reconcile", "stage": "download", "status": "ok"}
{"timestamp": "2026-03-08T00:06:02+0800", "level": "INFO", "logger": "etl_logger", "message": "Start reconcile...", "service": "cc_reconcile", "stage": "reconcile", "status": "ok"}
{"timestamp": "2026-03-08T00:06:02+0800", "level": "INFO", "logger": "etl_logger", "message": "Reconcile Finish ，Total Mismatch Case: 2", "service": "cc_reconcile", "stage": "reconcile", "status": "ok"}
{"timestamp": "2026-03-08T00:06:02+0800", "level": "INFO", "logger": "etl_logger", "message": "Connect Lark Finish", "service": "cc_reconcile", "stage": "lark", "status": "ok"}
{"timestamp": "2026-03-08T00:06:02+0800", "level": "INFO", "logger": "etl_logger", "message": "Start query existing data in LarkSheet...", "service": "cc_reconcile", "stage": "lark", "status": "ok"}
{"timestamp": "2026-03-08T00:06:03+0800", "level": "INFO", "logger": "etl_logger", "message": "Query existing data in LarkSheet Finish", "service": "cc_reconcile", "stage": "lark", "status": "ok"}
{"timestamp": "2026-03-08T00:06:03+0800", "level": "INFO", "logger": "etl_logger", "message": "Total unique keys in LarkSheet: 164, Total new mismatch cases to upload: 0", "service": "cc_reconcile", "stage": "lark", "status": "ok"}
{"timestamp": "2026-03-08T00:06:03+0800", "level": "INFO", "logger": "etl_logger", "message": "Append data to LarkSheet with range: Kalw4Y!A2:L3, rows: 1, columns: 12", "service": "cc_reconcile", "stage": "lark", "status": "ok"}
{"timestamp": "2026-03-08T00:06:04+0800", "level": "INFO", "logger": "etl_logger", "message": "✅ Successfully appended data to LarkSheet", "service": "cc_reconcile", "stage": "lark", "status": "ok"}
{"timestamp": "2026-03-08T00:06:05+0800", "level": "INFO", "logger": "etl_logger", "message": "Upload data to LarkSheet Finish", "service": "cc_reconcile", "stage": "lark", "status": "ok"}
{"timestamp": "2026-03-08T01:00:02+0800", "level": "INFO", "logger": "etl_logger", "message": "Start download reports...", "service": "cc_reconcile", "stage": "download", "status": "ok"}
{"timestamp": "2026-03-08T01:00:05+0800", "level": "INFO", "logger": "etl_logger", "message": "Payabl Login Success and Get Token Success", "service": "cc_reconcile", "stage": "download_payabl", "status": "ok"}
{"timestamp": "2026-03-08T01:00:05+0800", "level": "INFO", "logger": "etl_logger", "message": "Start downloading Payabl CC Report for date: 2026-03-07...", "service": "cc_reconcile", "stage": "download_payabl", "status": "ok"}
{"timestamp": "2026-03-08T01:00:15+0800", "level": "INFO", "logger": "etl_logger", "message": "Start downloading Payabl CC Report for date: 2026-03-08...", "service": "cc_reconcile", "stage": "download_payabl", "status": "ok"}
{"timestamp": "2026-03-08T01:00:20+0800", "level": "INFO", "logger": "etl_logger", "message": "Finish downloading Payabl CC Report", "service": "cc_reconcile", "stage": "download_payabl", "status": "ok"}
{"timestamp": "2026-03-08T01:00:20+0800", "level": "INFO", "logger": "etl_logger", "message": "Download Payabl CC Report Finish ，Total: 9426", "service": "cc_reconcile", "stage": "download", "status": "ok"}
{"timestamp": "2026-03-08T01:00:20+0800", "level": "INFO", "logger": "etl_logger", "message": "Login attempt 1/5", "service": "cc_reconcile", "stage": "download_davinci", "status": "ok"}
{"timestamp": "2026-03-08T01:00:22+0800", "level": "INFO", "logger": "etl_logger", "message": "Login response status=200, url=https://admin.vantagemarkets.com/admin/main, cookies=4", "service": "cc_reconcile", "stage": "download_davinci", "status": "ok"}
{"timestamp": "2026-03-08T01:00:22+0800", "level": "INFO", "logger": "etl_logger", "message": "Login successful", "service": "cc_reconcile", "stage": "download_davinci", "status": "ok"}
{"timestamp": "2026-03-08T01:00:22+0800", "level": "INFO", "logger": "etl_logger", "message": "Token obtained successfully", "service": "cc_reconcile", "stage": "download_davinci", "status": "ok"}
{"timestamp": "2026-03-08T01:00:22+0800", "level": "INFO", "logger": "etl_logger", "message": "Start downloading Davinci CC Report for brand: VFSC...", "service": "cc_reconcile", "stage": "download_davinci", "status": "ok"}
{"timestamp": "2026-03-08T01:00:43+0800", "level": "INFO", "logger": "etl_logger", "message": "POST success (VFSC 2026-03-04): cc_withdraw_detail_report_20260307170043.csv, took 20.7s", "service": "cc_reconcile", "stage": "download_davinci", "status": "ok"}
{"timestamp": "2026-03-08T01:00:46+0800", "level": "INFO", "logger": "etl_logger", "message": "Download success (VFSC 2026-03-04): cc_withdraw_detail_report_20260307170043.csv, took 2.5s", "service": "cc_reconcile", "stage": "download_davinci", "status": "ok"}
{"timestamp": "2026-03-08T01:01:05+0800", "level": "INFO", "logger": "etl_logger", "message": "POST success (VFSC 2026-03-05): cc_withdraw_detail_report_20260307170105.csv, took 18.9s", "service": "cc_reconcile", "stage": "download_davinci", "status": "ok"}
{"timestamp": "2026-03-08T01:01:08+0800", "level": "INFO", "logger": "etl_logger", "message": "Download success (VFSC 2026-03-05): cc_withdraw_detail_report_20260307170105.csv, took 3.4s", "service": "cc_reconcile", "stage": "download_davinci", "status": "ok"}
{"timestamp": "2026-03-08T01:01:26+0800", "level": "INFO", "logger": "etl_logger", "message": "POST success (VFSC 2026-03-06): cc_withdraw_detail_report_20260307170126.csv, took 18.3s", "service": "cc_reconcile", "stage": "download_davinci", "status": "ok"}
{"timestamp": "2026-03-08T01:01:34+0800", "level": "INFO", "logger": "etl_logger", "message": "Download success (VFSC 2026-03-06): cc_withdraw_detail_report_20260307170126.csv, took 7.3s", "service": "cc_reconcile", "stage": "download_davinci", "status": "ok"}
{"timestamp": "2026-03-08T01:01:53+0800", "level": "INFO", "logger": "etl_logger", "message": "POST success (VFSC 2026-03-07): cc_withdraw_detail_report_20260307170153.csv, took 19.3s", "service": "cc_reconcile", "stage": "download_davinci", "status": "ok"}
{"timestamp": "2026-03-08T01:01:55+0800", "level": "INFO", "logger": "etl_logger", "message": "Download success (VFSC 2026-03-07): cc_withdraw_detail_report_20260307170153.csv, took 1.9s", "service": "cc_reconcile", "stage": "download_davinci", "status": "ok"}
{"timestamp": "2026-03-08T01:01:55+0800", "level": "INFO", "logger": "etl_logger", "message": "Finish downloading Davinci CC - VFSC Report", "service": "cc_reconcile", "stage": "download_davinci", "status": "ok"}
{"timestamp": "2026-03-08T01:01:55+0800", "level": "INFO", "logger": "etl_logger", "message": "Start downloading Davinci CC Report for brand: VFSC2...", "service": "cc_reconcile", "stage": "download_davinci", "status": "ok"}
{"timestamp": "2026-03-08T01:02:46+0800", "level": "INFO", "logger": "etl_logger", "message": "POST success (VFSC2 2026-03-04): cc_withdraw_detail_report_20260307170246.csv, took 51.5s", "service": "cc_reconcile", "stage": "download_davinci", "status": "ok"}
{"timestamp": "2026-03-08T01:03:02+0800", "level": "INFO", "logger": "etl_logger", "message": "Download success (VFSC2 2026-03-04): cc_withdraw_detail_report_20260307170246.csv, took 15.5s", "service": "cc_reconcile", "stage": "download_davinci", "status": "ok"}
{"timestamp": "2026-03-08T01:03:54+0800", "level": "INFO", "logger": "etl_logger", "message": "POST success (VFSC2 2026-03-05): cc_withdraw_detail_report_20260307170354.csv, took 52.0s", "service": "cc_reconcile", "stage": "download_davinci", "status": "ok"}
{"timestamp": "2026-03-08T01:03:56+0800", "level": "INFO", "logger": "etl_logger", "message": "Download success (VFSC2 2026-03-05): cc_withdraw_detail_report_20260307170354.csv, took 2.5s", "service": "cc_reconcile", "stage": "download_davinci", "status": "ok"}
{"timestamp": "2026-03-08T01:04:52+0800", "level": "INFO", "logger": "etl_logger", "message": "POST success (VFSC2 2026-03-06): cc_withdraw_detail_report_20260307170452.csv, took 56.1s", "service": "cc_reconcile", "stage": "download_davinci", "status": "ok"}
{"timestamp": "2026-03-08T01:05:11+0800", "level": "INFO", "logger": "etl_logger", "message": "Download success (VFSC2 2026-03-06): cc_withdraw_detail_report_20260307170452.csv, took 18.6s", "service": "cc_reconcile", "stage": "download_davinci", "status": "ok"}
{"timestamp": "2026-03-08T01:06:01+0800", "level": "INFO", "logger": "etl_logger", "message": "POST success (VFSC2 2026-03-07): cc_withdraw_detail_report_20260307170601.csv, took 50.2s", "service": "cc_reconcile", "stage": "download_davinci", "status": "ok"}
{"timestamp": "2026-03-08T01:06:08+0800", "level": "INFO", "logger": "etl_logger", "message": "Download success (VFSC2 2026-03-07): cc_withdraw_detail_report_20260307170601.csv, took 6.2s", "service": "cc_reconcile", "stage": "download_davinci", "status": "ok"}
{"timestamp": "2026-03-08T01:06:08+0800", "level": "INFO", "logger": "etl_logger", "message": "Finish downloading Davinci CC - VFSC2 Report", "service": "cc_reconcile", "stage": "download_davinci", "status": "ok"}
{"timestamp": "2026-03-08T01:06:08+0800", "level": "INFO", "logger": "etl_logger", "message": "Finish downloading Davinci CC Report for all brands, total rows: 48773", "service": "cc_reconcile", "stage": "download_davinci", "status": "ok"}
{"timestamp": "2026-03-08T01:06:08+0800", "level": "INFO", "logger": "etl_logger", "message": "Download CRM CC Report Finish ，Total: 48773", "service": "cc_reconcile", "stage": "download", "status": "ok"}
{"timestamp": "2026-03-08T01:06:08+0800", "level": "INFO", "logger": "etl_logger", "message": "Start reconcile...", "service": "cc_reconcile", "stage": "reconcile", "status": "ok"}
{"timestamp": "2026-03-08T01:06:08+0800", "level": "INFO", "logger": "etl_logger", "message": "Reconcile Finish ，Total Mismatch Case: 2", "service": "cc_reconcile", "stage": "reconcile", "status": "ok"}
{"timestamp": "2026-03-08T01:06:09+0800", "level": "INFO", "logger": "etl_logger", "message": "Connect Lark Finish", "service": "cc_reconcile", "stage": "lark", "status": "ok"}
{"timestamp": "2026-03-08T01:06:09+0800", "level": "INFO", "logger": "etl_logger", "message": "Start query existing data in LarkSheet...", "service": "cc_reconcile", "stage": "lark", "status": "ok"}
{"timestamp": "2026-03-08T01:06:10+0800", "level": "INFO", "logger": "etl_logger", "message": "Query existing data in LarkSheet Finish", "service": "cc_reconcile", "stage": "lark", "status": "ok"}
{"timestamp": "2026-03-08T01:06:10+0800", "level": "INFO", "logger": "etl_logger", "message": "Total unique keys in LarkSheet: 164, Total new mismatch cases to upload: 0", "service": "cc_reconcile", "stage": "lark", "status": "ok"}
{"timestamp": "2026-03-08T01:06:10+0800", "level": "INFO", "logger": "etl_logger", "message": "Append data to LarkSheet with range: Kalw4Y!A2:L3, rows: 1, columns: 12", "service": "cc_reconcile", "stage": "lark", "status": "ok"}
{"timestamp": "2026-03-08T01:06:10+0800", "level": "INFO", "logger": "etl_logger", "message": "✅ Successfully appended data to LarkSheet", "service": "cc_reconcile", "stage": "lark", "status": "ok"}
{"timestamp": "2026-03-08T01:06:11+0800", "level": "INFO", "logger": "etl_logger", "message": "Upload data to LarkSheet Finish", "service": "cc_reconcile", "stage": "lark", "status": "ok"}
{"timestamp": "2026-03-08T02:00:01+0800", "level": "INFO", "logger": "etl_logger", "message": "Start download reports...", "service": "cc_reconcile", "stage": "download", "status": "ok"}
{"timestamp": "2026-03-08T02:00:04+0800", "level": "INFO", "logger": "etl_logger", "message": "Payabl Login Success and Get Token Success", "service": "cc_reconcile", "stage": "download_payabl", "status": "ok"}
{"timestamp": "2026-03-08T02:00:04+0800", "level": "INFO", "logger": "etl_logger", "message": "Start downloading Payabl CC Report for date: 2026-03-07...", "service": "cc_reconcile", "stage": "download_payabl", "status": "ok"}
{"timestamp": "2026-03-08T02:00:16+0800", "level": "INFO", "logger": "etl_logger", "message": "Start downloading Payabl CC Report for date: 2026-03-08...", "service": "cc_reconcile", "stage": "download_payabl", "status": "ok"}
{"timestamp": "2026-03-08T02:00:21+0800", "level": "INFO", "logger": "etl_logger", "message": "Finish downloading Payabl CC Report", "service": "cc_reconcile", "stage": "download_payabl", "status": "ok"}
{"timestamp": "2026-03-08T02:00:21+0800", "level": "INFO", "logger": "etl_logger", "message": "Download Payabl CC Report Finish ，Total: 9918", "service": "cc_reconcile", "stage": "download", "status": "ok"}
{"timestamp": "2026-03-08T02:00:21+0800", "level": "INFO", "logger": "etl_logger", "message": "Login attempt 1/5", "service": "cc_reconcile", "stage": "download_davinci", "status": "ok"}
{"timestamp": "2026-03-08T02:00:22+0800", "level": "INFO", "logger": "etl_logger", "message": "Login response status=200, url=https://admin.vantagemarkets.com/admin/main, cookies=4", "service": "cc_reconcile", "stage": "download_davinci", "status": "ok"}
{"timestamp": "2026-03-08T02:00:22+0800", "level": "INFO", "logger": "etl_logger", "message": "Login successful", "service": "cc_reconcile", "stage": "download_davinci", "status": "ok"}
{"timestamp": "2026-03-08T02:00:22+0800", "level": "INFO", "logger": "etl_logger", "message": "Token obtained successfully", "service": "cc_reconcile", "stage": "download_davinci", "status": "ok"}
{"timestamp": "2026-03-08T02:00:22+0800", "level": "INFO", "logger": "etl_logger", "message": "Start downloading Davinci CC Report for brand: VFSC...", "service": "cc_reconcile", "stage": "download_davinci", "status": "ok"}
{"timestamp": "2026-03-08T02:00:43+0800", "level": "INFO", "logger": "etl_logger", "message": "POST success (VFSC 2026-03-04): cc_withdraw_detail_report_20260307180043.csv, took 20.9s", "service": "cc_reconcile", "stage": "download_davinci", "status": "ok"}
{"timestamp": "2026-03-08T02:00:46+0800", "level": "INFO", "logger": "etl_logger", "message": "Download success (VFSC 2026-03-04): cc_withdraw_detail_report_20260307180043.csv, took 2.4s", "service": "cc_reconcile", "stage": "download_davinci", "status": "ok"}
{"timestamp": "2026-03-08T02:01:03+0800", "level": "INFO", "logger": "etl_logger", "message": "POST success (VFSC 2026-03-05): cc_withdraw_detail_report_20260307180103.csv, took 17.9s", "service": "cc_reconcile", "stage": "download_davinci", "status": "ok"}
{"timestamp": "2026-03-08T02:01:25+0800", "level": "INFO", "logger": "etl_logger", "message": "Download success (VFSC 2026-03-05): cc_withdraw_detail_report_20260307180103.csv, took 21.2s", "service": "cc_reconcile", "stage": "download_davinci", "status": "ok"}
{"timestamp": "2026-03-08T02:01:43+0800", "level": "INFO", "logger": "etl_logger", "message": "POST success (VFSC 2026-03-06): cc_withdraw_detail_report_20260307180143.csv, took 18.3s", "service": "cc_reconcile", "stage": "download_davinci", "status": "ok"}
{"timestamp": "2026-03-08T02:01:45+0800", "level": "INFO", "logger": "etl_logger", "message": "Download success (VFSC 2026-03-06): cc_withdraw_detail_report_20260307180143.csv, took 1.8s", "service": "cc_reconcile", "stage": "download_davinci", "status": "ok"}
{"timestamp": "2026-03-08T02:02:02+0800", "level": "INFO", "logger": "etl_logger", "message": "POST success (VFSC 2026-03-07): cc_withdraw_detail_report_20260307180202.csv, took 17.4s", "service": "cc_reconcile", "stage": "download_davinci", "status": "ok"}
{"timestamp": "2026-03-08T02:02:04+0800", "level": "INFO", "logger": "etl_logger", "message": "Download success (VFSC 2026-03-07): cc_withdraw_detail_report_20260307180202.csv, took 1.9s", "service": "cc_reconcile", "stage": "download_davinci", "status": "ok"}
{"timestamp": "2026-03-08T02:02:04+0800", "level": "INFO", "logger": "etl_logger", "message": "Finish downloading Davinci CC - VFSC Report", "service": "cc_reconcile", "stage": "download_davinci", "status": "ok"}
{"timestamp": "2026-03-08T02:02:04+0800", "level": "INFO", "logger": "etl_logger", "message": "Start downloading Davinci CC Report for brand: VFSC2...", "service": "cc_reconcile", "stage": "download_davinci", "status": "ok"}
{"timestamp": "2026-03-08T02:02:56+0800", "level": "INFO", "logger": "etl_logger", "message": "POST success (VFSC2 2026-03-04): cc_withdraw_detail_report_20260307180256.csv, took 52.4s", "service": "cc_reconcile", "stage": "download_davinci", "status": "ok"}
{"timestamp": "2026-03-08T02:03:05+0800", "level": "INFO", "logger": "etl_logger", "message": "Download success (VFSC2 2026-03-04): cc_withdraw_detail_report_20260307180256.csv, took 8.5s", "service": "cc_reconcile", "stage": "download_davinci", "status": "ok"}
{"timestamp": "2026-03-08T02:03:56+0800", "level": "INFO", "logger": "etl_logger", "message": "POST success (VFSC2 2026-03-05): cc_withdraw_detail_report_20260307180356.csv, took 51.5s", "service": "cc_reconcile", "stage": "download_davinci", "status": "ok"}
{"timestamp": "2026-03-08T02:04:00+0800", "level": "INFO", "logger": "etl_logger", "message": "Download success (VFSC2 2026-03-05): cc_withdraw_detail_report_20260307180356.csv, took 3.8s", "service": "cc_reconcile", "stage": "download_davinci", "status": "ok"}
{"timestamp": "2026-03-08T02:04:52+0800", "level": "INFO", "logger": "etl_logger", "message": "POST success (VFSC2 2026-03-06): cc_withdraw_detail_report_20260307180451.csv, took 51.5s", "service": "cc_reconcile", "stage": "download_davinci", "status": "ok"}
{"timestamp": "2026-03-08T02:04:54+0800", "level": "INFO", "logger": "etl_logger", "message": "Download success (VFSC2 2026-03-06): cc_withdraw_detail_report_20260307180451.csv, took 2.6s", "service": "cc_reconcile", "stage": "download_davinci", "status": "ok"}
{"timestamp": "2026-03-08T02:05:45+0800", "level": "INFO", "logger": "etl_logger", "message": "POST success (VFSC2 2026-03-07): cc_withdraw_detail_report_20260307180545.csv, took 50.4s", "service": "cc_reconcile", "stage": "download_davinci", "status": "ok"}
{"timestamp": "2026-03-08T02:05:47+0800", "level": "INFO", "logger": "etl_logger", "message": "Download success (VFSC2 2026-03-07): cc_withdraw_detail_report_20260307180545.csv, took 2.0s", "service": "cc_reconcile", "stage": "download_davinci", "status": "ok"}
{"timestamp": "2026-03-08T02:05:47+0800", "level": "INFO", "logger": "etl_logger", "message": "Finish downloading Davinci CC - VFSC2 Report", "service": "cc_reconcile", "stage": "download_davinci", "status": "ok"}
{"timestamp": "2026-03-08T02:05:47+0800", "level": "INFO", "logger": "etl_logger", "message": "Finish downloading Davinci CC Report for all brands, total rows: 48904", "service": "cc_reconcile", "stage": "download_davinci", "status": "ok"}
{"timestamp": "2026-03-08T02:05:47+0800", "level": "INFO", "logger": "etl_logger", "message": "Download CRM CC Report Finish ，Total: 48904", "service": "cc_reconcile", "stage": "download", "status": "ok"}
{"timestamp": "2026-03-08T02:05:47+0800", "level": "INFO", "logger": "etl_logger", "message": "Start reconcile...", "service": "cc_reconcile", "stage": "reconcile", "status": "ok"}
{"timestamp": "2026-03-08T02:05:48+0800", "level": "INFO", "logger": "etl_logger", "message": "Reconcile Finish ，Total Mismatch Case: 2", "service": "cc_reconcile", "stage": "reconcile", "status": "ok"}
{"timestamp": "2026-03-08T02:05:48+0800", "level": "INFO", "logger": "etl_logger", "message": "Connect Lark Finish", "service": "cc_reconcile", "stage": "lark", "status": "ok"}
{"timestamp": "2026-03-08T02:05:48+0800", "level": "INFO", "logger": "etl_logger", "message": "Start query existing data in LarkSheet...", "service": "cc_reconcile", "stage": "lark", "status": "ok"}
{"timestamp": "2026-03-08T02:05:49+0800", "level": "INFO", "logger": "etl_logger", "message": "Query existing data in LarkSheet Finish", "service": "cc_reconcile", "stage": "lark", "status": "ok"}
{"timestamp": "2026-03-08T02:05:49+0800", "level": "INFO", "logger": "etl_logger", "message": "Total unique keys in LarkSheet: 164, Total new mismatch cases to upload: 0", "service": "cc_reconcile", "stage": "lark", "status": "ok"}
{"timestamp": "2026-03-08T02:05:49+0800", "level": "INFO", "logger": "etl_logger", "message": "Append data to LarkSheet with range: Kalw4Y!A2:L3, rows: 1, columns: 12", "service": "cc_reconcile", "stage": "lark", "status": "ok"}
{"timestamp": "2026-03-08T02:05:49+0800", "level": "INFO", "logger": "etl_logger", "message": "✅ Successfully appended data to LarkSheet", "service": "cc_reconcile", "stage": "lark", "status": "ok"}
{"timestamp": "2026-03-08T02:05:50+0800", "level": "INFO", "logger": "etl_logger", "message": "Upload data to LarkSheet Finish", "service": "cc_reconcile", "stage": "lark", "status": "ok"}
{"timestamp": "2026-03-08T03:00:02+0800", "level": "INFO", "logger": "etl_logger", "message": "Start download reports...", "service": "cc_reconcile", "stage": "download", "status": "ok"}
{"timestamp": "2026-03-08T03:00:05+0800", "level": "INFO", "logger": "etl_logger", "message": "Payabl Login Success and Get Token Success", "service": "cc_reconcile", "stage": "download_payabl", "status": "ok"}
{"timestamp": "2026-03-08T03:00:05+0800", "level": "INFO", "logger": "etl_logger", "message": "Start downloading Payabl CC Report for date: 2026-03-07...", "service": "cc_reconcile", "stage": "download_payabl", "status": "ok"}
{"timestamp": "2026-03-08T03:00:15+0800", "level": "INFO", "logger": "etl_logger", "message": "Start downloading Payabl CC Report for date: 2026-03-08...", "service": "cc_reconcile", "stage": "download_payabl", "status": "ok"}
{"timestamp": "2026-03-08T03:00:20+0800", "level": "INFO", "logger": "etl_logger", "message": "Finish downloading Payabl CC Report", "service": "cc_reconcile", "stage": "download_payabl", "status": "ok"}
{"timestamp": "2026-03-08T03:00:20+0800", "level": "INFO", "logger": "etl_logger", "message": "Download Payabl CC Report Finish ，Total: 10749", "service": "cc_reconcile", "stage": "download", "status": "ok"}
{"timestamp": "2026-03-08T03:00:20+0800", "level": "INFO", "logger": "etl_logger", "message": "Login attempt 1/5", "service": "cc_reconcile", "stage": "download_davinci", "status": "ok"}
{"timestamp": "2026-03-08T03:00:21+0800", "level": "INFO", "logger": "etl_logger", "message": "Login response status=200, url=https://admin.vantagemarkets.com/admin/main, cookies=4", "service": "cc_reconcile", "stage": "download_davinci", "status": "ok"}
{"timestamp": "2026-03-08T03:00:21+0800", "level": "INFO", "logger": "etl_logger", "message": "Login successful", "service": "cc_reconcile", "stage": "download_davinci", "status": "ok"}
{"timestamp": "2026-03-08T03:00:22+0800", "level": "INFO", "logger": "etl_logger", "message": "Token obtained successfully", "service": "cc_reconcile", "stage": "download_davinci", "status": "ok"}
{"timestamp": "2026-03-08T03:00:22+0800", "level": "INFO", "logger": "etl_logger", "message": "Start downloading Davinci CC Report for brand: VFSC...", "service": "cc_reconcile", "stage": "download_davinci", "status": "ok"}
{"timestamp": "2026-03-08T03:00:42+0800", "level": "INFO", "logger": "etl_logger", "message": "POST success (VFSC 2026-03-04): cc_withdraw_detail_report_20260307190042.csv, took 20.5s", "service": "cc_reconcile", "stage": "download_davinci", "status": "ok"}
{"timestamp": "2026-03-08T03:00:45+0800", "level": "INFO", "logger": "etl_logger", "message": "Download success (VFSC 2026-03-04): cc_withdraw_detail_report_20260307190042.csv, took 2.5s", "service": "cc_reconcile", "stage": "download_davinci", "status": "ok"}
{"timestamp": "2026-03-08T03:01:03+0800", "level": "INFO", "logger": "etl_logger", "message": "POST success (VFSC 2026-03-05): cc_withdraw_detail_report_20260307190103.csv, took 17.9s", "service": "cc_reconcile", "stage": "download_davinci", "status": "ok"}
{"timestamp": "2026-03-08T03:01:04+0800", "level": "INFO", "logger": "etl_logger", "message": "Download success (VFSC 2026-03-05): cc_withdraw_detail_report_20260307190103.csv, took 1.7s", "service": "cc_reconcile", "stage": "download_davinci", "status": "ok"}
{"timestamp": "2026-03-08T03:01:23+0800", "level": "INFO", "logger": "etl_logger", "message": "POST success (VFSC 2026-03-06): cc_withdraw_detail_report_20260307190123.csv, took 18.6s", "service": "cc_reconcile", "stage": "download_davinci", "status": "ok"}
{"timestamp": "2026-03-08T03:01:25+0800", "level": "INFO", "logger": "etl_logger", "message": "Download success (VFSC 2026-03-06): cc_withdraw_detail_report_20260307190123.csv, took 2.2s", "service": "cc_reconcile", "stage": "download_davinci", "status": "ok"}
{"timestamp": "2026-03-08T03:01:43+0800", "level": "INFO", "logger": "etl_logger", "message": "POST success (VFSC 2026-03-07): cc_withdraw_detail_report_20260307190143.csv, took 17.8s", "service": "cc_reconcile", "stage": "download_davinci", "status": "ok"}
{"timestamp": "2026-03-08T03:01:45+0800", "level": "INFO", "logger": "etl_logger", "message": "Download success (VFSC 2026-03-07): cc_withdraw_detail_report_20260307190143.csv, took 1.8s", "service": "cc_reconcile", "stage": "download_davinci", "status": "ok"}
{"timestamp": "2026-03-08T03:01:45+0800", "level": "INFO", "logger": "etl_logger", "message": "Finish downloading Davinci CC - VFSC Report", "service": "cc_reconcile", "stage": "download_davinci", "status": "ok"}
{"timestamp": "2026-03-08T03:01:45+0800", "level": "INFO", "logger": "etl_logger", "message": "Start downloading Davinci CC Report for brand: VFSC2...", "service": "cc_reconcile", "stage": "download_davinci", "status": "ok"}
{"timestamp": "2026-03-08T03:02:36+0800", "level": "INFO", "logger": "etl_logger", "message": "POST success (VFSC2 2026-03-04): cc_withdraw_detail_report_20260307190236.csv, took 51.3s", "service": "cc_reconcile", "stage": "download_davinci", "status": "ok"}
{"timestamp": "2026-03-08T03:02:39+0800", "level": "INFO", "logger": "etl_logger", "message": "Download success (VFSC2 2026-03-04): cc_withdraw_detail_report_20260307190236.csv, took 3.1s", "service": "cc_reconcile", "stage": "download_davinci", "status": "ok"}
{"timestamp": "2026-03-08T03:03:31+0800", "level": "INFO", "logger": "etl_logger", "message": "POST success (VFSC2 2026-03-05): cc_withdraw_detail_report_20260307190331.csv, took 51.6s", "service": "cc_reconcile", "stage": "download_davinci", "status": "ok"}
{"timestamp": "2026-03-08T03:03:34+0800", "level": "INFO", "logger": "etl_logger", "message": "Download success (VFSC2 2026-03-05): cc_withdraw_detail_report_20260307190331.csv, took 3.0s", "service": "cc_reconcile", "stage": "download_davinci", "status": "ok"}
{"timestamp": "2026-03-08T03:04:26+0800", "level": "INFO", "logger": "etl_logger", "message": "POST success (VFSC2 2026-03-06): cc_withdraw_detail_report_20260307190425.csv, took 51.9s", "service": "cc_reconcile", "stage": "download_davinci", "status": "ok"}
{"timestamp": "2026-03-08T03:04:29+0800", "level": "INFO", "logger": "etl_logger", "message": "Download success (VFSC2 2026-03-06): cc_withdraw_detail_report_20260307190425.csv, took 3.1s", "service": "cc_reconcile", "stage": "download_davinci", "status": "ok"}
{"timestamp": "2026-03-08T03:05:19+0800", "level": "INFO", "logger": "etl_logger", "message": "POST success (VFSC2 2026-03-07): cc_withdraw_detail_report_20260307190519.csv, took 50.3s", "service": "cc_reconcile", "stage": "download_davinci", "status": "ok"}
{"timestamp": "2026-03-08T03:05:21+0800", "level": "INFO", "logger": "etl_logger", "message": "Download success (VFSC2 2026-03-07): cc_withdraw_detail_report_20260307190519.csv, took 2.4s", "service": "cc_reconcile", "stage": "download_davinci", "status": "ok"}
{"timestamp": "2026-03-08T03:05:22+0800", "level": "INFO", "logger": "etl_logger", "message": "Finish downloading Davinci CC - VFSC2 Report", "service": "cc_reconcile", "stage": "download_davinci", "status": "ok"}
{"timestamp": "2026-03-08T03:05:22+0800", "level": "INFO", "logger": "etl_logger", "message": "Finish downloading Davinci CC Report for all brands, total rows: 49049", "service": "cc_reconcile", "stage": "download_davinci", "status": "ok"}
{"timestamp": "2026-03-08T03:05:22+0800", "level": "INFO", "logger": "etl_logger", "message": "Download CRM CC Report Finish ，Total: 49049", "service": "cc_reconcile", "stage": "download", "status": "ok"}
{"timestamp": "2026-03-08T03:05:22+0800", "level": "INFO", "logger": "etl_logger", "message": "Start reconcile...", "service": "cc_reconcile", "stage": "reconcile", "status": "ok"}
{"timestamp": "2026-03-08T03:05:22+0800", "level": "INFO", "logger": "etl_logger", "message": "Reconcile Finish ，Total Mismatch Case: 2", "service": "cc_reconcile", "stage": "reconcile", "status": "ok"}
{"timestamp": "2026-03-08T03:05:23+0800", "level": "INFO", "logger": "etl_logger", "message": "Connect Lark Finish", "service": "cc_reconcile", "stage": "lark", "status": "ok"}
{"timestamp": "2026-03-08T03:05:23+0800", "level": "INFO", "logger": "etl_logger", "message": "Start query existing data in LarkSheet...", "service": "cc_reconcile", "stage": "lark", "status": "ok"}
{"timestamp": "2026-03-08T03:05:24+0800", "level": "INFO", "logger": "etl_logger", "message": "Query existing data in LarkSheet Finish", "service": "cc_reconcile", "stage": "lark", "status": "ok"}
{"timestamp": "2026-03-08T03:05:24+0800", "level": "INFO", "logger": "etl_logger", "message": "Total unique keys in LarkSheet: 164, Total new mismatch cases to upload: 0", "service": "cc_reconcile", "stage": "lark", "status": "ok"}
{"timestamp": "2026-03-08T03:05:24+0800", "level": "INFO", "logger": "etl_logger", "message": "Append data to LarkSheet with range: Kalw4Y!A2:L3, rows: 1, columns: 12", "service": "cc_reconcile", "stage": "lark", "status": "ok"}
{"timestamp": "2026-03-08T03:05:24+0800", "level": "INFO", "logger": "etl_logger", "message": "✅ Successfully appended data to LarkSheet", "service": "cc_reconcile", "stage": "lark", "status": "ok"}
{"timestamp": "2026-03-08T03:05:25+0800", "level": "INFO", "logger": "etl_logger", "message": "Upload data to LarkSheet Finish", "service": "cc_reconcile", "stage": "lark", "status": "ok"}
{"timestamp": "2026-03-08T04:00:01+0800", "level": "INFO", "logger": "etl_logger", "message": "Start download reports...", "service": "cc_reconcile", "stage": "download", "status": "ok"}
{"timestamp": "2026-03-08T04:00:04+0800", "level": "INFO", "logger": "etl_logger", "message": "Payabl Login Success and Get Token Success", "service": "cc_reconcile", "stage": "download_payabl", "status": "ok"}
{"timestamp": "2026-03-08T04:00:04+0800", "level": "INFO", "logger": "etl_logger", "message": "Start downloading Payabl CC Report for date: 2026-03-07...", "service": "cc_reconcile", "stage": "download_payabl", "status": "ok"}
{"timestamp": "2026-03-08T04:00:16+0800", "level": "INFO", "logger": "etl_logger", "message": "Start downloading Payabl CC Report for date: 2026-03-08...", "service": "cc_reconcile", "stage": "download_payabl", "status": "ok"}
{"timestamp": "2026-03-08T04:00:22+0800", "level": "INFO", "logger": "etl_logger", "message": "Finish downloading Payabl CC Report", "service": "cc_reconcile", "stage": "download_payabl", "status": "ok"}
{"timestamp": "2026-03-08T04:00:22+0800", "level": "INFO", "logger": "etl_logger", "message": "Download Payabl CC Report Finish ，Total: 12111", "service": "cc_reconcile", "stage": "download", "status": "ok"}
{"timestamp": "2026-03-08T04:00:22+0800", "level": "INFO", "logger": "etl_logger", "message": "Login attempt 1/5", "service": "cc_reconcile", "stage": "download_davinci", "status": "ok"}
{"timestamp": "2026-03-08T04:00:23+0800", "level": "INFO", "logger": "etl_logger", "message": "Login response status=200, url=https://admin.vantagemarkets.com/admin/main, cookies=4", "service": "cc_reconcile", "stage": "download_davinci", "status": "ok"}
{"timestamp": "2026-03-08T04:00:23+0800", "level": "INFO", "logger": "etl_logger", "message": "Login successful", "service": "cc_reconcile", "stage": "download_davinci", "status": "ok"}
{"timestamp": "2026-03-08T04:00:23+0800", "level": "INFO", "logger": "etl_logger", "message": "Token obtained successfully", "service": "cc_reconcile", "stage": "download_davinci", "status": "ok"}
{"timestamp": "2026-03-08T04:00:23+0800", "level": "INFO", "logger": "etl_logger", "message": "Start downloading Davinci CC Report for brand: VFSC...", "service": "cc_reconcile", "stage": "download_davinci", "status": "ok"}
{"timestamp": "2026-03-08T04:00:42+0800", "level": "INFO", "logger": "etl_logger", "message": "POST success (VFSC 2026-03-04): cc_withdraw_detail_report_20260307200042.csv, took 18.9s", "service": "cc_reconcile", "stage": "download_davinci", "status": "ok"}
{"timestamp": "2026-03-08T04:00:44+0800", "level": "INFO", "logger": "etl_logger", "message": "Download success (VFSC 2026-03-04): cc_withdraw_detail_report_20260307200042.csv, took 1.7s", "service": "cc_reconcile", "stage": "download_davinci", "status": "ok"}
{"timestamp": "2026-03-08T04:01:02+0800", "level": "INFO", "logger": "etl_logger", "message": "POST success (VFSC 2026-03-05): cc_withdraw_detail_report_20260307200102.csv, took 17.8s", "service": "cc_reconcile", "stage": "download_davinci", "status": "ok"}
{"timestamp": "2026-03-08T04:01:04+0800", "level": "INFO", "logger": "etl_logger", "message": "Download success (VFSC 2026-03-05): cc_withdraw_detail_report_20260307200102.csv, took 2.2s", "service": "cc_reconcile", "stage": "download_davinci", "status": "ok"}
{"timestamp": "2026-03-08T04:01:22+0800", "level": "INFO", "logger": "etl_logger", "message": "POST success (VFSC 2026-03-06): cc_withdraw_detail_report_20260307200122.csv, took 17.8s", "service": "cc_reconcile", "stage": "download_davinci", "status": "ok"}
{"timestamp": "2026-03-08T04:01:24+0800", "level": "INFO", "logger": "etl_logger", "message": "Download success (VFSC 2026-03-06): cc_withdraw_detail_report_20260307200122.csv, took 2.2s", "service": "cc_reconcile", "stage": "download_davinci", "status": "ok"}
{"timestamp": "2026-03-08T04:01:42+0800", "level": "INFO", "logger": "etl_logger", "message": "POST success (VFSC 2026-03-07): cc_withdraw_detail_report_20260307200142.csv, took 18.6s", "service": "cc_reconcile", "stage": "download_davinci", "status": "ok"}
{"timestamp": "2026-03-08T04:01:44+0800", "level": "INFO", "logger": "etl_logger", "message": "Download success (VFSC 2026-03-07): cc_withdraw_detail_report_20260307200142.csv, took 1.7s", "service": "cc_reconcile", "stage": "download_davinci", "status": "ok"}
{"timestamp": "2026-03-08T04:01:44+0800", "level": "INFO", "logger": "etl_logger", "message": "Finish downloading Davinci CC - VFSC Report", "service": "cc_reconcile", "stage": "download_davinci", "status": "ok"}
{"timestamp": "2026-03-08T04:01:44+0800", "level": "INFO", "logger": "etl_logger", "message": "Start downloading Davinci CC Report for brand: VFSC2...", "service": "cc_reconcile", "stage": "download_davinci", "status": "ok"}
{"timestamp": "2026-03-08T04:02:37+0800", "level": "INFO", "logger": "etl_logger", "message": "POST success (VFSC2 2026-03-04): cc_withdraw_detail_report_20260307200237.csv, took 53.0s", "service": "cc_reconcile", "stage": "download_davinci", "status": "ok"}
{"timestamp": "2026-03-08T04:02:40+0800", "level": "INFO", "logger": "etl_logger", "message": "Download success (VFSC2 2026-03-04): cc_withdraw_detail_report_20260307200237.csv, took 3.1s", "service": "cc_reconcile", "stage": "download_davinci", "status": "ok"}
{"timestamp": "2026-03-08T04:03:31+0800", "level": "INFO", "logger": "etl_logger", "message": "POST success (VFSC2 2026-03-05): cc_withdraw_detail_report_20260307200331.csv, took 51.1s", "service": "cc_reconcile", "stage": "download_davinci", "status": "ok"}
{"timestamp": "2026-03-08T04:03:35+0800", "level": "INFO", "logger": "etl_logger", "message": "Download success (VFSC2 2026-03-05): cc_withdraw_detail_report_20260307200331.csv, took 3.1s", "service": "cc_reconcile", "stage": "download_davinci", "status": "ok"}
{"timestamp": "2026-03-08T04:04:27+0800", "level": "INFO", "logger": "etl_logger", "message": "POST success (VFSC2 2026-03-06): cc_withdraw_detail_report_20260307200427.csv, took 52.5s", "service": "cc_reconcile", "stage": "download_davinci", "status": "ok"}
{"timestamp": "2026-03-08T04:04:30+0800", "level": "INFO", "logger": "etl_logger", "message": "Download success (VFSC2 2026-03-06): cc_withdraw_detail_report_20260307200427.csv, took 3.2s", "service": "cc_reconcile", "stage": "download_davinci", "status": "ok"}
{"timestamp": "2026-03-08T04:05:20+0800", "level": "INFO", "logger": "etl_logger", "message": "POST success (VFSC2 2026-03-07): cc_withdraw_detail_report_20260307200520.csv, took 49.5s", "service": "cc_reconcile", "stage": "download_davinci", "status": "ok"}
{"timestamp": "2026-03-08T04:05:22+0800", "level": "INFO", "logger": "etl_logger", "message": "Download success (VFSC2 2026-03-07): cc_withdraw_detail_report_20260307200520.csv, took 2.0s", "service": "cc_reconcile", "stage": "download_davinci", "status": "ok"}
{"timestamp": "2026-03-08T04:05:22+0800", "level": "INFO", "logger": "etl_logger", "message": "Finish downloading Davinci CC - VFSC2 Report", "service": "cc_reconcile", "stage": "download_davinci", "status": "ok"}
{"timestamp": "2026-03-08T04:05:22+0800", "level": "INFO", "logger": "etl_logger", "message": "Finish downloading Davinci CC Report for all brands, total rows: 49293", "service": "cc_reconcile", "stage": "download_davinci", "status": "ok"}
{"timestamp": "2026-03-08T04:05:22+0800", "level": "INFO", "logger": "etl_logger", "message": "Download CRM CC Report Finish ，Total: 49293", "service": "cc_reconcile", "stage": "download", "status": "ok"}
{"timestamp": "2026-03-08T04:05:22+0800", "level": "INFO", "logger": "etl_logger", "message": "Start reconcile...", "service": "cc_reconcile", "stage": "reconcile", "status": "ok"}
{"timestamp": "2026-03-08T04:05:23+0800", "level": "INFO", "logger": "etl_logger", "message": "Reconcile Finish ，Total Mismatch Case: 2", "service": "cc_reconcile", "stage": "reconcile", "status": "ok"}
{"timestamp": "2026-03-08T04:05:23+0800", "level": "INFO", "logger": "etl_logger", "message": "Connect Lark Finish", "service": "cc_reconcile", "stage": "lark", "status": "ok"}
{"timestamp": "2026-03-08T04:05:23+0800", "level": "INFO", "logger": "etl_logger", "message": "Start query existing data in LarkSheet...", "service": "cc_reconcile", "stage": "lark", "status": "ok"}
{"timestamp": "2026-03-08T04:05:24+0800", "level": "INFO", "logger": "etl_logger", "message": "Query existing data in LarkSheet Finish", "service": "cc_reconcile", "stage": "lark", "status": "ok"}
{"timestamp": "2026-03-08T04:05:24+0800", "level": "INFO", "logger": "etl_logger", "message": "Total unique keys in LarkSheet: 164, Total new mismatch cases to upload: 0", "service": "cc_reconcile", "stage": "lark", "status": "ok"}
{"timestamp": "2026-03-08T04:05:24+0800", "level": "INFO", "logger": "etl_logger", "message": "Append data to LarkSheet with range: Kalw4Y!A2:L3, rows: 1, columns: 12", "service": "cc_reconcile", "stage": "lark", "status": "ok"}
{"timestamp": "2026-03-08T04:05:25+0800", "level": "INFO", "logger": "etl_logger", "message": "✅ Successfully appended data to LarkSheet", "service": "cc_reconcile", "stage": "lark", "status": "ok"}
{"timestamp": "2026-03-08T04:05:26+0800", "level": "INFO", "logger": "etl_logger", "message": "Upload data to LarkSheet Finish", "service": "cc_reconcile", "stage": "lark", "status": "ok"}
{"timestamp": "2026-03-08T05:00:01+0800", "level": "INFO", "logger": "etl_logger", "message": "Start download reports...", "service": "cc_reconcile", "stage": "download", "status": "ok"}
{"timestamp": "2026-03-08T05:00:04+0800", "level": "INFO", "logger": "etl_logger", "message": "Payabl Login Success and Get Token Success", "service": "cc_reconcile", "stage": "download_payabl", "status": "ok"}
{"timestamp": "2026-03-08T05:00:04+0800", "level": "INFO", "logger": "etl_logger", "message": "Start downloading Payabl CC Report for date: 2026-03-07...", "service": "cc_reconcile", "stage": "download_payabl", "status": "ok"}
{"timestamp": "2026-03-08T05:00:17+0800", "level": "INFO", "logger": "etl_logger", "message": "Start downloading Payabl CC Report for date: 2026-03-08...", "service": "cc_reconcile", "stage": "download_payabl", "status": "ok"}
{"timestamp": "2026-03-08T05:00:22+0800", "level": "INFO", "logger": "etl_logger", "message": "Finish downloading Payabl CC Report", "service": "cc_reconcile", "stage": "download_payabl", "status": "ok"}
{"timestamp": "2026-03-08T05:00:22+0800", "level": "INFO", "logger": "etl_logger", "message": "Download Payabl CC Report Finish ，Total: 12877", "service": "cc_reconcile", "stage": "download", "status": "ok"}
{"timestamp": "2026-03-08T05:00:22+0800", "level": "INFO", "logger": "etl_logger", "message": "Login attempt 1/5", "service": "cc_reconcile", "stage": "download_davinci", "status": "ok"}
{"timestamp": "2026-03-08T05:00:24+0800", "level": "INFO", "logger": "etl_logger", "message": "Login response status=200, url=https://admin.vantagemarkets.com/admin/main, cookies=4", "service": "cc_reconcile", "stage": "download_davinci", "status": "ok"}
{"timestamp": "2026-03-08T05:00:24+0800", "level": "INFO", "logger": "etl_logger", "message": "Login successful", "service": "cc_reconcile", "stage": "download_davinci", "status": "ok"}
{"timestamp": "2026-03-08T05:00:24+0800", "level": "INFO", "logger": "etl_logger", "message": "Token obtained successfully", "service": "cc_reconcile", "stage": "download_davinci", "status": "ok"}
{"timestamp": "2026-03-08T05:00:24+0800", "level": "INFO", "logger": "etl_logger", "message": "Start downloading Davinci CC Report for brand: VFSC...", "service": "cc_reconcile", "stage": "download_davinci", "status": "ok"}
{"timestamp": "2026-03-08T05:00:43+0800", "level": "INFO", "logger": "etl_logger", "message": "POST success (VFSC 2026-03-04): cc_withdraw_detail_report_20260307210043.csv, took 18.7s", "service": "cc_reconcile", "stage": "download_davinci", "status": "ok"}
{"timestamp": "2026-03-08T05:00:45+0800", "level": "INFO", "logger": "etl_logger", "message": "Download success (VFSC 2026-03-04): cc_withdraw_detail_report_20260307210043.csv, took 2.1s", "service": "cc_reconcile", "stage": "download_davinci", "status": "ok"}
{"timestamp": "2026-03-08T05:01:02+0800", "level": "INFO", "logger": "etl_logger", "message": "POST success (VFSC 2026-03-05): cc_withdraw_detail_report_20260307210102.csv, took 17.5s", "service": "cc_reconcile", "stage": "download_davinci", "status": "ok"}
{"timestamp": "2026-03-08T05:01:04+0800", "level": "INFO", "logger": "etl_logger", "message": "Download success (VFSC 2026-03-05): cc_withdraw_detail_report_20260307210102.csv, took 2.2s", "service": "cc_reconcile", "stage": "download_davinci", "status": "ok"}
{"timestamp": "2026-03-08T05:01:23+0800", "level": "INFO", "logger": "etl_logger", "message": "POST success (VFSC 2026-03-06): cc_withdraw_detail_report_20260307210123.csv, took 18.3s", "service": "cc_reconcile", "stage": "download_davinci", "status": "ok"}
{"timestamp": "2026-03-08T05:01:25+0800", "level": "INFO", "logger": "etl_logger", "message": "Download success (VFSC 2026-03-06): cc_withdraw_detail_report_20260307210123.csv, took 2.2s", "service": "cc_reconcile", "stage": "download_davinci", "status": "ok"}
{"timestamp": "2026-03-08T05:01:43+0800", "level": "INFO", "logger": "etl_logger", "message": "POST success (VFSC 2026-03-07): cc_withdraw_detail_report_20260307210143.csv, took 18.2s", "service": "cc_reconcile", "stage": "download_davinci", "status": "ok"}
{"timestamp": "2026-03-08T05:01:45+0800", "level": "INFO", "logger": "etl_logger", "message": "Download success (VFSC 2026-03-07): cc_withdraw_detail_report_20260307210143.csv, took 1.7s", "service": "cc_reconcile", "stage": "download_davinci", "status": "ok"}
{"timestamp": "2026-03-08T05:01:45+0800", "level": "INFO", "logger": "etl_logger", "message": "Finish downloading Davinci CC - VFSC Report", "service": "cc_reconcile", "stage": "download_davinci", "status": "ok"}
{"timestamp": "2026-03-08T05:01:45+0800", "level": "INFO", "logger": "etl_logger", "message": "Start downloading Davinci CC Report for brand: VFSC2...", "service": "cc_reconcile", "stage": "download_davinci", "status": "ok"}
{"timestamp": "2026-03-08T05:02:39+0800", "level": "INFO", "logger": "etl_logger", "message": "POST success (VFSC2 2026-03-04): cc_withdraw_detail_report_20260307210239.csv, took 54.1s", "service": "cc_reconcile", "stage": "download_davinci", "status": "ok"}
{"timestamp": "2026-03-08T05:02:42+0800", "level": "INFO", "logger": "etl_logger", "message": "Download success (VFSC2 2026-03-04): cc_withdraw_detail_report_20260307210239.csv, took 3.1s", "service": "cc_reconcile", "stage": "download_davinci", "status": "ok"}
{"timestamp": "2026-03-08T05:03:34+0800", "level": "INFO", "logger": "etl_logger", "message": "POST success (VFSC2 2026-03-05): cc_withdraw_detail_report_20260307210334.csv, took 52.3s", "service": "cc_reconcile", "stage": "download_davinci", "status": "ok"}
{"timestamp": "2026-03-08T05:03:37+0800", "level": "INFO", "logger": "etl_logger", "message": "Download success (VFSC2 2026-03-05): cc_withdraw_detail_report_20260307210334.csv, took 3.0s", "service": "cc_reconcile", "stage": "download_davinci", "status": "ok"}
{"timestamp": "2026-03-08T05:04:31+0800", "level": "INFO", "logger": "etl_logger", "message": "POST success (VFSC2 2026-03-06): cc_withdraw_detail_report_20260307210430.csv, took 53.5s", "service": "cc_reconcile", "stage": "download_davinci", "status": "ok"}
{"timestamp": "2026-03-08T05:04:33+0800", "level": "INFO", "logger": "etl_logger", "message": "Download success (VFSC2 2026-03-06): cc_withdraw_detail_report_20260307210430.csv, took 2.5s", "service": "cc_reconcile", "stage": "download_davinci", "status": "ok"}
{"timestamp": "2026-03-08T05:05:24+0800", "level": "INFO", "logger": "etl_logger", "message": "POST success (VFSC2 2026-03-07): cc_withdraw_detail_report_20260307210524.csv, took 51.0s", "service": "cc_reconcile", "stage": "download_davinci", "status": "ok"}
{"timestamp": "2026-03-08T05:05:27+0800", "level": "INFO", "logger": "etl_logger", "message": "Download success (VFSC2 2026-03-07): cc_withdraw_detail_report_20260307210524.csv, took 2.4s", "service": "cc_reconcile", "stage": "download_davinci", "status": "ok"}
{"timestamp": "2026-03-08T05:05:27+0800", "level": "INFO", "logger": "etl_logger", "message": "Finish downloading Davinci CC - VFSC2 Report", "service": "cc_reconcile", "stage": "download_davinci", "status": "ok"}
{"timestamp": "2026-03-08T05:05:27+0800", "level": "INFO", "logger": "etl_logger", "message": "Finish downloading Davinci CC Report for all brands, total rows: 49401", "service": "cc_reconcile", "stage": "download_davinci", "status": "ok"}
{"timestamp": "2026-03-08T05:05:27+0800", "level": "INFO", "logger": "etl_logger", "message": "Download CRM CC Report Finish ，Total: 49401", "service": "cc_reconcile", "stage": "download", "status": "ok"}
{"timestamp": "2026-03-08T05:05:27+0800", "level": "INFO", "logger": "etl_logger", "message": "Start reconcile...", "service": "cc_reconcile", "stage": "reconcile", "status": "ok"}
{"timestamp": "2026-03-08T05:05:28+0800", "level": "INFO", "logger": "etl_logger", "message": "Reconcile Finish ，Total Mismatch Case: 2", "service": "cc_reconcile", "stage": "reconcile", "status": "ok"}
{"timestamp": "2026-03-08T05:05:28+0800", "level": "INFO", "logger": "etl_logger", "message": "Connect Lark Finish", "service": "cc_reconcile", "stage": "lark", "status": "ok"}
{"timestamp": "2026-03-08T05:05:28+0800", "level": "INFO", "logger": "etl_logger", "message": "Start query existing data in LarkSheet...", "service": "cc_reconcile", "stage": "lark", "status": "ok"}
{"timestamp": "2026-03-08T05:05:29+0800", "level": "INFO", "logger": "etl_logger", "message": "Query existing data in LarkSheet Finish", "service": "cc_reconcile", "stage": "lark", "status": "ok"}
{"timestamp": "2026-03-08T05:05:29+0800", "level": "INFO", "logger": "etl_logger", "message": "Total unique keys in LarkSheet: 164, Total new mismatch cases to upload: 0", "service": "cc_reconcile", "stage": "lark", "status": "ok"}
{"timestamp": "2026-03-08T05:05:29+0800", "level": "INFO", "logger": "etl_logger", "message": "Append data to LarkSheet with range: Kalw4Y!A2:L3, rows: 1, columns: 12", "service": "cc_reconcile", "stage": "lark", "status": "ok"}
{"timestamp": "2026-03-08T05:05:29+0800", "level": "INFO", "logger": "etl_logger", "message": "✅ Successfully appended data to LarkSheet", "service": "cc_reconcile", "stage": "lark", "status": "ok"}
{"timestamp": "2026-03-08T05:05:30+0800", "level": "INFO", "logger": "etl_logger", "message": "Upload data to LarkSheet Finish", "service": "cc_reconcile", "stage": "lark", "status": "ok"}
{"timestamp": "2026-03-08T06:00:01+0800", "level": "INFO", "logger": "etl_logger", "message": "Start download reports...", "service": "cc_reconcile", "stage": "download", "status": "ok"}
{"timestamp": "2026-03-08T06:00:04+0800", "level": "INFO", "logger": "etl_logger", "message": "Payabl Login Success and Get Token Success", "service": "cc_reconcile", "stage": "download_payabl", "status": "ok"}
{"timestamp": "2026-03-08T06:00:04+0800", "level": "INFO", "logger": "etl_logger", "message": "Start downloading Payabl CC Report for date: 2026-03-07...", "service": "cc_reconcile", "stage": "download_payabl", "status": "ok"}
{"timestamp": "2026-03-08T06:00:16+0800", "level": "INFO", "logger": "etl_logger", "message": "Start downloading Payabl CC Report for date: 2026-03-08...", "service": "cc_reconcile", "stage": "download_payabl", "status": "ok"}
{"timestamp": "2026-03-08T06:00:22+0800", "level": "INFO", "logger": "etl_logger", "message": "Finish downloading Payabl CC Report", "service": "cc_reconcile", "stage": "download_payabl", "status": "ok"}
{"timestamp": "2026-03-08T06:00:22+0800", "level": "INFO", "logger": "etl_logger", "message": "Download Payabl CC Report Finish ，Total: 13377", "service": "cc_reconcile", "stage": "download", "status": "ok"}
{"timestamp": "2026-03-08T06:00:22+0800", "level": "INFO", "logger": "etl_logger", "message": "Login attempt 1/5", "service": "cc_reconcile", "stage": "download_davinci", "status": "ok"}
{"timestamp": "2026-03-08T06:00:23+0800", "level": "INFO", "logger": "etl_logger", "message": "Login response status=200, url=https://admin.vantagemarkets.com/admin/main, cookies=4", "service": "cc_reconcile", "stage": "download_davinci", "status": "ok"}
{"timestamp": "2026-03-08T06:00:23+0800", "level": "INFO", "logger": "etl_logger", "message": "Login successful", "service": "cc_reconcile", "stage": "download_davinci", "status": "ok"}
{"timestamp": "2026-03-08T06:00:24+0800", "level": "INFO", "logger": "etl_logger", "message": "Token obtained successfully", "service": "cc_reconcile", "stage": "download_davinci", "status": "ok"}
{"timestamp": "2026-03-08T06:00:24+0800", "level": "INFO", "logger": "etl_logger", "message": "Start downloading Davinci CC Report for brand: VFSC...", "service": "cc_reconcile", "stage": "download_davinci", "status": "ok"}
{"timestamp": "2026-03-08T06:00:42+0800", "level": "INFO", "logger": "etl_logger", "message": "POST success (VFSC 2026-03-05): cc_withdraw_detail_report_20260307220042.csv, took 18.8s", "service": "cc_reconcile", "stage": "download_davinci", "status": "ok"}
{"timestamp": "2026-03-08T06:00:45+0800", "level": "INFO", "logger": "etl_logger", "message": "Download success (VFSC 2026-03-05): cc_withdraw_detail_report_20260307220042.csv, took 2.3s", "service": "cc_reconcile", "stage": "download_davinci", "status": "ok"}
{"timestamp": "2026-03-08T06:01:03+0800", "level": "INFO", "logger": "etl_logger", "message": "POST success (VFSC 2026-03-06): cc_withdraw_detail_report_20260307220103.csv, took 17.8s", "service": "cc_reconcile", "stage": "download_davinci", "status": "ok"}
{"timestamp": "2026-03-08T06:01:04+0800", "level": "INFO", "logger": "etl_logger", "message": "Download success (VFSC 2026-03-06): cc_withdraw_detail_report_20260307220103.csv, took 1.8s", "service": "cc_reconcile", "stage": "download_davinci", "status": "ok"}
{"timestamp": "2026-03-08T06:01:22+0800", "level": "INFO", "logger": "etl_logger", "message": "POST success (VFSC 2026-03-07): cc_withdraw_detail_report_20260307220122.csv, took 18.0s", "service": "cc_reconcile", "stage": "download_davinci", "status": "ok"}
{"timestamp": "2026-03-08T06:01:24+0800", "level": "INFO", "logger": "etl_logger", "message": "Download success (VFSC 2026-03-07): cc_withdraw_detail_report_20260307220122.csv, took 1.7s", "service": "cc_reconcile", "stage": "download_davinci", "status": "ok"}
Traceback (most recent call last):
  File "/app/main.py", line 72, in <module>
    main()
  File "/app/main.py", line 24, in main
    crm_cc    = download_davinci_cc_reports()
  File "/app/cc_withdraw_crawler.py", line 276, in download_davinci_cc_reports
    filename = response.json()['data']['file']
KeyError: 'file'
{"timestamp": "2026-03-08T07:00:02+0800", "level": "INFO", "logger": "etl_logger", "message": "Start download reports...", "service": "cc_reconcile", "stage": "download", "status": "ok"}
{"timestamp": "2026-03-08T07:00:05+0800", "level": "INFO", "logger": "etl_logger", "message": "Payabl Login Success and Get Token Success", "service": "cc_reconcile", "stage": "download_payabl", "status": "ok"}
{"timestamp": "2026-03-08T07:00:05+0800", "level": "INFO", "logger": "etl_logger", "message": "Start downloading Payabl CC Report for date: 2026-03-07...", "service": "cc_reconcile", "stage": "download_payabl", "status": "ok"}
{"timestamp": "2026-03-08T07:00:17+0800", "level": "INFO", "logger": "etl_logger", "message": "Start downloading Payabl CC Report for date: 2026-03-08...", "service": "cc_reconcile", "stage": "download_payabl", "status": "ok"}
{"timestamp": "2026-03-08T07:00:24+0800", "level": "INFO", "logger": "etl_logger", "message": "Finish downloading Payabl CC Report", "service": "cc_reconcile", "stage": "download_payabl", "status": "ok"}
{"timestamp": "2026-03-08T07:00:24+0800", "level": "INFO", "logger": "etl_logger", "message": "Download Payabl CC Report Finish ，Total: 14004", "service": "cc_reconcile", "stage": "download", "status": "ok"}
{"timestamp": "2026-03-08T07:00:24+0800", "level": "INFO", "logger": "etl_logger", "message": "Login attempt 1/5", "service": "cc_reconcile", "stage": "download_davinci", "status": "ok"}
{"timestamp": "2026-03-08T07:00:25+0800", "level": "INFO", "logger": "etl_logger", "message": "Login response status=200, url=https://admin.vantagemarkets.com/admin/main, cookies=4", "service": "cc_reconcile", "stage": "download_davinci", "status": "ok"}
{"timestamp": "2026-03-08T07:00:25+0800", "level": "INFO", "logger": "etl_logger", "message": "Login successful", "service": "cc_reconcile", "stage": "download_davinci", "status": "ok"}
{"timestamp": "2026-03-08T07:00:26+0800", "level": "INFO", "logger": "etl_logger", "message": "Token obtained successfully", "service": "cc_reconcile", "stage": "download_davinci", "status": "ok"}
{"timestamp": "2026-03-08T07:00:26+0800", "level": "INFO", "logger": "etl_logger", "message": "Start downloading Davinci CC Report for brand: VFSC...", "service": "cc_reconcile", "stage": "download_davinci", "status": "ok"}
{"timestamp": "2026-03-08T07:00:45+0800", "level": "INFO", "logger": "etl_logger", "message": "POST success (VFSC 2026-03-05): cc_withdraw_detail_report_20260307230045.csv, took 19.0s", "service": "cc_reconcile", "stage": "download_davinci", "status": "ok"}
{"timestamp": "2026-03-08T07:00:47+0800", "level": "INFO", "logger": "etl_logger", "message": "Download success (VFSC 2026-03-05): cc_withdraw_detail_report_20260307230045.csv, took 2.2s", "service": "cc_reconcile", "stage": "download_davinci", "status": "ok"}
{"timestamp": "2026-03-08T07:01:05+0800", "level": "INFO", "logger": "etl_logger", "message": "POST success (VFSC 2026-03-06): cc_withdraw_detail_report_20260307230105.csv, took 18.3s", "service": "cc_reconcile", "stage": "download_davinci", "status": "ok"}
{"timestamp": "2026-03-08T07:01:07+0800", "level": "INFO", "logger": "etl_logger", "message": "Download success (VFSC 2026-03-06): cc_withdraw_detail_report_20260307230105.csv, took 2.1s", "service": "cc_reconcile", "stage": "download_davinci", "status": "ok"}
{"timestamp": "2026-03-08T07:01:25+0800", "level": "INFO", "logger": "etl_logger", "message": "POST success (VFSC 2026-03-07): cc_withdraw_detail_report_20260307230125.csv, took 17.6s", "service": "cc_reconcile", "stage": "download_davinci", "status": "ok"}
{"timestamp": "2026-03-08T07:01:26+0800", "level": "INFO", "logger": "etl_logger", "message": "Download success (VFSC 2026-03-07): cc_withdraw_detail_report_20260307230125.csv, took 1.7s", "service": "cc_reconcile", "stage": "download_davinci", "status": "ok"}
{"timestamp": "2026-03-08T07:01:44+0800", "level": "INFO", "logger": "etl_logger", "message": "POST success (VFSC 2026-03-08): cc_withdraw_detail_report_20260307230144.csv, took 17.5s", "service": "cc_reconcile", "stage": "download_davinci", "status": "ok"}
{"timestamp": "2026-03-08T07:01:45+0800", "level": "INFO", "logger": "etl_logger", "message": "Download success (VFSC 2026-03-08): cc_withdraw_detail_report_20260307230144.csv, took 1.0s", "service": "cc_reconcile", "stage": "download_davinci", "status": "ok"}
{"timestamp": "2026-03-08T07:01:45+0800", "level": "INFO", "logger": "etl_logger", "message": "Finish downloading Davinci CC - VFSC Report", "service": "cc_reconcile", "stage": "download_davinci", "status": "ok"}
{"timestamp": "2026-03-08T07:01:45+0800", "level": "INFO", "logger": "etl_logger", "message": "Start downloading Davinci CC Report for brand: VFSC2...", "service": "cc_reconcile", "stage": "download_davinci", "status": "ok"}
{"timestamp": "2026-03-08T07:02:36+0800", "level": "INFO", "logger": "etl_logger", "message": "POST success (VFSC2 2026-03-05): cc_withdraw_detail_report_20260307230236.csv, took 50.8s", "service": "cc_reconcile", "stage": "download_davinci", "status": "ok"}
{"timestamp": "2026-03-08T07:02:39+0800", "level": "INFO", "logger": "etl_logger", "message": "Download success (VFSC2 2026-03-05): cc_withdraw_detail_report_20260307230236.csv, took 3.0s", "service": "cc_reconcile", "stage": "download_davinci", "status": "ok"}
{"timestamp": "2026-03-08T07:03:31+0800", "level": "INFO", "logger": "etl_logger", "message": "POST success (VFSC2 2026-03-06): cc_withdraw_detail_report_20260307230331.csv, took 52.2s", "service": "cc_reconcile", "stage": "download_davinci", "status": "ok"}
{"timestamp": "2026-03-08T07:03:34+0800", "level": "INFO", "logger": "etl_logger", "message": "Download success (VFSC2 2026-03-06): cc_withdraw_detail_report_20260307230331.csv, took 3.2s", "service": "cc_reconcile", "stage": "download_davinci", "status": "ok"}
{"timestamp": "2026-03-08T07:04:26+0800", "level": "INFO", "logger": "etl_logger", "message": "POST success (VFSC2 2026-03-07): cc_withdraw_detail_report_20260307230426.csv, took 51.4s", "service": "cc_reconcile", "stage": "download_davinci", "status": "ok"}
{"timestamp": "2026-03-08T07:04:28+0800", "level": "INFO", "logger": "etl_logger", "message": "Download success (VFSC2 2026-03-07): cc_withdraw_detail_report_20260307230426.csv, took 2.5s", "service": "cc_reconcile", "stage": "download_davinci", "status": "ok"}
{"timestamp": "2026-03-08T07:05:17+0800", "level": "INFO", "logger": "etl_logger", "message": "POST success (VFSC2 2026-03-08): cc_withdraw_detail_report_20260307230517.csv, took 48.5s", "service": "cc_reconcile", "stage": "download_davinci", "status": "ok"}
{"timestamp": "2026-03-08T07:05:18+0800", "level": "INFO", "logger": "etl_logger", "message": "Download success (VFSC2 2026-03-08): cc_withdraw_detail_report_20260307230517.csv, took 1.2s", "service": "cc_reconcile", "stage": "download_davinci", "status": "ok"}
{"timestamp": "2026-03-08T07:05:19+0800", "level": "INFO", "logger": "etl_logger", "message": "Finish downloading Davinci CC - VFSC2 Report", "service": "cc_reconcile", "stage": "download_davinci", "status": "ok"}
{"timestamp": "2026-03-08T07:05:19+0800", "level": "INFO", "logger": "etl_logger", "message": "Finish downloading Davinci CC Report for all brands, total rows: 34951", "service": "cc_reconcile", "stage": "download_davinci", "status": "ok"}
{"timestamp": "2026-03-08T07:05:19+0800", "level": "INFO", "logger": "etl_logger", "message": "Download CRM CC Report Finish ，Total: 34951", "service": "cc_reconcile", "stage": "download", "status": "ok"}
{"timestamp": "2026-03-08T07:05:19+0800", "level": "INFO", "logger": "etl_logger", "message": "Start reconcile...", "service": "cc_reconcile", "stage": "reconcile", "status": "ok"}
{"timestamp": "2026-03-08T07:05:19+0800", "level": "INFO", "logger": "etl_logger", "message": "Reconcile Finish ，Total Mismatch Case: 2", "service": "cc_reconcile", "stage": "reconcile", "status": "ok"}
{"timestamp": "2026-03-08T07:05:19+0800", "level": "INFO", "logger": "etl_logger", "message": "Connect Lark Finish", "service": "cc_reconcile", "stage": "lark", "status": "ok"}
{"timestamp": "2026-03-08T07:05:19+0800", "level": "INFO", "logger": "etl_logger", "message": "Start query existing data in LarkSheet...", "service": "cc_reconcile", "stage": "lark", "status": "ok"}
{"timestamp": "2026-03-08T07:05:20+0800", "level": "INFO", "logger": "etl_logger", "message": "Query existing data in LarkSheet Finish", "service": "cc_reconcile", "stage": "lark", "status": "ok"}
{"timestamp": "2026-03-08T07:05:20+0800", "level": "INFO", "logger": "etl_logger", "message": "Total unique keys in LarkSheet: 164, Total new mismatch cases to upload: 0", "service": "cc_reconcile", "stage": "lark", "status": "ok"}
{"timestamp": "2026-03-08T07:05:20+0800", "level": "INFO", "logger": "etl_logger", "message": "Append data to LarkSheet with range: Kalw4Y!A2:L3, rows: 1, columns: 12", "service": "cc_reconcile", "stage": "lark", "status": "ok"}
{"timestamp": "2026-03-08T07:05:20+0800", "level": "INFO", "logger": "etl_logger", "message": "✅ Successfully appended data to LarkSheet", "service": "cc_reconcile", "stage": "lark", "status": "ok"}
{"timestamp": "2026-03-08T07:05:22+0800", "level": "INFO", "logger": "etl_logger", "message": "Upload data to LarkSheet Finish", "service": "cc_reconcile", "stage": "lark", "status": "ok"}
{"timestamp": "2026-03-08T08:00:01+0800", "level": "INFO", "logger": "etl_logger", "message": "Start download reports...", "service": "cc_reconcile", "stage": "download", "status": "ok"}
{"timestamp": "2026-03-08T08:00:04+0800", "level": "INFO", "logger": "etl_logger", "message": "Payabl Login Success and Get Token Success", "service": "cc_reconcile", "stage": "download_payabl", "status": "ok"}
{"timestamp": "2026-03-08T08:00:04+0800", "level": "INFO", "logger": "etl_logger", "message": "Start downloading Payabl CC Report for date: 2026-03-07...", "service": "cc_reconcile", "stage": "download_payabl", "status": "ok"}
{"timestamp": "2026-03-08T08:00:15+0800", "level": "INFO", "logger": "etl_logger", "message": "Start downloading Payabl CC Report for date: 2026-03-08...", "service": "cc_reconcile", "stage": "download_payabl", "status": "ok"}
{"timestamp": "2026-03-08T08:00:22+0800", "level": "INFO", "logger": "etl_logger", "message": "Finish downloading Payabl CC Report", "service": "cc_reconcile", "stage": "download_payabl", "status": "ok"}
{"timestamp": "2026-03-08T08:00:22+0800", "level": "INFO", "logger": "etl_logger", "message": "Download Payabl CC Report Finish ，Total: 14429", "service": "cc_reconcile", "stage": "download", "status": "ok"}
{"timestamp": "2026-03-08T08:00:22+0800", "level": "INFO", "logger": "etl_logger", "message": "Login attempt 1/5", "service": "cc_reconcile", "stage": "download_davinci", "status": "ok"}
{"timestamp": "2026-03-08T08:00:24+0800", "level": "INFO", "logger": "etl_logger", "message": "Login response status=200, url=https://admin.vantagemarkets.com/admin/main, cookies=4", "service": "cc_reconcile", "stage": "download_davinci", "status": "ok"}
{"timestamp": "2026-03-08T08:00:24+0800", "level": "INFO", "logger": "etl_logger", "message": "Login successful", "service": "cc_reconcile", "stage": "download_davinci", "status": "ok"}
{"timestamp": "2026-03-08T08:00:24+0800", "level": "INFO", "logger": "etl_logger", "message": "Token obtained successfully", "service": "cc_reconcile", "stage": "download_davinci", "status": "ok"}
{"timestamp": "2026-03-08T08:00:24+0800", "level": "INFO", "logger": "etl_logger", "message": "Start downloading Davinci CC Report for brand: VFSC...", "service": "cc_reconcile", "stage": "download_davinci", "status": "ok"}
{"timestamp": "2026-03-08T08:00:43+0800", "level": "INFO", "logger": "etl_logger", "message": "POST success (VFSC 2026-03-05): cc_withdraw_detail_report_20260308000043.csv, took 19.0s", "service": "cc_reconcile", "stage": "download_davinci", "status": "ok"}
{"timestamp": "2026-03-08T08:00:45+0800", "level": "INFO", "logger": "etl_logger", "message": "Download success (VFSC 2026-03-05): cc_withdraw_detail_report_20260308000043.csv, took 2.1s", "service": "cc_reconcile", "stage": "download_davinci", "status": "ok"}
{"timestamp": "2026-03-08T08:01:04+0800", "level": "INFO", "logger": "etl_logger", "message": "POST success (VFSC 2026-03-06): cc_withdraw_detail_report_20260308000104.csv, took 18.5s", "service": "cc_reconcile", "stage": "download_davinci", "status": "ok"}
{"timestamp": "2026-03-08T08:01:06+0800", "level": "INFO", "logger": "etl_logger", "message": "Download success (VFSC 2026-03-06): cc_withdraw_detail_report_20260308000104.csv, took 2.2s", "service": "cc_reconcile", "stage": "download_davinci", "status": "ok"}
{"timestamp": "2026-03-08T08:01:24+0800", "level": "INFO", "logger": "etl_logger", "message": "POST success (VFSC 2026-03-07): cc_withdraw_detail_report_20260308000124.csv, took 17.9s", "service": "cc_reconcile", "stage": "download_davinci", "status": "ok"}
{"timestamp": "2026-03-08T08:01:26+0800", "level": "INFO", "logger": "etl_logger", "message": "Download success (VFSC 2026-03-07): cc_withdraw_detail_report_20260308000124.csv, took 1.9s", "service": "cc_reconcile", "stage": "download_davinci", "status": "ok"}
{"timestamp": "2026-03-08T08:01:43+0800", "level": "INFO", "logger": "etl_logger", "message": "POST success (VFSC 2026-03-08): cc_withdraw_detail_report_20260308000143.csv, took 17.7s", "service": "cc_reconcile", "stage": "download_davinci", "status": "ok"}
{"timestamp": "2026-03-08T08:01:44+0800", "level": "INFO", "logger": "etl_logger", "message": "Download success (VFSC 2026-03-08): cc_withdraw_detail_report_20260308000143.csv, took 1.0s", "service": "cc_reconcile", "stage": "download_davinci", "status": "ok"}
{"timestamp": "2026-03-08T08:01:44+0800", "level": "INFO", "logger": "etl_logger", "message": "Finish downloading Davinci CC - VFSC Report", "service": "cc_reconcile", "stage": "download_davinci", "status": "ok"}
{"timestamp": "2026-03-08T08:01:44+0800", "level": "INFO", "logger": "etl_logger", "message": "Start downloading Davinci CC Report for brand: VFSC2...", "service": "cc_reconcile", "stage": "download_davinci", "status": "ok"}
{"timestamp": "2026-03-08T08:02:37+0800", "level": "INFO", "logger": "etl_logger", "message": "POST success (VFSC2 2026-03-05): cc_withdraw_detail_report_20260308000237.csv, took 52.4s", "service": "cc_reconcile", "stage": "download_davinci", "status": "ok"}
{"timestamp": "2026-03-08T08:02:39+0800", "level": "INFO", "logger": "etl_logger", "message": "Download success (VFSC2 2026-03-05): cc_withdraw_detail_report_20260308000237.csv, took 2.5s", "service": "cc_reconcile", "stage": "download_davinci", "status": "ok"}
{"timestamp": "2026-03-08T08:03:31+0800", "level": "INFO", "logger": "etl_logger", "message": "POST success (VFSC2 2026-03-06): cc_withdraw_detail_report_20260308000331.csv, took 52.1s", "service": "cc_reconcile", "stage": "download_davinci", "status": "ok"}
{"timestamp": "2026-03-08T08:03:34+0800", "level": "INFO", "logger": "etl_logger", "message": "Download success (VFSC2 2026-03-06): cc_withdraw_detail_report_20260308000331.csv, took 2.6s", "service": "cc_reconcile", "stage": "download_davinci", "status": "ok"}
{"timestamp": "2026-03-08T08:04:23+0800", "level": "INFO", "logger": "etl_logger", "message": "POST success (VFSC2 2026-03-07): cc_withdraw_detail_report_20260308000423.csv, took 49.4s", "service": "cc_reconcile", "stage": "download_davinci", "status": "ok"}
{"timestamp": "2026-03-08T08:04:26+0800", "level": "INFO", "logger": "etl_logger", "message": "Download success (VFSC2 2026-03-07): cc_withdraw_detail_report_20260308000423.csv, took 2.5s", "service": "cc_reconcile", "stage": "download_davinci", "status": "ok"}
{"timestamp": "2026-03-08T08:05:16+0800", "level": "INFO", "logger": "etl_logger", "message": "POST success (VFSC2 2026-03-08): cc_withdraw_detail_report_20260308000516.csv, took 50.5s", "service": "cc_reconcile", "stage": "download_davinci", "status": "ok"}
{"timestamp": "2026-03-08T08:05:18+0800", "level": "INFO", "logger": "etl_logger", "message": "Download success (VFSC2 2026-03-08): cc_withdraw_detail_report_20260308000516.csv, took 1.5s", "service": "cc_reconcile", "stage": "download_davinci", "status": "ok"}
{"timestamp": "2026-03-08T08:05:18+0800", "level": "INFO", "logger": "etl_logger", "message": "Finish downloading Davinci CC - VFSC2 Report", "service": "cc_reconcile", "stage": "download_davinci", "status": "ok"}
{"timestamp": "2026-03-08T08:05:18+0800", "level": "INFO", "logger": "etl_logger", "message": "Finish downloading Davinci CC Report for all brands, total rows: 35003", "service": "cc_reconcile", "stage": "download_davinci", "status": "ok"}
{"timestamp": "2026-03-08T08:05:18+0800", "level": "INFO", "logger": "etl_logger", "message": "Download CRM CC Report Finish ，Total: 35003", "service": "cc_reconcile", "stage": "download", "status": "ok"}
{"timestamp": "2026-03-08T08:05:18+0800", "level": "INFO", "logger": "etl_logger", "message": "Start reconcile...", "service": "cc_reconcile", "stage": "reconcile", "status": "ok"}
{"timestamp": "2026-03-08T08:05:19+0800", "level": "INFO", "logger": "etl_logger", "message": "Reconcile Finish ，Total Mismatch Case: 2", "service": "cc_reconcile", "stage": "reconcile", "status": "ok"}
{"timestamp": "2026-03-08T08:05:19+0800", "level": "INFO", "logger": "etl_logger", "message": "Connect Lark Finish", "service": "cc_reconcile", "stage": "lark", "status": "ok"}
{"timestamp": "2026-03-08T08:05:19+0800", "level": "INFO", "logger": "etl_logger", "message": "Start query existing data in LarkSheet...", "service": "cc_reconcile", "stage": "lark", "status": "ok"}
{"timestamp": "2026-03-08T08:05:20+0800", "level": "INFO", "logger": "etl_logger", "message": "Query existing data in LarkSheet Finish", "service": "cc_reconcile", "stage": "lark", "status": "ok"}
{"timestamp": "2026-03-08T08:05:20+0800", "level": "INFO", "logger": "etl_logger", "message": "Total unique keys in LarkSheet: 164, Total new mismatch cases to upload: 0", "service": "cc_reconcile", "stage": "lark", "status": "ok"}
{"timestamp": "2026-03-08T08:05:20+0800", "level": "INFO", "logger": "etl_logger", "message": "Append data to LarkSheet with range: Kalw4Y!A2:L3, rows: 1, columns: 12", "service": "cc_reconcile", "stage": "lark", "status": "ok"}
{"timestamp": "2026-03-08T08:05:20+0800", "level": "INFO", "logger": "etl_logger", "message": "✅ Successfully appended data to LarkSheet", "service": "cc_reconcile", "stage": "lark", "status": "ok"}
{"timestamp": "2026-03-08T08:05:21+0800", "level": "INFO", "logger": "etl_logger", "message": "Upload data to LarkSheet Finish", "service": "cc_reconcile", "stage": "lark", "status": "ok"}
{"timestamp": "2026-03-08T09:00:01+0800", "level": "INFO", "logger": "etl_logger", "message": "Start download reports...", "service": "cc_reconcile", "stage": "download", "status": "ok"}
{"timestamp": "2026-03-08T09:00:05+0800", "level": "INFO", "logger": "etl_logger", "message": "Payabl Login Success and Get Token Success", "service": "cc_reconcile", "stage": "download_payabl", "status": "ok"}
{"timestamp": "2026-03-08T09:00:05+0800", "level": "INFO", "logger": "etl_logger", "message": "Start downloading Payabl CC Report for date: 2026-03-07...", "service": "cc_reconcile", "stage": "download_payabl", "status": "ok"}
{"timestamp": "2026-03-08T09:00:18+0800", "level": "INFO", "logger": "etl_logger", "message": "Start downloading Payabl CC Report for date: 2026-03-08...", "service": "cc_reconcile", "stage": "download_payabl", "status": "ok"}
{"timestamp": "2026-03-08T09:00:26+0800", "level": "INFO", "logger": "etl_logger", "message": "Finish downloading Payabl CC Report", "service": "cc_reconcile", "stage": "download_payabl", "status": "ok"}
{"timestamp": "2026-03-08T09:00:26+0800", "level": "INFO", "logger": "etl_logger", "message": "Download Payabl CC Report Finish ，Total: 14833", "service": "cc_reconcile", "stage": "download", "status": "ok"}
{"timestamp": "2026-03-08T09:00:26+0800", "level": "INFO", "logger": "etl_logger", "message": "Login attempt 1/5", "service": "cc_reconcile", "stage": "download_davinci", "status": "ok"}
{"timestamp": "2026-03-08T09:00:27+0800", "level": "INFO", "logger": "etl_logger", "message": "Login response status=200, url=https://admin.vantagemarkets.com/admin/main, cookies=4", "service": "cc_reconcile", "stage": "download_davinci", "status": "ok"}
{"timestamp": "2026-03-08T09:00:27+0800", "level": "INFO", "logger": "etl_logger", "message": "Login successful", "service": "cc_reconcile", "stage": "download_davinci", "status": "ok"}
{"timestamp": "2026-03-08T09:00:27+0800", "level": "INFO", "logger": "etl_logger", "message": "Token obtained successfully", "service": "cc_reconcile", "stage": "download_davinci", "status": "ok"}
{"timestamp": "2026-03-08T09:00:27+0800", "level": "INFO", "logger": "etl_logger", "message": "Start downloading Davinci CC Report for brand: VFSC...", "service": "cc_reconcile", "stage": "download_davinci", "status": "ok"}
{"timestamp": "2026-03-08T09:00:46+0800", "level": "INFO", "logger": "etl_logger", "message": "POST success (VFSC 2026-03-05): cc_withdraw_detail_report_20260308010046.csv, took 19.0s", "service": "cc_reconcile", "stage": "download_davinci", "status": "ok"}
{"timestamp": "2026-03-08T09:00:48+0800", "level": "INFO", "logger": "etl_logger", "message": "Download success (VFSC 2026-03-05): cc_withdraw_detail_report_20260308010046.csv, took 1.8s", "service": "cc_reconcile", "stage": "download_davinci", "status": "ok"}
{"timestamp": "2026-03-08T09:01:06+0800", "level": "INFO", "logger": "etl_logger", "message": "POST success (VFSC 2026-03-06): cc_withdraw_detail_report_20260308010106.csv, took 18.0s", "service": "cc_reconcile", "stage": "download_davinci", "status": "ok"}
{"timestamp": "2026-03-08T09:01:08+0800", "level": "INFO", "logger": "etl_logger", "message": "Download success (VFSC 2026-03-06): cc_withdraw_detail_report_20260308010106.csv, took 2.2s", "service": "cc_reconcile", "stage": "download_davinci", "status": "ok"}
{"timestamp": "2026-03-08T09:01:26+0800", "level": "INFO", "logger": "etl_logger", "message": "POST success (VFSC 2026-03-07): cc_withdraw_detail_report_20260308010126.csv, took 17.8s", "service": "cc_reconcile", "stage": "download_davinci", "status": "ok"}
{"timestamp": "2026-03-08T09:01:27+0800", "level": "INFO", "logger": "etl_logger", "message": "Download success (VFSC 2026-03-07): cc_withdraw_detail_report_20260308010126.csv, took 1.7s", "service": "cc_reconcile", "stage": "download_davinci", "status": "ok"}
{"timestamp": "2026-03-08T09:01:45+0800", "level": "INFO", "logger": "etl_logger", "message": "POST success (VFSC 2026-03-08): cc_withdraw_detail_report_20260308010145.csv, took 17.4s", "service": "cc_reconcile", "stage": "download_davinci", "status": "ok"}
{"timestamp": "2026-03-08T09:01:46+0800", "level": "INFO", "logger": "etl_logger", "message": "Download success (VFSC 2026-03-08): cc_withdraw_detail_report_20260308010145.csv, took 1.0s", "service": "cc_reconcile", "stage": "download_davinci", "status": "ok"}
{"timestamp": "2026-03-08T09:01:46+0800", "level": "INFO", "logger": "etl_logger", "message": "Finish downloading Davinci CC - VFSC Report", "service": "cc_reconcile", "stage": "download_davinci", "status": "ok"}
{"timestamp": "2026-03-08T09:01:46+0800", "level": "INFO", "logger": "etl_logger", "message": "Start downloading Davinci CC Report for brand: VFSC2...", "service": "cc_reconcile", "stage": "download_davinci", "status": "ok"}
{"timestamp": "2026-03-08T09:02:39+0800", "level": "INFO", "logger": "etl_logger", "message": "POST success (VFSC2 2026-03-05): cc_withdraw_detail_report_20260308010238.csv, took 52.7s", "service": "cc_reconcile", "stage": "download_davinci", "status": "ok"}
{"timestamp": "2026-03-08T09:02:42+0800", "level": "INFO", "logger": "etl_logger", "message": "Download success (VFSC2 2026-03-05): cc_withdraw_detail_report_20260308010238.csv, took 3.3s", "service": "cc_reconcile", "stage": "download_davinci", "status": "ok"}
{"timestamp": "2026-03-08T09:03:34+0800", "level": "INFO", "logger": "etl_logger", "message": "POST success (VFSC2 2026-03-06): cc_withdraw_detail_report_20260308010333.csv, took 51.6s", "service": "cc_reconcile", "stage": "download_davinci", "status": "ok"}
{"timestamp": "2026-03-08T09:03:37+0800", "level": "INFO", "logger": "etl_logger", "message": "Download success (VFSC2 2026-03-06): cc_withdraw_detail_report_20260308010333.csv, took 3.2s", "service": "cc_reconcile", "stage": "download_davinci", "status": "ok"}
{"timestamp": "2026-03-08T09:04:26+0800", "level": "INFO", "logger": "etl_logger", "message": "POST success (VFSC2 2026-03-07): cc_withdraw_detail_report_20260308010426.csv, took 49.7s", "service": "cc_reconcile", "stage": "download_davinci", "status": "ok"}
{"timestamp": "2026-03-08T09:04:28+0800", "level": "INFO", "logger": "etl_logger", "message": "Download success (VFSC2 2026-03-07): cc_withdraw_detail_report_20260308010426.csv, took 1.9s", "service": "cc_reconcile", "stage": "download_davinci", "status": "ok"}
{"timestamp": "2026-03-08T09:05:20+0800", "level": "INFO", "logger": "etl_logger", "message": "POST success (VFSC2 2026-03-08): cc_withdraw_detail_report_20260308010520.csv, took 51.3s", "service": "cc_reconcile", "stage": "download_davinci", "status": "ok"}
{"timestamp": "2026-03-08T09:05:21+0800", "level": "INFO", "logger": "etl_logger", "message": "Download success (VFSC2 2026-03-08): cc_withdraw_detail_report_20260308010520.csv, took 1.4s", "service": "cc_reconcile", "stage": "download_davinci", "status": "ok"}
{"timestamp": "2026-03-08T09:05:22+0800", "level": "INFO", "logger": "etl_logger", "message": "Finish downloading Davinci CC - VFSC2 Report", "service": "cc_reconcile", "stage": "download_davinci", "status": "ok"}
{"timestamp": "2026-03-08T09:05:22+0800", "level": "INFO", "logger": "etl_logger", "message": "Finish downloading Davinci CC Report for all brands, total rows: 35053", "service": "cc_reconcile", "stage": "download_davinci", "status": "ok"}
{"timestamp": "2026-03-08T09:05:22+0800", "level": "INFO", "logger": "etl_logger", "message": "Download CRM CC Report Finish ，Total: 35053", "service": "cc_reconcile", "stage": "download", "status": "ok"}
{"timestamp": "2026-03-08T09:05:22+0800", "level": "INFO", "logger": "etl_logger", "message": "Start reconcile...", "service": "cc_reconcile", "stage": "reconcile", "status": "ok"}
{"timestamp": "2026-03-08T09:05:22+0800", "level": "INFO", "logger": "etl_logger", "message": "Reconcile Finish ，Total Mismatch Case: 2", "service": "cc_reconcile", "stage": "reconcile", "status": "ok"}
{"timestamp": "2026-03-08T09:05:22+0800", "level": "INFO", "logger": "etl_logger", "message": "Connect Lark Finish", "service": "cc_reconcile", "stage": "lark", "status": "ok"}
{"timestamp": "2026-03-08T09:05:22+0800", "level": "INFO", "logger": "etl_logger", "message": "Start query existing data in LarkSheet...", "service": "cc_reconcile", "stage": "lark", "status": "ok"}
{"timestamp": "2026-03-08T09:05:23+0800", "level": "INFO", "logger": "etl_logger", "message": "Query existing data in LarkSheet Finish", "service": "cc_reconcile", "stage": "lark", "status": "ok"}
{"timestamp": "2026-03-08T09:05:23+0800", "level": "INFO", "logger": "etl_logger", "message": "Total unique keys in LarkSheet: 164, Total new mismatch cases to upload: 0", "service": "cc_reconcile", "stage": "lark", "status": "ok"}
{"timestamp": "2026-03-08T09:05:23+0800", "level": "INFO", "logger": "etl_logger", "message": "Append data to LarkSheet with range: Kalw4Y!A2:L3, rows: 1, columns: 12", "service": "cc_reconcile", "stage": "lark", "status": "ok"}
{"timestamp": "2026-03-08T09:05:24+0800", "level": "INFO", "logger": "etl_logger", "message": "✅ Successfully appended data to LarkSheet", "service": "cc_reconcile", "stage": "lark", "status": "ok"}
{"timestamp": "2026-03-08T09:05:25+0800", "level": "INFO", "logger": "etl_logger", "message": "Upload data to LarkSheet Finish", "service": "cc_reconcile", "stage": "lark", "status": "ok"}
{"timestamp": "2026-03-08T10:00:02+0800", "level": "INFO", "logger": "etl_logger", "message": "Start download reports...", "service": "cc_reconcile", "stage": "download", "status": "ok"}
{"timestamp": "2026-03-08T10:00:05+0800", "level": "INFO", "logger": "etl_logger", "message": "Payabl Login Success and Get Token Success", "service": "cc_reconcile", "stage": "download_payabl", "status": "ok"}
{"timestamp": "2026-03-08T10:00:05+0800", "level": "INFO", "logger": "etl_logger", "message": "Start downloading Payabl CC Report for date: 2026-03-07...", "service": "cc_reconcile", "stage": "download_payabl", "status": "ok"}
{"timestamp": "2026-03-08T10:00:16+0800", "level": "INFO", "logger": "etl_logger", "message": "Start downloading Payabl CC Report for date: 2026-03-08...", "service": "cc_reconcile", "stage": "download_payabl", "status": "ok"}
{"timestamp": "2026-03-08T10:00:24+0800", "level": "INFO", "logger": "etl_logger", "message": "Finish downloading Payabl CC Report", "service": "cc_reconcile", "stage": "download_payabl", "status": "ok"}
{"timestamp": "2026-03-08T10:00:24+0800", "level": "INFO", "logger": "etl_logger", "message": "Download Payabl CC Report Finish ，Total: 15110", "service": "cc_reconcile", "stage": "download", "status": "ok"}
{"timestamp": "2026-03-08T10:00:24+0800", "level": "INFO", "logger": "etl_logger", "message": "Login attempt 1/5", "service": "cc_reconcile", "stage": "download_davinci", "status": "ok"}
{"timestamp": "2026-03-08T10:00:25+0800", "level": "INFO", "logger": "etl_logger", "message": "Login response status=200, url=https://admin.vantagemarkets.com/admin/main, cookies=4", "service": "cc_reconcile", "stage": "download_davinci", "status": "ok"}
{"timestamp": "2026-03-08T10:00:25+0800", "level": "INFO", "logger": "etl_logger", "message": "Login successful", "service": "cc_reconcile", "stage": "download_davinci", "status": "ok"}
{"timestamp": "2026-03-08T10:00:25+0800", "level": "INFO", "logger": "etl_logger", "message": "Token obtained successfully", "service": "cc_reconcile", "stage": "download_davinci", "status": "ok"}
{"timestamp": "2026-03-08T10:00:25+0800", "level": "INFO", "logger": "etl_logger", "message": "Start downloading Davinci CC Report for brand: VFSC...", "service": "cc_reconcile", "stage": "download_davinci", "status": "ok"}
{"timestamp": "2026-03-08T10:00:44+0800", "level": "INFO", "logger": "etl_logger", "message": "POST success (VFSC 2026-03-05): cc_withdraw_detail_report_20260308020044.csv, took 18.4s", "service": "cc_reconcile", "stage": "download_davinci", "status": "ok"}
{"timestamp": "2026-03-08T10:00:46+0800", "level": "INFO", "logger": "etl_logger", "message": "Download success (VFSC 2026-03-05): cc_withdraw_detail_report_20260308020044.csv, took 2.2s", "service": "cc_reconcile", "stage": "download_davinci", "status": "ok"}
{"timestamp": "2026-03-08T10:01:04+0800", "level": "INFO", "logger": "etl_logger", "message": "POST success (VFSC 2026-03-06): cc_withdraw_detail_report_20260308020104.csv, took 18.2s", "service": "cc_reconcile", "stage": "download_davinci", "status": "ok"}
{"timestamp": "2026-03-08T10:01:06+0800", "level": "INFO", "logger": "etl_logger", "message": "Download success (VFSC 2026-03-06): cc_withdraw_detail_report_20260308020104.csv, took 2.2s", "service": "cc_reconcile", "stage": "download_davinci", "status": "ok"}
{"timestamp": "2026-03-08T10:01:24+0800", "level": "INFO", "logger": "etl_logger", "message": "POST success (VFSC 2026-03-07): cc_withdraw_detail_report_20260308020124.csv, took 18.1s", "service": "cc_reconcile", "stage": "download_davinci", "status": "ok"}
{"timestamp": "2026-03-08T10:01:26+0800", "level": "INFO", "logger": "etl_logger", "message": "Download success (VFSC 2026-03-07): cc_withdraw_detail_report_20260308020124.csv, took 1.7s", "service": "cc_reconcile", "stage": "download_davinci", "status": "ok"}
{"timestamp": "2026-03-08T10:01:44+0800", "level": "INFO", "logger": "etl_logger", "message": "POST success (VFSC 2026-03-08): cc_withdraw_detail_report_20260308020144.csv, took 18.3s", "service": "cc_reconcile", "stage": "download_davinci", "status": "ok"}
{"timestamp": "2026-03-08T10:01:45+0800", "level": "INFO", "logger": "etl_logger", "message": "Download success (VFSC 2026-03-08): cc_withdraw_detail_report_20260308020144.csv, took 1.0s", "service": "cc_reconcile", "stage": "download_davinci", "status": "ok"}
{"timestamp": "2026-03-08T10:01:46+0800", "level": "INFO", "logger": "etl_logger", "message": "Finish downloading Davinci CC - VFSC Report", "service": "cc_reconcile", "stage": "download_davinci", "status": "ok"}
{"timestamp": "2026-03-08T10:01:46+0800", "level": "INFO", "logger": "etl_logger", "message": "Start downloading Davinci CC Report for brand: VFSC2...", "service": "cc_reconcile", "stage": "download_davinci", "status": "ok"}
{"timestamp": "2026-03-08T10:02:38+0800", "level": "INFO", "logger": "etl_logger", "message": "POST success (VFSC2 2026-03-05): cc_withdraw_detail_report_20260308020238.csv, took 52.2s", "service": "cc_reconcile", "stage": "download_davinci", "status": "ok"}
{"timestamp": "2026-03-08T10:02:41+0800", "level": "INFO", "logger": "etl_logger", "message": "Download success (VFSC2 2026-03-05): cc_withdraw_detail_report_20260308020238.csv, took 3.0s", "service": "cc_reconcile", "stage": "download_davinci", "status": "ok"}
{"timestamp": "2026-03-08T10:03:33+0800", "level": "INFO", "logger": "etl_logger", "message": "POST success (VFSC2 2026-03-06): cc_withdraw_detail_report_20260308020333.csv, took 52.5s", "service": "cc_reconcile", "stage": "download_davinci", "status": "ok"}
{"timestamp": "2026-03-08T10:03:36+0800", "level": "INFO", "logger": "etl_logger", "message": "Download success (VFSC2 2026-03-06): cc_withdraw_detail_report_20260308020333.csv, took 3.2s", "service": "cc_reconcile", "stage": "download_davinci", "status": "ok"}
{"timestamp": "2026-03-08T10:04:28+0800", "level": "INFO", "logger": "etl_logger", "message": "POST success (VFSC2 2026-03-07): cc_withdraw_detail_report_20260308020428.csv, took 51.1s", "service": "cc_reconcile", "stage": "download_davinci", "status": "ok"}
{"timestamp": "2026-03-08T10:04:30+0800", "level": "INFO", "logger": "etl_logger", "message": "Download success (VFSC2 2026-03-07): cc_withdraw_detail_report_20260308020428.csv, took 2.0s", "service": "cc_reconcile", "stage": "download_davinci", "status": "ok"}
{"timestamp": "2026-03-08T10:05:19+0800", "level": "INFO", "logger": "etl_logger", "message": "POST success (VFSC2 2026-03-08): cc_withdraw_detail_report_20260308020519.csv, took 49.2s", "service": "cc_reconcile", "stage": "download_davinci", "status": "ok"}
{"timestamp": "2026-03-08T10:05:20+0800", "level": "INFO", "logger": "etl_logger", "message": "Download success (VFSC2 2026-03-08): cc_withdraw_detail_report_20260308020519.csv, took 1.5s", "service": "cc_reconcile", "stage": "download_davinci", "status": "ok"}
{"timestamp": "2026-03-08T10:05:21+0800", "level": "INFO", "logger": "etl_logger", "message": "Finish downloading Davinci CC - VFSC2 Report", "service": "cc_reconcile", "stage": "download_davinci", "status": "ok"}
{"timestamp": "2026-03-08T10:05:21+0800", "level": "INFO", "logger": "etl_logger", "message": "Finish downloading Davinci CC Report for all brands, total rows: 35101", "service": "cc_reconcile", "stage": "download_davinci", "status": "ok"}
{"timestamp": "2026-03-08T10:05:21+0800", "level": "INFO", "logger": "etl_logger", "message": "Download CRM CC Report Finish ，Total: 35101", "service": "cc_reconcile", "stage": "download", "status": "ok"}
{"timestamp": "2026-03-08T10:05:21+0800", "level": "INFO", "logger": "etl_logger", "message": "Start reconcile...", "service": "cc_reconcile", "stage": "reconcile", "status": "ok"}
{"timestamp": "2026-03-08T10:05:21+0800", "level": "INFO", "logger": "etl_logger", "message": "Reconcile Finish ，Total Mismatch Case: 2", "service": "cc_reconcile", "stage": "reconcile", "status": "ok"}
{"timestamp": "2026-03-08T10:05:21+0800", "level": "INFO", "logger": "etl_logger", "message": "Connect Lark Finish", "service": "cc_reconcile", "stage": "lark", "status": "ok"}
{"timestamp": "2026-03-08T10:05:21+0800", "level": "INFO", "logger": "etl_logger", "message": "Start query existing data in LarkSheet...", "service": "cc_reconcile", "stage": "lark", "status": "ok"}
{"timestamp": "2026-03-08T10:05:22+0800", "level": "INFO", "logger": "etl_logger", "message": "Query existing data in LarkSheet Finish", "service": "cc_reconcile", "stage": "lark", "status": "ok"}
{"timestamp": "2026-03-08T10:05:22+0800", "level": "INFO", "logger": "etl_logger", "message": "Total unique keys in LarkSheet: 164, Total new mismatch cases to upload: 0", "service": "cc_reconcile", "stage": "lark", "status": "ok"}
{"timestamp": "2026-03-08T10:05:22+0800", "level": "INFO", "logger": "etl_logger", "message": "Append data to LarkSheet with range: Kalw4Y!A2:L3, rows: 1, columns: 12", "service": "cc_reconcile", "stage": "lark", "status": "ok"}
{"timestamp": "2026-03-08T10:05:23+0800", "level": "INFO", "logger": "etl_logger", "message": "✅ Successfully appended data to LarkSheet", "service": "cc_reconcile", "stage": "lark", "status": "ok"}
{"timestamp": "2026-03-08T10:05:24+0800", "level": "INFO", "logger": "etl_logger", "message": "Upload data to LarkSheet Finish", "service": "cc_reconcile", "stage": "lark", "status": "ok"}
{"timestamp": "2026-03-08T11:00:02+0800", "level": "INFO", "logger": "etl_logger", "message": "Start download reports...", "service": "cc_reconcile", "stage": "download", "status": "ok"}
{"timestamp": "2026-03-08T11:00:05+0800", "level": "INFO", "logger": "etl_logger", "message": "Payabl Login Success and Get Token Success", "service": "cc_reconcile", "stage": "download_payabl", "status": "ok"}
{"timestamp": "2026-03-08T11:00:05+0800", "level": "INFO", "logger": "etl_logger", "message": "Start downloading Payabl CC Report for date: 2026-03-07...", "service": "cc_reconcile", "stage": "download_payabl", "status": "ok"}
{"timestamp": "2026-03-08T11:00:16+0800", "level": "INFO", "logger": "etl_logger", "message": "Start downloading Payabl CC Report for date: 2026-03-08...", "service": "cc_reconcile", "stage": "download_payabl", "status": "ok"}
{"timestamp": "2026-03-08T11:00:24+0800", "level": "INFO", "logger": "etl_logger", "message": "Finish downloading Payabl CC Report", "service": "cc_reconcile", "stage": "download_payabl", "status": "ok"}
{"timestamp": "2026-03-08T11:00:24+0800", "level": "INFO", "logger": "etl_logger", "message": "Download Payabl CC Report Finish ，Total: 15401", "service": "cc_reconcile", "stage": "download", "status": "ok"}
{"timestamp": "2026-03-08T11:00:24+0800", "level": "INFO", "logger": "etl_logger", "message": "Login attempt 1/5", "service": "cc_reconcile", "stage": "download_davinci", "status": "ok"}
{"timestamp": "2026-03-08T11:00:25+0800", "level": "INFO", "logger": "etl_logger", "message": "Login response status=200, url=https://admin.vantagemarkets.com/admin/main, cookies=4", "service": "cc_reconcile", "stage": "download_davinci", "status": "ok"}
{"timestamp": "2026-03-08T11:00:25+0800", "level": "INFO", "logger": "etl_logger", "message": "Login successful", "service": "cc_reconcile", "stage": "download_davinci", "status": "ok"}
{"timestamp": "2026-03-08T11:00:25+0800", "level": "INFO", "logger": "etl_logger", "message": "Token obtained successfully", "service": "cc_reconcile", "stage": "download_davinci", "status": "ok"}
{"timestamp": "2026-03-08T11:00:25+0800", "level": "INFO", "logger": "etl_logger", "message": "Start downloading Davinci CC Report for brand: VFSC...", "service": "cc_reconcile", "stage": "download_davinci", "status": "ok"}
{"timestamp": "2026-03-08T11:00:59+0800", "level": "INFO", "logger": "etl_logger", "message": "POST success (VFSC 2026-03-05): cc_withdraw_detail_report_20260308030059.csv, took 33.7s", "service": "cc_reconcile", "stage": "download_davinci", "status": "ok"}
{"timestamp": "2026-03-08T11:01:01+0800", "level": "INFO", "logger": "etl_logger", "message": "Download success (VFSC 2026-03-05): cc_withdraw_detail_report_20260308030059.csv, took 2.3s", "service": "cc_reconcile", "stage": "download_davinci", "status": "ok"}
{"timestamp": "2026-03-08T11:01:20+0800", "level": "INFO", "logger": "etl_logger", "message": "POST success (VFSC 2026-03-06): cc_withdraw_detail_report_20260308030120.csv, took 18.6s", "service": "cc_reconcile", "stage": "download_davinci", "status": "ok"}
{"timestamp": "2026-03-08T11:01:22+0800", "level": "INFO", "logger": "etl_logger", "message": "Download success (VFSC 2026-03-06): cc_withdraw_detail_report_20260308030120.csv, took 2.3s", "service": "cc_reconcile", "stage": "download_davinci", "status": "ok"}
{"timestamp": "2026-03-08T11:01:39+0800", "level": "INFO", "logger": "etl_logger", "message": "POST success (VFSC 2026-03-07): cc_withdraw_detail_report_20260308030139.csv, took 17.1s", "service": "cc_reconcile", "stage": "download_davinci", "status": "ok"}
{"timestamp": "2026-03-08T11:01:41+0800", "level": "INFO", "logger": "etl_logger", "message": "Download success (VFSC 2026-03-07): cc_withdraw_detail_report_20260308030139.csv, took 1.7s", "service": "cc_reconcile", "stage": "download_davinci", "status": "ok"}
{"timestamp": "2026-03-08T11:01:59+0800", "level": "INFO", "logger": "etl_logger", "message": "POST success (VFSC 2026-03-08): cc_withdraw_detail_report_20260308030159.csv, took 18.3s", "service": "cc_reconcile", "stage": "download_davinci", "status": "ok"}
{"timestamp": "2026-03-08T11:02:01+0800", "level": "INFO", "logger": "etl_logger", "message": "Download success (VFSC 2026-03-08): cc_withdraw_detail_report_20260308030159.csv, took 1.3s", "service": "cc_reconcile", "stage": "download_davinci", "status": "ok"}
{"timestamp": "2026-03-08T11:02:01+0800", "level": "INFO", "logger": "etl_logger", "message": "Finish downloading Davinci CC - VFSC Report", "service": "cc_reconcile", "stage": "download_davinci", "status": "ok"}
{"timestamp": "2026-03-08T11:02:01+0800", "level": "INFO", "logger": "etl_logger", "message": "Start downloading Davinci CC Report for brand: VFSC2...", "service": "cc_reconcile", "stage": "download_davinci", "status": "ok"}
{"timestamp": "2026-03-08T11:02:53+0800", "level": "INFO", "logger": "etl_logger", "message": "POST success (VFSC2 2026-03-05): cc_withdraw_detail_report_20260308030253.csv, took 52.7s", "service": "cc_reconcile", "stage": "download_davinci", "status": "ok"}
{"timestamp": "2026-03-08T11:02:57+0800", "level": "INFO", "logger": "etl_logger", "message": "Download success (VFSC2 2026-03-05): cc_withdraw_detail_report_20260308030253.csv, took 3.4s", "service": "cc_reconcile", "stage": "download_davinci", "status": "ok"}
{"timestamp": "2026-03-08T11:03:49+0800", "level": "INFO", "logger": "etl_logger", "message": "POST success (VFSC2 2026-03-06): cc_withdraw_detail_report_20260308030348.csv, took 51.7s", "service": "cc_reconcile", "stage": "download_davinci", "status": "ok"}
{"timestamp": "2026-03-08T11:03:52+0800", "level": "INFO", "logger": "etl_logger", "message": "Download success (VFSC2 2026-03-06): cc_withdraw_detail_report_20260308030348.csv, took 3.1s", "service": "cc_reconcile", "stage": "download_davinci", "status": "ok"}
{"timestamp": "2026-03-08T11:04:41+0800", "level": "INFO", "logger": "etl_logger", "message": "POST success (VFSC2 2026-03-07): cc_withdraw_detail_report_20260308030441.csv, took 48.9s", "service": "cc_reconcile", "stage": "download_davinci", "status": "ok"}
{"timestamp": "2026-03-08T11:04:43+0800", "level": "INFO", "logger": "etl_logger", "message": "Download success (VFSC2 2026-03-07): cc_withdraw_detail_report_20260308030441.csv, took 2.4s", "service": "cc_reconcile", "stage": "download_davinci", "status": "ok"}
{"timestamp": "2026-03-08T11:05:32+0800", "level": "INFO", "logger": "etl_logger", "message": "POST success (VFSC2 2026-03-08): cc_withdraw_detail_report_20260308030532.csv, took 48.9s", "service": "cc_reconcile", "stage": "download_davinci", "status": "ok"}
{"timestamp": "2026-03-08T11:05:33+0800", "level": "INFO", "logger": "etl_logger", "message": "Download success (VFSC2 2026-03-08): cc_withdraw_detail_report_20260308030532.csv, took 1.7s", "service": "cc_reconcile", "stage": "download_davinci", "status": "ok"}
{"timestamp": "2026-03-08T11:05:34+0800", "level": "INFO", "logger": "etl_logger", "message": "Finish downloading Davinci CC - VFSC2 Report", "service": "cc_reconcile", "stage": "download_davinci", "status": "ok"}
{"timestamp": "2026-03-08T11:05:34+0800", "level": "INFO", "logger": "etl_logger", "message": "Finish downloading Davinci CC Report for all brands, total rows: 35173", "service": "cc_reconcile", "stage": "download_davinci", "status": "ok"}
{"timestamp": "2026-03-08T11:05:34+0800", "level": "INFO", "logger": "etl_logger", "message": "Download CRM CC Report Finish ，Total: 35173", "service": "cc_reconcile", "stage": "download", "status": "ok"}
{"timestamp": "2026-03-08T11:05:34+0800", "level": "INFO", "logger": "etl_logger", "message": "Start reconcile...", "service": "cc_reconcile", "stage": "reconcile", "status": "ok"}
{"timestamp": "2026-03-08T11:05:34+0800", "level": "INFO", "logger": "etl_logger", "message": "Reconcile Finish ，Total Mismatch Case: 2", "service": "cc_reconcile", "stage": "reconcile", "status": "ok"}
{"timestamp": "2026-03-08T11:05:34+0800", "level": "INFO", "logger": "etl_logger", "message": "Connect Lark Finish", "service": "cc_reconcile", "stage": "lark", "status": "ok"}
{"timestamp": "2026-03-08T11:05:34+0800", "level": "INFO", "logger": "etl_logger", "message": "Start query existing data in LarkSheet...", "service": "cc_reconcile", "stage": "lark", "status": "ok"}
{"timestamp": "2026-03-08T11:05:35+0800", "level": "INFO", "logger": "etl_logger", "message": "Query existing data in LarkSheet Finish", "service": "cc_reconcile", "stage": "lark", "status": "ok"}
{"timestamp": "2026-03-08T11:05:35+0800", "level": "INFO", "logger": "etl_logger", "message": "Total unique keys in LarkSheet: 164, Total new mismatch cases to upload: 0", "service": "cc_reconcile", "stage": "lark", "status": "ok"}
{"timestamp": "2026-03-08T11:05:35+0800", "level": "INFO", "logger": "etl_logger", "message": "Append data to LarkSheet with range: Kalw4Y!A2:L3, rows: 1, columns: 12", "service": "cc_reconcile", "stage": "lark", "status": "ok"}
{"timestamp": "2026-03-08T11:05:36+0800", "level": "INFO", "logger": "etl_logger", "message": "✅ Successfully appended data to LarkSheet", "service": "cc_reconcile", "stage": "lark", "status": "ok"}
{"timestamp": "2026-03-08T11:05:37+0800", "level": "INFO", "logger": "etl_logger", "message": "Upload data to LarkSheet Finish", "service": "cc_reconcile", "stage": "lark", "status": "ok"}
{"timestamp": "2026-03-08T12:00:01+0800", "level": "INFO", "logger": "etl_logger", "message": "Start download reports...", "service": "cc_reconcile", "stage": "download", "status": "ok"}
{"timestamp": "2026-03-08T12:00:05+0800", "level": "INFO", "logger": "etl_logger", "message": "Payabl Login Success and Get Token Success", "service": "cc_reconcile", "stage": "download_payabl", "status": "ok"}
{"timestamp": "2026-03-08T12:00:05+0800", "level": "INFO", "logger": "etl_logger", "message": "Start downloading Payabl CC Report for date: 2026-03-07...", "service": "cc_reconcile", "stage": "download_payabl", "status": "ok"}
{"timestamp": "2026-03-08T12:00:30+0800", "level": "INFO", "logger": "etl_logger", "message": "Start downloading Payabl CC Report for date: 2026-03-08...", "service": "cc_reconcile", "stage": "download_payabl", "status": "ok"}
{"timestamp": "2026-03-08T12:00:38+0800", "level": "INFO", "logger": "etl_logger", "message": "Finish downloading Payabl CC Report", "service": "cc_reconcile", "stage": "download_payabl", "status": "ok"}
{"timestamp": "2026-03-08T12:00:38+0800", "level": "INFO", "logger": "etl_logger", "message": "Download Payabl CC Report Finish ，Total: 15619", "service": "cc_reconcile", "stage": "download", "status": "ok"}
{"timestamp": "2026-03-08T12:00:38+0800", "level": "INFO", "logger": "etl_logger", "message": "Login attempt 1/5", "service": "cc_reconcile", "stage": "download_davinci", "status": "ok"}
{"timestamp": "2026-03-08T12:00:39+0800", "level": "INFO", "logger": "etl_logger", "message": "Login response status=200, url=https://admin.vantagemarkets.com/admin/main, cookies=4", "service": "cc_reconcile", "stage": "download_davinci", "status": "ok"}
{"timestamp": "2026-03-08T12:00:39+0800", "level": "INFO", "logger": "etl_logger", "message": "Login successful", "service": "cc_reconcile", "stage": "download_davinci", "status": "ok"}
{"timestamp": "2026-03-08T12:00:39+0800", "level": "INFO", "logger": "etl_logger", "message": "Token obtained successfully", "service": "cc_reconcile", "stage": "download_davinci", "status": "ok"}
{"timestamp": "2026-03-08T12:00:39+0800", "level": "INFO", "logger": "etl_logger", "message": "Start downloading Davinci CC Report for brand: VFSC...", "service": "cc_reconcile", "stage": "download_davinci", "status": "ok"}
{"timestamp": "2026-03-08T12:01:08+0800", "level": "INFO", "logger": "etl_logger", "message": "POST success (VFSC 2026-03-05): cc_withdraw_detail_report_20260308040108.csv, took 28.4s", "service": "cc_reconcile", "stage": "download_davinci", "status": "ok"}
{"timestamp": "2026-03-08T12:01:10+0800", "level": "INFO", "logger": "etl_logger", "message": "Download success (VFSC 2026-03-05): cc_withdraw_detail_report_20260308040108.csv, took 2.1s", "service": "cc_reconcile", "stage": "download_davinci", "status": "ok"}
{"timestamp": "2026-03-08T12:01:28+0800", "level": "INFO", "logger": "etl_logger", "message": "POST success (VFSC 2026-03-06): cc_withdraw_detail_report_20260308040128.csv, took 17.7s", "service": "cc_reconcile", "stage": "download_davinci", "status": "ok"}
{"timestamp": "2026-03-08T12:01:30+0800", "level": "INFO", "logger": "etl_logger", "message": "Download success (VFSC 2026-03-06): cc_withdraw_detail_report_20260308040128.csv, took 2.3s", "service": "cc_reconcile", "stage": "download_davinci", "status": "ok"}
{"timestamp": "2026-03-08T12:01:48+0800", "level": "INFO", "logger": "etl_logger", "message": "POST success (VFSC 2026-03-07): cc_withdraw_detail_report_20260308040148.csv, took 18.0s", "service": "cc_reconcile", "stage": "download_davinci", "status": "ok"}
{"timestamp": "2026-03-08T12:01:50+0800", "level": "INFO", "logger": "etl_logger", "message": "Download success (VFSC 2026-03-07): cc_withdraw_detail_report_20260308040148.csv, took 1.7s", "service": "cc_reconcile", "stage": "download_davinci", "status": "ok"}
{"timestamp": "2026-03-08T12:02:07+0800", "level": "INFO", "logger": "etl_logger", "message": "POST success (VFSC 2026-03-08): cc_withdraw_detail_report_20260308040207.csv, took 17.2s", "service": "cc_reconcile", "stage": "download_davinci", "status": "ok"}
{"timestamp": "2026-03-08T12:02:08+0800", "level": "INFO", "logger": "etl_logger", "message": "Download success (VFSC 2026-03-08): cc_withdraw_detail_report_20260308040207.csv, took 1.2s", "service": "cc_reconcile", "stage": "download_davinci", "status": "ok"}
{"timestamp": "2026-03-08T12:02:08+0800", "level": "INFO", "logger": "etl_logger", "message": "Finish downloading Davinci CC - VFSC Report", "service": "cc_reconcile", "stage": "download_davinci", "status": "ok"}
{"timestamp": "2026-03-08T12:02:08+0800", "level": "INFO", "logger": "etl_logger", "message": "Start downloading Davinci CC Report for brand: VFSC2...", "service": "cc_reconcile", "stage": "download_davinci", "status": "ok"}
{"timestamp": "2026-03-08T12:03:00+0800", "level": "INFO", "logger": "etl_logger", "message": "POST success (VFSC2 2026-03-05): cc_withdraw_detail_report_20260308040300.csv, took 52.1s", "service": "cc_reconcile", "stage": "download_davinci", "status": "ok"}
{"timestamp": "2026-03-08T12:03:03+0800", "level": "INFO", "logger": "etl_logger", "message": "Download success (VFSC2 2026-03-05): cc_withdraw_detail_report_20260308040300.csv, took 2.6s", "service": "cc_reconcile", "stage": "download_davinci", "status": "ok"}
{"timestamp": "2026-03-08T12:03:55+0800", "level": "INFO", "logger": "etl_logger", "message": "POST success (VFSC2 2026-03-06): cc_withdraw_detail_report_20260308040355.csv, took 52.3s", "service": "cc_reconcile", "stage": "download_davinci", "status": "ok"}
{"timestamp": "2026-03-08T12:03:58+0800", "level": "INFO", "logger": "etl_logger", "message": "Download success (VFSC2 2026-03-06): cc_withdraw_detail_report_20260308040355.csv, took 3.2s", "service": "cc_reconcile", "stage": "download_davinci", "status": "ok"}
{"timestamp": "2026-03-08T12:04:47+0800", "level": "INFO", "logger": "etl_logger", "message": "POST success (VFSC2 2026-03-07): cc_withdraw_detail_report_20260308040447.csv, took 49.1s", "service": "cc_reconcile", "stage": "download_davinci", "status": "ok"}
{"timestamp": "2026-03-08T12:04:50+0800", "level": "INFO", "logger": "etl_logger", "message": "Download success (VFSC2 2026-03-07): cc_withdraw_detail_report_20260308040447.csv, took 2.4s", "service": "cc_reconcile", "stage": "download_davinci", "status": "ok"}
{"timestamp": "2026-03-08T12:05:38+0800", "level": "INFO", "logger": "etl_logger", "message": "POST success (VFSC2 2026-03-08): cc_withdraw_detail_report_20260308040538.csv, took 48.4s", "service": "cc_reconcile", "stage": "download_davinci", "status": "ok"}
{"timestamp": "2026-03-08T12:05:40+0800", "level": "INFO", "logger": "etl_logger", "message": "Download success (VFSC2 2026-03-08): cc_withdraw_detail_report_20260308040538.csv, took 1.7s", "service": "cc_reconcile", "stage": "download_davinci", "status": "ok"}
{"timestamp": "2026-03-08T12:05:40+0800", "level": "INFO", "logger": "etl_logger", "message": "Finish downloading Davinci CC - VFSC2 Report", "service": "cc_reconcile", "stage": "download_davinci", "status": "ok"}
{"timestamp": "2026-03-08T12:05:40+0800", "level": "INFO", "logger": "etl_logger", "message": "Finish downloading Davinci CC Report for all brands, total rows: 35218", "service": "cc_reconcile", "stage": "download_davinci", "status": "ok"}
{"timestamp": "2026-03-08T12:05:40+0800", "level": "INFO", "logger": "etl_logger", "message": "Download CRM CC Report Finish ，Total: 35218", "service": "cc_reconcile", "stage": "download", "status": "ok"}
{"timestamp": "2026-03-08T12:05:40+0800", "level": "INFO", "logger": "etl_logger", "message": "Start reconcile...", "service": "cc_reconcile", "stage": "reconcile", "status": "ok"}
{"timestamp": "2026-03-08T12:05:41+0800", "level": "INFO", "logger": "etl_logger", "message": "Reconcile Finish ，Total Mismatch Case: 2", "service": "cc_reconcile", "stage": "reconcile", "status": "ok"}
{"timestamp": "2026-03-08T12:05:41+0800", "level": "INFO", "logger": "etl_logger", "message": "Connect Lark Finish", "service": "cc_reconcile", "stage": "lark", "status": "ok"}
{"timestamp": "2026-03-08T12:05:41+0800", "level": "INFO", "logger": "etl_logger", "message": "Start query existing data in LarkSheet...", "service": "cc_reconcile", "stage": "lark", "status": "ok"}
{"timestamp": "2026-03-08T12:05:42+0800", "level": "INFO", "logger": "etl_logger", "message": "Query existing data in LarkSheet Finish", "service": "cc_reconcile", "stage": "lark", "status": "ok"}
{"timestamp": "2026-03-08T12:05:42+0800", "level": "INFO", "logger": "etl_logger", "message": "Total unique keys in LarkSheet: 164, Total new mismatch cases to upload: 0", "service": "cc_reconcile", "stage": "lark", "status": "ok"}
{"timestamp": "2026-03-08T12:05:42+0800", "level": "INFO", "logger": "etl_logger", "message": "Append data to LarkSheet with range: Kalw4Y!A2:L3, rows: 1, columns: 12", "service": "cc_reconcile", "stage": "lark", "status": "ok"}
{"timestamp": "2026-03-08T12:05:42+0800", "level": "INFO", "logger": "etl_logger", "message": "✅ Successfully appended data to LarkSheet", "service": "cc_reconcile", "stage": "lark", "status": "ok"}
{"timestamp": "2026-03-08T12:05:44+0800", "level": "INFO", "logger": "etl_logger", "message": "Upload data to LarkSheet Finish", "service": "cc_reconcile", "stage": "lark", "status": "ok"}
{"timestamp": "2026-03-08T13:00:01+0800", "level": "INFO", "logger": "etl_logger", "message": "Start download reports...", "service": "cc_reconcile", "stage": "download", "status": "ok"}
{"timestamp": "2026-03-08T13:00:06+0800", "level": "INFO", "logger": "etl_logger", "message": "Payabl Login Success and Get Token Success", "service": "cc_reconcile", "stage": "download_payabl", "status": "ok"}
{"timestamp": "2026-03-08T13:00:06+0800", "level": "INFO", "logger": "etl_logger", "message": "Start downloading Payabl CC Report for date: 2026-03-07...", "service": "cc_reconcile", "stage": "download_payabl", "status": "ok"}
{"timestamp": "2026-03-08T13:00:25+0800", "level": "INFO", "logger": "etl_logger", "message": "Start downloading Payabl CC Report for date: 2026-03-08...", "service": "cc_reconcile", "stage": "download_payabl", "status": "ok"}
{"timestamp": "2026-03-08T13:01:20+0800", "level": "INFO", "logger": "etl_logger", "message": "Finish downloading Payabl CC Report", "service": "cc_reconcile", "stage": "download_payabl", "status": "ok"}
{"timestamp": "2026-03-08T13:01:20+0800", "level": "INFO", "logger": "etl_logger", "message": "Download Payabl CC Report Finish ，Total: 15909", "service": "cc_reconcile", "stage": "download", "status": "ok"}
{"timestamp": "2026-03-08T13:01:20+0800", "level": "INFO", "logger": "etl_logger", "message": "Login attempt 1/5", "service": "cc_reconcile", "stage": "download_davinci", "status": "ok"}
{"timestamp": "2026-03-08T13:01:21+0800", "level": "INFO", "logger": "etl_logger", "message": "Login response status=200, url=https://admin.vantagemarkets.com/admin/main, cookies=4", "service": "cc_reconcile", "stage": "download_davinci", "status": "ok"}
{"timestamp": "2026-03-08T13:01:21+0800", "level": "INFO", "logger": "etl_logger", "message": "Login successful", "service": "cc_reconcile", "stage": "download_davinci", "status": "ok"}
{"timestamp": "2026-03-08T13:01:21+0800", "level": "INFO", "logger": "etl_logger", "message": "Token obtained successfully", "service": "cc_reconcile", "stage": "download_davinci", "status": "ok"}
{"timestamp": "2026-03-08T13:01:21+0800", "level": "INFO", "logger": "etl_logger", "message": "Start downloading Davinci CC Report for brand: VFSC...", "service": "cc_reconcile", "stage": "download_davinci", "status": "ok"}
{"timestamp": "2026-03-08T13:01:40+0800", "level": "INFO", "logger": "etl_logger", "message": "POST success (VFSC 2026-03-05): cc_withdraw_detail_report_20260308050140.csv, took 18.8s", "service": "cc_reconcile", "stage": "download_davinci", "status": "ok"}
{"timestamp": "2026-03-08T13:01:42+0800", "level": "INFO", "logger": "etl_logger", "message": "Download success (VFSC 2026-03-05): cc_withdraw_detail_report_20260308050140.csv, took 2.2s", "service": "cc_reconcile", "stage": "download_davinci", "status": "ok"}
{"timestamp": "2026-03-08T13:02:00+0800", "level": "INFO", "logger": "etl_logger", "message": "POST success (VFSC 2026-03-06): cc_withdraw_detail_report_20260308050200.csv, took 18.4s", "service": "cc_reconcile", "stage": "download_davinci", "status": "ok"}
{"timestamp": "2026-03-08T13:02:03+0800", "level": "INFO", "logger": "etl_logger", "message": "Download success (VFSC 2026-03-06): cc_withdraw_detail_report_20260308050200.csv, took 2.3s", "service": "cc_reconcile", "stage": "download_davinci", "status": "ok"}
{"timestamp": "2026-03-08T13:02:21+0800", "level": "INFO", "logger": "etl_logger", "message": "POST success (VFSC 2026-03-07): cc_withdraw_detail_report_20260308050221.csv, took 18.4s", "service": "cc_reconcile", "stage": "download_davinci", "status": "ok"}
{"timestamp": "2026-03-08T13:02:24+0800", "level": "INFO", "logger": "etl_logger", "message": "Download success (VFSC 2026-03-07): cc_withdraw_detail_report_20260308050221.csv, took 2.7s", "service": "cc_reconcile", "stage": "download_davinci", "status": "ok"}
{"timestamp": "2026-03-08T13:02:41+0800", "level": "INFO", "logger": "etl_logger", "message": "POST success (VFSC 2026-03-08): cc_withdraw_detail_report_20260308050241.csv, took 17.6s", "service": "cc_reconcile", "stage": "download_davinci", "status": "ok"}
{"timestamp": "2026-03-08T13:02:43+0800", "level": "INFO", "logger": "etl_logger", "message": "Download success (VFSC 2026-03-08): cc_withdraw_detail_report_20260308050241.csv, took 1.3s", "service": "cc_reconcile", "stage": "download_davinci", "status": "ok"}
{"timestamp": "2026-03-08T13:02:43+0800", "level": "INFO", "logger": "etl_logger", "message": "Finish downloading Davinci CC - VFSC Report", "service": "cc_reconcile", "stage": "download_davinci", "status": "ok"}
{"timestamp": "2026-03-08T13:02:43+0800", "level": "INFO", "logger": "etl_logger", "message": "Start downloading Davinci CC Report for brand: VFSC2...", "service": "cc_reconcile", "stage": "download_davinci", "status": "ok"}
{"timestamp": "2026-03-08T13:03:37+0800", "level": "INFO", "logger": "etl_logger", "message": "POST success (VFSC2 2026-03-05): cc_withdraw_detail_report_20260308050337.csv, took 54.4s", "service": "cc_reconcile", "stage": "download_davinci", "status": "ok"}
{"timestamp": "2026-03-08T13:03:41+0800", "level": "INFO", "logger": "etl_logger", "message": "Download success (VFSC2 2026-03-05): cc_withdraw_detail_report_20260308050337.csv, took 3.7s", "service": "cc_reconcile", "stage": "download_davinci", "status": "ok"}
{"timestamp": "2026-03-08T13:04:39+0800", "level": "INFO", "logger": "etl_logger", "message": "POST success (VFSC2 2026-03-06): cc_withdraw_detail_report_20260308050439.csv, took 58.5s", "service": "cc_reconcile", "stage": "download_davinci", "status": "ok"}
{"timestamp": "2026-03-08T13:04:43+0800", "level": "INFO", "logger": "etl_logger", "message": "Download success (VFSC2 2026-03-06): cc_withdraw_detail_report_20260308050439.csv, took 3.2s", "service": "cc_reconcile", "stage": "download_davinci", "status": "ok"}
{"timestamp": "2026-03-08T13:05:34+0800", "level": "INFO", "logger": "etl_logger", "message": "POST success (VFSC2 2026-03-07): cc_withdraw_detail_report_20260308050534.csv, took 51.3s", "service": "cc_reconcile", "stage": "download_davinci", "status": "ok"}
{"timestamp": "2026-03-08T13:05:37+0800", "level": "INFO", "logger": "etl_logger", "message": "Download success (VFSC2 2026-03-07): cc_withdraw_detail_report_20260308050534.csv, took 2.7s", "service": "cc_reconcile", "stage": "download_davinci", "status": "ok"}
{"timestamp": "2026-03-08T13:06:28+0800", "level": "INFO", "logger": "etl_logger", "message": "POST success (VFSC2 2026-03-08): cc_withdraw_detail_report_20260308050628.csv, took 50.9s", "service": "cc_reconcile", "stage": "download_davinci", "status": "ok"}
{"timestamp": "2026-03-08T13:06:29+0800", "level": "INFO", "logger": "etl_logger", "message": "Download success (VFSC2 2026-03-08): cc_withdraw_detail_report_20260308050628.csv, took 1.9s", "service": "cc_reconcile", "stage": "download_davinci", "status": "ok"}
{"timestamp": "2026-03-08T13:06:30+0800", "level": "INFO", "logger": "etl_logger", "message": "Finish downloading Davinci CC - VFSC2 Report", "service": "cc_reconcile", "stage": "download_davinci", "status": "ok"}
{"timestamp": "2026-03-08T13:06:30+0800", "level": "INFO", "logger": "etl_logger", "message": "Finish downloading Davinci CC Report for all brands, total rows: 35301", "service": "cc_reconcile", "stage": "download_davinci", "status": "ok"}
{"timestamp": "2026-03-08T13:06:30+0800", "level": "INFO", "logger": "etl_logger", "message": "Download CRM CC Report Finish ，Total: 35301", "service": "cc_reconcile", "stage": "download", "status": "ok"}
{"timestamp": "2026-03-08T13:06:30+0800", "level": "INFO", "logger": "etl_logger", "message": "Start reconcile...", "service": "cc_reconcile", "stage": "reconcile", "status": "ok"}
{"timestamp": "2026-03-08T13:06:30+0800", "level": "INFO", "logger": "etl_logger", "message": "Reconcile Finish ，Total Mismatch Case: 2", "service": "cc_reconcile", "stage": "reconcile", "status": "ok"}
{"timestamp": "2026-03-08T13:06:31+0800", "level": "INFO", "logger": "etl_logger", "message": "Connect Lark Finish", "service": "cc_reconcile", "stage": "lark", "status": "ok"}
{"timestamp": "2026-03-08T13:06:31+0800", "level": "INFO", "logger": "etl_logger", "message": "Start query existing data in LarkSheet...", "service": "cc_reconcile", "stage": "lark", "status": "ok"}
{"timestamp": "2026-03-08T13:06:31+0800", "level": "INFO", "logger": "etl_logger", "message": "Query existing data in LarkSheet Finish", "service": "cc_reconcile", "stage": "lark", "status": "ok"}
{"timestamp": "2026-03-08T13:06:31+0800", "level": "INFO", "logger": "etl_logger", "message": "Total unique keys in LarkSheet: 164, Total new mismatch cases to upload: 0", "service": "cc_reconcile", "stage": "lark", "status": "ok"}
{"timestamp": "2026-03-08T13:06:31+0800", "level": "INFO", "logger": "etl_logger", "message": "Append data to LarkSheet with range: Kalw4Y!A2:L3, rows: 1, columns: 12", "service": "cc_reconcile", "stage": "lark", "status": "ok"}
{"timestamp": "2026-03-08T13:06:32+0800", "level": "INFO", "logger": "etl_logger", "message": "✅ Successfully appended data to LarkSheet", "service": "cc_reconcile", "stage": "lark", "status": "ok"}
{"timestamp": "2026-03-08T13:06:33+0800", "level": "INFO", "logger": "etl_logger", "message": "Upload data to LarkSheet Finish", "service": "cc_reconcile", "stage": "lark", "status": "ok"}
{"timestamp": "2026-03-08T14:00:02+0800", "level": "INFO", "logger": "etl_logger", "message": "Start download reports...", "service": "cc_reconcile", "stage": "download", "status": "ok"}
{"timestamp": "2026-03-08T14:00:05+0800", "level": "INFO", "logger": "etl_logger", "message": "Payabl Login Success and Get Token Success", "service": "cc_reconcile", "stage": "download_payabl", "status": "ok"}
{"timestamp": "2026-03-08T14:00:05+0800", "level": "INFO", "logger": "etl_logger", "message": "Start downloading Payabl CC Report for date: 2026-03-07...", "service": "cc_reconcile", "stage": "download_payabl", "status": "ok"}
{"timestamp": "2026-03-08T14:00:18+0800", "level": "INFO", "logger": "etl_logger", "message": "Start downloading Payabl CC Report for date: 2026-03-08...", "service": "cc_reconcile", "stage": "download_payabl", "status": "ok"}
{"timestamp": "2026-03-08T14:00:26+0800", "level": "INFO", "logger": "etl_logger", "message": "Finish downloading Payabl CC Report", "service": "cc_reconcile", "stage": "download_payabl", "status": "ok"}
{"timestamp": "2026-03-08T14:00:26+0800", "level": "INFO", "logger": "etl_logger", "message": "Download Payabl CC Report Finish ，Total: 16170", "service": "cc_reconcile", "stage": "download", "status": "ok"}
{"timestamp": "2026-03-08T14:00:26+0800", "level": "INFO", "logger": "etl_logger", "message": "Login attempt 1/5", "service": "cc_reconcile", "stage": "download_davinci", "status": "ok"}
{"timestamp": "2026-03-08T14:00:28+0800", "level": "INFO", "logger": "etl_logger", "message": "Login response status=200, url=https://admin.vantagemarkets.com/admin/main, cookies=4", "service": "cc_reconcile", "stage": "download_davinci", "status": "ok"}
{"timestamp": "2026-03-08T14:00:28+0800", "level": "INFO", "logger": "etl_logger", "message": "Login successful", "service": "cc_reconcile", "stage": "download_davinci", "status": "ok"}
{"timestamp": "2026-03-08T14:00:28+0800", "level": "INFO", "logger": "etl_logger", "message": "Token obtained successfully", "service": "cc_reconcile", "stage": "download_davinci", "status": "ok"}
{"timestamp": "2026-03-08T14:00:28+0800", "level": "INFO", "logger": "etl_logger", "message": "Start downloading Davinci CC Report for brand: VFSC...", "service": "cc_reconcile", "stage": "download_davinci", "status": "ok"}
{"timestamp": "2026-03-08T14:00:46+0800", "level": "INFO", "logger": "etl_logger", "message": "POST success (VFSC 2026-03-05): cc_withdraw_detail_report_20260308060046.csv, took 18.2s", "service": "cc_reconcile", "stage": "download_davinci", "status": "ok"}
{"timestamp": "2026-03-08T14:00:48+0800", "level": "INFO", "logger": "etl_logger", "message": "Download success (VFSC 2026-03-05): cc_withdraw_detail_report_20260308060046.csv, took 1.8s", "service": "cc_reconcile", "stage": "download_davinci", "status": "ok"}
{"timestamp": "2026-03-08T14:01:05+0800", "level": "INFO", "logger": "etl_logger", "message": "POST success (VFSC 2026-03-06): cc_withdraw_detail_report_20260308060105.csv, took 17.6s", "service": "cc_reconcile", "stage": "download_davinci", "status": "ok"}
{"timestamp": "2026-03-08T14:01:08+0800", "level": "INFO", "logger": "etl_logger", "message": "Download success (VFSC 2026-03-06): cc_withdraw_detail_report_20260308060105.csv, took 2.2s", "service": "cc_reconcile", "stage": "download_davinci", "status": "ok"}
{"timestamp": "2026-03-08T14:01:26+0800", "level": "INFO", "logger": "etl_logger", "message": "POST success (VFSC 2026-03-07): cc_withdraw_detail_report_20260308060126.csv, took 18.0s", "service": "cc_reconcile", "stage": "download_davinci", "status": "ok"}
{"timestamp": "2026-03-08T14:01:29+0800", "level": "INFO", "logger": "etl_logger", "message": "Download success (VFSC 2026-03-07): cc_withdraw_detail_report_20260308060126.csv, took 3.1s", "service": "cc_reconcile", "stage": "download_davinci", "status": "ok"}
{"timestamp": "2026-03-08T14:01:46+0800", "level": "INFO", "logger": "etl_logger", "message": "POST success (VFSC 2026-03-08): cc_withdraw_detail_report_20260308060146.csv, took 17.5s", "service": "cc_reconcile", "stage": "download_davinci", "status": "ok"}
{"timestamp": "2026-03-08T14:01:48+0800", "level": "INFO", "logger": "etl_logger", "message": "Download success (VFSC 2026-03-08): cc_withdraw_detail_report_20260308060146.csv, took 1.5s", "service": "cc_reconcile", "stage": "download_davinci", "status": "ok"}
{"timestamp": "2026-03-08T14:01:48+0800", "level": "INFO", "logger": "etl_logger", "message": "Finish downloading Davinci CC - VFSC Report", "service": "cc_reconcile", "stage": "download_davinci", "status": "ok"}
{"timestamp": "2026-03-08T14:01:48+0800", "level": "INFO", "logger": "etl_logger", "message": "Start downloading Davinci CC Report for brand: VFSC2...", "service": "cc_reconcile", "stage": "download_davinci", "status": "ok"}
{"timestamp": "2026-03-08T14:02:40+0800", "level": "INFO", "logger": "etl_logger", "message": "POST success (VFSC2 2026-03-05): cc_withdraw_detail_report_20260308060240.csv, took 51.9s", "service": "cc_reconcile", "stage": "download_davinci", "status": "ok"}
{"timestamp": "2026-03-08T14:02:51+0800", "level": "INFO", "logger": "etl_logger", "message": "Download success (VFSC2 2026-03-05): cc_withdraw_detail_report_20260308060240.csv, took 10.9s", "service": "cc_reconcile", "stage": "download_davinci", "status": "ok"}
{"timestamp": "2026-03-08T14:03:43+0800", "level": "INFO", "logger": "etl_logger", "message": "POST success (VFSC2 2026-03-06): cc_withdraw_detail_report_20260308060343.csv, took 52.5s", "service": "cc_reconcile", "stage": "download_davinci", "status": "ok"}
{"timestamp": "2026-03-08T14:03:50+0800", "level": "INFO", "logger": "etl_logger", "message": "Download success (VFSC2 2026-03-06): cc_withdraw_detail_report_20260308060343.csv, took 6.5s", "service": "cc_reconcile", "stage": "download_davinci", "status": "ok"}
{"timestamp": "2026-03-08T14:04:40+0800", "level": "INFO", "logger": "etl_logger", "message": "POST success (VFSC2 2026-03-07): cc_withdraw_detail_report_20260308060439.csv, took 49.8s", "service": "cc_reconcile", "stage": "download_davinci", "status": "ok"}
{"timestamp": "2026-03-08T14:04:42+0800", "level": "INFO", "logger": "etl_logger", "message": "Download success (VFSC2 2026-03-07): cc_withdraw_detail_report_20260308060439.csv, took 2.6s", "service": "cc_reconcile", "stage": "download_davinci", "status": "ok"}
{"timestamp": "2026-03-08T14:05:31+0800", "level": "INFO", "logger": "etl_logger", "message": "POST success (VFSC2 2026-03-08): cc_withdraw_detail_report_20260308060531.csv, took 48.7s", "service": "cc_reconcile", "stage": "download_davinci", "status": "ok"}
{"timestamp": "2026-03-08T14:05:33+0800", "level": "INFO", "logger": "etl_logger", "message": "Download success (VFSC2 2026-03-08): cc_withdraw_detail_report_20260308060531.csv, took 2.3s", "service": "cc_reconcile", "stage": "download_davinci", "status": "ok"}
{"timestamp": "2026-03-08T14:05:34+0800", "level": "INFO", "logger": "etl_logger", "message": "Finish downloading Davinci CC - VFSC2 Report", "service": "cc_reconcile", "stage": "download_davinci", "status": "ok"}
{"timestamp": "2026-03-08T14:05:34+0800", "level": "INFO", "logger": "etl_logger", "message": "Finish downloading Davinci CC Report for all brands, total rows: 35356", "service": "cc_reconcile", "stage": "download_davinci", "status": "ok"}
{"timestamp": "2026-03-08T14:05:34+0800", "level": "INFO", "logger": "etl_logger", "message": "Download CRM CC Report Finish ，Total: 35356", "service": "cc_reconcile", "stage": "download", "status": "ok"}
{"timestamp": "2026-03-08T14:05:34+0800", "level": "INFO", "logger": "etl_logger", "message": "Start reconcile...", "service": "cc_reconcile", "stage": "reconcile", "status": "ok"}
{"timestamp": "2026-03-08T14:05:34+0800", "level": "INFO", "logger": "etl_logger", "message": "Reconcile Finish ，Total Mismatch Case: 2", "service": "cc_reconcile", "stage": "reconcile", "status": "ok"}
{"timestamp": "2026-03-08T14:05:34+0800", "level": "INFO", "logger": "etl_logger", "message": "Connect Lark Finish", "service": "cc_reconcile", "stage": "lark", "status": "ok"}
{"timestamp": "2026-03-08T14:05:34+0800", "level": "INFO", "logger": "etl_logger", "message": "Start query existing data in LarkSheet...", "service": "cc_reconcile", "stage": "lark", "status": "ok"}
{"timestamp": "2026-03-08T14:05:36+0800", "level": "INFO", "logger": "etl_logger", "message": "Query existing data in LarkSheet Finish", "service": "cc_reconcile", "stage": "lark", "status": "ok"}
{"timestamp": "2026-03-08T14:05:36+0800", "level": "INFO", "logger": "etl_logger", "message": "Total unique keys in LarkSheet: 164, Total new mismatch cases to upload: 0", "service": "cc_reconcile", "stage": "lark", "status": "ok"}
{"timestamp": "2026-03-08T14:05:36+0800", "level": "INFO", "logger": "etl_logger", "message": "Append data to LarkSheet with range: Kalw4Y!A2:L3, rows: 1, columns: 12", "service": "cc_reconcile", "stage": "lark", "status": "ok"}
{"timestamp": "2026-03-08T14:05:36+0800", "level": "INFO", "logger": "etl_logger", "message": "✅ Successfully appended data to LarkSheet", "service": "cc_reconcile", "stage": "lark", "status": "ok"}
{"timestamp": "2026-03-08T14:05:37+0800", "level": "INFO", "logger": "etl_logger", "message": "Upload data to LarkSheet Finish", "service": "cc_reconcile", "stage": "lark", "status": "ok"}
{"timestamp": "2026-03-08T15:00:02+0800", "level": "INFO", "logger": "etl_logger", "message": "Start download reports...", "service": "cc_reconcile", "stage": "download", "status": "ok"}
{"timestamp": "2026-03-08T15:00:05+0800", "level": "INFO", "logger": "etl_logger", "message": "Payabl Login Success and Get Token Success", "service": "cc_reconcile", "stage": "download_payabl", "status": "ok"}
{"timestamp": "2026-03-08T15:00:05+0800", "level": "INFO", "logger": "etl_logger", "message": "Start downloading Payabl CC Report for date: 2026-03-07...", "service": "cc_reconcile", "stage": "download_payabl", "status": "ok"}
{"timestamp": "2026-03-08T15:00:18+0800", "level": "INFO", "logger": "etl_logger", "message": "Start downloading Payabl CC Report for date: 2026-03-08...", "service": "cc_reconcile", "stage": "download_payabl", "status": "ok"}
{"timestamp": "2026-03-08T15:00:27+0800", "level": "INFO", "logger": "etl_logger", "message": "Finish downloading Payabl CC Report", "service": "cc_reconcile", "stage": "download_payabl", "status": "ok"}
{"timestamp": "2026-03-08T15:00:27+0800", "level": "INFO", "logger": "etl_logger", "message": "Download Payabl CC Report Finish ，Total: 16435", "service": "cc_reconcile", "stage": "download", "status": "ok"}
{"timestamp": "2026-03-08T15:00:27+0800", "level": "INFO", "logger": "etl_logger", "message": "Login attempt 1/5", "service": "cc_reconcile", "stage": "download_davinci", "status": "ok"}
{"timestamp": "2026-03-08T15:00:29+0800", "level": "INFO", "logger": "etl_logger", "message": "Login response status=200, url=https://admin.vantagemarkets.com/admin/main, cookies=4", "service": "cc_reconcile", "stage": "download_davinci", "status": "ok"}
{"timestamp": "2026-03-08T15:00:29+0800", "level": "INFO", "logger": "etl_logger", "message": "Login successful", "service": "cc_reconcile", "stage": "download_davinci", "status": "ok"}
{"timestamp": "2026-03-08T15:00:29+0800", "level": "INFO", "logger": "etl_logger", "message": "Token obtained successfully", "service": "cc_reconcile", "stage": "download_davinci", "status": "ok"}
{"timestamp": "2026-03-08T15:00:29+0800", "level": "INFO", "logger": "etl_logger", "message": "Start downloading Davinci CC Report for brand: VFSC...", "service": "cc_reconcile", "stage": "download_davinci", "status": "ok"}
{"timestamp": "2026-03-08T15:00:47+0800", "level": "INFO", "logger": "etl_logger", "message": "POST success (VFSC 2026-03-05): cc_withdraw_detail_report_20260308070047.csv, took 18.5s", "service": "cc_reconcile", "stage": "download_davinci", "status": "ok"}
{"timestamp": "2026-03-08T15:00:50+0800", "level": "INFO", "logger": "etl_logger", "message": "Download success (VFSC 2026-03-05): cc_withdraw_detail_report_20260308070047.csv, took 2.2s", "service": "cc_reconcile", "stage": "download_davinci", "status": "ok"}
{"timestamp": "2026-03-08T15:01:09+0800", "level": "INFO", "logger": "etl_logger", "message": "POST success (VFSC 2026-03-06): cc_withdraw_detail_report_20260308070109.csv, took 19.9s", "service": "cc_reconcile", "stage": "download_davinci", "status": "ok"}
{"timestamp": "2026-03-08T15:01:11+0800", "level": "INFO", "logger": "etl_logger", "message": "Download success (VFSC 2026-03-06): cc_withdraw_detail_report_20260308070109.csv, took 1.8s", "service": "cc_reconcile", "stage": "download_davinci", "status": "ok"}
{"timestamp": "2026-03-08T15:01:30+0800", "level": "INFO", "logger": "etl_logger", "message": "POST success (VFSC 2026-03-07): cc_withdraw_detail_report_20260308070130.csv, took 18.7s", "service": "cc_reconcile", "stage": "download_davinci", "status": "ok"}
{"timestamp": "2026-03-08T15:01:32+0800", "level": "INFO", "logger": "etl_logger", "message": "Download success (VFSC 2026-03-07): cc_withdraw_detail_report_20260308070130.csv, took 1.7s", "service": "cc_reconcile", "stage": "download_davinci", "status": "ok"}
{"timestamp": "2026-03-08T15:01:50+0800", "level": "INFO", "logger": "etl_logger", "message": "POST success (VFSC 2026-03-08): cc_withdraw_detail_report_20260308070150.csv, took 17.9s", "service": "cc_reconcile", "stage": "download_davinci", "status": "ok"}
{"timestamp": "2026-03-08T15:01:51+0800", "level": "INFO", "logger": "etl_logger", "message": "Download success (VFSC 2026-03-08): cc_withdraw_detail_report_20260308070150.csv, took 1.4s", "service": "cc_reconcile", "stage": "download_davinci", "status": "ok"}
{"timestamp": "2026-03-08T15:01:51+0800", "level": "INFO", "logger": "etl_logger", "message": "Finish downloading Davinci CC - VFSC Report", "service": "cc_reconcile", "stage": "download_davinci", "status": "ok"}
{"timestamp": "2026-03-08T15:01:51+0800", "level": "INFO", "logger": "etl_logger", "message": "Start downloading Davinci CC Report for brand: VFSC2...", "service": "cc_reconcile", "stage": "download_davinci", "status": "ok"}
{"timestamp": "2026-03-08T15:02:45+0800", "level": "INFO", "logger": "etl_logger", "message": "POST success (VFSC2 2026-03-05): cc_withdraw_detail_report_20260308070245.csv, took 53.9s", "service": "cc_reconcile", "stage": "download_davinci", "status": "ok"}
{"timestamp": "2026-03-08T15:02:51+0800", "level": "INFO", "logger": "etl_logger", "message": "Download success (VFSC2 2026-03-05): cc_withdraw_detail_report_20260308070245.csv, took 6.2s", "service": "cc_reconcile", "stage": "download_davinci", "status": "ok"}
{"timestamp": "2026-03-08T15:03:43+0800", "level": "INFO", "logger": "etl_logger", "message": "POST success (VFSC2 2026-03-06): cc_withdraw_detail_report_20260308070343.csv, took 51.7s", "service": "cc_reconcile", "stage": "download_davinci", "status": "ok"}
{"timestamp": "2026-03-08T15:03:47+0800", "level": "INFO", "logger": "etl_logger", "message": "Download success (VFSC2 2026-03-06): cc_withdraw_detail_report_20260308070343.csv, took 4.0s", "service": "cc_reconcile", "stage": "download_davinci", "status": "ok"}
{"timestamp": "2026-03-08T15:04:37+0800", "level": "INFO", "logger": "etl_logger", "message": "POST success (VFSC2 2026-03-07): cc_withdraw_detail_report_20260308070437.csv, took 50.2s", "service": "cc_reconcile", "stage": "download_davinci", "status": "ok"}
{"timestamp": "2026-03-08T15:04:40+0800", "level": "INFO", "logger": "etl_logger", "message": "Download success (VFSC2 2026-03-07): cc_withdraw_detail_report_20260308070437.csv, took 2.5s", "service": "cc_reconcile", "stage": "download_davinci", "status": "ok"}
{"timestamp": "2026-03-08T15:05:29+0800", "level": "INFO", "logger": "etl_logger", "message": "POST success (VFSC2 2026-03-08): cc_withdraw_detail_report_20260308070529.csv, took 49.4s", "service": "cc_reconcile", "stage": "download_davinci", "status": "ok"}
{"timestamp": "2026-03-08T15:05:30+0800", "level": "INFO", "logger": "etl_logger", "message": "Download success (VFSC2 2026-03-08): cc_withdraw_detail_report_20260308070529.csv, took 1.4s", "service": "cc_reconcile", "stage": "download_davinci", "status": "ok"}
{"timestamp": "2026-03-08T15:05:31+0800", "level": "INFO", "logger": "etl_logger", "message": "Finish downloading Davinci CC - VFSC2 Report", "service": "cc_reconcile", "stage": "download_davinci", "status": "ok"}
{"timestamp": "2026-03-08T15:05:31+0800", "level": "INFO", "logger": "etl_logger", "message": "Finish downloading Davinci CC Report for all brands, total rows: 35386", "service": "cc_reconcile", "stage": "download_davinci", "status": "ok"}
{"timestamp": "2026-03-08T15:05:31+0800", "level": "INFO", "logger": "etl_logger", "message": "Download CRM CC Report Finish ，Total: 35386", "service": "cc_reconcile", "stage": "download", "status": "ok"}
{"timestamp": "2026-03-08T15:05:31+0800", "level": "INFO", "logger": "etl_logger", "message": "Start reconcile...", "service": "cc_reconcile", "stage": "reconcile", "status": "ok"}
{"timestamp": "2026-03-08T15:05:31+0800", "level": "INFO", "logger": "etl_logger", "message": "Reconcile Finish ，Total Mismatch Case: 2", "service": "cc_reconcile", "stage": "reconcile", "status": "ok"}
{"timestamp": "2026-03-08T15:05:32+0800", "level": "INFO", "logger": "etl_logger", "message": "Connect Lark Finish", "service": "cc_reconcile", "stage": "lark", "status": "ok"}
{"timestamp": "2026-03-08T15:05:32+0800", "level": "INFO", "logger": "etl_logger", "message": "Start query existing data in LarkSheet...", "service": "cc_reconcile", "stage": "lark", "status": "ok"}
{"timestamp": "2026-03-08T15:05:33+0800", "level": "INFO", "logger": "etl_logger", "message": "Query existing data in LarkSheet Finish", "service": "cc_reconcile", "stage": "lark", "status": "ok"}
{"timestamp": "2026-03-08T15:05:33+0800", "level": "INFO", "logger": "etl_logger", "message": "Total unique keys in LarkSheet: 164, Total new mismatch cases to upload: 0", "service": "cc_reconcile", "stage": "lark", "status": "ok"}
{"timestamp": "2026-03-08T15:05:33+0800", "level": "INFO", "logger": "etl_logger", "message": "Append data to LarkSheet with range: Kalw4Y!A2:L3, rows: 1, columns: 12", "service": "cc_reconcile", "stage": "lark", "status": "ok"}
{"timestamp": "2026-03-08T15:05:33+0800", "level": "INFO", "logger": "etl_logger", "message": "✅ Successfully appended data to LarkSheet", "service": "cc_reconcile", "stage": "lark", "status": "ok"}
{"timestamp": "2026-03-08T15:05:34+0800", "level": "INFO", "logger": "etl_logger", "message": "Upload data to LarkSheet Finish", "service": "cc_reconcile", "stage": "lark", "status": "ok"}
{"timestamp": "2026-03-08T16:00:01+0800", "level": "INFO", "logger": "etl_logger", "message": "Start download reports...", "service": "cc_reconcile", "stage": "download", "status": "ok"}
{"timestamp": "2026-03-08T16:00:04+0800", "level": "INFO", "logger": "etl_logger", "message": "Payabl Login Success and Get Token Success", "service": "cc_reconcile", "stage": "download_payabl", "status": "ok"}
{"timestamp": "2026-03-08T16:00:04+0800", "level": "INFO", "logger": "etl_logger", "message": "Start downloading Payabl CC Report for date: 2026-03-07...", "service": "cc_reconcile", "stage": "download_payabl", "status": "ok"}
{"timestamp": "2026-03-08T16:00:16+0800", "level": "INFO", "logger": "etl_logger", "message": "Start downloading Payabl CC Report for date: 2026-03-08...", "service": "cc_reconcile", "stage": "download_payabl", "status": "ok"}
{"timestamp": "2026-03-08T16:00:24+0800", "level": "INFO", "logger": "etl_logger", "message": "Finish downloading Payabl CC Report", "service": "cc_reconcile", "stage": "download_payabl", "status": "ok"}
{"timestamp": "2026-03-08T16:00:24+0800", "level": "INFO", "logger": "etl_logger", "message": "Download Payabl CC Report Finish ，Total: 16450", "service": "cc_reconcile", "stage": "download", "status": "ok"}
{"timestamp": "2026-03-08T16:00:24+0800", "level": "INFO", "logger": "etl_logger", "message": "Login attempt 1/5", "service": "cc_reconcile", "stage": "download_davinci", "status": "ok"}
{"timestamp": "2026-03-08T16:00:26+0800", "level": "INFO", "logger": "etl_logger", "message": "Login response status=200, url=https://admin.vantagemarkets.com/admin/main, cookies=4", "service": "cc_reconcile", "stage": "download_davinci", "status": "ok"}
{"timestamp": "2026-03-08T16:00:26+0800", "level": "INFO", "logger": "etl_logger", "message": "Login successful", "service": "cc_reconcile", "stage": "download_davinci", "status": "ok"}
{"timestamp": "2026-03-08T16:00:26+0800", "level": "INFO", "logger": "etl_logger", "message": "Token obtained successfully", "service": "cc_reconcile", "stage": "download_davinci", "status": "ok"}
{"timestamp": "2026-03-08T16:00:26+0800", "level": "INFO", "logger": "etl_logger", "message": "Start downloading Davinci CC Report for brand: VFSC...", "service": "cc_reconcile", "stage": "download_davinci", "status": "ok"}
{"timestamp": "2026-03-08T16:00:45+0800", "level": "INFO", "logger": "etl_logger", "message": "POST success (VFSC 2026-03-05): cc_withdraw_detail_report_20260308080045.csv, took 18.7s", "service": "cc_reconcile", "stage": "download_davinci", "status": "ok"}
{"timestamp": "2026-03-08T16:00:47+0800", "level": "INFO", "logger": "etl_logger", "message": "Download success (VFSC 2026-03-05): cc_withdraw_detail_report_20260308080045.csv, took 2.9s", "service": "cc_reconcile", "stage": "download_davinci", "status": "ok"}
{"timestamp": "2026-03-08T16:01:06+0800", "level": "INFO", "logger": "etl_logger", "message": "POST success (VFSC 2026-03-06): cc_withdraw_detail_report_20260308080106.csv, took 18.5s", "service": "cc_reconcile", "stage": "download_davinci", "status": "ok"}
{"timestamp": "2026-03-08T16:01:09+0800", "level": "INFO", "logger": "etl_logger", "message": "Download success (VFSC 2026-03-06): cc_withdraw_detail_report_20260308080106.csv, took 3.0s", "service": "cc_reconcile", "stage": "download_davinci", "status": "ok"}
{"timestamp": "2026-03-08T16:01:28+0800", "level": "INFO", "logger": "etl_logger", "message": "POST success (VFSC 2026-03-07): cc_withdraw_detail_report_20260308080128.csv, took 19.2s", "service": "cc_reconcile", "stage": "download_davinci", "status": "ok"}
{"timestamp": "2026-03-08T16:01:30+0800", "level": "INFO", "logger": "etl_logger", "message": "Download success (VFSC 2026-03-07): cc_withdraw_detail_report_20260308080128.csv, took 1.4s", "service": "cc_reconcile", "stage": "download_davinci", "status": "ok"}
{"timestamp": "2026-03-08T16:01:47+0800", "level": "INFO", "logger": "etl_logger", "message": "POST success (VFSC 2026-03-08): cc_withdraw_detail_report_20260308080147.csv, took 17.7s", "service": "cc_reconcile", "stage": "download_davinci", "status": "ok"}
{"timestamp": "2026-03-08T16:01:49+0800", "level": "INFO", "logger": "etl_logger", "message": "Download success (VFSC 2026-03-08): cc_withdraw_detail_report_20260308080147.csv, took 1.4s", "service": "cc_reconcile", "stage": "download_davinci", "status": "ok"}
{"timestamp": "2026-03-08T16:01:49+0800", "level": "INFO", "logger": "etl_logger", "message": "Finish downloading Davinci CC - VFSC Report", "service": "cc_reconcile", "stage": "download_davinci", "status": "ok"}
{"timestamp": "2026-03-08T16:01:49+0800", "level": "INFO", "logger": "etl_logger", "message": "Start downloading Davinci CC Report for brand: VFSC2...", "service": "cc_reconcile", "stage": "download_davinci", "status": "ok"}
{"timestamp": "2026-03-08T16:02:41+0800", "level": "INFO", "logger": "etl_logger", "message": "POST success (VFSC2 2026-03-05): cc_withdraw_detail_report_20260308080241.csv, took 52.4s", "service": "cc_reconcile", "stage": "download_davinci", "status": "ok"}
{"timestamp": "2026-03-08T16:02:49+0800", "level": "INFO", "logger": "etl_logger", "message": "Download success (VFSC2 2026-03-05): cc_withdraw_detail_report_20260308080241.csv, took 7.5s", "service": "cc_reconcile", "stage": "download_davinci", "status": "ok"}
{"timestamp": "2026-03-08T16:03:41+0800", "level": "INFO", "logger": "etl_logger", "message": "POST success (VFSC2 2026-03-06): cc_withdraw_detail_report_20260308080341.csv, took 52.6s", "service": "cc_reconcile", "stage": "download_davinci", "status": "ok"}
{"timestamp": "2026-03-08T16:03:44+0800", "level": "INFO", "logger": "etl_logger", "message": "Download success (VFSC2 2026-03-06): cc_withdraw_detail_report_20260308080341.csv, took 2.7s", "service": "cc_reconcile", "stage": "download_davinci", "status": "ok"}
{"timestamp": "2026-03-08T16:04:34+0800", "level": "INFO", "logger": "etl_logger", "message": "POST success (VFSC2 2026-03-07): cc_withdraw_detail_report_20260308080434.csv, took 50.5s", "service": "cc_reconcile", "stage": "download_davinci", "status": "ok"}
{"timestamp": "2026-03-08T16:04:37+0800", "level": "INFO", "logger": "etl_logger", "message": "Download success (VFSC2 2026-03-07): cc_withdraw_detail_report_20260308080434.csv, took 2.5s", "service": "cc_reconcile", "stage": "download_davinci", "status": "ok"}
{"timestamp": "2026-03-08T16:05:23+0800", "level": "WARNING", "logger": "etl_logger", "message": "POST failed (VFSC2 2026-03-08) attempt 1: 502 Server Error: Bad Gateway for url: https://report.vantagemarkets.com/api/cc-detail/download, took 46.3s", "service": "cc_reconcile", "stage": "download_davinci", "status": "ok"}
{"timestamp": "2026-03-08T16:06:17+0800", "level": "INFO", "logger": "etl_logger", "message": "POST success (VFSC2 2026-03-08): cc_withdraw_detail_report_20260308080617.csv, took 49.2s", "service": "cc_reconcile", "stage": "download_davinci", "status": "ok"}
{"timestamp": "2026-03-08T16:06:19+0800", "level": "INFO", "logger": "etl_logger", "message": "Download success (VFSC2 2026-03-08): cc_withdraw_detail_report_20260308080617.csv, took 2.0s", "service": "cc_reconcile", "stage": "download_davinci", "status": "ok"}
{"timestamp": "2026-03-08T16:06:20+0800", "level": "INFO", "logger": "etl_logger", "message": "Finish downloading Davinci CC - VFSC2 Report", "service": "cc_reconcile", "stage": "download_davinci", "status": "ok"}
{"timestamp": "2026-03-08T16:06:20+0800", "level": "INFO", "logger": "etl_logger", "message": "Finish downloading Davinci CC Report for all brands, total rows: 35391", "service": "cc_reconcile", "stage": "download_davinci", "status": "ok"}
{"timestamp": "2026-03-08T16:06:20+0800", "level": "INFO", "logger": "etl_logger", "message": "Download CRM CC Report Finish ，Total: 35391", "service": "cc_reconcile", "stage": "download", "status": "ok"}
{"timestamp": "2026-03-08T16:06:20+0800", "level": "INFO", "logger": "etl_logger", "message": "Start reconcile...", "service": "cc_reconcile", "stage": "reconcile", "status": "ok"}
{"timestamp": "2026-03-08T16:06:20+0800", "level": "INFO", "logger": "etl_logger", "message": "Reconcile Finish ，Total Mismatch Case: 2", "service": "cc_reconcile", "stage": "reconcile", "status": "ok"}
{"timestamp": "2026-03-08T16:06:20+0800", "level": "INFO", "logger": "etl_logger", "message": "Connect Lark Finish", "service": "cc_reconcile", "stage": "lark", "status": "ok"}
{"timestamp": "2026-03-08T16:06:20+0800", "level": "INFO", "logger": "etl_logger", "message": "Start query existing data in LarkSheet...", "service": "cc_reconcile", "stage": "lark", "status": "ok"}
{"timestamp": "2026-03-08T16:06:22+0800", "level": "INFO", "logger": "etl_logger", "message": "Query existing data in LarkSheet Finish", "service": "cc_reconcile", "stage": "lark", "status": "ok"}
{"timestamp": "2026-03-08T16:06:22+0800", "level": "INFO", "logger": "etl_logger", "message": "Total unique keys in LarkSheet: 164, Total new mismatch cases to upload: 0", "service": "cc_reconcile", "stage": "lark", "status": "ok"}
{"timestamp": "2026-03-08T16:06:22+0800", "level": "INFO", "logger": "etl_logger", "message": "Append data to LarkSheet with range: Kalw4Y!A2:L3, rows: 1, columns: 12", "service": "cc_reconcile", "stage": "lark", "status": "ok"}
{"timestamp": "2026-03-08T16:06:22+0800", "level": "INFO", "logger": "etl_logger", "message": "✅ Successfully appended data to LarkSheet", "service": "cc_reconcile", "stage": "lark", "status": "ok"}
{"timestamp": "2026-03-08T16:06:23+0800", "level": "INFO", "logger": "etl_logger", "message": "Upload data to LarkSheet Finish", "service": "cc_reconcile", "stage": "lark", "status": "ok"}
{"timestamp": "2026-03-08T17:00:01+0800", "level": "INFO", "logger": "etl_logger", "message": "Start download reports...", "service": "cc_reconcile", "stage": "download", "status": "ok"}
{"timestamp": "2026-03-08T17:00:05+0800", "level": "INFO", "logger": "etl_logger", "message": "Payabl Login Success and Get Token Success", "service": "cc_reconcile", "stage": "download_payabl", "status": "ok"}
{"timestamp": "2026-03-08T17:00:05+0800", "level": "INFO", "logger": "etl_logger", "message": "Start downloading Payabl CC Report for date: 2026-03-07...", "service": "cc_reconcile", "stage": "download_payabl", "status": "ok"}
{"timestamp": "2026-03-08T17:00:17+0800", "level": "INFO", "logger": "etl_logger", "message": "Start downloading Payabl CC Report for date: 2026-03-08...", "service": "cc_reconcile", "stage": "download_payabl", "status": "ok"}
{"timestamp": "2026-03-08T17:00:26+0800", "level": "INFO", "logger": "etl_logger", "message": "Finish downloading Payabl CC Report", "service": "cc_reconcile", "stage": "download_payabl", "status": "ok"}
{"timestamp": "2026-03-08T17:00:26+0800", "level": "INFO", "logger": "etl_logger", "message": "Download Payabl CC Report Finish ，Total: 16454", "service": "cc_reconcile", "stage": "download", "status": "ok"}
{"timestamp": "2026-03-08T17:00:26+0800", "level": "INFO", "logger": "etl_logger", "message": "Login attempt 1/5", "service": "cc_reconcile", "stage": "download_davinci", "status": "ok"}
{"timestamp": "2026-03-08T17:00:28+0800", "level": "INFO", "logger": "etl_logger", "message": "Login response status=200, url=https://admin.vantagemarkets.com/admin/main, cookies=4", "service": "cc_reconcile", "stage": "download_davinci", "status": "ok"}
{"timestamp": "2026-03-08T17:00:28+0800", "level": "INFO", "logger": "etl_logger", "message": "Login successful", "service": "cc_reconcile", "stage": "download_davinci", "status": "ok"}
{"timestamp": "2026-03-08T17:00:28+0800", "level": "INFO", "logger": "etl_logger", "message": "Token obtained successfully", "service": "cc_reconcile", "stage": "download_davinci", "status": "ok"}
{"timestamp": "2026-03-08T17:00:28+0800", "level": "INFO", "logger": "etl_logger", "message": "Start downloading Davinci CC Report for brand: VFSC...", "service": "cc_reconcile", "stage": "download_davinci", "status": "ok"}
{"timestamp": "2026-03-08T17:00:46+0800", "level": "INFO", "logger": "etl_logger", "message": "POST success (VFSC 2026-03-05): cc_withdraw_detail_report_20260308090046.csv, took 18.4s", "service": "cc_reconcile", "stage": "download_davinci", "status": "ok"}
{"timestamp": "2026-03-08T17:00:49+0800", "level": "INFO", "logger": "etl_logger", "message": "Download success (VFSC 2026-03-05): cc_withdraw_detail_report_20260308090046.csv, took 2.3s", "service": "cc_reconcile", "stage": "download_davinci", "status": "ok"}
{"timestamp": "2026-03-08T17:01:06+0800", "level": "INFO", "logger": "etl_logger", "message": "POST success (VFSC 2026-03-06): cc_withdraw_detail_report_20260308090106.csv, took 17.6s", "service": "cc_reconcile", "stage": "download_davinci", "status": "ok"}
{"timestamp": "2026-03-08T17:01:09+0800", "level": "INFO", "logger": "etl_logger", "message": "Download success (VFSC 2026-03-06): cc_withdraw_detail_report_20260308090106.csv, took 2.6s", "service": "cc_reconcile", "stage": "download_davinci", "status": "ok"}
{"timestamp": "2026-03-08T17:01:27+0800", "level": "INFO", "logger": "etl_logger", "message": "POST success (VFSC 2026-03-07): cc_withdraw_detail_report_20260308090127.csv, took 17.8s", "service": "cc_reconcile", "stage": "download_davinci", "status": "ok"}
{"timestamp": "2026-03-08T17:01:29+0800", "level": "INFO", "logger": "etl_logger", "message": "Download success (VFSC 2026-03-07): cc_withdraw_detail_report_20260308090127.csv, took 2.5s", "service": "cc_reconcile", "stage": "download_davinci", "status": "ok"}
{"timestamp": "2026-03-08T17:01:46+0800", "level": "INFO", "logger": "etl_logger", "message": "POST success (VFSC 2026-03-08): cc_withdraw_detail_report_20260308090146.csv, took 17.1s", "service": "cc_reconcile", "stage": "download_davinci", "status": "ok"}
{"timestamp": "2026-03-08T17:01:49+0800", "level": "INFO", "logger": "etl_logger", "message": "Download success (VFSC 2026-03-08): cc_withdraw_detail_report_20260308090146.csv, took 2.9s", "service": "cc_reconcile", "stage": "download_davinci", "status": "ok"}
{"timestamp": "2026-03-08T17:01:49+0800", "level": "INFO", "logger": "etl_logger", "message": "Finish downloading Davinci CC - VFSC Report", "service": "cc_reconcile", "stage": "download_davinci", "status": "ok"}
{"timestamp": "2026-03-08T17:01:49+0800", "level": "INFO", "logger": "etl_logger", "message": "Start downloading Davinci CC Report for brand: VFSC2...", "service": "cc_reconcile", "stage": "download_davinci", "status": "ok"}
{"timestamp": "2026-03-08T17:02:41+0800", "level": "INFO", "logger": "etl_logger", "message": "POST success (VFSC2 2026-03-05): cc_withdraw_detail_report_20260308090241.csv, took 51.6s", "service": "cc_reconcile", "stage": "download_davinci", "status": "ok"}
{"timestamp": "2026-03-08T17:02:49+0800", "level": "INFO", "logger": "etl_logger", "message": "Download success (VFSC2 2026-03-05): cc_withdraw_detail_report_20260308090241.csv, took 8.1s", "service": "cc_reconcile", "stage": "download_davinci", "status": "ok"}
{"timestamp": "2026-03-08T17:03:40+0800", "level": "INFO", "logger": "etl_logger", "message": "POST success (VFSC2 2026-03-06): cc_withdraw_detail_report_20260308090340.csv, took 51.1s", "service": "cc_reconcile", "stage": "download_davinci", "status": "ok"}
{"timestamp": "2026-03-08T17:03:45+0800", "level": "INFO", "logger": "etl_logger", "message": "Download success (VFSC2 2026-03-06): cc_withdraw_detail_report_20260308090340.csv, took 4.8s", "service": "cc_reconcile", "stage": "download_davinci", "status": "ok"}
{"timestamp": "2026-03-08T17:04:34+0800", "level": "INFO", "logger": "etl_logger", "message": "POST success (VFSC2 2026-03-07): cc_withdraw_detail_report_20260308090434.csv, took 49.2s", "service": "cc_reconcile", "stage": "download_davinci", "status": "ok"}
{"timestamp": "2026-03-08T17:04:37+0800", "level": "INFO", "logger": "etl_logger", "message": "Download success (VFSC2 2026-03-07): cc_withdraw_detail_report_20260308090434.csv, took 2.8s", "service": "cc_reconcile", "stage": "download_davinci", "status": "ok"}
{"timestamp": "2026-03-08T17:05:26+0800", "level": "INFO", "logger": "etl_logger", "message": "POST success (VFSC2 2026-03-08): cc_withdraw_detail_report_20260308090526.csv, took 49.1s", "service": "cc_reconcile", "stage": "download_davinci", "status": "ok"}
{"timestamp": "2026-03-08T17:05:28+0800", "level": "INFO", "logger": "etl_logger", "message": "Download success (VFSC2 2026-03-08): cc_withdraw_detail_report_20260308090526.csv, took 1.8s", "service": "cc_reconcile", "stage": "download_davinci", "status": "ok"}
{"timestamp": "2026-03-08T17:05:28+0800", "level": "INFO", "logger": "etl_logger", "message": "Finish downloading Davinci CC - VFSC2 Report", "service": "cc_reconcile", "stage": "download_davinci", "status": "ok"}
{"timestamp": "2026-03-08T17:05:28+0800", "level": "INFO", "logger": "etl_logger", "message": "Finish downloading Davinci CC Report for all brands, total rows: 35392", "service": "cc_reconcile", "stage": "download_davinci", "status": "ok"}
{"timestamp": "2026-03-08T17:05:28+0800", "level": "INFO", "logger": "etl_logger", "message": "Download CRM CC Report Finish ，Total: 35392", "service": "cc_reconcile", "stage": "download", "status": "ok"}
{"timestamp": "2026-03-08T17:05:28+0800", "level": "INFO", "logger": "etl_logger", "message": "Start reconcile...", "service": "cc_reconcile", "stage": "reconcile", "status": "ok"}
{"timestamp": "2026-03-08T17:05:29+0800", "level": "INFO", "logger": "etl_logger", "message": "Reconcile Finish ，Total Mismatch Case: 2", "service": "cc_reconcile", "stage": "reconcile", "status": "ok"}
{"timestamp": "2026-03-08T17:05:29+0800", "level": "INFO", "logger": "etl_logger", "message": "Connect Lark Finish", "service": "cc_reconcile", "stage": "lark", "status": "ok"}
{"timestamp": "2026-03-08T17:05:29+0800", "level": "INFO", "logger": "etl_logger", "message": "Start query existing data in LarkSheet...", "service": "cc_reconcile", "stage": "lark", "status": "ok"}
{"timestamp": "2026-03-08T17:05:30+0800", "level": "INFO", "logger": "etl_logger", "message": "Query existing data in LarkSheet Finish", "service": "cc_reconcile", "stage": "lark", "status": "ok"}
{"timestamp": "2026-03-08T17:05:30+0800", "level": "INFO", "logger": "etl_logger", "message": "Total unique keys in LarkSheet: 164, Total new mismatch cases to upload: 0", "service": "cc_reconcile", "stage": "lark", "status": "ok"}
{"timestamp": "2026-03-08T17:05:30+0800", "level": "INFO", "logger": "etl_logger", "message": "Append data to LarkSheet with range: Kalw4Y!A2:L3, rows: 1, columns: 12", "service": "cc_reconcile", "stage": "lark", "status": "ok"}
{"timestamp": "2026-03-08T17:05:30+0800", "level": "INFO", "logger": "etl_logger", "message": "✅ Successfully appended data to LarkSheet", "service": "cc_reconcile", "stage": "lark", "status": "ok"}
{"timestamp": "2026-03-08T17:05:32+0800", "level": "INFO", "logger": "etl_logger", "message": "Upload data to LarkSheet Finish", "service": "cc_reconcile", "stage": "lark", "status": "ok"}
{"timestamp": "2026-03-08T18:00:01+0800", "level": "INFO", "logger": "etl_logger", "message": "Start download reports...", "service": "cc_reconcile", "stage": "download", "status": "ok"}
{"timestamp": "2026-03-08T18:00:05+0800", "level": "INFO", "logger": "etl_logger", "message": "Payabl Login Success and Get Token Success", "service": "cc_reconcile", "stage": "download_payabl", "status": "ok"}
{"timestamp": "2026-03-08T18:00:05+0800", "level": "INFO", "logger": "etl_logger", "message": "Start downloading Payabl CC Report for date: 2026-03-07...", "service": "cc_reconcile", "stage": "download_payabl", "status": "ok"}
{"timestamp": "2026-03-08T18:00:16+0800", "level": "INFO", "logger": "etl_logger", "message": "Start downloading Payabl CC Report for date: 2026-03-08...", "service": "cc_reconcile", "stage": "download_payabl", "status": "ok"}
{"timestamp": "2026-03-08T18:00:24+0800", "level": "INFO", "logger": "etl_logger", "message": "Finish downloading Payabl CC Report", "service": "cc_reconcile", "stage": "download_payabl", "status": "ok"}
{"timestamp": "2026-03-08T18:00:24+0800", "level": "INFO", "logger": "etl_logger", "message": "Download Payabl CC Report Finish ，Total: 16776", "service": "cc_reconcile", "stage": "download", "status": "ok"}
{"timestamp": "2026-03-08T18:00:24+0800", "level": "INFO", "logger": "etl_logger", "message": "Login attempt 1/5", "service": "cc_reconcile", "stage": "download_davinci", "status": "ok"}
{"timestamp": "2026-03-08T18:00:25+0800", "level": "INFO", "logger": "etl_logger", "message": "Login response status=200, url=https://admin.vantagemarkets.com/admin/main, cookies=4", "service": "cc_reconcile", "stage": "download_davinci", "status": "ok"}
{"timestamp": "2026-03-08T18:00:25+0800", "level": "INFO", "logger": "etl_logger", "message": "Login successful", "service": "cc_reconcile", "stage": "download_davinci", "status": "ok"}
{"timestamp": "2026-03-08T18:00:26+0800", "level": "INFO", "logger": "etl_logger", "message": "Token obtained successfully", "service": "cc_reconcile", "stage": "download_davinci", "status": "ok"}
{"timestamp": "2026-03-08T18:00:26+0800", "level": "INFO", "logger": "etl_logger", "message": "Start downloading Davinci CC Report for brand: VFSC...", "service": "cc_reconcile", "stage": "download_davinci", "status": "ok"}
{"timestamp": "2026-03-08T18:00:45+0800", "level": "INFO", "logger": "etl_logger", "message": "POST success (VFSC 2026-03-05): cc_withdraw_detail_report_20260308100045.csv, took 19.3s", "service": "cc_reconcile", "stage": "download_davinci", "status": "ok"}
{"timestamp": "2026-03-08T18:00:48+0800", "level": "INFO", "logger": "etl_logger", "message": "Download success (VFSC 2026-03-05): cc_withdraw_detail_report_20260308100045.csv, took 2.8s", "service": "cc_reconcile", "stage": "download_davinci", "status": "ok"}
{"timestamp": "2026-03-08T18:01:06+0800", "level": "INFO", "logger": "etl_logger", "message": "POST success (VFSC 2026-03-06): cc_withdraw_detail_report_20260308100106.csv, took 18.4s", "service": "cc_reconcile", "stage": "download_davinci", "status": "ok"}
{"timestamp": "2026-03-08T18:01:10+0800", "level": "INFO", "logger": "etl_logger", "message": "Download success (VFSC 2026-03-06): cc_withdraw_detail_report_20260308100106.csv, took 3.8s", "service": "cc_reconcile", "stage": "download_davinci", "status": "ok"}
{"timestamp": "2026-03-08T18:01:27+0800", "level": "INFO", "logger": "etl_logger", "message": "POST success (VFSC 2026-03-07): cc_withdraw_detail_report_20260308100127.csv, took 17.3s", "service": "cc_reconcile", "stage": "download_davinci", "status": "ok"}
{"timestamp": "2026-03-08T18:01:29+0800", "level": "INFO", "logger": "etl_logger", "message": "Download success (VFSC 2026-03-07): cc_withdraw_detail_report_20260308100127.csv, took 1.7s", "service": "cc_reconcile", "stage": "download_davinci", "status": "ok"}
{"timestamp": "2026-03-08T18:01:47+0800", "level": "INFO", "logger": "etl_logger", "message": "POST success (VFSC 2026-03-08): cc_withdraw_detail_report_20260308100147.csv, took 18.2s", "service": "cc_reconcile", "stage": "download_davinci", "status": "ok"}
{"timestamp": "2026-03-08T18:01:49+0800", "level": "INFO", "logger": "etl_logger", "message": "Download success (VFSC 2026-03-08): cc_withdraw_detail_report_20260308100147.csv, took 1.7s", "service": "cc_reconcile", "stage": "download_davinci", "status": "ok"}
{"timestamp": "2026-03-08T18:01:49+0800", "level": "INFO", "logger": "etl_logger", "message": "Finish downloading Davinci CC - VFSC Report", "service": "cc_reconcile", "stage": "download_davinci", "status": "ok"}
{"timestamp": "2026-03-08T18:01:49+0800", "level": "INFO", "logger": "etl_logger", "message": "Start downloading Davinci CC Report for brand: VFSC2...", "service": "cc_reconcile", "stage": "download_davinci", "status": "ok"}
{"timestamp": "2026-03-08T18:02:41+0800", "level": "INFO", "logger": "etl_logger", "message": "POST success (VFSC2 2026-03-05): cc_withdraw_detail_report_20260308100241.csv, took 51.9s", "service": "cc_reconcile", "stage": "download_davinci", "status": "ok"}
{"timestamp": "2026-03-08T18:02:44+0800", "level": "INFO", "logger": "etl_logger", "message": "Download success (VFSC2 2026-03-05): cc_withdraw_detail_report_20260308100241.csv, took 3.0s", "service": "cc_reconcile", "stage": "download_davinci", "status": "ok"}
{"timestamp": "2026-03-08T18:03:35+0800", "level": "INFO", "logger": "etl_logger", "message": "POST success (VFSC2 2026-03-06): cc_withdraw_detail_report_20260308100334.csv, took 50.9s", "service": "cc_reconcile", "stage": "download_davinci", "status": "ok"}
{"timestamp": "2026-03-08T18:03:38+0800", "level": "INFO", "logger": "etl_logger", "message": "Download success (VFSC2 2026-03-06): cc_withdraw_detail_report_20260308100334.csv, took 3.3s", "service": "cc_reconcile", "stage": "download_davinci", "status": "ok"}
{"timestamp": "2026-03-08T18:03:52+0800", "level": "WARNING", "logger": "etl_logger", "message": "POST failed (VFSC2 2026-03-07) attempt 1: 502 Server Error: Bad Gateway for url: https://report.vantagemarkets.com/api/cc-detail/download, took 13.8s", "service": "cc_reconcile", "stage": "download_davinci", "status": "ok"}
{"timestamp": "2026-03-08T18:04:47+0800", "level": "INFO", "logger": "etl_logger", "message": "POST success (VFSC2 2026-03-07): cc_withdraw_detail_report_20260308100447.csv, took 50.6s", "service": "cc_reconcile", "stage": "download_davinci", "status": "ok"}
{"timestamp": "2026-03-08T18:04:58+0800", "level": "INFO", "logger": "etl_logger", "message": "Download success (VFSC2 2026-03-07): cc_withdraw_detail_report_20260308100447.csv, took 10.1s", "service": "cc_reconcile", "stage": "download_davinci", "status": "ok"}
{"timestamp": "2026-03-08T18:05:46+0800", "level": "INFO", "logger": "etl_logger", "message": "POST success (VFSC2 2026-03-08): cc_withdraw_detail_report_20260308100546.csv, took 48.4s", "service": "cc_reconcile", "stage": "download_davinci", "status": "ok"}
{"timestamp": "2026-03-08T18:05:48+0800", "level": "INFO", "logger": "etl_logger", "message": "Download success (VFSC2 2026-03-08): cc_withdraw_detail_report_20260308100546.csv, took 1.9s", "service": "cc_reconcile", "stage": "download_davinci", "status": "ok"}
{"timestamp": "2026-03-08T18:05:48+0800", "level": "INFO", "logger": "etl_logger", "message": "Finish downloading Davinci CC - VFSC2 Report", "service": "cc_reconcile", "stage": "download_davinci", "status": "ok"}
{"timestamp": "2026-03-08T18:05:48+0800", "level": "INFO", "logger": "etl_logger", "message": "Finish downloading Davinci CC Report for all brands, total rows: 35487", "service": "cc_reconcile", "stage": "download_davinci", "status": "ok"}
{"timestamp": "2026-03-08T18:05:48+0800", "level": "INFO", "logger": "etl_logger", "message": "Download CRM CC Report Finish ，Total: 35487", "service": "cc_reconcile", "stage": "download", "status": "ok"}
{"timestamp": "2026-03-08T18:05:48+0800", "level": "INFO", "logger": "etl_logger", "message": "Start reconcile...", "service": "cc_reconcile", "stage": "reconcile", "status": "ok"}
{"timestamp": "2026-03-08T18:05:49+0800", "level": "INFO", "logger": "etl_logger", "message": "Reconcile Finish ，Total Mismatch Case: 2", "service": "cc_reconcile", "stage": "reconcile", "status": "ok"}
{"timestamp": "2026-03-08T18:05:49+0800", "level": "INFO", "logger": "etl_logger", "message": "Connect Lark Finish", "service": "cc_reconcile", "stage": "lark", "status": "ok"}
{"timestamp": "2026-03-08T18:05:49+0800", "level": "INFO", "logger": "etl_logger", "message": "Start query existing data in LarkSheet...", "service": "cc_reconcile", "stage": "lark", "status": "ok"}
{"timestamp": "2026-03-08T18:05:50+0800", "level": "INFO", "logger": "etl_logger", "message": "Query existing data in LarkSheet Finish", "service": "cc_reconcile", "stage": "lark", "status": "ok"}
{"timestamp": "2026-03-08T18:05:50+0800", "level": "INFO", "logger": "etl_logger", "message": "Total unique keys in LarkSheet: 164, Total new mismatch cases to upload: 0", "service": "cc_reconcile", "stage": "lark", "status": "ok"}
{"timestamp": "2026-03-08T18:05:50+0800", "level": "INFO", "logger": "etl_logger", "message": "Append data to LarkSheet with range: Kalw4Y!A2:L3, rows: 1, columns: 12", "service": "cc_reconcile", "stage": "lark", "status": "ok"}
{"timestamp": "2026-03-08T18:05:50+0800", "level": "INFO", "logger": "etl_logger", "message": "✅ Successfully appended data to LarkSheet", "service": "cc_reconcile", "stage": "lark", "status": "ok"}
{"timestamp": "2026-03-08T18:05:51+0800", "level": "INFO", "logger": "etl_logger", "message": "Upload data to LarkSheet Finish", "service": "cc_reconcile", "stage": "lark", "status": "ok"}
{"timestamp": "2026-03-08T19:00:01+0800", "level": "INFO", "logger": "etl_logger", "message": "Start download reports...", "service": "cc_reconcile", "stage": "download", "status": "ok"}
{"timestamp": "2026-03-08T19:00:04+0800", "level": "INFO", "logger": "etl_logger", "message": "Payabl Login Success and Get Token Success", "service": "cc_reconcile", "stage": "download_payabl", "status": "ok"}
{"timestamp": "2026-03-08T19:00:04+0800", "level": "INFO", "logger": "etl_logger", "message": "Start downloading Payabl CC Report for date: 2026-03-07...", "service": "cc_reconcile", "stage": "download_payabl", "status": "ok"}
{"timestamp": "2026-03-08T19:00:15+0800", "level": "INFO", "logger": "etl_logger", "message": "Start downloading Payabl CC Report for date: 2026-03-08...", "service": "cc_reconcile", "stage": "download_payabl", "status": "ok"}
{"timestamp": "2026-03-08T19:00:24+0800", "level": "INFO", "logger": "etl_logger", "message": "Finish downloading Payabl CC Report", "service": "cc_reconcile", "stage": "download_payabl", "status": "ok"}
{"timestamp": "2026-03-08T19:00:24+0800", "level": "INFO", "logger": "etl_logger", "message": "Download Payabl CC Report Finish ，Total: 17163", "service": "cc_reconcile", "stage": "download", "status": "ok"}
{"timestamp": "2026-03-08T19:00:24+0800", "level": "INFO", "logger": "etl_logger", "message": "Login attempt 1/5", "service": "cc_reconcile", "stage": "download_davinci", "status": "ok"}
{"timestamp": "2026-03-08T19:00:25+0800", "level": "INFO", "logger": "etl_logger", "message": "Login response status=200, url=https://admin.vantagemarkets.com/admin/main, cookies=4", "service": "cc_reconcile", "stage": "download_davinci", "status": "ok"}
{"timestamp": "2026-03-08T19:00:25+0800", "level": "INFO", "logger": "etl_logger", "message": "Login successful", "service": "cc_reconcile", "stage": "download_davinci", "status": "ok"}
{"timestamp": "2026-03-08T19:00:26+0800", "level": "INFO", "logger": "etl_logger", "message": "Token obtained successfully", "service": "cc_reconcile", "stage": "download_davinci", "status": "ok"}
{"timestamp": "2026-03-08T19:00:26+0800", "level": "INFO", "logger": "etl_logger", "message": "Start downloading Davinci CC Report for brand: VFSC...", "service": "cc_reconcile", "stage": "download_davinci", "status": "ok"}
{"timestamp": "2026-03-08T19:00:44+0800", "level": "INFO", "logger": "etl_logger", "message": "POST success (VFSC 2026-03-05): cc_withdraw_detail_report_20260308110044.csv, took 18.8s", "service": "cc_reconcile", "stage": "download_davinci", "status": "ok"}
{"timestamp": "2026-03-08T19:00:46+0800", "level": "INFO", "logger": "etl_logger", "message": "Download success (VFSC 2026-03-05): cc_withdraw_detail_report_20260308110044.csv, took 1.8s", "service": "cc_reconcile", "stage": "download_davinci", "status": "ok"}
{"timestamp": "2026-03-08T19:01:04+0800", "level": "INFO", "logger": "etl_logger", "message": "POST success (VFSC 2026-03-06): cc_withdraw_detail_report_20260308110104.csv, took 18.0s", "service": "cc_reconcile", "stage": "download_davinci", "status": "ok"}
{"timestamp": "2026-03-08T19:01:07+0800", "level": "INFO", "logger": "etl_logger", "message": "Download success (VFSC 2026-03-06): cc_withdraw_detail_report_20260308110104.csv, took 2.6s", "service": "cc_reconcile", "stage": "download_davinci", "status": "ok"}
{"timestamp": "2026-03-08T19:01:25+0800", "level": "INFO", "logger": "etl_logger", "message": "POST success (VFSC 2026-03-07): cc_withdraw_detail_report_20260308110125.csv, took 17.9s", "service": "cc_reconcile", "stage": "download_davinci", "status": "ok"}
{"timestamp": "2026-03-08T19:01:26+0800", "level": "INFO", "logger": "etl_logger", "message": "Download success (VFSC 2026-03-07): cc_withdraw_detail_report_20260308110125.csv, took 1.8s", "service": "cc_reconcile", "stage": "download_davinci", "status": "ok"}
{"timestamp": "2026-03-08T19:01:44+0800", "level": "INFO", "logger": "etl_logger", "message": "POST success (VFSC 2026-03-08): cc_withdraw_detail_report_20260308110144.csv, took 17.7s", "service": "cc_reconcile", "stage": "download_davinci", "status": "ok"}
{"timestamp": "2026-03-08T19:01:46+0800", "level": "INFO", "logger": "etl_logger", "message": "Download success (VFSC 2026-03-08): cc_withdraw_detail_report_20260308110144.csv, took 1.5s", "service": "cc_reconcile", "stage": "download_davinci", "status": "ok"}
{"timestamp": "2026-03-08T19:01:46+0800", "level": "INFO", "logger": "etl_logger", "message": "Finish downloading Davinci CC - VFSC Report", "service": "cc_reconcile", "stage": "download_davinci", "status": "ok"}
{"timestamp": "2026-03-08T19:01:46+0800", "level": "INFO", "logger": "etl_logger", "message": "Start downloading Davinci CC Report for brand: VFSC2...", "service": "cc_reconcile", "stage": "download_davinci", "status": "ok"}
{"timestamp": "2026-03-08T19:02:37+0800", "level": "INFO", "logger": "etl_logger", "message": "POST success (VFSC2 2026-03-05): cc_withdraw_detail_report_20260308110237.csv, took 51.7s", "service": "cc_reconcile", "stage": "download_davinci", "status": "ok"}
{"timestamp": "2026-03-08T19:02:42+0800", "level": "INFO", "logger": "etl_logger", "message": "Download success (VFSC2 2026-03-05): cc_withdraw_detail_report_20260308110237.csv, took 4.9s", "service": "cc_reconcile", "stage": "download_davinci", "status": "ok"}
{"timestamp": "2026-03-08T19:03:36+0800", "level": "INFO", "logger": "etl_logger", "message": "POST success (VFSC2 2026-03-06): cc_withdraw_detail_report_20260308110336.csv, took 53.5s", "service": "cc_reconcile", "stage": "download_davinci", "status": "ok"}
{"timestamp": "2026-03-08T19:03:41+0800", "level": "INFO", "logger": "etl_logger", "message": "Download success (VFSC2 2026-03-06): cc_withdraw_detail_report_20260308110336.csv, took 4.7s", "service": "cc_reconcile", "stage": "download_davinci", "status": "ok"}
{"timestamp": "2026-03-08T19:04:31+0800", "level": "INFO", "logger": "etl_logger", "message": "POST success (VFSC2 2026-03-07): cc_withdraw_detail_report_20260308110431.csv, took 50.7s", "service": "cc_reconcile", "stage": "download_davinci", "status": "ok"}
{"timestamp": "2026-03-08T19:04:34+0800", "level": "INFO", "logger": "etl_logger", "message": "Download success (VFSC2 2026-03-07): cc_withdraw_detail_report_20260308110431.csv, took 2.6s", "service": "cc_reconcile", "stage": "download_davinci", "status": "ok"}
{"timestamp": "2026-03-08T19:05:24+0800", "level": "INFO", "logger": "etl_logger", "message": "POST success (VFSC2 2026-03-08): cc_withdraw_detail_report_20260308110524.csv, took 50.5s", "service": "cc_reconcile", "stage": "download_davinci", "status": "ok"}
{"timestamp": "2026-03-08T19:05:26+0800", "level": "INFO", "logger": "etl_logger", "message": "Download success (VFSC2 2026-03-08): cc_withdraw_detail_report_20260308110524.csv, took 1.6s", "service": "cc_reconcile", "stage": "download_davinci", "status": "ok"}
{"timestamp": "2026-03-08T19:05:27+0800", "level": "INFO", "logger": "etl_logger", "message": "Finish downloading Davinci CC - VFSC2 Report", "service": "cc_reconcile", "stage": "download_davinci", "status": "ok"}
{"timestamp": "2026-03-08T19:05:27+0800", "level": "INFO", "logger": "etl_logger", "message": "Finish downloading Davinci CC Report for all brands, total rows: 35592", "service": "cc_reconcile", "stage": "download_davinci", "status": "ok"}
{"timestamp": "2026-03-08T19:05:27+0800", "level": "INFO", "logger": "etl_logger", "message": "Download CRM CC Report Finish ，Total: 35592", "service": "cc_reconcile", "stage": "download", "status": "ok"}
{"timestamp": "2026-03-08T19:05:27+0800", "level": "INFO", "logger": "etl_logger", "message": "Start reconcile...", "service": "cc_reconcile", "stage": "reconcile", "status": "ok"}
{"timestamp": "2026-03-08T19:05:27+0800", "level": "INFO", "logger": "etl_logger", "message": "Reconcile Finish ，Total Mismatch Case: 2", "service": "cc_reconcile", "stage": "reconcile", "status": "ok"}
{"timestamp": "2026-03-08T19:05:27+0800", "level": "INFO", "logger": "etl_logger", "message": "Connect Lark Finish", "service": "cc_reconcile", "stage": "lark", "status": "ok"}
{"timestamp": "2026-03-08T19:05:27+0800", "level": "INFO", "logger": "etl_logger", "message": "Start query existing data in LarkSheet...", "service": "cc_reconcile", "stage": "lark", "status": "ok"}
{"timestamp": "2026-03-08T19:05:28+0800", "level": "INFO", "logger": "etl_logger", "message": "Query existing data in LarkSheet Finish", "service": "cc_reconcile", "stage": "lark", "status": "ok"}
{"timestamp": "2026-03-08T19:05:28+0800", "level": "INFO", "logger": "etl_logger", "message": "Total unique keys in LarkSheet: 164, Total new mismatch cases to upload: 0", "service": "cc_reconcile", "stage": "lark", "status": "ok"}
{"timestamp": "2026-03-08T19:05:28+0800", "level": "INFO", "logger": "etl_logger", "message": "Append data to LarkSheet with range: Kalw4Y!A2:L3, rows: 1, columns: 12", "service": "cc_reconcile", "stage": "lark", "status": "ok"}
{"timestamp": "2026-03-08T19:05:28+0800", "level": "INFO", "logger": "etl_logger", "message": "✅ Successfully appended data to LarkSheet", "service": "cc_reconcile", "stage": "lark", "status": "ok"}
{"timestamp": "2026-03-08T19:05:30+0800", "level": "INFO", "logger": "etl_logger", "message": "Upload data to LarkSheet Finish", "service": "cc_reconcile", "stage": "lark", "status": "ok"}
{"timestamp": "2026-03-08T20:00:01+0800", "level": "INFO", "logger": "etl_logger", "message": "Start download reports...", "service": "cc_reconcile", "stage": "download", "status": "ok"}
{"timestamp": "2026-03-08T20:00:05+0800", "level": "INFO", "logger": "etl_logger", "message": "Payabl Login Success and Get Token Success", "service": "cc_reconcile", "stage": "download_payabl", "status": "ok"}
{"timestamp": "2026-03-08T20:00:05+0800", "level": "INFO", "logger": "etl_logger", "message": "Start downloading Payabl CC Report for date: 2026-03-07...", "service": "cc_reconcile", "stage": "download_payabl", "status": "ok"}
{"timestamp": "2026-03-08T20:00:17+0800", "level": "INFO", "logger": "etl_logger", "message": "Start downloading Payabl CC Report for date: 2026-03-08...", "service": "cc_reconcile", "stage": "download_payabl", "status": "ok"}
{"timestamp": "2026-03-08T20:00:26+0800", "level": "INFO", "logger": "etl_logger", "message": "Finish downloading Payabl CC Report", "service": "cc_reconcile", "stage": "download_payabl", "status": "ok"}
{"timestamp": "2026-03-08T20:00:26+0800", "level": "INFO", "logger": "etl_logger", "message": "Download Payabl CC Report Finish ，Total: 18162", "service": "cc_reconcile", "stage": "download", "status": "ok"}
{"timestamp": "2026-03-08T20:00:26+0800", "level": "INFO", "logger": "etl_logger", "message": "Login attempt 1/5", "service": "cc_reconcile", "stage": "download_davinci", "status": "ok"}
{"timestamp": "2026-03-08T20:00:27+0800", "level": "INFO", "logger": "etl_logger", "message": "Login response status=200, url=https://admin.vantagemarkets.com/admin/main, cookies=4", "service": "cc_reconcile", "stage": "download_davinci", "status": "ok"}
{"timestamp": "2026-03-08T20:00:27+0800", "level": "INFO", "logger": "etl_logger", "message": "Login successful", "service": "cc_reconcile", "stage": "download_davinci", "status": "ok"}
{"timestamp": "2026-03-08T20:00:28+0800", "level": "INFO", "logger": "etl_logger", "message": "Token obtained successfully", "service": "cc_reconcile", "stage": "download_davinci", "status": "ok"}
{"timestamp": "2026-03-08T20:00:28+0800", "level": "INFO", "logger": "etl_logger", "message": "Start downloading Davinci CC Report for brand: VFSC...", "service": "cc_reconcile", "stage": "download_davinci", "status": "ok"}
{"timestamp": "2026-03-08T20:00:46+0800", "level": "INFO", "logger": "etl_logger", "message": "POST success (VFSC 2026-03-05): cc_withdraw_detail_report_20260308120046.csv, took 18.1s", "service": "cc_reconcile", "stage": "download_davinci", "status": "ok"}
{"timestamp": "2026-03-08T20:00:48+0800", "level": "INFO", "logger": "etl_logger", "message": "Download success (VFSC 2026-03-05): cc_withdraw_detail_report_20260308120046.csv, took 2.2s", "service": "cc_reconcile", "stage": "download_davinci", "status": "ok"}
{"timestamp": "2026-03-08T20:01:06+0800", "level": "INFO", "logger": "etl_logger", "message": "POST success (VFSC 2026-03-06): cc_withdraw_detail_report_20260308120106.csv, took 18.1s", "service": "cc_reconcile", "stage": "download_davinci", "status": "ok"}
{"timestamp": "2026-03-08T20:01:09+0800", "level": "INFO", "logger": "etl_logger", "message": "Download success (VFSC 2026-03-06): cc_withdraw_detail_report_20260308120106.csv, took 2.7s", "service": "cc_reconcile", "stage": "download_davinci", "status": "ok"}
{"timestamp": "2026-03-08T20:01:26+0800", "level": "INFO", "logger": "etl_logger", "message": "POST success (VFSC 2026-03-07): cc_withdraw_detail_report_20260308120126.csv, took 17.5s", "service": "cc_reconcile", "stage": "download_davinci", "status": "ok"}
{"timestamp": "2026-03-08T20:01:29+0800", "level": "INFO", "logger": "etl_logger", "message": "Download success (VFSC 2026-03-07): cc_withdraw_detail_report_20260308120126.csv, took 2.6s", "service": "cc_reconcile", "stage": "download_davinci", "status": "ok"}
{"timestamp": "2026-03-08T20:01:46+0800", "level": "INFO", "logger": "etl_logger", "message": "POST success (VFSC 2026-03-08): cc_withdraw_detail_report_20260308120146.csv, took 17.6s", "service": "cc_reconcile", "stage": "download_davinci", "status": "ok"}
{"timestamp": "2026-03-08T20:01:48+0800", "level": "INFO", "logger": "etl_logger", "message": "Download success (VFSC 2026-03-08): cc_withdraw_detail_report_20260308120146.csv, took 1.5s", "service": "cc_reconcile", "stage": "download_davinci", "status": "ok"}
{"timestamp": "2026-03-08T20:01:48+0800", "level": "INFO", "logger": "etl_logger", "message": "Finish downloading Davinci CC - VFSC Report", "service": "cc_reconcile", "stage": "download_davinci", "status": "ok"}
{"timestamp": "2026-03-08T20:01:48+0800", "level": "INFO", "logger": "etl_logger", "message": "Start downloading Davinci CC Report for brand: VFSC2...", "service": "cc_reconcile", "stage": "download_davinci", "status": "ok"}
{"timestamp": "2026-03-08T20:02:38+0800", "level": "INFO", "logger": "etl_logger", "message": "POST success (VFSC2 2026-03-05): cc_withdraw_detail_report_20260308120238.csv, took 50.1s", "service": "cc_reconcile", "stage": "download_davinci", "status": "ok"}
{"timestamp": "2026-03-08T20:02:48+0800", "level": "INFO", "logger": "etl_logger", "message": "Download success (VFSC2 2026-03-05): cc_withdraw_detail_report_20260308120238.csv, took 9.5s", "service": "cc_reconcile", "stage": "download_davinci", "status": "ok"}
{"timestamp": "2026-03-08T20:03:40+0800", "level": "INFO", "logger": "etl_logger", "message": "POST success (VFSC2 2026-03-06): cc_withdraw_detail_report_20260308120339.csv, took 52.1s", "service": "cc_reconcile", "stage": "download_davinci", "status": "ok"}
{"timestamp": "2026-03-08T20:03:47+0800", "level": "INFO", "logger": "etl_logger", "message": "Download success (VFSC2 2026-03-06): cc_withdraw_detail_report_20260308120339.csv, took 6.9s", "service": "cc_reconcile", "stage": "download_davinci", "status": "ok"}
{"timestamp": "2026-03-08T20:04:36+0800", "level": "INFO", "logger": "etl_logger", "message": "POST success (VFSC2 2026-03-07): cc_withdraw_detail_report_20260308120436.csv, took 49.8s", "service": "cc_reconcile", "stage": "download_davinci", "status": "ok"}
{"timestamp": "2026-03-08T20:04:39+0800", "level": "INFO", "logger": "etl_logger", "message": "Download success (VFSC2 2026-03-07): cc_withdraw_detail_report_20260308120436.csv, took 3.0s", "service": "cc_reconcile", "stage": "download_davinci", "status": "ok"}
{"timestamp": "2026-03-08T20:05:29+0800", "level": "INFO", "logger": "etl_logger", "message": "POST success (VFSC2 2026-03-08): cc_withdraw_detail_report_20260308120529.csv, took 49.1s", "service": "cc_reconcile", "stage": "download_davinci", "status": "ok"}
{"timestamp": "2026-03-08T20:05:31+0800", "level": "INFO", "logger": "etl_logger", "message": "Download success (VFSC2 2026-03-08): cc_withdraw_detail_report_20260308120529.csv, took 2.3s", "service": "cc_reconcile", "stage": "download_davinci", "status": "ok"}
{"timestamp": "2026-03-08T20:05:31+0800", "level": "INFO", "logger": "etl_logger", "message": "Finish downloading Davinci CC - VFSC2 Report", "service": "cc_reconcile", "stage": "download_davinci", "status": "ok"}
{"timestamp": "2026-03-08T20:05:31+0800", "level": "INFO", "logger": "etl_logger", "message": "Finish downloading Davinci CC Report for all brands, total rows: 35767", "service": "cc_reconcile", "stage": "download_davinci", "status": "ok"}
{"timestamp": "2026-03-08T20:05:31+0800", "level": "INFO", "logger": "etl_logger", "message": "Download CRM CC Report Finish ，Total: 35767", "service": "cc_reconcile", "stage": "download", "status": "ok"}
{"timestamp": "2026-03-08T20:05:31+0800", "level": "INFO", "logger": "etl_logger", "message": "Start reconcile...", "service": "cc_reconcile", "stage": "reconcile", "status": "ok"}
{"timestamp": "2026-03-08T20:05:32+0800", "level": "INFO", "logger": "etl_logger", "message": "Reconcile Finish ，Total Mismatch Case: 2", "service": "cc_reconcile", "stage": "reconcile", "status": "ok"}
{"timestamp": "2026-03-08T20:05:32+0800", "level": "INFO", "logger": "etl_logger", "message": "Connect Lark Finish", "service": "cc_reconcile", "stage": "lark", "status": "ok"}
{"timestamp": "2026-03-08T20:05:32+0800", "level": "INFO", "logger": "etl_logger", "message": "Start query existing data in LarkSheet...", "service": "cc_reconcile", "stage": "lark", "status": "ok"}
{"timestamp": "2026-03-08T20:05:33+0800", "level": "INFO", "logger": "etl_logger", "message": "Query existing data in LarkSheet Finish", "service": "cc_reconcile", "stage": "lark", "status": "ok"}
{"timestamp": "2026-03-08T20:05:33+0800", "level": "INFO", "logger": "etl_logger", "message": "Total unique keys in LarkSheet: 164, Total new mismatch cases to upload: 0", "service": "cc_reconcile", "stage": "lark", "status": "ok"}
{"timestamp": "2026-03-08T20:05:33+0800", "level": "INFO", "logger": "etl_logger", "message": "Append data to LarkSheet with range: Kalw4Y!A2:L3, rows: 1, columns: 12", "service": "cc_reconcile", "stage": "lark", "status": "ok"}
{"timestamp": "2026-03-08T20:05:33+0800", "level": "INFO", "logger": "etl_logger", "message": "✅ Successfully appended data to LarkSheet", "service": "cc_reconcile", "stage": "lark", "status": "ok"}
{"timestamp": "2026-03-08T20:05:35+0800", "level": "INFO", "logger": "etl_logger", "message": "Upload data to LarkSheet Finish", "service": "cc_reconcile", "stage": "lark", "status": "ok"}
{"timestamp": "2026-03-08T21:00:01+0800", "level": "INFO", "logger": "etl_logger", "message": "Start download reports...", "service": "cc_reconcile", "stage": "download", "status": "ok"}
{"timestamp": "2026-03-08T21:00:04+0800", "level": "INFO", "logger": "etl_logger", "message": "Payabl Login Success and Get Token Success", "service": "cc_reconcile", "stage": "download_payabl", "status": "ok"}
{"timestamp": "2026-03-08T21:00:04+0800", "level": "INFO", "logger": "etl_logger", "message": "Start downloading Payabl CC Report for date: 2026-03-07...", "service": "cc_reconcile", "stage": "download_payabl", "status": "ok"}
{"timestamp": "2026-03-08T21:00:16+0800", "level": "INFO", "logger": "etl_logger", "message": "Start downloading Payabl CC Report for date: 2026-03-08...", "service": "cc_reconcile", "stage": "download_payabl", "status": "ok"}
{"timestamp": "2026-03-08T21:00:26+0800", "level": "INFO", "logger": "etl_logger", "message": "Finish downloading Payabl CC Report", "service": "cc_reconcile", "stage": "download_payabl", "status": "ok"}
{"timestamp": "2026-03-08T21:00:26+0800", "level": "INFO", "logger": "etl_logger", "message": "Download Payabl CC Report Finish ，Total: 19161", "service": "cc_reconcile", "stage": "download", "status": "ok"}
{"timestamp": "2026-03-08T21:00:26+0800", "level": "INFO", "logger": "etl_logger", "message": "Login attempt 1/5", "service": "cc_reconcile", "stage": "download_davinci", "status": "ok"}
{"timestamp": "2026-03-08T21:00:27+0800", "level": "INFO", "logger": "etl_logger", "message": "Login response status=200, url=https://admin.vantagemarkets.com/admin/main, cookies=4", "service": "cc_reconcile", "stage": "download_davinci", "status": "ok"}
{"timestamp": "2026-03-08T21:00:27+0800", "level": "INFO", "logger": "etl_logger", "message": "Login successful", "service": "cc_reconcile", "stage": "download_davinci", "status": "ok"}
{"timestamp": "2026-03-08T21:00:27+0800", "level": "INFO", "logger": "etl_logger", "message": "Token obtained successfully", "service": "cc_reconcile", "stage": "download_davinci", "status": "ok"}
{"timestamp": "2026-03-08T21:00:27+0800", "level": "INFO", "logger": "etl_logger", "message": "Start downloading Davinci CC Report for brand: VFSC...", "service": "cc_reconcile", "stage": "download_davinci", "status": "ok"}
{"timestamp": "2026-03-08T21:00:46+0800", "level": "INFO", "logger": "etl_logger", "message": "POST success (VFSC 2026-03-05): cc_withdraw_detail_report_20260308130046.csv, took 19.2s", "service": "cc_reconcile", "stage": "download_davinci", "status": "ok"}
{"timestamp": "2026-03-08T21:00:49+0800", "level": "INFO", "logger": "etl_logger", "message": "Download success (VFSC 2026-03-05): cc_withdraw_detail_report_20260308130046.csv, took 3.2s", "service": "cc_reconcile", "stage": "download_davinci", "status": "ok"}
{"timestamp": "2026-03-08T21:01:07+0800", "level": "INFO", "logger": "etl_logger", "message": "POST success (VFSC 2026-03-06): cc_withdraw_detail_report_20260308130107.csv, took 17.9s", "service": "cc_reconcile", "stage": "download_davinci", "status": "ok"}
{"timestamp": "2026-03-08T21:01:11+0800", "level": "INFO", "logger": "etl_logger", "message": "Download success (VFSC 2026-03-06): cc_withdraw_detail_report_20260308130107.csv, took 3.2s", "service": "cc_reconcile", "stage": "download_davinci", "status": "ok"}
{"timestamp": "2026-03-08T21:01:28+0800", "level": "INFO", "logger": "etl_logger", "message": "POST success (VFSC 2026-03-07): cc_withdraw_detail_report_20260308130128.csv, took 17.3s", "service": "cc_reconcile", "stage": "download_davinci", "status": "ok"}
{"timestamp": "2026-03-08T21:01:30+0800", "level": "INFO", "logger": "etl_logger", "message": "Download success (VFSC 2026-03-07): cc_withdraw_detail_report_20260308130128.csv, took 2.0s", "service": "cc_reconcile", "stage": "download_davinci", "status": "ok"}
{"timestamp": "2026-03-08T21:01:47+0800", "level": "INFO", "logger": "etl_logger", "message": "POST success (VFSC 2026-03-08): cc_withdraw_detail_report_20260308130147.csv, took 17.3s", "service": "cc_reconcile", "stage": "download_davinci", "status": "ok"}
{"timestamp": "2026-03-08T21:01:49+0800", "level": "INFO", "logger": "etl_logger", "message": "Download success (VFSC 2026-03-08): cc_withdraw_detail_report_20260308130147.csv, took 1.9s", "service": "cc_reconcile", "stage": "download_davinci", "status": "ok"}
{"timestamp": "2026-03-08T21:01:49+0800", "level": "INFO", "logger": "etl_logger", "message": "Finish downloading Davinci CC - VFSC Report", "service": "cc_reconcile", "stage": "download_davinci", "status": "ok"}
{"timestamp": "2026-03-08T21:01:49+0800", "level": "INFO", "logger": "etl_logger", "message": "Start downloading Davinci CC Report for brand: VFSC2...", "service": "cc_reconcile", "stage": "download_davinci", "status": "ok"}
{"timestamp": "2026-03-08T21:02:41+0800", "level": "INFO", "logger": "etl_logger", "message": "POST success (VFSC2 2026-03-05): cc_withdraw_detail_report_20260308130241.csv, took 51.8s", "service": "cc_reconcile", "stage": "download_davinci", "status": "ok"}
{"timestamp": "2026-03-08T21:02:44+0800", "level": "INFO", "logger": "etl_logger", "message": "Download success (VFSC2 2026-03-05): cc_withdraw_detail_report_20260308130241.csv, took 2.8s", "service": "cc_reconcile", "stage": "download_davinci", "status": "ok"}
{"timestamp": "2026-03-08T21:03:37+0800", "level": "INFO", "logger": "etl_logger", "message": "POST success (VFSC2 2026-03-06): cc_withdraw_detail_report_20260308130336.csv, took 52.9s", "service": "cc_reconcile", "stage": "download_davinci", "status": "ok"}
{"timestamp": "2026-03-08T21:03:46+0800", "level": "INFO", "logger": "etl_logger", "message": "Download success (VFSC2 2026-03-06): cc_withdraw_detail_report_20260308130336.csv, took 9.7s", "service": "cc_reconcile", "stage": "download_davinci", "status": "ok"}
{"timestamp": "2026-03-08T21:04:37+0800", "level": "INFO", "logger": "etl_logger", "message": "POST success (VFSC2 2026-03-07): cc_withdraw_detail_report_20260308130437.csv, took 50.5s", "service": "cc_reconcile", "stage": "download_davinci", "status": "ok"}
{"timestamp": "2026-03-08T21:04:39+0800", "level": "INFO", "logger": "etl_logger", "message": "Download success (VFSC2 2026-03-07): cc_withdraw_detail_report_20260308130437.csv, took 1.9s", "service": "cc_reconcile", "stage": "download_davinci", "status": "ok"}
{"timestamp": "2026-03-08T21:05:28+0800", "level": "INFO", "logger": "etl_logger", "message": "POST success (VFSC2 2026-03-08): cc_withdraw_detail_report_20260308130528.csv, took 49.7s", "service": "cc_reconcile", "stage": "download_davinci", "status": "ok"}
{"timestamp": "2026-03-08T21:05:31+0800", "level": "INFO", "logger": "etl_logger", "message": "Download success (VFSC2 2026-03-08): cc_withdraw_detail_report_20260308130528.csv, took 2.6s", "service": "cc_reconcile", "stage": "download_davinci", "status": "ok"}
{"timestamp": "2026-03-08T21:05:32+0800", "level": "INFO", "logger": "etl_logger", "message": "Finish downloading Davinci CC - VFSC2 Report", "service": "cc_reconcile", "stage": "download_davinci", "status": "ok"}
{"timestamp": "2026-03-08T21:05:32+0800", "level": "INFO", "logger": "etl_logger", "message": "Finish downloading Davinci CC Report for all brands, total rows: 35931", "service": "cc_reconcile", "stage": "download_davinci", "status": "ok"}
{"timestamp": "2026-03-08T21:05:32+0800", "level": "INFO", "logger": "etl_logger", "message": "Download CRM CC Report Finish ，Total: 35931", "service": "cc_reconcile", "stage": "download", "status": "ok"}
{"timestamp": "2026-03-08T21:05:32+0800", "level": "INFO", "logger": "etl_logger", "message": "Start reconcile...", "service": "cc_reconcile", "stage": "reconcile", "status": "ok"}
{"timestamp": "2026-03-08T21:05:32+0800", "level": "INFO", "logger": "etl_logger", "message": "Reconcile Finish ，Total Mismatch Case: 2", "service": "cc_reconcile", "stage": "reconcile", "status": "ok"}
{"timestamp": "2026-03-08T21:05:32+0800", "level": "INFO", "logger": "etl_logger", "message": "Connect Lark Finish", "service": "cc_reconcile", "stage": "lark", "status": "ok"}
{"timestamp": "2026-03-08T21:05:32+0800", "level": "INFO", "logger": "etl_logger", "message": "Start query existing data in LarkSheet...", "service": "cc_reconcile", "stage": "lark", "status": "ok"}
{"timestamp": "2026-03-08T21:05:33+0800", "level": "INFO", "logger": "etl_logger", "message": "Query existing data in LarkSheet Finish", "service": "cc_reconcile", "stage": "lark", "status": "ok"}
{"timestamp": "2026-03-08T21:05:33+0800", "level": "INFO", "logger": "etl_logger", "message": "Total unique keys in LarkSheet: 164, Total new mismatch cases to upload: 0", "service": "cc_reconcile", "stage": "lark", "status": "ok"}
{"timestamp": "2026-03-08T21:05:33+0800", "level": "INFO", "logger": "etl_logger", "message": "Append data to LarkSheet with range: Kalw4Y!A2:L3, rows: 1, columns: 12", "service": "cc_reconcile", "stage": "lark", "status": "ok"}
{"timestamp": "2026-03-08T21:05:34+0800", "level": "INFO", "logger": "etl_logger", "message": "✅ Successfully appended data to LarkSheet", "service": "cc_reconcile", "stage": "lark", "status": "ok"}
{"timestamp": "2026-03-08T21:05:35+0800", "level": "INFO", "logger": "etl_logger", "message": "Upload data to LarkSheet Finish", "service": "cc_reconcile", "stage": "lark", "status": "ok"}
{"timestamp": "2026-03-08T22:00:02+0800", "level": "INFO", "logger": "etl_logger", "message": "Start download reports...", "service": "cc_reconcile", "stage": "download", "status": "ok"}
{"timestamp": "2026-03-08T22:00:05+0800", "level": "INFO", "logger": "etl_logger", "message": "Payabl Login Success and Get Token Success", "service": "cc_reconcile", "stage": "download_payabl", "status": "ok"}
{"timestamp": "2026-03-08T22:00:05+0800", "level": "INFO", "logger": "etl_logger", "message": "Start downloading Payabl CC Report for date: 2026-03-07...", "service": "cc_reconcile", "stage": "download_payabl", "status": "ok"}
{"timestamp": "2026-03-08T22:00:18+0800", "level": "INFO", "logger": "etl_logger", "message": "Start downloading Payabl CC Report for date: 2026-03-08...", "service": "cc_reconcile", "stage": "download_payabl", "status": "ok"}
{"timestamp": "2026-03-08T22:00:27+0800", "level": "INFO", "logger": "etl_logger", "message": "Finish downloading Payabl CC Report", "service": "cc_reconcile", "stage": "download_payabl", "status": "ok"}
{"timestamp": "2026-03-08T22:00:27+0800", "level": "INFO", "logger": "etl_logger", "message": "Download Payabl CC Report Finish ，Total: 20213", "service": "cc_reconcile", "stage": "download", "status": "ok"}
{"timestamp": "2026-03-08T22:00:27+0800", "level": "INFO", "logger": "etl_logger", "message": "Login attempt 1/5", "service": "cc_reconcile", "stage": "download_davinci", "status": "ok"}
{"timestamp": "2026-03-08T22:00:29+0800", "level": "INFO", "logger": "etl_logger", "message": "Login response status=200, url=https://admin.vantagemarkets.com/admin/main, cookies=4", "service": "cc_reconcile", "stage": "download_davinci", "status": "ok"}
{"timestamp": "2026-03-08T22:00:29+0800", "level": "INFO", "logger": "etl_logger", "message": "Login successful", "service": "cc_reconcile", "stage": "download_davinci", "status": "ok"}
{"timestamp": "2026-03-08T22:00:29+0800", "level": "INFO", "logger": "etl_logger", "message": "Token obtained successfully", "service": "cc_reconcile", "stage": "download_davinci", "status": "ok"}
{"timestamp": "2026-03-08T22:00:29+0800", "level": "INFO", "logger": "etl_logger", "message": "Start downloading Davinci CC Report for brand: VFSC...", "service": "cc_reconcile", "stage": "download_davinci", "status": "ok"}
{"timestamp": "2026-03-08T22:00:49+0800", "level": "INFO", "logger": "etl_logger", "message": "POST success (VFSC 2026-03-05): cc_withdraw_detail_report_20260308140049.csv, took 19.8s", "service": "cc_reconcile", "stage": "download_davinci", "status": "ok"}
{"timestamp": "2026-03-08T22:00:55+0800", "level": "INFO", "logger": "etl_logger", "message": "Download success (VFSC 2026-03-05): cc_withdraw_detail_report_20260308140049.csv, took 6.1s", "service": "cc_reconcile", "stage": "download_davinci", "status": "ok"}
{"timestamp": "2026-03-08T22:01:12+0800", "level": "INFO", "logger": "etl_logger", "message": "POST success (VFSC 2026-03-06): cc_withdraw_detail_report_20260308140112.csv, took 17.3s", "service": "cc_reconcile", "stage": "download_davinci", "status": "ok"}
{"timestamp": "2026-03-08T22:01:19+0800", "level": "INFO", "logger": "etl_logger", "message": "Download success (VFSC 2026-03-06): cc_withdraw_detail_report_20260308140112.csv, took 6.8s", "service": "cc_reconcile", "stage": "download_davinci", "status": "ok"}
{"timestamp": "2026-03-08T22:01:37+0800", "level": "INFO", "logger": "etl_logger", "message": "POST success (VFSC 2026-03-07): cc_withdraw_detail_report_20260308140137.csv, took 17.9s", "service": "cc_reconcile", "stage": "download_davinci", "status": "ok"}
{"timestamp": "2026-03-08T22:01:39+0800", "level": "INFO", "logger": "etl_logger", "message": "Download success (VFSC 2026-03-07): cc_withdraw_detail_report_20260308140137.csv, took 2.1s", "service": "cc_reconcile", "stage": "download_davinci", "status": "ok"}
{"timestamp": "2026-03-08T22:01:56+0800", "level": "INFO", "logger": "etl_logger", "message": "POST success (VFSC 2026-03-08): cc_withdraw_detail_report_20260308140156.csv, took 17.0s", "service": "cc_reconcile", "stage": "download_davinci", "status": "ok"}
{"timestamp": "2026-03-08T22:01:58+0800", "level": "INFO", "logger": "etl_logger", "message": "Download success (VFSC 2026-03-08): cc_withdraw_detail_report_20260308140156.csv, took 1.7s", "service": "cc_reconcile", "stage": "download_davinci", "status": "ok"}
{"timestamp": "2026-03-08T22:01:58+0800", "level": "INFO", "logger": "etl_logger", "message": "Finish downloading Davinci CC - VFSC Report", "service": "cc_reconcile", "stage": "download_davinci", "status": "ok"}
{"timestamp": "2026-03-08T22:01:58+0800", "level": "INFO", "logger": "etl_logger", "message": "Start downloading Davinci CC Report for brand: VFSC2...", "service": "cc_reconcile", "stage": "download_davinci", "status": "ok"}
{"timestamp": "2026-03-08T22:02:49+0800", "level": "INFO", "logger": "etl_logger", "message": "POST success (VFSC2 2026-03-05): cc_withdraw_detail_report_20260308140249.csv, took 51.5s", "service": "cc_reconcile", "stage": "download_davinci", "status": "ok"}
{"timestamp": "2026-03-08T22:03:12+0800", "level": "INFO", "logger": "etl_logger", "message": "Download success (VFSC2 2026-03-05): cc_withdraw_detail_report_20260308140249.csv, took 23.1s", "service": "cc_reconcile", "stage": "download_davinci", "status": "ok"}
{"timestamp": "2026-03-08T22:04:04+0800", "level": "INFO", "logger": "etl_logger", "message": "POST success (VFSC2 2026-03-06): cc_withdraw_detail_report_20260308140404.csv, took 51.7s", "service": "cc_reconcile", "stage": "download_davinci", "status": "ok"}
{"timestamp": "2026-03-08T22:04:17+0800", "level": "INFO", "logger": "etl_logger", "message": "Download success (VFSC2 2026-03-06): cc_withdraw_detail_report_20260308140404.csv, took 13.3s", "service": "cc_reconcile", "stage": "download_davinci", "status": "ok"}
{"timestamp": "2026-03-08T22:05:06+0800", "level": "INFO", "logger": "etl_logger", "message": "POST success (VFSC2 2026-03-07): cc_withdraw_detail_report_20260308140506.csv, took 49.0s", "service": "cc_reconcile", "stage": "download_davinci", "status": "ok"}
{"timestamp": "2026-03-08T22:06:27+0800", "level": "INFO", "logger": "etl_logger", "message": "Download success (VFSC2 2026-03-07): cc_withdraw_detail_report_20260308140506.csv, took 80.6s", "service": "cc_reconcile", "stage": "download_davinci", "status": "ok"}
{"timestamp": "2026-03-08T22:07:16+0800", "level": "INFO", "logger": "etl_logger", "message": "POST success (VFSC2 2026-03-08): cc_withdraw_detail_report_20260308140716.csv, took 48.9s", "service": "cc_reconcile", "stage": "download_davinci", "status": "ok"}
{"timestamp": "2026-03-08T22:07:19+0800", "level": "INFO", "logger": "etl_logger", "message": "Download success (VFSC2 2026-03-08): cc_withdraw_detail_report_20260308140716.csv, took 2.9s", "service": "cc_reconcile", "stage": "download_davinci", "status": "ok"}
{"timestamp": "2026-03-08T22:07:19+0800", "level": "INFO", "logger": "etl_logger", "message": "Finish downloading Davinci CC - VFSC2 Report", "service": "cc_reconcile", "stage": "download_davinci", "status": "ok"}
{"timestamp": "2026-03-08T22:07:19+0800", "level": "INFO", "logger": "etl_logger", "message": "Finish downloading Davinci CC Report for all brands, total rows: 36060", "service": "cc_reconcile", "stage": "download_davinci", "status": "ok"}
{"timestamp": "2026-03-08T22:07:19+0800", "level": "INFO", "logger": "etl_logger", "message": "Download CRM CC Report Finish ，Total: 36060", "service": "cc_reconcile", "stage": "download", "status": "ok"}
{"timestamp": "2026-03-08T22:07:19+0800", "level": "INFO", "logger": "etl_logger", "message": "Start reconcile...", "service": "cc_reconcile", "stage": "reconcile", "status": "ok"}
{"timestamp": "2026-03-08T22:07:19+0800", "level": "INFO", "logger": "etl_logger", "message": "Reconcile Finish ，Total Mismatch Case: 2", "service": "cc_reconcile", "stage": "reconcile", "status": "ok"}
{"timestamp": "2026-03-08T22:07:20+0800", "level": "INFO", "logger": "etl_logger", "message": "Connect Lark Finish", "service": "cc_reconcile", "stage": "lark", "status": "ok"}
{"timestamp": "2026-03-08T22:07:20+0800", "level": "INFO", "logger": "etl_logger", "message": "Start query existing data in LarkSheet...", "service": "cc_reconcile", "stage": "lark", "status": "ok"}
{"timestamp": "2026-03-08T22:07:21+0800", "level": "INFO", "logger": "etl_logger", "message": "Query existing data in LarkSheet Finish", "service": "cc_reconcile", "stage": "lark", "status": "ok"}
{"timestamp": "2026-03-08T22:07:21+0800", "level": "INFO", "logger": "etl_logger", "message": "Total unique keys in LarkSheet: 164, Total new mismatch cases to upload: 0", "service": "cc_reconcile", "stage": "lark", "status": "ok"}
{"timestamp": "2026-03-08T22:07:21+0800", "level": "INFO", "logger": "etl_logger", "message": "Append data to LarkSheet with range: Kalw4Y!A2:L3, rows: 1, columns: 12", "service": "cc_reconcile", "stage": "lark", "status": "ok"}
{"timestamp": "2026-03-08T22:07:21+0800", "level": "INFO", "logger": "etl_logger", "message": "✅ Successfully appended data to LarkSheet", "service": "cc_reconcile", "stage": "lark", "status": "ok"}
{"timestamp": "2026-03-08T22:07:22+0800", "level": "INFO", "logger": "etl_logger", "message": "Upload data to LarkSheet Finish", "service": "cc_reconcile", "stage": "lark", "status": "ok"}
{"timestamp": "2026-03-08T23:00:01+0800", "level": "INFO", "logger": "etl_logger", "message": "Start download reports...", "service": "cc_reconcile", "stage": "download", "status": "ok"}
{"timestamp": "2026-03-08T23:00:04+0800", "level": "INFO", "logger": "etl_logger", "message": "Payabl Login Success and Get Token Success", "service": "cc_reconcile", "stage": "download_payabl", "status": "ok"}
{"timestamp": "2026-03-08T23:00:04+0800", "level": "INFO", "logger": "etl_logger", "message": "Start downloading Payabl CC Report for date: 2026-03-07...", "service": "cc_reconcile", "stage": "download_payabl", "status": "ok"}
{"timestamp": "2026-03-08T23:00:15+0800", "level": "INFO", "logger": "etl_logger", "message": "Start downloading Payabl CC Report for date: 2026-03-08...", "service": "cc_reconcile", "stage": "download_payabl", "status": "ok"}
{"timestamp": "2026-03-08T23:00:26+0800", "level": "INFO", "logger": "etl_logger", "message": "Finish downloading Payabl CC Report", "service": "cc_reconcile", "stage": "download_payabl", "status": "ok"}
{"timestamp": "2026-03-08T23:00:26+0800", "level": "INFO", "logger": "etl_logger", "message": "Download Payabl CC Report Finish ，Total: 21069", "service": "cc_reconcile", "stage": "download", "status": "ok"}
{"timestamp": "2026-03-08T23:00:26+0800", "level": "INFO", "logger": "etl_logger", "message": "Login attempt 1/5", "service": "cc_reconcile", "stage": "download_davinci", "status": "ok"}
{"timestamp": "2026-03-08T23:00:27+0800", "level": "INFO", "logger": "etl_logger", "message": "Login response status=200, url=https://admin.vantagemarkets.com/admin/main, cookies=4", "service": "cc_reconcile", "stage": "download_davinci", "status": "ok"}
{"timestamp": "2026-03-08T23:00:27+0800", "level": "INFO", "logger": "etl_logger", "message": "Login successful", "service": "cc_reconcile", "stage": "download_davinci", "status": "ok"}
{"timestamp": "2026-03-08T23:00:27+0800", "level": "INFO", "logger": "etl_logger", "message": "Token obtained successfully", "service": "cc_reconcile", "stage": "download_davinci", "status": "ok"}
{"timestamp": "2026-03-08T23:00:27+0800", "level": "INFO", "logger": "etl_logger", "message": "Start downloading Davinci CC Report for brand: VFSC...", "service": "cc_reconcile", "stage": "download_davinci", "status": "ok"}
{"timestamp": "2026-03-08T23:00:45+0800", "level": "INFO", "logger": "etl_logger", "message": "POST success (VFSC 2026-03-05): cc_withdraw_detail_report_20260308150045.csv, took 18.2s", "service": "cc_reconcile", "stage": "download_davinci", "status": "ok"}
{"timestamp": "2026-03-08T23:01:00+0800", "level": "INFO", "logger": "etl_logger", "message": "Download success (VFSC 2026-03-05): cc_withdraw_detail_report_20260308150045.csv, took 14.3s", "service": "cc_reconcile", "stage": "download_davinci", "status": "ok"}
{"timestamp": "2026-03-08T23:01:18+0800", "level": "INFO", "logger": "etl_logger", "message": "POST success (VFSC 2026-03-06): cc_withdraw_detail_report_20260308150118.csv, took 17.8s", "service": "cc_reconcile", "stage": "download_davinci", "status": "ok"}
{"timestamp": "2026-03-08T23:01:20+0800", "level": "INFO", "logger": "etl_logger", "message": "Download success (VFSC 2026-03-06): cc_withdraw_detail_report_20260308150118.csv, took 2.6s", "service": "cc_reconcile", "stage": "download_davinci", "status": "ok"}
{"timestamp": "2026-03-08T23:01:38+0800", "level": "INFO", "logger": "etl_logger", "message": "POST success (VFSC 2026-03-07): cc_withdraw_detail_report_20260308150138.csv, took 18.3s", "service": "cc_reconcile", "stage": "download_davinci", "status": "ok"}
{"timestamp": "2026-03-08T23:01:43+0800", "level": "INFO", "logger": "etl_logger", "message": "Download success (VFSC 2026-03-07): cc_withdraw_detail_report_20260308150138.csv, took 4.5s", "service": "cc_reconcile", "stage": "download_davinci", "status": "ok"}
{"timestamp": "2026-03-08T23:02:01+0800", "level": "INFO", "logger": "etl_logger", "message": "POST success (VFSC 2026-03-08): cc_withdraw_detail_report_20260308150201.csv, took 18.0s", "service": "cc_reconcile", "stage": "download_davinci", "status": "ok"}
{"timestamp": "2026-03-08T23:02:03+0800", "level": "INFO", "logger": "etl_logger", "message": "Download success (VFSC 2026-03-08): cc_withdraw_detail_report_20260308150201.csv, took 2.6s", "service": "cc_reconcile", "stage": "download_davinci", "status": "ok"}
{"timestamp": "2026-03-08T23:02:04+0800", "level": "INFO", "logger": "etl_logger", "message": "Finish downloading Davinci CC - VFSC Report", "service": "cc_reconcile", "stage": "download_davinci", "status": "ok"}
{"timestamp": "2026-03-08T23:02:04+0800", "level": "INFO", "logger": "etl_logger", "message": "Start downloading Davinci CC Report for brand: VFSC2...", "service": "cc_reconcile", "stage": "download_davinci", "status": "ok"}
{"timestamp": "2026-03-08T23:02:27+0800", "level": "WARNING", "logger": "etl_logger", "message": "POST failed (VFSC2 2026-03-05) attempt 1: 502 Server Error: Bad Gateway for url: https://report.vantagemarkets.com/api/cc-detail/download, took 23.5s", "service": "cc_reconcile", "stage": "download_davinci", "status": "ok"}
{"timestamp": "2026-03-08T23:03:23+0800", "level": "INFO", "logger": "etl_logger", "message": "POST success (VFSC2 2026-03-05): cc_withdraw_detail_report_20260308150323.csv, took 51.4s", "service": "cc_reconcile", "stage": "download_davinci", "status": "ok"}
{"timestamp": "2026-03-08T23:03:59+0800", "level": "INFO", "logger": "etl_logger", "message": "Download success (VFSC2 2026-03-05): cc_withdraw_detail_report_20260308150323.csv, took 36.1s", "service": "cc_reconcile", "stage": "download_davinci", "status": "ok"}
{"timestamp": "2026-03-08T23:04:52+0800", "level": "INFO", "logger": "etl_logger", "message": "POST success (VFSC2 2026-03-06): cc_withdraw_detail_report_20260308150452.csv, took 52.2s", "service": "cc_reconcile", "stage": "download_davinci", "status": "ok"}
{"timestamp": "2026-03-08T23:05:00+0800", "level": "INFO", "logger": "etl_logger", "message": "Download success (VFSC2 2026-03-06): cc_withdraw_detail_report_20260308150452.csv, took 8.0s", "service": "cc_reconcile", "stage": "download_davinci", "status": "ok"}
{"timestamp": "2026-03-08T23:05:49+0800", "level": "INFO", "logger": "etl_logger", "message": "POST success (VFSC2 2026-03-07): cc_withdraw_detail_report_20260308150549.csv, took 49.5s", "service": "cc_reconcile", "stage": "download_davinci", "status": "ok"}
{"timestamp": "2026-03-08T23:05:57+0800", "level": "INFO", "logger": "etl_logger", "message": "Download success (VFSC2 2026-03-07): cc_withdraw_detail_report_20260308150549.csv, took 7.9s", "service": "cc_reconcile", "stage": "download_davinci", "status": "ok"}
{"timestamp": "2026-03-08T23:06:46+0800", "level": "INFO", "logger": "etl_logger", "message": "POST success (VFSC2 2026-03-08): cc_withdraw_detail_report_20260308150646.csv, took 49.2s", "service": "cc_reconcile", "stage": "download_davinci", "status": "ok"}
{"timestamp": "2026-03-08T23:06:51+0800", "level": "INFO", "logger": "etl_logger", "message": "Download success (VFSC2 2026-03-08): cc_withdraw_detail_report_20260308150646.csv, took 5.2s", "service": "cc_reconcile", "stage": "download_davinci", "status": "ok"}
{"timestamp": "2026-03-08T23:06:52+0800", "level": "INFO", "logger": "etl_logger", "message": "Finish downloading Davinci CC - VFSC2 Report", "service": "cc_reconcile", "stage": "download_davinci", "status": "ok"}
{"timestamp": "2026-03-08T23:06:52+0800", "level": "INFO", "logger": "etl_logger", "message": "Finish downloading Davinci CC Report for all brands, total rows: 36227", "service": "cc_reconcile", "stage": "download_davinci", "status": "ok"}
{"timestamp": "2026-03-08T23:06:52+0800", "level": "INFO", "logger": "etl_logger", "message": "Download CRM CC Report Finish ，Total: 36227", "service": "cc_reconcile", "stage": "download", "status": "ok"}
{"timestamp": "2026-03-08T23:06:52+0800", "level": "INFO", "logger": "etl_logger", "message": "Start reconcile...", "service": "cc_reconcile", "stage": "reconcile", "status": "ok"}
{"timestamp": "2026-03-08T23:06:52+0800", "level": "INFO", "logger": "etl_logger", "message": "Reconcile Finish ，Total Mismatch Case: 2", "service": "cc_reconcile", "stage": "reconcile", "status": "ok"}
{"timestamp": "2026-03-08T23:06:52+0800", "level": "INFO", "logger": "etl_logger", "message": "Connect Lark Finish", "service": "cc_reconcile", "stage": "lark", "status": "ok"}
{"timestamp": "2026-03-08T23:06:52+0800", "level": "INFO", "logger": "etl_logger", "message": "Start query existing data in LarkSheet...", "service": "cc_reconcile", "stage": "lark", "status": "ok"}
{"timestamp": "2026-03-08T23:06:53+0800", "level": "INFO", "logger": "etl_logger", "message": "Query existing data in LarkSheet Finish", "service": "cc_reconcile", "stage": "lark", "status": "ok"}
{"timestamp": "2026-03-08T23:06:53+0800", "level": "INFO", "logger": "etl_logger", "message": "Total unique keys in LarkSheet: 164, Total new mismatch cases to upload: 0", "service": "cc_reconcile", "stage": "lark", "status": "ok"}
{"timestamp": "2026-03-08T23:06:53+0800", "level": "INFO", "logger": "etl_logger", "message": "Append data to LarkSheet with range: Kalw4Y!A2:L3, rows: 1, columns: 12", "service": "cc_reconcile", "stage": "lark", "status": "ok"}
{"timestamp": "2026-03-08T23:06:54+0800", "level": "INFO", "logger": "etl_logger", "message": "✅ Successfully appended data to LarkSheet", "service": "cc_reconcile", "stage": "lark", "status": "ok"}
{"timestamp": "2026-03-08T23:06:55+0800", "level": "INFO", "logger": "etl_logger", "message": "Upload data to LarkSheet Finish", "service": "cc_reconcile", "stage": "lark", "status": "ok"}
